{
	code: "axehead",
	variantgroups: [
		{ code: "material", states: ["temporalit" ] },
	],
	heldTpUseAnimation: "interactstatic", maxstacksize: 4,
	shapeByType: {
		"*-temporalit": { "base": "item/tool/axe/iron" }
	},
	texturesByType: {
		"*": {
			"material": { base: "block/metal/ingot/{material}" },
			"string": { base: "block/transparent" },
			"handle": { base: "block/transparent" }
		}
	},
	creativeinventory: { "general": ["*"], "items": ["*"], "expantion": ["*"] },
	fpHandTransform: {
		translation: { x: -0.5, y: -0.4, z: 0 },
		rotation: { x: 25, y: 0, z: 86 },
		scale: 2.5
	},
	guiTransformByType: {
		"*-temporalit": {
			translation: { x: 0, y: 0, z: 100 },
			rotation: { x: -52, y: -110, z: -180 },
			origin: { x: 0.56, y: 0.51, z: 0.31 },
			scale: 3			
		}
	},
	groundTransform: {
		translation: { x: 0, y: 0.3, z: 0 },
		rotation: { x: 0, y: 0, z: 0 },
		origin: { x: 0.81, y: 0.45, z: 0.42 },
		scale: 3.5
	},
	tpHandTransform: {
		translation: { x: -0.1, y: -0.76, z: -0.04 },
		rotation: { x: 90, y: -29, z: 0 },
		scale: 1
	}
}