{
	code: "bladehead",
	variantgroups: [
		{ code: "metal", states: ["temporalit"] }
	],
	heldTpUseAnimation: "interactstatic", maxstacksize: 4,
	shapeByType: {
		"*": { base: "item/tool/blade/falx/steel" }
	},
	texturesByType: {
		"*": {
			"handguard": { base: "block/transparent" },
			"handle": { base: "block/transparent" },
			"rivet": { base: "block/transparent" },
			"cloth": { base: "block/transparent" },
			"string": { base: "block/transparent" },
			"longstiches": { base: "block/transparent" },
			"steel": { base: "block/metal/ingot/{metal}" }
		}
	},
	creativeinventory: { "general": ["*"], "items": ["*"],  "expantion": ["*"] },
	guiTransformByType: {
		"*": {
			translation: { x: 0, y: 0, z: 0 },
			rotation: { x: -89, y: 47, z: 34 },
			origin: { x: 0.82, y: 0, z: 0.33 },
			scale: 1.63
		}
	},
	fpHandTransform: {
		translation: { x: -0.2, y: -0.3, z: 0.4 },
		rotation: { x: -59, y: 15, z: 90 },
		scale: 2.84
	},
	groundTransform: {
		translation: { x: 0, y: 0, z: 0 },
		rotation: { x: 0, y: 0, z: 0 },
		origin: { x: 0.5, y: 0, z: 0.5 },
		scale: 3.4
	},
	tpHandTransform: {
		translation: { x: -0.67, y: 0, z: -0.69 },
		rotation: { x: 90, y: 0, z: 0 },
		origin: { x: 0.5, y: 0, z: 0.5 },
		scale: 0.8
	}
}