{
	code: "hoehead",
	variantgroups: [
		{ code: "material", states: ["temporalit"] },
	],
	heldTpUseAnimation: "interactstatic", maxstacksize: 4,
	shapeByType: {
		"*-temporalit": { "base": "item/tool/hoe-copper" }
	},
	texturesByType: {
		"hoehead-temporalit": { 
			"material": { base: "block/metal/ingot/temporalit" },
			"string": { base: "block/transparent" },
			"handle": { base: "block/transparent" }
		}
	},
	creativeinventory: { "general": ["*"], "items": ["*"], "expantion": ["*"] },
	fpHandTransform: {
		translation: { x: -0.3, y: -0.6, z: -0.3 },
		rotation: { x: 37, y: 0, z: 92 },
		scale: 2.5
	},
	guiTransformByType: {
		"hoehead-temporalit": {
			rotate: false,
			translation: { x: 0, y: 0, z: 0 },
			rotation: { x: -52, y: -131, z: -180 },
			origin: { x: 0.93, y: 0, z: 0.5 },
			scale: 3.76
		}
	},
	groundTransform: {
		translation: { x: 0, y: -0.28, z: 0 },
		rotation: { x: 0, y: 0, z: 180 },
		origin: { x: 0.9, y: 0.43, z: 0.37 },
		scale: 4
	},
	tpHandTransform: {
		translation: { x: -0.4, y: -1, z: -0.02 },
		rotation: { x: 96, y: -85, z: -8 },
		scale: 1
	}
}