{
	code: "scythehead",
	variantgroups: [
		{ code: "metal", states: ["temporalit" ] },
	],
	heldTpUseAnimation: "interactstatic", maxstacksize: 4,
	shape: { base: "item/tool/scythe" },
	textures: {
		"metal": { base: "block/metal/ingot/{metal}" },
		"string": { base: "block/transparent" },
		"handle": { base: "block/transparent" },
	},
	creativeinventory: { "general": ["*"], "items": ["*"], "expantion": ["*"] },
	guiTransform: {
		translation: { x: 0, y: 0, z: 0 },
		rotation: { x: -74, y: 35, z: 12 },
		origin: { x: 1.5, y: 0, z: -0.02 },
		scale: 1.6
	},
	fpHandTransform: {
		translation: { x: -0.4, y: -0.1, z: 0 },
		rotation: { x: 26, y: 15, z: 82 },
		origin: { x: 1.4, y: 0, z: 0.5 },
		scale: 2.45
	},	
	groundTransform: {
		translation: { x: 0, y: 0, z: 0 },
		rotation: { x: 0, y: 0, z: 0 },
		origin: { x: 1.6, y: 0, z: -0.1 },
		scale: 3.4
	},
	tpHandTransform: {
		translation: { x: -1.67, y: -0.11, z: -0.76 },
		rotation: { x: 102, y: -80, z: 1 },
		origin: { x: 1.4, y: 0, z: 0.5 },
		scale: 0.78
	}
}