{
	"ingredientPattern": "PAL,WSW,RFR",
	"enabled": true,
	"ingredients": {
		"A": {
			"type": "item",
			"code": "game:antler-caribou-*", "name": "size", "allowedVariants": [ "08", "09", "07", "06", "05" ],
			"quantity": 1
			},
		"W": {
			"type": "item",
			"code": "game:firewood",
			"quantity": 2
		},
		"S": {
			"type": "item",
			"code": "game:saw-*", "isTool": true, "toolDurabilityCost": 45
		},
		"P": {
			"type": "item",
			"code": "game:hide-pelt-small",
			"quantity": 3
			},
		"L": {
			"type": "item",
			"code": "game:leather-normal-*", "name": "color", "allowedVariants": [ "plain", "poor", "purple", "red", "white", "yellow", "pink", "orange", "green", "gray", "blue", "black" ],
			"quantity": 2
			},
		"R": {
			"type": "item",
			"code": "game:resin",
			"quantity": 3
			},
		"F": {
			"type": "item",
			"code": "game:flaxtwine",
			"quantity": 13
		}
	},
	"width": 3,
	"height": 3,
	"shapeless": false,
	"output": {
		"type": "item",
		"code": "spearexpantion:hornybow-yagermaster-{color}",
		"quantity": 1
	}
}