{
	code: "slantedroofinghalfright",
	class: "BlockSlantedRoofingHalf",
	behaviors: [{name: "HorizontalOrientable", properties: {  dropBlockFace: "east", drop: { type: "block", code: "slantedroofinghalfright-{material}-east-free" }  }}],
	"variantgroups": [
		{ "code": "material", "loadFromProperties": "floralzonesmediterraneanregion:block/wood" },
		{ loadFromProperties: "abstract/horizontalorientation" },
		{ "code": "cover", states: ["free", "snow"] }
	],
	attributes: {
		mapColorCode: "settlement",
	},
	heldTpIdleAnimation: "holdbothhandslarge",
	heldRightReadyAnimation: "heldblockready",
	heldTpUseAnimation: "twohandplaceblock",
	shapeByType: {
		"@.*-(agedthatch|thatch)-north-.*": { base: "block/roofing/main-half/right/{material}-{cover}", rotateY: 90 },
		"@.*-(agedthatch|thatch)-west-.*": { base: "block/roofing/main-half/right/{material}-{cover}", rotateY: 180 },
		"@.*-(agedthatch|thatch)-south-.*": { base: "block/roofing/main-half/right/{material}-{cover}", rotateY: 270 },
		"@.*-(agedthatch|thatch)-east-.*": { base: "block/roofing/main-half/right/{material}-{cover}", rotateY: 0 },

		"@.*-(fire|blue|red|brown)clay-north-.*": { base: "block/roofing/main-half/right/shingles-clay-{cover}", rotateY: 90 },
		"@.*-(fire|blue|red|brown)clay-west-.*": { base: "block/roofing/main-half/right/shingles-clay-{cover}", rotateY: 180 },
		"@.*-(fire|blue|red|brown)clay-south-.*": { base: "block/roofing/main-half/right/shingles-clay-{cover}", rotateY: 270 },
		"@.*-(fire|blue|red|brown)clay-east-.*": { base: "block/roofing/main-half/right/shingles-clay-{cover}", rotateY: 0 },

		"*-bamboo-north-*": { base: "block/roofing/main-half/right/bamboo-{cover}", rotateY: 90 },
		"*-bamboo-west-*": { base: "block/roofing/main-half/right/bamboo-{cover}", rotateY: 180 },
		"*-bamboo-south-*": { base: "block/roofing/main-half/right/bamboo-{cover}", rotateY: 270 },
		"*-bamboo-east-*": { base: "block/roofing/main-half/right/bamboo-{cover}", rotateY: 0 },

		"*-sod-north-*": { base: "block/roofing/main-half/right/sod-{cover}", rotateY: 90 },
		"*-sod-west-*": { base: "block/roofing/main-half/right/sod-{cover}", rotateY: 180 },
		"*-sod-south-*": { base: "block/roofing/main-half/right/sod-{cover}", rotateY: 270 },
		"*-sod-east-*": { base: "block/roofing/main-half/right/sod-{cover}", rotateY: 0 },

		"@.*-(slate|copper)-north-.*": { base: "block/roofing/main-half/right/shingles-slate-copper-{cover}", rotateY: 90 },
		"@.*-(slate|copper)-west-.*": { base: "block/roofing/main-half/right/shingles-slate-copper-{cover}", rotateY: 180 },
		"@.*-(slate|copper)-south-.*": { base: "block/roofing/main-half/right/shingles-slate-copper-{cover}", rotateY: 270 },
		"@.*-(slate|copper)-east-.*": { base: "block/roofing/main-half/right/shingles-slate-copper-{cover}", rotateY: 0 },

		"*-north-*": { base: "game:block/roofing/main-half/right/wood-{cover}", rotateY: 90 },
		"*-west-*": { base: "game:block/roofing/main-half/right/wood-{cover}", rotateY: 180 },
		"*-south-*": { base: "game:block/roofing/main-half/right/wood-{cover}", rotateY: 270 },
		"*-east-*": { base: "game:block/roofing/main-half/right/wood-{cover}", rotateY: 0 },
	},
	texturesByType: {
		"*-copper-*": {
			"material": { base: "block/metal/shingles/copper*" }
		},
		"*-slate-*": {
			"material": { base: "block/stone/shingles/slate*" }
		},
		"*-fireclay-*": {
			"material": { base: "block/clay/shingles/fire" }
		},
		"*-blueclay-*": {
			"material": { base: "block/clay/shingles/blue" }
		},
		"*-redclay-*": {
			"material": { base: "block/clay/shingles/red" }
		},
		"*-brownclay-*": {
			"material": { base: "block/clay/shingles/brown" }
		},
		"*-thatch-*": {
			"top": { base: "block/plant/grassroofing/normal-side" },
			"bamboo-top": { base: "block/hay/normal-top" },
			"agedstraw": { base: "block/plant/grassroofing/straw1" }
		},
		"*-agedthatch-*": {
			"top": { base: "block/plant/grassroofing/thatch/aged1" },
			"bamboo-top": { base: "block/plant/grassroofing/thatch/bamboo-top" },
			"agedstraw": { base: "block/plant/grassroofing/thatch/agedstraw" }
		},
		"*-bamboo-*": {
			"bamboo-side": { base: "block/wood/planks/bamboo-side" },
			"bamboo-top": { base: "block/wood/planks/bamboo-top" },
			"bamboosmooth": { base: "block/wood/planks/bamboosmooth" }
		},
		"@.*-(acacia|aged|baldcypress|birch|kapok|larch|maple|oak|pine|purpleheart|redwood|walnut)-.*": {
			"acacia1": { base: "block/wood/planks/{material}1" },
			"acacia-top": { base: "block/wood/shingles/{material}-top" },
			"acacia-side": { base: "block/wood/shingles/{material}-side" },
		},
	},
	drawtype: "json",
	faceCullMode: "NeverCull",
	renderpass: "OpaqueNoCull",
	sidesolidByType: {
		"*-north-*": {"north": true, "south": false, "east": false, "west": false, "up": false, "down": true },
		"*-south-*": {"north": false, "south": true, "east": false, "west": false, "up": false, "down": true },
		"*-east-*": {"north": false, "south": false, "east": true, "west": false, "up": false, "down": true },
		"*-west-*": {"north": false, "south": false, "east": false, "west": true, "up": false, "down": true }
	},
	sideopaque: { all: false },
	blockmaterialByType: {
		"*-agedthatch-*": "Plant",
		"*-thatch-*": "Plant",
		"*-sod-*": "Plant",
		"*-bamboo-*": "Wood",
		"*-copper-*": "Metal",
		"*-fireclay-*": "Ceramic",
		"*-blueclay-*": "Ceramic",
		"*-redclay-*": "Ceramic",
		"*-brownclay-*": "Ceramic",
		"*-slate-*": "Stone",
		"*": "Wood",
	},
	creativeinventory: { "general": ["*-east-free"], "decorative": ["*-east-free"] },
	replaceable: 300,
	resistance: 2,
	lightAbsorption: 99,
	emitSideAo: {
		all: true
	},
	sideAoByType: { "*-sod-*": { all: false } },
	collisionSelectionBoxesByType: {
		"*-north-*": [ { x1: 0, y1: 0, z1: 0.5, x2: 1, y2: 0.5625, z2: 1, rotateY: 90 }, { x1: 0.625, y1: 0.5625, z1: 0.5, x2: 1, y2: 1, z2: 1, rotateY: 90 } ],
		"*-west-*": [ { x1: 0, y1: 0, z1: 0.5, x2: 1, y2: 0.5625, z2: 1, rotateY: 180 }, { x1: 0.625, y1: 0.5625, z1: 0.5, x2: 1, y2: 1, z2: 1, rotateY: 180 } ],
		"*-south-*": [ { x1: 0, y1: 0, z1: 0.5, x2: 1, y2: 0.5625, z2: 1, rotateY: 270 }, { x1: 0.625, y1: 0.5625, z1: 0.5, x2: 1, y2: 1, z2: 1, rotateY: 270 } ],
		"*-east-*": [ { x1: 0, y1: 0, z1: 0.5, x2: 1, y2: 0.5625, z2: 1 }, { x1: 0.625, y1: 0.5625, z1: 0.5, x2: 1, y2: 1, z2: 1 } ]
	},
	soundsByType: {
		"*-agedthatch-*": {
			place: "block/plant",
			break: "block/plant",
			hit: "block/plant",
		},
		"*-thatch-*": {
			place: "block/plant",
			break: "block/plant",
			hit: "block/plant",
		},
		"*-bamboo-*": {
			place: "block/planks",
			break: "block/planks",
			hit: "block/planks",
		},
		"*-copper-*": {
			"place": "block/chute",
			"break": "block/chute",
			"hit": "block/chute",
			"walk": "walk/stone"
		},
		"*-slate-*": {
			walk: "walk/stone",
			place: "block/ceramicplace"
		},
		"*-fireclay-*": {
			walk: "walk/stone",
			place: "block/ceramicplace"
		},
		"*-blueclay-*": {
			walk: "walk/stone",
			place: "block/ceramicplace"
		},
		"*-redclay-*": {
			walk: "walk/stone",
			place: "block/ceramicplace"
		},
		"*-brownclay-*": {
			walk: "walk/stone",
			place: "block/ceramicplace"
		},
		"*-sod-*": {
			"hit": "block/planks",
			"break": "block/planks",
			"place": "block/planks",
			"walk": "walk/grass*"
		},
		"*": {
			place: "block/planks",
			break: "block/planks",
			hit: "block/planks",
		},
	},
	guiTransformByType: {
		"*-thatch-*": {
			rotation: { x: -22.6, y: -112, z: 0 },
			origin: { x: 0.5299, y: 0.45, z: 0.96 },
			scale: 0.96
		},
		"*-agedthatch-*": {
			rotation: { x: -22.6, y: -112, z: 0 },
			origin: { x: 0.5299, y: 0.45, z: 0.96 },
			scale: 0.96
		},
		"*": {
			rotation: { x: -22.6, y: -112, z: 0 },
			origin: { x: 0.5299, y: 0.45, z: 0.96 },
			scale: 0.96
		}
	},
	tpHandTransform: {
		translation: { x: -1.6, y: -1.1, z: -0.7 },
		rotation: { x: -87, y: -161, z: 131 },
		scale: 0.43
	},
	groundTransform: {
		translation: { x: 0, y: 0, z: 0 },
		rotation: { x: 0, y: -45, z: 0 },
		origin: { x: 0.5, y: 0, z: 0.5 },
		scale: 2.2
	}
}
