[
	{
		ingredientPattern: "LLL,_P_",
		recipeGroup: 1,
		ingredients: {
			"L": { type: "item", code: "game:metallamellae-*", quantity: 1, name: "metal", allowedVariants: ["iron", "meteoriciron", "steel", "temporalit"]  },
			"P": { type: "item", code: "game:hide-pelt-*", allowedVariants: ["small", "medium", "large", "huge"] }
		},
		width: 3,
		height: 2,
		name: "metal lamellar helmet",
		output: { type: "item", code: "spearexpantion:armor-head-lamellar-{metal}"  }
	},
	{
		ingredientPattern: "LLL,_R_",
		recipeGroup: 1,
		ingredients: {
			"L": { type: "item", code: "game:metallamellae-*", quantity: 1, name: "metal", allowedVariants: ["iron", "meteoriciron", "steel", "temporalit"]  },
			"R": { type: "item", code: "game:leather-normal-plain", quantity: 2 }
		},
		width: 3,
		height: 2,
		name: "metal lamellar helmet",
		output: { type: "item", code: "spearexpantion:armor-head-lamellar-{metal}"  }
	},
	{
		ingredientPattern: "XPX,ZZZ,XXX",
		recipeGroup: 1,
		ingredients: {
			"X": { type: "item", code: "game:metallamellae-*", quantity: 1, name: "metal", allowedVariants: ["iron", "meteoriciron", "steel", "temporalit"]  },
			"Z": { type: "item", code: "game:metallamellae-*", quantity: 2, name: "metal", allowedVariants: ["iron", "meteoriciron", "steel", "temporalit"]  },
			"P": { type: "item", code: "game:hide-pelt-small", quantity: 4 }
		},
		width: 3,
		height: 3,
		name: "metal lamellar body armor",
		output: { type: "item", code: "spearexpantion:armor-body-lamellar-{metal}"  }
	},
	{
		ingredientPattern: "XRX,ZZZ,XXX",
		recipeGroup: 1,
		ingredients: {
			"X": { type: "item", code: "game:metallamellae-*", quantity: 1, name: "metal", allowedVariants: ["iron", "meteoriciron", "steel", "temporalit"]  },
			"Z": { type: "item", code: "game:metallamellae-*", quantity: 2, name: "metal", allowedVariants: ["iron", "meteoriciron", "steel", "temporalit"]  },
			"R": { type: "item", code: "game:leather-normal-plain", quantity: 6 }
		},
		width: 3,
		height: 3,
		name: "metal lamellar body armor",
		output: { type: "item", code: "spearexpantion:armor-body-lamellar-{metal}"  }
	},
	{
		ingredientPattern: "XPX,ZZZ,XXX",
		recipeGroup: 1,
		ingredients: {
			"X": { type: "item", code: "game:metallamellae-*", quantity: 1, name: "metal", allowedVariants: ["iron", "meteoriciron", "steel", "temporalit"]  },
			"Z": { type: "item", code: "game:metallamellae-*", quantity: 2, name: "metal", allowedVariants: ["iron", "meteoriciron", "steel", "temporalit"]  },
			"P": { type: "item", code: "game:hide-pelt-medium", quantity: 2 }
		},
		width: 3,
		height: 3,
		name: "metal lamellar body armor",
		output: { type: "item", code: "spearexpantion:armor-body-lamellar-{metal}"  }
	},
	{
		ingredientPattern: "XPX,ZZZ,XXX",
		recipeGroup: 1,
		ingredients: {
			"X": { type: "item", code: "game:metallamellae-*", quantity: 1, name: "metal", allowedVariants: ["iron", "meteoriciron", "steel", "temporalit"]  },
			"Z": { type: "item", code: "game:metallamellae-*", quantity: 2, name: "metal", allowedVariants: ["iron", "meteoriciron", "steel", "temporalit"]  },
			"P": { type: "item", code: "game:hide-pelt-large", quantity: 1 }
		},
		width: 3,
		height: 3,
		name: "metal lamellar body armor",
		output: { type: "item", code: "spearexpantion:armor-body-lamellar-{metal}"  }
	},
	{
		ingredientPattern: "XPX,ZZZ,XXX",
		recipeGroup: 1,
		ingredients: {
			"X": { type: "item", code: "game:metallamellae-*", quantity: 1, name: "metal", allowedVariants: ["iron", "meteoriciron", "steel", "temporalit"]  },
			"Z": { type: "item", code: "game:metallamellae-*", quantity: 2, name: "metal", allowedVariants: ["iron", "meteoriciron", "steel", "temporalit"]  },
			"P": { type: "item", code: "game:hide-pelt-huge", quantity: 1 }
		},
		width: 3,
		height: 3,
		name: "metal lamellar body armor",
		output: { type: "item", code: "spearexpantion:armor-body-lamellar-{metal}"  }
	},
	{
		ingredientPattern: "P_P,KKK,K_K",
		recipeGroup: 1,
		ingredients: {
			"K": { type: "item", code: "game:metallamellae-*", quantity: 1, name: "metal", allowedVariants: ["iron", "meteoriciron", "steel", "temporalit"]  },
			"P": { type: "item", code: "game:hide-pelt-small", quantity: 2 }
		},
		width: 3,
		height: 3,
		name: "metal lamellar pants",
		output: { type: "item", code: "spearexpantion:armor-legs-lamellar-{metal}"  }
	},
	{
		ingredientPattern: "P_P,KKK,K_K",
		recipeGroup: 1,
		ingredients: {
			"K": { type: "item", code: "game:metallamellae-*", quantity: 1, name: "metal", allowedVariants: ["iron", "meteoriciron", "steel", "temporalit"]  },
			"P": { type: "item", code: "game:hide-pelt-medium", quantity: 1 }
		},
		width: 3,
		height: 3,
		name: "metal lamellar pants",
		output: { type: "item", code: "spearexpantion:armor-legs-lamellar-{metal}"  }
	},{
		ingredientPattern: "_P_,KKK,K_K",
		recipeGroup: 1,
		ingredients: {
			"K": { type: "item", code: "game:metallamellae-*", quantity: 1, name: "metal", allowedVariants: ["iron", "meteoriciron", "steel", "temporalit"]  },
			"P": { type: "item", code: "game:hide-pelt-large", quantity: 1 }
		},
		width: 3,
		height: 3,
		name: "metal lamellar pants",
		output: { type: "item", code: "spearexpantion:armor-legs-lamellar-{metal}"  }
	},{
		ingredientPattern: "_P_,KKK,K_K",
		recipeGroup: 1,
		ingredients: {
			"K": { type: "item", code: "game:metallamellae-*", quantity: 1, name: "metal", allowedVariants: ["iron", "meteoriciron", "steel", "temporalit"]  },
			"P": { type: "item", code: "game:hide-pelt-huge", quantity: 1 }
		},
		width: 3,
		height: 3,
		name: "metal lamellar pants",
		output: { type: "item", code: "spearexpantion:armor-legs-lamellar-{metal}"  }
	},
	{
		ingredientPattern: "_P_,KKK,K_K",
		recipeGroup: 1,
		ingredients: {
			"K": { type: "item", code: "game:metallamellae-*", quantity: 1, name: "metal", allowedVariants: ["iron", "meteoriciron", "steel", "temporalit"]  },
			"P": { type: "item", code: "game:leather-normal-plain", quantity: 4 }
		},
		width: 3,
		height: 3,
		name: "metal lamellar pants",
		output: { type: "item", code: "spearexpantion:armor-legs-lamellar-{metal}"  }
	}	
]