{
	"editor": {
		"allAngles": false,
		"entityTextureMode": false
	},
	"textureWidth": 16,
	"textureHeight": 16,
	"textureSizes": {
	},
	"textures": {
	},
	"elements": [
		{
			"name": "root",
			"from": [ 2.5, 0.0, 1.0 ],
			"to": [ 3.5, 1.0, 2.0 ],
			"rotationOrigin": [ 2.5, 2.0, 0.5 ],
			"faces": {
			},
			"children": [
				{
					"name": "Chainpiece",
					"from": [ 4.0, 0.0, 5.0 ],
					"to": [ 7.0, 1.0, 6.0 ],
					"rotationOrigin": [ 4.5, 0.0, 7.0 ],
					"faces": {
						"north": { "texture": "#material", "uv": [ 0.0, 0.0, 3.0, 1.0 ] },
						"east": { "texture": "#material", "uv": [ 0.0, 0.0, 1.0, 1.0 ] },
						"south": { "texture": "#material", "uv": [ 0.0, 0.0, 3.0, 1.0 ] },
						"west": { "texture": "#material", "uv": [ 0.0, 0.0, 1.0, 1.0 ] },
						"up": { "texture": "#material", "uv": [ 0.0, 0.0, 3.0, 1.0 ] },
						"down": { "texture": "#material", "uv": [ 0.0, 0.0, 3.0, 1.0 ] }
					}
				},
				{
					"name": "Chainpiece8",
					"from": [ 4.0, 0.0, 7.0 ],
					"to": [ 7.0, 1.0, 8.0 ],
					"rotationOrigin": [ 4.5, 0.0, 9.0 ],
					"faces": {
						"north": { "texture": "#material", "uv": [ 0.0, 0.0, 3.0, 1.0 ] },
						"east": { "texture": "#material", "uv": [ 0.0, 0.0, 1.0, 1.0 ] },
						"south": { "texture": "#material", "uv": [ 0.0, 0.0, 3.0, 1.0 ] },
						"west": { "texture": "#material", "uv": [ 0.0, 0.0, 1.0, 1.0 ] },
						"up": { "texture": "#material", "uv": [ 0.0, 0.0, 3.0, 1.0 ] },
						"down": { "texture": "#material", "uv": [ 0.0, 0.0, 3.0, 1.0 ] }
					}
				},
				{
					"name": "Cube1",
					"from": [ 6.0, 0.0, 6.0 ],
					"to": [ 7.0, 1.0, 7.0 ],
					"rotationOrigin": [ 6.0, 0.0, 6.0 ],
					"faces": {
						"north": { "texture": "#material", "uv": [ 0.0, 0.0, 1.0, 1.0 ] },
						"east": { "texture": "#material", "uv": [ 0.0, 0.0, 1.0, 1.0 ] },
						"south": { "texture": "#material", "uv": [ 0.0, 0.0, 1.0, 1.0 ] },
						"west": { "texture": "#material", "uv": [ 0.0, 0.0, 1.0, 1.0 ] },
						"up": { "texture": "#material", "uv": [ 0.0, 0.0, 1.0, 1.0 ] },
						"down": { "texture": "#material", "uv": [ 0.0, 0.0, 1.0, 1.0 ] }
					}
				},
				{
					"name": "Cube3",
					"from": [ 4.0, 0.0, 6.0 ],
					"to": [ 5.0, 1.0, 7.0 ],
					"rotationOrigin": [ 4.0, 0.0, 6.0 ],
					"faces": {
						"north": { "texture": "#material", "uv": [ 0.0, 0.0, 1.0, 1.0 ] },
						"east": { "texture": "#material", "uv": [ 0.0, 0.0, 1.0, 1.0 ] },
						"south": { "texture": "#material", "uv": [ 0.0, 0.0, 1.0, 1.0 ] },
						"west": { "texture": "#material", "uv": [ 0.0, 0.0, 1.0, 1.0 ] },
						"up": { "texture": "#material", "uv": [ 0.0, 0.0, 1.0, 1.0 ] },
						"down": { "texture": "#material", "uv": [ 0.0, 0.0, 1.0, 1.0 ] }
					}
				}
			]
		},
		{
			"name": "root27",
			"from": [ -0.5, 0.0, 2.5 ],
			"to": [ 0.5, 1.0, 3.5 ],
			"rotationOrigin": [ -0.5, 0.0, 2.5 ],
			"faces": {
			}
		}
	]}