{
	"editor": {
		"collapsedPaths": "",
		"allAngles": false,
		"entityTextureMode": false
	},
	"textureWidth": 16,
	"textureHeight": 16,
	"textureSizes": {
	},
	"textures": {
		"chromium": "block/leather/chromium",
		"green": "block/leather/green",
		"plain": "block/leather/plain",
		"brass": "block/metal/plate/brass"
	},
	"elements": [
		{
			"name": "Cube2",
			"from": [ 7.5, 0.0, 7.5 ],
			"to": [ 12.0, 5.0, 9.5 ],
			"rotationOrigin": [ 7.5, 0.0, 7.5 ],
			"faces": {
				"north": { "texture": "#plain", "uv": [ 0.0, 0.0, 4.5, 5.0 ] },
				"east": { "texture": "#plain", "uv": [ 0.0, 0.0, 2.0, 5.0 ] },
				"south": { "texture": "#plain", "uv": [ 0.0, 0.0, 4.5, 5.0 ] },
				"west": { "texture": "#plain", "uv": [ 0.0, 0.0, 2.0, 5.0 ] },
				"up": { "texture": "#plain", "uv": [ 0.0, 0.0, 4.5, 2.0 ] },
				"down": { "texture": "#plain", "uv": [ 0.0, 0.0, 4.5, 2.0 ] }
			},
			"children": [
				{
					"name": "Cube3",
					"from": [ 0.0, 5.0, 0.0 ],
					"to": [ 4.5, 5.2, 1.0 ],
					"rotationOrigin": [ 0.0, 5.0, 0.0 ],
					"rotationX": -10.0,
					"faces": {
						"north": { "texture": "#plain", "uv": [ 0.0, 0.0, 4.5, 0.5 ] },
						"east": { "texture": "#plain", "uv": [ 0.0, 0.0, 1.0, 0.5 ] },
						"south": { "texture": "#plain", "uv": [ 0.0, 0.0, 4.5, 0.5 ] },
						"west": { "texture": "#plain", "uv": [ 0.0, 0.0, 1.0, 0.5 ] },
						"up": { "texture": "#plain", "uv": [ 0.0, 0.0, 4.5, 1.0 ] },
						"down": { "texture": "#plain", "uv": [ 0.0, 0.0, 4.5, 1.0 ] }
					}
				},
				{
					"name": "Cube4",
					"from": [ 0.0, 5.16, 0.9 ],
					"to": [ 4.5, 5.36, 1.9 ],
					"rotationOrigin": [ 0.0, 5.2, 0.9 ],
					"faces": {
						"north": { "texture": "#plain", "uv": [ 0.0, 0.0, 4.5, 0.5 ] },
						"east": { "texture": "#plain", "uv": [ 0.0, 0.0, 1.0, 0.5 ] },
						"south": { "texture": "#plain", "uv": [ 0.0, 0.0, 4.5, 0.5 ] },
						"west": { "texture": "#plain", "uv": [ 0.0, 0.0, 1.0, 0.5 ] },
						"up": { "texture": "#plain", "uv": [ 0.0, 0.0, 4.5, 1.0 ] },
						"down": { "texture": "#plain", "uv": [ 0.0, 0.0, 4.5, 1.0 ] }
					}
				},
				{
					"name": "Cube5",
					"from": [ 0.0, 5.23, 1.7 ],
					"to": [ 4.5, 5.43, 2.2 ],
					"rotationOrigin": [ 0.0, 5.2, 1.7 ],
					"rotationX": 50.0,
					"faces": {
						"north": { "texture": "#plain", "uv": [ 0.0, 0.0, 4.5, 0.5 ] },
						"east": { "texture": "#plain", "uv": [ 0.0, 0.0, 0.5, 0.5 ] },
						"south": { "texture": "#plain", "uv": [ 0.0, 0.0, 4.5, 0.5 ] },
						"west": { "texture": "#plain", "uv": [ 0.0, 0.0, 0.5, 0.5 ] },
						"up": { "texture": "#plain", "uv": [ 0.0, 0.0, 4.5, 0.5 ] },
						"down": { "texture": "#plain", "uv": [ 0.0, 0.0, 4.5, 0.5 ] }
					}
				},
				{
					"name": "Cube6",
					"from": [ 0.0, 5.0, 2.0 ],
					"to": [ 4.5, 5.2, 4.6 ],
					"rotationOrigin": [ 0.0, 5.0, 2.0 ],
					"rotationX": 90.0,
					"faces": {
						"north": { "texture": "#plain", "uv": [ 0.0, 0.0, 4.5, 0.5 ] },
						"east": { "texture": "#plain", "uv": [ 0.0, 0.0, 2.5, 0.5 ] },
						"south": { "texture": "#plain", "uv": [ 0.0, 0.0, 4.5, 0.5 ] },
						"west": { "texture": "#plain", "uv": [ 0.0, 0.0, 2.5, 0.5 ] },
						"up": { "texture": "#plain", "uv": [ 0.0, 0.0, 4.5, 2.5 ] },
						"down": { "texture": "#plain", "uv": [ 0.0, 0.0, 4.5, 2.5 ] }
					}
				},
				{
					"name": "Cube7",
					"from": [ 1.75, 1.5, 2.2 ],
					"to": [ 2.75, 3.5, 2.4 ],
					"rotationOrigin": [ 1.7, 1.5, 2.2 ],
					"faces": {
						"north": { "texture": "#chromium", "uv": [ 0.0, 0.0, 1.0, 2.0 ] },
						"east": { "texture": "#chromium", "uv": [ 0.0, 0.0, 0.5, 2.0 ] },
						"south": { "texture": "#chromium", "uv": [ 0.0, 0.0, 1.0, 2.0 ] },
						"west": { "texture": "#chromium", "uv": [ 0.0, 0.0, 0.5, 2.0 ] },
						"up": { "texture": "#chromium", "uv": [ 0.0, 0.0, 1.0, 0.5 ] },
						"down": { "texture": "#chromium", "uv": [ 0.0, 0.0, 1.0, 0.5 ] }
					}
				},
				{
					"name": "Cube8",
					"from": [ 1.65, 1.9, 2.0 ],
					"to": [ 2.85, 2.2, 2.5 ],
					"rotationOrigin": [ 1.4, 1.9, 2.0 ],
					"faces": {
						"north": { "texture": "#brass", "uv": [ 0.0, 0.0, 1.0, 0.5 ] },
						"east": { "texture": "#brass", "uv": [ 0.0, 0.0, 0.5, 0.5 ] },
						"south": { "texture": "#brass", "uv": [ 0.0, 0.0, 1.0, 0.5 ] },
						"west": { "texture": "#brass", "uv": [ 0.0, 0.0, 0.5, 0.5 ] },
						"up": { "texture": "#brass", "uv": [ 0.0, 0.0, 1.0, 0.5 ] },
						"down": { "texture": "#brass", "uv": [ 0.0, 0.0, 1.0, 0.5 ] }
					}
				},
				{
					"name": "Cube10",
					"from": [ 2.0, 3.7, 2.0 ],
					"to": [ 2.5, 4.9, 2.3 ],
					"rotationOrigin": [ 0.2, 3.8, 2.0 ],
					"faces": {
						"north": { "texture": "#green", "uv": [ 0.0, 0.0, 0.5, 1.0 ] },
						"east": { "texture": "#green", "uv": [ 0.0, 0.0, 0.5, 1.0 ] },
						"south": { "texture": "#green", "uv": [ 0.0, 0.0, 0.5, 1.0 ] },
						"west": { "texture": "#green", "uv": [ 0.0, 0.0, 0.5, 1.0 ] },
						"up": { "texture": "#green", "uv": [ 0.0, 0.0, 0.5, 0.5 ] },
						"down": { "texture": "#green", "uv": [ 0.0, 0.0, 0.5, 0.5 ] }
					}
				},
				{
					"name": "Cube11",
					"from": [ 1.65, 4.1, 2.0 ],
					"to": [ 2.85, 4.5, 2.3 ],
					"rotationOrigin": [ -0.2, 4.2, 2.0 ],
					"faces": {
						"north": { "texture": "#green", "uv": [ 0.0, 0.0, 1.0, 0.5 ] },
						"east": { "texture": "#green", "uv": [ 0.0, 0.0, 0.5, 0.5 ] },
						"south": { "texture": "#green", "uv": [ 0.0, 0.0, 1.0, 0.5 ] },
						"west": { "texture": "#green", "uv": [ 0.0, 0.0, 0.5, 0.5 ] },
						"up": { "texture": "#green", "uv": [ 0.0, 0.0, 1.0, 0.5 ] },
						"down": { "texture": "#green", "uv": [ 0.0, 0.0, 1.0, 0.5 ] }
					}
				}
			]
		}
	]}