{
	"editor": {
		"allAngles": false,
		"entityTextureMode": false
	},
	"textureWidth": 16,
	"textureHeight": 16,
	"textureSizes": {
	},
	"textures": {
		"plain": "block/leather/plain"
	},
	"elements": [
		{
			"name": "Cube2",
			"from": [ 8.0, 0.0, 7.0 ],
			"to": [ 9.0, 0.5, 14.0 ],
			"rotationOrigin": [ 8.0, 0.0, 7.0 ],
			"faces": {
				"north": { "texture": "#plain", "uv": [ 0.0, 0.0, 1.0, 0.5 ] },
				"east": { "texture": "#plain", "uv": [ 0.0, 0.0, 7.0, 0.5 ] },
				"south": { "texture": "#plain", "uv": [ 0.0, 0.0, 1.0, 0.5 ] },
				"west": { "texture": "#plain", "uv": [ 0.0, 0.0, 7.0, 0.5 ] },
				"up": { "texture": "#plain", "uv": [ 0.0, 0.0, 1.0, 7.0 ] },
				"down": { "texture": "#plain", "uv": [ 0.0, 0.0, 1.0, 7.0 ] }
			}
		}
	]}