{
	"editor": {
		"collapsedPaths": "",
		"allAngles": false,
		"entityTextureMode": false
	},
	"textureWidth": 16,
	"textureHeight": 16,
	"textureSizes": {
	},
	"textures": {
		"copper": "game:item/tool/material/copper"
	},
	"elements": [
		{
			"name": "Blade",
			"from": [ 7.5, 0.7, 3.0 ],
			"to": [ 8.5, 1.0, 7.0 ],
			"rotationOrigin": [ 7.5, 0.7, 7.0 ],
			"faces": {
				"north": { "texture": "#copper", "uv": [ 5.25, 14.0, 6.25, 14.5 ] },
				"east": { "texture": "#copper", "uv": [ 9.25, 9.5, 13.25, 10.0 ] },
				"south": { "texture": "#copper", "uv": [ 4.5, 1.0, 5.5, 1.5 ] },
				"west": { "texture": "#copper", "uv": [ 8.0, 1.5, 12.0, 2.0 ] },
				"up": { "texture": "#copper", "uv": [ 8.75, 9.5, 9.75, 13.5 ] },
				"down": { "texture": "#copper", "uv": [ 7.5, 10.0, 8.5, 14.0 ] }
			},
			"children": [
				{
					"name": "Cube3",
					"from": [ 0.6, 0.1, 0.5 ],
					"to": [ 1.1, 0.2, 4.0 ],
					"rotationOrigin": [ 0.6, 0.1, 4.5 ],
					"faces": {
						"north": { "texture": "#copper", "uv": [ 1.75, 9.5, 2.25, 10.0 ] },
						"east": { "texture": "#copper", "uv": [ 5.75, 2.0, 9.25, 2.5 ] },
						"south": { "texture": "#copper", "uv": [ 4.5, 9.5, 5.0, 10.0 ] },
						"west": { "texture": "#copper", "uv": [ 1.5, 2.0, 5.0, 2.5 ] },
						"up": { "texture": "#copper", "uv": [ 10.25, 6.0, 10.75, 9.5 ] },
						"down": { "texture": "#copper", "uv": [ 7.25, 4.5, 7.75, 8.0 ] }
					}
				},
				{
					"name": "Cube4",
					"from": [ -0.1, 0.1, 0.5 ],
					"to": [ 0.2, 0.2, 4.0 ],
					"rotationOrigin": [ -0.1, 0.1, 4.5 ],
					"faces": {
						"north": { "texture": "#copper", "uv": [ 8.5, 13.5, 8.75, 14.0 ] },
						"east": { "texture": "#copper", "uv": [ 1.25, 2.5, 4.75, 3.0 ] },
						"south": { "texture": "#copper", "uv": [ 12.0, 4.0, 12.25, 4.5 ] },
						"west": { "texture": "#copper", "uv": [ 7.75, 12.0, 11.25, 12.5 ] },
						"up": { "texture": "#copper", "uv": [ 13.0, 8.5, 13.25, 12.0 ] },
						"down": { "texture": "#copper", "uv": [ 9.0, 9.5, 9.25, 13.0 ] }
					}
				},
				{
					"name": "Cube5",
					"from": [ 0.2, 0.1, -0.6 ],
					"to": [ 0.8, 0.2, 0.0 ],
					"rotationOrigin": [ 0.2, 0.1, -0.6 ],
					"faces": {
						"north": { "texture": "#copper", "uv": [ 15.0, 9.0, 15.5, 9.5 ] },
						"east": { "texture": "#copper", "uv": [ 14.75, 10.0, 15.25, 10.5 ] },
						"south": { "texture": "#copper", "uv": [ 1.0, 0.0, 1.5, 0.5 ] },
						"west": { "texture": "#copper", "uv": [ 12.25, 4.5, 12.75, 5.0 ] },
						"up": { "texture": "#copper", "uv": [ 15.25, 4.5, 15.75, 5.0 ] },
						"down": { "texture": "#copper", "uv": [ 6.75, 14.0, 7.25, 14.5 ] }
					}
				},
				{
					"name": "Cube6",
					"from": [ 0.3, 0.1, -0.9 ],
					"to": [ 0.7, 0.2, -0.6 ],
					"rotationOrigin": [ 0.3, 0.1, -0.9 ],
					"faces": {
						"north": { "texture": "#copper", "uv": [ 0.0, 0.5, 0.25, 1.0 ] },
						"east": { "texture": "#copper", "uv": [ 4.25, 1.0, 4.5, 1.5 ] },
						"south": { "texture": "#copper", "uv": [ 2.25, 4.0, 2.5, 4.5 ] },
						"west": { "texture": "#copper", "uv": [ 8.25, 14.0, 8.5, 14.5 ] },
						"up": { "texture": "#copper", "uv": [ 7.25, 6.5, 7.5, 7.0 ] },
						"down": { "texture": "#copper", "uv": [ 6.75, 0.0, 7.0, 0.5 ] }
					}
				},
				{
					"name": "Cube7",
					"from": [ 0.4, 0.1, -1.1 ],
					"to": [ 0.6, 0.2, -0.9 ],
					"rotationOrigin": [ 0.4, 0.1, -1.1 ],
					"faces": {
						"north": { "texture": "#copper", "uv": [ 13.0, 10.0, 13.25, 10.5 ] },
						"east": { "texture": "#copper", "uv": [ 6.0, 11.5, 6.25, 12.0 ] },
						"south": { "texture": "#copper", "uv": [ 3.0, 7.0, 3.25, 7.5 ] },
						"west": { "texture": "#copper", "uv": [ 15.5, 8.0, 15.75, 8.5 ] },
						"up": { "texture": "#copper", "uv": [ 2.0, 13.5, 2.25, 14.0 ] },
						"down": { "texture": "#copper", "uv": [ 9.25, 4.5, 9.5, 5.0 ] }
					}
				},
				{
					"name": "Cube8",
					"from": [ 0.3, 0.2, -0.4 ],
					"to": [ 0.7, 0.3, 0.0 ],
					"rotationOrigin": [ 0.3, 0.2, -0.4 ],
					"faces": {
						"north": { "texture": "#copper", "uv": [ 14.75, 9.0, 15.0, 9.5 ] },
						"east": { "texture": "#copper", "uv": [ 8.75, 8.5, 9.0, 9.0 ] },
						"south": { "texture": "#copper", "uv": [ 15.25, 10.0, 15.5, 10.5 ] },
						"west": { "texture": "#copper", "uv": [ 0.75, 2.5, 1.0, 3.0 ] },
						"up": { "texture": "#copper", "uv": [ 6.25, 6.5, 6.5, 7.0 ] },
						"down": { "texture": "#copper", "uv": [ 1.5, 9.0, 1.75, 9.5 ] }
					}
				},
				{
					"name": "Cube9",
					"from": [ 0.3, 0.0, -0.4 ],
					"to": [ 0.7, 0.1, 0.0 ],
					"rotationOrigin": [ 0.3, 0.0, -0.4 ],
					"faces": {
						"north": { "texture": "#copper", "uv": [ 14.0, 2.0, 14.25, 2.5 ] },
						"east": { "texture": "#copper", "uv": [ 14.5, 0.5, 14.75, 1.0 ] },
						"south": { "texture": "#copper", "uv": [ 10.5, 3.0, 10.75, 3.5 ] },
						"west": { "texture": "#copper", "uv": [ 0.75, 11.5, 1.0, 12.0 ] },
						"up": { "texture": "#copper", "uv": [ 9.25, 15.0, 9.5, 15.5 ] },
						"down": { "texture": "#copper", "uv": [ 12.5, 8.5, 12.75, 9.0 ] }
					}
				},
				{
					"name": "Cube10",
					"from": [ 0.4, 0.2, -0.6 ],
					"to": [ 0.6, 0.3, -0.4 ],
					"rotationOrigin": [ 0.4, 0.2, -0.6 ],
					"faces": {
						"north": { "texture": "#copper", "uv": [ 12.5, 12.0, 12.75, 12.5 ] },
						"east": { "texture": "#copper", "uv": [ 12.25, 11.0, 12.5, 11.5 ] },
						"south": { "texture": "#copper", "uv": [ 9.0, 5.0, 9.25, 5.5 ] },
						"west": { "texture": "#copper", "uv": [ 13.75, 0.5, 14.0, 1.0 ] },
						"up": { "texture": "#copper", "uv": [ 9.75, 11.0, 10.0, 11.5 ] },
						"down": { "texture": "#copper", "uv": [ 7.25, 0.5, 7.5, 1.0 ] }
					}
				},
				{
					"name": "Cube11",
					"from": [ 0.4, 0.0, -0.6 ],
					"to": [ 0.6, 0.1, -0.4 ],
					"rotationOrigin": [ 0.4, 0.0, -0.6 ],
					"faces": {
						"north": { "texture": "#copper", "uv": [ 10.25, 0.5, 10.5, 1.0 ] },
						"east": { "texture": "#copper", "uv": [ 10.25, 9.0, 10.5, 9.5 ] },
						"south": { "texture": "#copper", "uv": [ 0.25, 0.5, 0.5, 1.0 ] },
						"west": { "texture": "#copper", "uv": [ 13.5, 6.5, 13.75, 7.0 ] },
						"up": { "texture": "#copper", "uv": [ 13.25, 11.5, 13.5, 12.0 ] },
						"down": { "texture": "#copper", "uv": [ 7.25, 11.5, 7.5, 12.0 ] }
					}
				}
			]
		},
		{
			"name": "Handle",
			"from": [ 7.7, 0.8, 7.0 ],
			"to": [ 8.3, 0.9, 7.4 ],
			"rotationOrigin": [ 7.7, 0.8, 7.0 ],
			"faces": {
				"north": { "texture": "#copper", "uv": [ 8.75, 2.5, 9.25, 3.0 ] },
				"east": { "texture": "#copper", "uv": [ 4.25, 8.5, 4.5, 9.0 ] },
				"south": { "texture": "#copper", "uv": [ 11.0, 5.5, 11.5, 6.0 ] },
				"west": { "texture": "#copper", "uv": [ 10.75, 13.0, 11.0, 13.5 ] },
				"up": { "texture": "#copper", "uv": [ 0.75, 12.0, 1.25, 12.5 ] },
				"down": { "texture": "#copper", "uv": [ 6.5, 13.5, 7.0, 14.0 ] }
			},
			"children": [
				{
					"name": "Cube2",
					"from": [ -0.2, 0.0, 0.4 ],
					"to": [ 0.8, 0.1, 0.9 ],
					"rotationOrigin": [ -0.2, 0.0, 0.4 ],
					"faces": {
						"north": { "texture": "#copper", "uv": [ 12.25, 12.5, 13.25, 13.0 ] },
						"east": { "texture": "#copper", "uv": [ 2.25, 14.5, 2.75, 15.0 ] },
						"south": { "texture": "#copper", "uv": [ 12.0, 5.0, 13.0, 5.5 ] },
						"west": { "texture": "#copper", "uv": [ 12.5, 2.5, 13.0, 3.0 ] },
						"up": { "texture": "#copper", "uv": [ 1.75, 13.0, 2.75, 13.5 ] },
						"down": { "texture": "#copper", "uv": [ 8.25, 11.5, 9.25, 12.0 ] }
					}
				},
				{
					"name": "Cube12",
					"from": [ -0.2, -0.1, 0.9 ],
					"to": [ 0.1, 0.2, 2.4 ],
					"rotationOrigin": [ -0.2, -0.1, 0.9 ],
					"faces": {
						"north": { "texture": "#copper", "uv": [ 13.25, 13.5, 13.5, 14.0 ] },
						"east": { "texture": "#copper", "uv": [ 5.25, 12.5, 6.75, 13.0 ] },
						"south": { "texture": "#copper", "uv": [ 3.5, 13.5, 3.75, 14.0 ] },
						"west": { "texture": "#copper", "uv": [ 14.25, 8.0, 15.75, 8.5 ] },
						"up": { "texture": "#copper", "uv": [ 1.5, 3.5, 1.75, 5.0 ] },
						"down": { "texture": "#copper", "uv": [ 9.75, 12.0, 10.0, 13.5 ] }
					}
				},
				{
					"name": "Cube13",
					"from": [ 0.5, -0.1, 0.9 ],
					"to": [ 0.8, 0.2, 2.4 ],
					"rotationOrigin": [ 0.5, -0.1, 0.9 ],
					"faces": {
						"north": { "texture": "#copper", "uv": [ 12.25, 12.5, 12.5, 13.0 ] },
						"east": { "texture": "#copper", "uv": [ 5.0, 7.5, 6.5, 8.0 ] },
						"south": { "texture": "#copper", "uv": [ 0.0, 8.5, 0.25, 9.0 ] },
						"west": { "texture": "#copper", "uv": [ 9.75, 10.0, 11.25, 10.5 ] },
						"up": { "texture": "#copper", "uv": [ 14.5, 13.5, 14.75, 15.0 ] },
						"down": { "texture": "#copper", "uv": [ 5.75, 7.0, 6.0, 8.5 ] }
					}
				},
				{
					"name": "Cube14",
					"from": [ 0.1, 0.0, 1.9 ],
					"to": [ 0.5, 0.1, 2.4 ],
					"rotationOrigin": [ 0.1, 0.0, 1.9 ],
					"faces": {
						"north": { "texture": "#copper", "uv": [ 1.75, 3.5, 2.0, 4.0 ] },
						"east": { "texture": "#copper", "uv": [ 5.25, 10.0, 5.75, 10.5 ] },
						"south": { "texture": "#copper", "uv": [ 5.25, 5.5, 5.5, 6.0 ] },
						"west": { "texture": "#copper", "uv": [ 9.75, 12.0, 10.25, 12.5 ] },
						"up": { "texture": "#copper", "uv": [ 0.0, 10.5, 0.25, 11.0 ] },
						"down": { "texture": "#copper", "uv": [ 9.75, 8.5, 10.0, 9.0 ] }
					}
				}
			]
		}
	]}