{
	"editor": {
		"allAngles": true,
		"entityTextureMode": false
	},
	"textureWidth": 16,
	"textureHeight": 16,
	"textureSizes": {
	},
	"textures": {
		"iron": "game:block/metal/ingot/iron",
		"nickel": "game:block/metal/ingot/nickel"
	},
	"elements": [
		{
			"name": "origin",
			"from": [ 18.0, 0.5, 8.0 ],
			"to": [ 18.0, 0.5, 8.0 ],
			"rotationOrigin": [ 8.0, 0.0, 8.0 ],
			"faces": {
				"north": { "texture": "#iron", "uv": [ 0.0, 0.0, 0.5, 0.5 ] },
				"east": { "texture": "#iron", "uv": [ 0.0, 0.0, 0.5, 0.5 ] },
				"south": { "texture": "#iron", "uv": [ 0.0, 0.0, 0.5, 0.5 ] },
				"west": { "texture": "#iron", "uv": [ 0.0, 0.0, 0.5, 0.5 ] },
				"up": { "texture": "#iron", "uv": [ 0.0, 0.0, 0.5, 0.5 ] },
				"down": { "texture": "#iron", "uv": [ 0.0, 0.0, 0.5, 0.5 ] }
			},
			"children": [
				{
					"name": "Handle0",
					"from": [ -24.0, -0.6, -0.6 ],
					"to": [ -23.0, 0.4, 0.4 ],
					"rotationOrigin": [ -23.5, -0.1, -0.1 ],
					"faces": {
						"north": { "texture": "#iron", "uv": [ 3.5, 13.5, 4.5, 14.5 ] },
						"south": { "texture": "#iron", "uv": [ 0.0, 3.5, 1.0, 4.5 ] },
						"up": { "texture": "#iron", "uv": [ 1.0, 5.5, 2.0, 6.5 ] },
						"down": { "texture": "#iron", "uv": [ 11.5, 5.0, 12.5, 6.0 ] }
					},
					"children": [
						{
							"name": "Handle",
							"from": [ 1.0, -0.05, -0.05 ],
							"to": [ 5.0, 1.05, 1.05 ],
							"rotationOrigin": [ 1.5, 0.45, 0.45 ],
							"faces": {
								"north": { "texture": "#nickel", "uv": [ 0.0, 5.5, 4.0, 6.5 ] },
								"east": { "texture": "#nickel", "uv": [ 1.0, 0.5, 2.0, 1.5 ] },
								"south": { "texture": "#nickel", "uv": [ 0.0, 10.5, 4.0, 11.5 ] },
								"west": { "texture": "#nickel", "uv": [ 14.0, 10.0, 15.0, 11.0 ] },
								"up": { "texture": "#nickel", "uv": [ 0.0, 4.5, 4.0, 5.5 ] },
								"down": { "texture": "#nickel", "uv": [ 0.0, 5.0, 4.0, 6.0 ] }
							},
							"children": [
								{
									"name": "Handle1",
									"from": [ 4.0, 0.05, 0.05 ],
									"to": [ 4.5, 1.05, 1.05 ],
									"rotationOrigin": [ 4.5, 0.55, 0.55 ],
									"faces": {
										"north": { "texture": "#iron", "uv": [ 8.0, 10.5, 8.5, 11.5 ] },
										"south": { "texture": "#iron", "uv": [ 4.5, 14.0, 5.0, 15.0 ] },
										"up": { "texture": "#iron", "uv": [ 6.5, 11.5, 7.0, 12.5 ] },
										"down": { "texture": "#iron", "uv": [ 7.0, 0.0, 7.5, 1.0 ] }
									},
									"children": [
										{
											"name": "Connection",
											"from": [ 0.5, 0.0, -0.35 ],
											"to": [ 1.5, 1.0, 1.35 ],
											"rotationOrigin": [ 0.5, 0.0, -0.35 ],
											"faces": {
												"north": { "texture": "#iron", "uv": [ 5.0, 4.5, 6.0, 5.5 ] },
												"east": { "texture": "#iron", "uv": [ 6.0, 5.5, 7.5, 6.5 ] },
												"south": { "texture": "#iron", "uv": [ 4.5, 5.0, 5.5, 6.0 ] },
												"west": { "texture": "#iron", "uv": [ 6.0, 4.5, 7.5, 5.5 ] },
												"up": { "texture": "#iron", "uv": [ 6.5, 5.0, 7.5, 6.5 ] },
												"down": { "texture": "#iron", "uv": [ 9.0, 4.5, 10.0, 6.0 ] }
											},
											"children": [
												{
													"name": "Guard",
													"from": [ 0.25, 0.25, -1.0 ],
													"to": [ 0.75, 0.75, 3.0 ],
													"rotationOrigin": [ 0.25, 0.25, -1.0 ],
													"faces": {
														"north": { "texture": "#iron", "uv": [ 11.5, 14.0, 12.0, 14.5 ] },
														"east": { "texture": "#iron", "uv": [ 4.5, 13.0, 8.5, 13.5 ] },
														"south": { "texture": "#iron", "uv": [ 13.0, 4.5, 13.5, 5.0 ] },
														"west": { "texture": "#iron", "uv": [ 6.0, 14.5, 10.0, 15.0 ] },
														"up": { "texture": "#iron", "uv": [ 11.0, 3.5, 11.5, 7.5 ] },
														"down": { "texture": "#iron", "uv": [ 10.0, 7.0, 10.5, 11.0 ] }
													},
													"children": [
														{
															"name": "Guard2",
															"from": [ 0.0, 0.0, 4.0 ],
															"to": [ 0.5, 0.5, 5.5 ],
															"rotationOrigin": [ 0.0, 0.0, 4.0 ],
															"rotationY": 30.0,
															"faces": {
																"north": { "texture": "#iron", "uv": [ 9.5, 7.0, 10.0, 7.5 ] },
																"east": { "texture": "#iron", "uv": [ 3.0, 5.0, 4.5, 5.5 ] },
																"south": { "texture": "#iron", "uv": [ 6.0, 2.5, 6.5, 3.0 ] },
																"west": { "texture": "#iron", "uv": [ 1.0, 1.0, 2.5, 1.5 ] },
																"up": { "texture": "#iron", "uv": [ 6.0, 4.5, 6.5, 6.0 ] },
																"down": { "texture": "#iron", "uv": [ 11.5, 5.0, 12.0, 6.5 ] }
															},
															"children": [
																{
																	"name": "Clever2",
																	"from": [ 0.0, 0.05, 1.5 ],
																	"to": [ 0.5, 0.45, 2.0 ],
																	"rotationOrigin": [ 0.0, 0.0, 1.5 ],
																	"faces": {
																		"north": { "texture": "#iron", "uv": [ 0.0, 0.0, 0.5, 0.5 ] },
																		"east": { "texture": "#iron", "uv": [ 0.0, 0.0, 0.5, 0.5 ] },
																		"south": { "texture": "#iron", "uv": [ 0.0, 0.0, 0.5, 0.5 ] },
																		"west": { "texture": "#iron", "uv": [ 0.0, 0.0, 0.5, 0.5 ] },
																		"up": { "texture": "#iron", "uv": [ 0.0, 0.0, 0.5, 0.5 ] },
																		"down": { "texture": "#iron", "uv": [ 0.0, 0.0, 0.5, 0.5 ] }
																	},
																	"children": [
																		{
																			"name": "Clever2.1",
																			"from": [ 0.4, 0.0, 0.4 ],
																			"to": [ 0.9, 0.4, 0.9 ],
																			"rotationOrigin": [ 0.4, -0.05, 0.4 ],
																			"faces": {
																				"north": { "texture": "#iron", "uv": [ 0.0, 0.0, 0.5, 0.5 ] },
																				"east": { "texture": "#iron", "uv": [ 0.0, 0.0, 0.5, 0.5 ] },
																				"south": { "texture": "#iron", "uv": [ 0.0, 0.0, 0.5, 0.5 ] },
																				"west": { "texture": "#iron", "uv": [ 0.0, 0.0, 0.5, 0.5 ] },
																				"up": { "texture": "#iron", "uv": [ 0.0, 0.0, 0.5, 0.5 ] },
																				"down": { "texture": "#iron", "uv": [ 0.0, 0.0, 0.5, 0.5 ] }
																			}
																		},
																		{
																			"name": "Clever2.2",
																			"from": [ -0.4, 0.0, 0.4 ],
																			"to": [ 0.1, 0.4, 0.9 ],
																			"rotationOrigin": [ -0.4, -0.05, 0.4 ],
																			"faces": {
																				"north": { "texture": "#iron", "uv": [ 0.0, 0.0, 0.5, 0.5 ] },
																				"east": { "texture": "#iron", "uv": [ 0.0, 0.0, 0.5, 0.5 ] },
																				"south": { "texture": "#iron", "uv": [ 0.0, 0.0, 0.5, 0.5 ] },
																				"west": { "texture": "#iron", "uv": [ 0.0, 0.0, 0.5, 0.5 ] },
																				"up": { "texture": "#iron", "uv": [ 0.0, 0.0, 0.5, 0.5 ] },
																				"down": { "texture": "#iron", "uv": [ 0.0, 0.0, 0.5, 0.5 ] }
																			}
																		},
																		{
																			"name": "Clever2.3",
																			"from": [ 0.0, 0.0, 0.8 ],
																			"to": [ 0.5, 0.4, 1.3 ],
																			"rotationOrigin": [ 0.0, -0.05, 0.8 ],
																			"faces": {
																				"north": { "texture": "#iron", "uv": [ 0.0, 0.0, 0.5, 0.5 ] },
																				"east": { "texture": "#iron", "uv": [ 0.0, 0.0, 0.5, 0.5 ] },
																				"south": { "texture": "#iron", "uv": [ 0.0, 0.0, 0.5, 0.5 ] },
																				"west": { "texture": "#iron", "uv": [ 0.0, 0.0, 0.5, 0.5 ] },
																				"up": { "texture": "#iron", "uv": [ 0.0, 0.0, 0.5, 0.5 ] },
																				"down": { "texture": "#iron", "uv": [ 0.0, 0.0, 0.5, 0.5 ] }
																			}
																		}
																	]
																}
															]
														},
														{
															"name": "Guard1",
															"from": [ -0.5, 0.0, 0.0 ],
															"to": [ 0.0, 0.5, 1.5 ],
															"rotationOrigin": [ 0.0, 0.0, 0.0 ],
															"rotationY": 150.0,
															"faces": {
																"north": { "texture": "#iron", "uv": [ 11.5, 1.5, 12.0, 2.0 ] },
																"east": { "texture": "#iron", "uv": [ 5.5, 13.0, 7.0, 13.5 ] },
																"south": { "texture": "#iron", "uv": [ 14.0, 9.5, 14.5, 10.0 ] },
																"west": { "texture": "#iron", "uv": [ 8.5, 8.5, 10.0, 9.0 ] },
																"up": { "texture": "#iron", "uv": [ 5.0, 12.5, 5.5, 14.0 ] },
																"down": { "texture": "#iron", "uv": [ 5.5, 5.5, 6.0, 7.0 ] }
															},
															"children": [
																{
																	"name": "Clever1",
																	"from": [ 0.0, 0.05, 1.5 ],
																	"to": [ 0.5, 0.45, 2.0 ],
																	"rotationOrigin": [ 0.0, 0.0, 1.5 ],
																	"faces": {
																		"north": { "texture": "#iron", "uv": [ 0.0, 0.0, 0.5, 0.5 ] },
																		"east": { "texture": "#iron", "uv": [ 0.0, 0.0, 0.5, 0.5 ] },
																		"south": { "texture": "#iron", "uv": [ 0.0, 0.0, 0.5, 0.5 ] },
																		"west": { "texture": "#iron", "uv": [ 0.0, 0.0, 0.5, 0.5 ] },
																		"up": { "texture": "#iron", "uv": [ 0.0, 0.0, 0.5, 0.5 ] },
																		"down": { "texture": "#iron", "uv": [ 0.0, 0.0, 0.5, 0.5 ] }
																	},
																	"children": [
																		{
																			"name": "Clever1.1",
																			"from": [ 0.4, 0.0, 0.4 ],
																			"to": [ 0.9, 0.4, 0.9 ],
																			"rotationOrigin": [ 0.4, -0.05, 0.4 ],
																			"faces": {
																				"north": { "texture": "#iron", "uv": [ 0.0, 0.0, 0.5, 0.5 ] },
																				"east": { "texture": "#iron", "uv": [ 0.0, 0.0, 0.5, 0.5 ] },
																				"south": { "texture": "#iron", "uv": [ 0.0, 0.0, 0.5, 0.5 ] },
																				"west": { "texture": "#iron", "uv": [ 0.0, 0.0, 0.5, 0.5 ] },
																				"up": { "texture": "#iron", "uv": [ 0.0, 0.0, 0.5, 0.5 ] },
																				"down": { "texture": "#iron", "uv": [ 0.0, 0.0, 0.5, 0.5 ] }
																			}
																		},
																		{
																			"name": "Clever1.2",
																			"from": [ -0.4, 0.0, 0.4 ],
																			"to": [ 0.1, 0.4, 0.9 ],
																			"rotationOrigin": [ -0.4, -0.05, 0.4 ],
																			"faces": {
																				"north": { "texture": "#iron", "uv": [ 0.0, 0.0, 0.5, 0.5 ] },
																				"east": { "texture": "#iron", "uv": [ 0.0, 0.0, 0.5, 0.5 ] },
																				"south": { "texture": "#iron", "uv": [ 0.0, 0.0, 0.5, 0.5 ] },
																				"west": { "texture": "#iron", "uv": [ -0.5, 0.0, 0.0, 0.5 ] },
																				"up": { "texture": "#iron", "uv": [ 0.0, 0.0, 0.5, 0.5 ] },
																				"down": { "texture": "#iron", "uv": [ 0.0, 0.0, 0.5, 0.5 ] }
																			}
																		},
																		{
																			"name": "Clever1.3",
																			"from": [ 0.0, 0.0, 0.8 ],
																			"to": [ 0.5, 0.4, 1.3 ],
																			"rotationOrigin": [ 0.0, -0.05, 0.8 ],
																			"faces": {
																				"north": { "texture": "#iron", "uv": [ 0.0, 0.0, 0.5, 0.5 ] },
																				"east": { "texture": "#iron", "uv": [ 0.0, 0.0, 0.5, 0.5 ] },
																				"south": { "texture": "#iron", "uv": [ 0.0, 0.0, 0.5, 0.5 ] },
																				"west": { "texture": "#iron", "uv": [ 0.0, 0.0, 0.5, 0.5 ] },
																				"up": { "texture": "#iron", "uv": [ 0.0, 0.0, 0.5, 0.5 ] },
																				"down": { "texture": "#iron", "uv": [ 0.0, 0.0, 0.5, 0.5 ] }
																			}
																		}
																	]
																}
															]
														}
													]
												},
												{
													"name": "Sacond Handle",
													"from": [ 1.0, 0.2, -0.15 ],
													"to": [ 4.0, 0.8, 1.85 ],
													"rotationOrigin": [ 1.0, 0.2, -0.15 ],
													"faces": {
														"north": { "texture": "#iron", "uv": [ 5.0, 4.5, 8.0, 5.0 ] },
														"east": { "texture": "#iron", "uv": [ 6.0, 5.5, 8.0, 6.0 ] },
														"south": { "texture": "#iron", "uv": [ 4.5, 5.0, 7.5, 5.5 ] },
														"west": { "texture": "#iron", "uv": [ 6.0, 4.5, 8.0, 5.0 ] },
														"up": { "texture": "#iron", "uv": [ 6.5, 5.0, 9.5, 7.0 ] },
														"down": { "texture": "#iron", "uv": [ 9.0, 4.5, 12.0, 6.5 ] }
													},
													"children": [
														{
															"name": "Tusk1",
															"from": [ 2.0, 0.05, -1.0 ],
															"to": [ 2.5, 0.55, 0.0 ],
															"rotationOrigin": [ 2.0, 0.05, 0.0 ],
															"rotationY": -15.0,
															"faces": {
																"north": { "texture": "#iron", "uv": [ 3.5, 11.5, 4.0, 12.0 ] },
																"east": { "texture": "#iron", "uv": [ 12.5, 4.0, 13.5, 4.5 ] },
																"south": { "texture": "#iron", "uv": [ 2.0, 3.5, 2.5, 4.0 ] },
																"west": { "texture": "#iron", "uv": [ 5.5, 8.0, 6.5, 8.5 ] },
																"up": { "texture": "#iron", "uv": [ 1.5, 11.5, 2.0, 12.5 ] },
																"down": { "texture": "#iron", "uv": [ 0.0, 6.0, 0.5, 7.0 ] }
															},
															"children": [
																{
																	"name": "Tusk1.1",
																	"from": [ 0.05, 0.05, -0.5 ],
																	"to": [ 0.45, 0.45, 0.1 ],
																	"rotationOrigin": [ 0.1, 0.1, -0.5 ],
																	"faces": {
																		"north": { "texture": "#iron", "uv": [ 0.0, 0.0, 0.5, 0.5 ] },
																		"east": { "texture": "#iron", "uv": [ 0.0, 0.0, 0.5, 0.5 ] },
																		"south": { "texture": "#iron", "uv": [ 0.0, 0.0, 0.5, 0.5 ] },
																		"west": { "texture": "#iron", "uv": [ 0.0, 0.0, 0.5, 0.5 ] },
																		"up": { "texture": "#iron", "uv": [ 0.0, 0.0, 0.5, 0.5 ] },
																		"down": { "texture": "#iron", "uv": [ 0.0, 0.0, 0.5, 0.5 ] }
																	}
																}
															]
														},
														{
															"name": "Tusk2",
															"from": [ 2.0, 0.05, 2.0 ],
															"to": [ 2.5, 0.55, 3.0 ],
															"rotationOrigin": [ 2.0, 0.05, 2.0 ],
															"rotationY": 15.0,
															"faces": {
																"north": { "texture": "#iron", "uv": [ 1.5, 15.0, 2.0, 15.5 ] },
																"east": { "texture": "#iron", "uv": [ 9.5, 13.0, 10.5, 13.5 ] },
																"south": { "texture": "#iron", "uv": [ 2.0, 9.5, 2.5, 10.0 ] },
																"west": { "texture": "#iron", "uv": [ 1.5, 10.5, 2.5, 11.0 ] },
																"up": { "texture": "#iron", "uv": [ 5.5, 14.5, 6.0, 15.5 ] },
																"down": { "texture": "#iron", "uv": [ 6.5, 14.5, 7.0, 15.5 ] }
															},
															"children": [
																{
																	"name": "Cube4",
																	"from": [ 0.05, 0.05, 0.9 ],
																	"to": [ 0.45, 0.45, 1.5 ],
																	"rotationOrigin": [ 0.0, 0.0, 0.9 ],
																	"faces": {
																		"north": { "texture": "#iron", "uv": [ 0.0, 0.0, 0.5, 0.5 ] },
																		"east": { "texture": "#iron", "uv": [ 0.0, 0.0, 0.5, 0.5 ] },
																		"south": { "texture": "#iron", "uv": [ 0.0, 0.0, 0.5, 0.5 ] },
																		"west": { "texture": "#iron", "uv": [ 0.0, 0.0, 0.5, 0.5 ] },
																		"up": { "texture": "#iron", "uv": [ 0.0, 0.0, 0.5, 0.5 ] },
																		"down": { "texture": "#iron", "uv": [ 0.0, 0.0, 0.5, 0.5 ] }
																	}
																}
															]
														},
														{
															"name": "Blade",
															"from": [ 3.0, 0.2, 0.0 ],
															"to": [ 10.0, 0.4, 2.0 ],
															"rotationOrigin": [ 3.0, 0.15, 0.0 ],
															"faces": {
																"north": { "texture": "#iron", "uv": [ 1.0, 11.5, 8.0, 12.0 ] },
																"east": { "texture": "#iron", "uv": [ 11.0, 1.0, 13.0, 1.5 ] },
																"south": { "texture": "#iron", "uv": [ 1.0, 12.5, 8.0, 13.0 ] },
																"west": { "texture": "#iron", "uv": [ 6.5, 6.5, 8.5, 7.0 ] },
																"up": { "texture": "#iron", "uv": [ 0.5, 11.5, 7.5, 13.5 ] },
																"down": { "texture": "#iron", "uv": [ 1.0, 13.5, 8.0, 15.5 ] }
															},
															"children": [
																{
																	"name": "Blade1",
																	"from": [ 7.0, 0.0, 0.0 ],
																	"to": [ 15.0, 0.2, 2.0 ],
																	"rotationOrigin": [ 7.0, -0.05, 0.0 ],
																	"faces": {
																		"north": { "texture": "#iron", "uv": [ 1.0, 13.0, 9.0, 13.5 ] },
																		"east": { "texture": "#iron", "uv": [ 11.0, 1.0, 13.0, 1.5 ] },
																		"south": { "texture": "#iron", "uv": [ 1.0, 13.5, 9.0, 14.0 ] },
																		"west": { "texture": "#iron", "uv": [ 6.5, 6.5, 8.5, 7.0 ] },
																		"up": { "texture": "#iron", "uv": [ 1.0, 12.0, 9.0, 14.0 ] },
																		"down": { "texture": "#iron", "uv": [ 2.5, 13.5, 10.5, 15.5 ] }
																	},
																	"children": [
																		{
																			"name": "Blade2.1",
																			"from": [ 8.0, 0.0, 0.0 ],
																			"to": [ 12.0, 0.2, 0.5 ],
																			"rotationOrigin": [ 8.0, 0.0, 0.0 ],
																			"rotationY": -2.0,
																			"faces": {
																				"north": { "texture": "#iron", "uv": [ 1.0, 11.5, 5.0, 12.0 ] },
																				"east": { "texture": "#iron", "uv": [ 11.0, 1.0, 11.5, 1.5 ] },
																				"south": { "texture": "#iron", "uv": [ 1.0, 12.5, 5.0, 13.0 ] },
																				"west": { "texture": "#iron", "uv": [ 6.5, 6.5, 7.0, 7.0 ] },
																				"up": { "texture": "#iron", "uv": [ 0.5, 11.5, 4.5, 12.0 ] },
																				"down": { "texture": "#iron", "uv": [ 1.0, 13.5, 5.0, 14.0 ] }
																			},
																			"children": [
																				{
																					"name": "Blade4.1",
																					"from": [ 8.0, 0.0, 0.14 ],
																					"to": [ 10.5, 0.2, 0.64 ],
																					"rotationOrigin": [ 8.0, 0.0, 0.1 ],
																					"rotationX": 0.05,
																					"rotationY": -5.0,
																					"faces": {
																						"north": { "texture": "#iron", "uv": [ 1.0, 12.0, 3.5, 12.5 ] },
																						"east": { "texture": "#iron", "uv": [ 7.5, 13.5, 8.0, 14.0 ] },
																						"south": { "texture": "#iron", "uv": [ 1.0, 13.0, 3.5, 13.5 ] },
																						"west": { "texture": "#iron", "uv": [ 7.5, 12.5, 8.0, 13.0 ] },
																						"up": { "texture": "#iron", "uv": [ 0.5, 12.0, 3.0, 12.5 ] },
																						"down": { "texture": "#iron", "uv": [ 1.5, 13.0, 4.0, 13.5 ] }
																					}
																				},
																				{
																					"name": "Blade3.1",
																					"from": [ 4.0, 0.0, 0.0 ],
																					"to": [ 8.0, 0.2, 0.5 ],
																					"rotationOrigin": [ 4.0, 0.0, 0.0 ],
																					"rotationX": -0.05,
																					"rotationY": -2.0,
																					"faces": {
																						"north": { "texture": "#iron", "uv": [ 0.5, 12.5, 4.5, 13.0 ] },
																						"east": { "texture": "#iron", "uv": [ 11.0, 1.0, 11.5, 1.5 ] },
																						"south": { "texture": "#iron", "uv": [ 0.5, 13.0, 4.5, 13.5 ] },
																						"west": { "texture": "#iron", "uv": [ 6.5, 6.5, 7.0, 7.0 ] },
																						"up": { "texture": "#iron", "uv": [ 1.0, 13.0, 5.0, 13.5 ] },
																						"down": { "texture": "#iron", "uv": [ 0.0, 13.5, 4.0, 14.0 ] }
																					}
																				},
																				{
																					"name": "Center2",
																					"from": [ 0.0174, -0.15, 0.4997 ],
																					"to": [ 8.0174, 0.35, 0.9997 ],
																					"rotationOrigin": [ 0.0174, -0.2, 0.4997 ],
																					"rotationZ": 0.05,
																					"faces": {
																						"north": { "texture": "#iron", "uv": [ 3.0, 3.0, 11.0, 3.5 ] },
																						"east": { "texture": "#iron", "uv": [ 11.0, 1.0, 11.5, 1.5 ] },
																						"south": { "texture": "#iron", "uv": [ 10.0, 2.0, 10.5, 10.0 ], "rotation": 90 },
																						"west": { "texture": "#iron", "uv": [ 6.5, 6.5, 7.0, 7.0 ] },
																						"up": { "texture": "#iron", "uv": [ 2.5, 7.0, 10.5, 7.5 ] },
																						"down": { "texture": "#iron", "uv": [ 3.0, 7.0, 11.0, 7.5 ] }
																					}
																				}
																			]
																		},
																		{
																			"name": "Blade2.2",
																			"from": [ 8.0, 0.0, 1.5 ],
																			"to": [ 12.0, 0.2, 2.0 ],
																			"rotationOrigin": [ 8.0, 0.0, 2.0 ],
																			"rotationY": 2.0,
																			"faces": {
																				"north": { "texture": "#iron", "uv": [ 2.0, 12.5, 6.0, 13.0 ] },
																				"east": { "texture": "#iron", "uv": [ 11.0, 1.0, 11.5, 1.5 ] },
																				"south": { "texture": "#iron", "uv": [ 1.5, 13.0, 5.5, 13.5 ] },
																				"west": { "texture": "#iron", "uv": [ 6.5, 6.5, 7.0, 7.0 ] },
																				"up": { "texture": "#iron", "uv": [ 1.0, 13.5, 5.0, 14.0 ] },
																				"down": { "texture": "#iron", "uv": [ 4.0, 13.0, 8.0, 13.5 ] }
																			},
																			"children": [
																				{
																					"name": "Blade4.2",
																					"from": [ 8.0, 0.0, -0.14 ],
																					"to": [ 10.5, 0.2, 0.36 ],
																					"rotationOrigin": [ 8.0, 0.0, 0.4 ],
																					"rotationX": 0.05,
																					"rotationY": 5.0,
																					"faces": {
																						"north": { "texture": "#iron", "uv": [ 1.0, 13.0, 3.5, 13.5 ] },
																						"east": { "texture": "#iron", "uv": [ 7.5, 13.5, 8.0, 14.0 ] },
																						"south": { "texture": "#iron", "uv": [ 1.0, 12.5, 3.5, 13.0 ] },
																						"west": { "texture": "#iron", "uv": [ 6.5, 13.5, 7.0, 14.0 ] },
																						"up": { "texture": "#iron", "uv": [ 1.5, 12.5, 4.0, 13.0 ] },
																						"down": { "texture": "#iron", "uv": [ 2.0, 13.5, 4.5, 14.0 ] }
																					},
																					"children": [
																						{
																							"name": "Edge",
																							"from": [ 2.2179, -5.0E-4, 0.1868 ],
																							"to": [ 2.6179, 0.1995, 0.5868 ],
																							"rotationOrigin": [ 2.2179, -5.0E-4, 0.1868 ],
																							"rotationX": -0.001,
																							"rotationY": 38.0,
																							"faces": {
																								"north": { "texture": "#iron", "uv": [ 2.0, 13.5, 2.5, 14.0 ] },
																								"east": { "texture": "#iron", "uv": [ 3.0, 12.5, 3.5, 13.0 ] },
																								"south": { "texture": "#iron", "uv": [ 2.0, 12.5, 2.5, 13.0 ] },
																								"west": { "texture": "#iron", "uv": [ 3.0, 13.0, 3.5, 13.5 ] },
																								"up": { "texture": "#iron", "uv": [ 1.0, 13.0, 1.5, 13.5 ] },
																								"down": { "texture": "#iron", "uv": [ 2.0, 13.0, 2.5, 13.5 ] }
																							},
																							"children": [
																								{
																									"name": "Center",
																									"from": [ -1.3789, -0.1003, -1.7324 ],
																									"to": [ 0.1211, 0.2997, -1.2324 ],
																									"rotationOrigin": [ -1.3789, -0.1003, -1.7324 ],
																									"rotationX": -0.069,
																									"rotationY": -45.0,
																									"rotationZ": -0.098,
																									"faces": {
																										"north": { "texture": "#iron", "uv": [ 8.0, 14.0, 9.5, 14.5 ] },
																										"east": { "texture": "#iron", "uv": [ 7.0, 14.0, 7.5, 14.5 ] },
																										"south": { "texture": "#iron", "uv": [ 7.0, 12.5, 7.5, 14.0 ], "rotation": 90 },
																										"west": { "texture": "#iron", "uv": [ 8.0, 13.0, 8.5, 13.5 ] },
																										"up": { "texture": "#iron", "uv": [ 7.5, 14.0, 9.0, 14.5 ] },
																										"down": { "texture": "#iron", "uv": [ 7.5, 14.0, 9.0, 14.5 ] }
																									}
																								}
																							]
																						}
																					]
																				},
																				{
																					"name": "Blade3.2",
																					"from": [ 4.0, 0.0, 0.0 ],
																					"to": [ 8.0, 0.2, 0.5 ],
																					"rotationOrigin": [ 4.0, 0.0, 0.5 ],
																					"rotationX": -0.05,
																					"rotationY": 2.0,
																					"faces": {
																						"north": { "texture": "#iron", "uv": [ 0.0, 12.5, 4.0, 13.0 ] },
																						"east": { "texture": "#iron", "uv": [ 11.0, 1.0, 11.5, 1.5 ] },
																						"south": { "texture": "#iron", "uv": [ 0.5, 13.5, 4.5, 14.0 ] },
																						"west": { "texture": "#iron", "uv": [ 6.5, 6.5, 7.0, 7.0 ] },
																						"up": { "texture": "#iron", "uv": [ 3.0, 12.5, 7.0, 13.0 ] },
																						"down": { "texture": "#iron", "uv": [ 2.0, 13.0, 6.0, 13.5 ] }
																					}
																				},
																				{
																					"name": "Center1",
																					"from": [ 0.0279, -0.15, -0.4995 ],
																					"to": [ 8.0279, 0.35, 5.0E-4 ],
																					"rotationOrigin": [ 0.0279, -0.15, -0.2995 ],
																					"faces": {
																						"north": { "texture": "#iron", "uv": [ 3.0, 4.5, 11.0, 5.0 ] },
																						"east": { "texture": "#iron", "uv": [ 11.0, 1.0, 11.5, 1.5 ] },
																						"south": { "texture": "#iron", "uv": [ 8.5, 0.5, 9.0, 8.5 ], "rotation": 90 },
																						"west": { "texture": "#iron", "uv": [ 7.5, 7.0, 8.0, 7.5 ] },
																						"up": { "texture": "#iron", "uv": [ 2.5, 6.0, 10.5, 6.5 ] },
																						"down": { "texture": "#iron", "uv": [ 4.5, 8.0, 12.5, 8.5 ] }
																					}
																				}
																			]
																		}
																	]
																}
															]
														},
														{
															"name": "Dol1",
															"from": [ 3.0, 0.35, 0.5 ],
															"to": [ 18.1, 0.55, 1.0 ],
															"rotationOrigin": [ 3.0, 0.4, 0.5 ],
															"rotationX": 8.0,
															"faces": {
																"north": { "texture": "#iron", "uv": [ 0.5, 2.5, 15.5, 3.0 ] },
																"east": { "texture": "#iron", "uv": [ 11.0, 1.0, 11.5, 1.5 ] },
																"south": { "texture": "#iron", "uv": [ 12.5, 0.5, 13.0, 15.5 ], "rotation": 90 },
																"west": { "texture": "#iron", "uv": [ 6.5, 6.5, 7.0, 7.0 ] },
																"up": { "texture": "#iron", "uv": [ 0.5, 7.5, 15.5, 8.0 ] },
																"down": { "texture": "#iron", "uv": [ 0.5, 7.5, 15.5, 8.0 ] }
															},
															"children": [
																{
																	"name": "Dol2",
																	"from": [ 0.0, 0.0, 0.4951 ],
																	"to": [ 15.1, 0.2, 0.9951 ],
																	"rotationOrigin": [ 0.0, 0.0196, 0.4951 ],
																	"rotationX": -16.0,
																	"faces": {
																		"north": { "texture": "#iron", "uv": [ 0.5, 2.5, 15.5, 3.0 ] },
																		"east": { "texture": "#iron", "uv": [ 11.0, 1.0, 11.5, 1.5 ] },
																		"south": { "texture": "#iron", "uv": [ 12.5, 0.5, 13.0, 15.5 ], "rotation": 90 },
																		"west": { "texture": "#iron", "uv": [ 6.5, 6.5, 7.0, 7.0 ] },
																		"up": { "texture": "#iron", "uv": [ 0.5, 8.0, 15.5, 8.5 ] },
																		"down": { "texture": "#iron", "uv": [ 0.5, 6.5, 15.5, 7.0 ] }
																	},
																	"children": [
																		{
																			"name": "Cube2",
																			"from": [ 14.0, -0.03, -0.45 ],
																			"to": [ 15.1, 0.18, 0.45 ],
																			"rotationOrigin": [ 14.0, 0.0, -0.5 ],
																			"rotationX": 8.0,
																			"rotationZ": 8.0,
																			"faces": {
																				"north": { "texture": "#iron", "uv": [ 0.0, 0.0, 1.0, 0.5 ] },
																				"east": { "texture": "#iron", "uv": [ 0.0, 0.0, 0.5, 0.5 ] },
																				"south": { "texture": "#iron", "uv": [ 0.0, 0.0, 1.0, 0.5 ] },
																				"west": { "texture": "#iron", "uv": [ 0.0, 0.0, 0.5, 0.5 ] },
																				"up": { "texture": "#iron", "uv": [ 0.0, 0.0, 1.0, 0.5 ] },
																				"down": { "texture": "#iron", "uv": [ 0.0, 0.0, 1.0, 0.5 ] }
																			}
																		},
																		{
																			"name": "Cube3",
																			"from": [ 14.0, -0.01, -0.45 ],
																			"to": [ 15.1, 0.2, 0.45 ],
																			"rotationOrigin": [ 14.0, 0.0, -0.5 ],
																			"rotationX": 8.0,
																			"rotationZ": -8.0,
																			"faces": {
																				"north": { "texture": "#iron", "uv": [ 0.0, 0.0, 1.0, 0.5 ] },
																				"east": { "texture": "#iron", "uv": [ 0.0, 0.0, 0.5, 0.5 ] },
																				"south": { "texture": "#iron", "uv": [ 0.0, 0.0, 1.0, 0.5 ] },
																				"west": { "texture": "#iron", "uv": [ 0.0, 0.0, 0.5, 0.5 ] },
																				"up": { "texture": "#iron", "uv": [ 0.0, 0.0, 1.0, 0.5 ] },
																				"down": { "texture": "#iron", "uv": [ 0.0, 0.0, 1.0, 0.5 ] }
																			}
																		}
																	]
																}
															]
														},
														{
															"name": "Dol1.1",
															"from": [ 3.0, 0.15, 1.5 ],
															"to": [ 18.1, 0.35, 2.0 ],
															"rotationOrigin": [ 3.0, 0.2, 1.5 ],
															"rotationX": -172.0,
															"faces": {
																"north": { "texture": "#iron", "uv": [ 0.5, 2.5, 15.5, 3.0 ] },
																"east": { "texture": "#iron", "uv": [ 11.0, 1.0, 11.5, 1.5 ] },
																"south": { "texture": "#iron", "uv": [ 12.5, 0.5, 13.0, 15.5 ], "rotation": 90 },
																"west": { "texture": "#iron", "uv": [ 6.5, 6.5, 7.0, 7.0 ] },
																"up": { "texture": "#iron", "uv": [ 0.5, 7.5, 15.5, 8.0 ] },
																"down": { "texture": "#iron", "uv": [ 0.5, 7.0, 15.5, 7.5 ] }
															},
															"children": [
																{
																	"name": "Dol2.1",
																	"from": [ 0.0, 0.0, 0.4951 ],
																	"to": [ 15.1, 0.2, 0.9951 ],
																	"rotationOrigin": [ 0.0, 0.0196, 0.4951 ],
																	"rotationX": -16.0,
																	"faces": {
																		"north": { "texture": "#iron", "uv": [ 0.5, 2.5, 15.5, 3.0 ] },
																		"east": { "texture": "#iron", "uv": [ 11.0, 1.0, 11.5, 1.5 ] },
																		"south": { "texture": "#iron", "uv": [ 12.5, 0.5, 13.0, 15.5 ], "rotation": 90 },
																		"west": { "texture": "#iron", "uv": [ 6.5, 6.5, 7.0, 7.0 ] },
																		"up": { "texture": "#iron", "uv": [ 0.0, 7.5, 15.0, 8.0 ] },
																		"down": { "texture": "#iron", "uv": [ 0.0, 7.0, 15.0, 7.5 ] }
																	}
																}
															]
														}
													]
												}
											]
										}
									]
								},
								{
									"name": "Rope",
									"from": [ 3.7, -0.1, -0.1 ],
									"to": [ 4.2, 1.2, 1.2 ],
									"rotationOrigin": [ 3.7, -0.1, -0.1 ],
									"faces": {
										"north": { "texture": "#nickel", "uv": [ 0.0, 0.0, 0.5, 1.0 ] },
										"east": { "texture": "#nickel", "uv": [ 0.0, 0.0, 1.0, 1.0 ] },
										"south": { "texture": "#nickel", "uv": [ 0.0, 0.0, 0.5, 1.0 ] },
										"west": { "texture": "#nickel", "uv": [ 0.0, 0.0, 1.0, 1.0 ] },
										"up": { "texture": "#nickel", "uv": [ 0.0, 0.0, 0.5, 1.0 ] },
										"down": { "texture": "#nickel", "uv": [ 0.0, 0.0, 0.5, 1.0 ] }
									}
								},
								{
									"name": "Rope1",
									"from": [ 2.5, -0.1, -0.1 ],
									"to": [ 3.0, 1.2, 1.2 ],
									"rotationOrigin": [ 2.5, -0.1, -0.1 ],
									"faces": {
										"north": { "texture": "#nickel", "uv": [ 0.0, 0.0, 0.5, 1.0 ] },
										"east": { "texture": "#nickel", "uv": [ 0.0, 0.0, 1.0, 1.0 ] },
										"south": { "texture": "#nickel", "uv": [ 0.0, 0.0, 0.5, 1.0 ] },
										"west": { "texture": "#nickel", "uv": [ 0.0, 0.0, 1.0, 1.0 ] },
										"up": { "texture": "#nickel", "uv": [ 0.0, 0.0, 0.5, 1.0 ] },
										"down": { "texture": "#nickel", "uv": [ 0.0, 0.0, 0.5, 1.0 ] }
									}
								},
								{
									"name": "Rope2",
									"from": [ 1.9, -0.1, -0.1 ],
									"to": [ 2.4, 1.2, 1.2 ],
									"rotationOrigin": [ 1.9, -0.1, -0.1 ],
									"faces": {
										"north": { "texture": "#nickel", "uv": [ 1.0, 0.0, 1.5, 1.0 ] },
										"east": { "texture": "#nickel", "uv": [ 1.0, 0.0, 2.0, 1.0 ] },
										"south": { "texture": "#nickel", "uv": [ 1.5, 0.0, 2.0, 1.0 ] },
										"west": { "texture": "#nickel", "uv": [ 1.0, 0.0, 2.0, 1.0 ] },
										"up": { "texture": "#nickel", "uv": [ 1.0, 0.0, 1.5, 1.0 ] },
										"down": { "texture": "#nickel", "uv": [ 1.5, 0.0, 2.0, 1.0 ] }
									}
								},
								{
									"name": "Rope3",
									"from": [ 1.3, -0.1, -0.1 ],
									"to": [ 1.8, 1.2, 1.2 ],
									"rotationOrigin": [ 1.3, -0.1, -0.1 ],
									"faces": {
										"north": { "texture": "#nickel", "uv": [ 0.0, 0.0, 0.5, 1.0 ] },
										"east": { "texture": "#nickel", "uv": [ 0.0, 0.0, 1.0, 1.0 ] },
										"south": { "texture": "#nickel", "uv": [ 0.0, 0.0, 0.5, 1.0 ] },
										"west": { "texture": "#nickel", "uv": [ 0.0, 0.0, 1.0, 1.0 ] },
										"up": { "texture": "#nickel", "uv": [ 0.0, 0.0, 0.5, 1.0 ] },
										"down": { "texture": "#nickel", "uv": [ 0.0, 0.0, 0.5, 1.0 ] }
									}
								},
								{
									"name": "Rope4",
									"from": [ 0.7, -0.1, -0.1 ],
									"to": [ 1.2, 1.2, 1.2 ],
									"rotationOrigin": [ 0.7, -0.1, -0.1 ],
									"faces": {
										"north": { "texture": "#nickel", "uv": [ 2.5, 2.5, 3.0, 3.5 ] },
										"east": { "texture": "#nickel", "uv": [ 2.0, 3.0, 3.0, 4.0 ] },
										"south": { "texture": "#nickel", "uv": [ 2.5, 3.0, 3.0, 4.0 ] },
										"west": { "texture": "#nickel", "uv": [ 2.0, 2.0, 3.0, 3.0 ] },
										"up": { "texture": "#nickel", "uv": [ 3.5, 2.5, 4.0, 3.5 ] },
										"down": { "texture": "#nickel", "uv": [ 2.0, 2.0, 2.5, 3.0 ] }
									}
								},
								{
									"name": "Rope5",
									"from": [ 0.03, -0.1, -0.1 ],
									"to": [ 0.53, 1.2, 1.2 ],
									"rotationOrigin": [ 0.0, -0.1, -0.1 ],
									"faces": {
										"north": { "texture": "#nickel", "uv": [ 0.0, 0.0, 0.5, 1.0 ] },
										"east": { "texture": "#nickel", "uv": [ 0.0, 0.0, 1.0, 1.0 ] },
										"south": { "texture": "#nickel", "uv": [ 0.0, 0.0, 0.5, 1.0 ] },
										"west": { "texture": "#nickel", "uv": [ 0.0, 0.0, 1.0, 1.0 ] },
										"up": { "texture": "#nickel", "uv": [ 0.0, 0.0, 0.5, 1.0 ] },
										"down": { "texture": "#nickel", "uv": [ 0.0, 0.0, 0.5, 1.0 ] }
									}
								},
								{
									"name": "Rope6",
									"from": [ 3.1, -0.1, -0.1 ],
									"to": [ 3.6, 1.2, 1.2 ],
									"rotationOrigin": [ 3.1, -0.1, -0.1 ],
									"faces": {
										"north": { "texture": "#nickel", "uv": [ 0.0, 0.0, 0.5, 1.0 ] },
										"east": { "texture": "#nickel", "uv": [ 0.0, 0.0, 1.0, 1.0 ] },
										"south": { "texture": "#nickel", "uv": [ 0.0, 0.0, 0.5, 1.0 ] },
										"west": { "texture": "#nickel", "uv": [ 0.0, 0.0, 1.0, 1.0 ] },
										"up": { "texture": "#nickel", "uv": [ 0.0, 0.0, 0.5, 1.0 ] },
										"down": { "texture": "#nickel", "uv": [ 0.0, 0.0, 0.5, 1.0 ] }
									}
								}
							]
						},
						{
							"name": "Apple",
							"from": [ -1.0, -0.25, -0.2 ],
							"to": [ 0.5, 1.25, 1.3 ],
							"rotationOrigin": [ -0.25, 0.5, 0.55 ],
							"rotationY": -45.0,
							"faces": {
								"north": { "texture": "#iron", "uv": [ 1.5, 12.5, 3.0, 14.0 ] },
								"east": { "texture": "#iron", "uv": [ 8.5, 14.0, 10.0, 15.5 ] },
								"south": { "texture": "#iron", "uv": [ 1.0, 13.0, 2.5, 14.5 ] },
								"west": { "texture": "#iron", "uv": [ 7.0, 14.0, 8.5, 15.5 ] },
								"up": { "texture": "#iron", "uv": [ 8.0, 13.0, 9.5, 14.5 ] },
								"down": { "texture": "#iron", "uv": [ 7.0, 13.0, 8.5, 14.5 ] }
							},
							"children": [
								{
									"name": "Cube5",
									"from": [ 0.3, -0.1, 0.2 ],
									"to": [ 1.3, 1.6, 1.2 ],
									"rotationOrigin": [ 0.3, -0.1, 0.2 ],
									"faces": {
										"north": { "texture": "#iron", "uv": [ 0.0, 0.0, 1.0, 1.5 ] },
										"east": { "texture": "#iron", "uv": [ 0.0, 0.0, 1.0, 1.5 ] },
										"south": { "texture": "#iron", "uv": [ 0.0, 0.0, 1.0, 1.5 ] },
										"west": { "texture": "#iron", "uv": [ 0.0, 0.0, 1.0, 1.5 ] },
										"up": { "texture": "#iron", "uv": [ 0.0, 0.0, 1.0, 1.0 ] },
										"down": { "texture": "#iron", "uv": [ 0.0, 0.0, 1.0, 1.0 ] }
									}
								}
							]
						}
					]
				},
				{
					"name": "socket25",
					"from": [ 0.5, -0.4, -0.35 ],
					"to": [ 0.5, -0.4, -0.35 ],
					"rotationOrigin": [ 0.5, -0.4, -0.35 ],
					"faces": {
						"north": { "texture": "#iron", "uv": [ 4.5, 3.0, 5.0, 3.5 ] },
						"east": { "texture": "#iron", "uv": [ 11.0, 1.0, 11.5, 1.5 ] },
						"south": { "texture": "#iron", "uv": [ 13.5, 4.0, 14.0, 4.5 ], "rotation": 90 },
						"west": { "texture": "#iron", "uv": [ 6.5, 6.5, 7.0, 7.0 ] },
						"up": { "texture": "#iron", "uv": [ 0.0, 5.0, 0.5, 5.5 ] },
						"down": { "texture": "#iron", "uv": [ 1.5, 4.5, 2.0, 5.0 ] }
					}
				},
				{
					"name": "socket35",
					"from": [ 5.5, -0.35, -0.35 ],
					"to": [ 5.5, -0.35, -0.35 ],
					"rotationOrigin": [ 5.5, -0.35, -0.35 ],
					"faces": {
						"north": { "texture": "#iron", "uv": [ 2.0, 2.5, 2.5, 3.0 ] },
						"east": { "texture": "#iron", "uv": [ 11.0, 1.0, 11.5, 1.5 ] },
						"south": { "texture": "#iron", "uv": [ 9.5, 3.0, 10.0, 3.5 ], "rotation": 90 },
						"west": { "texture": "#iron", "uv": [ 6.5, 6.5, 7.0, 7.0 ] },
						"up": { "texture": "#iron", "uv": [ 7.5, 14.0, 8.0, 14.5 ] },
						"down": { "texture": "#iron", "uv": [ 7.5, 14.0, 8.0, 14.5 ] }
					}
				}
			]
		}
	]}