{
	"editor": {
		"allAngles": false,
		"entityTextureMode": false
	},
	"textureWidth": 16,
	"textureHeight": 16,
	"textureSizes": {
	},
	"textures": {
		"larch": "game:block/wood/debarked/larch"
	},
	"elements": [
		{
			"name": "handle1",
			"from": [ 0.0, 0.0, 7.4 ],
			"to": [ 4.7, 1.5, 8.9 ],
			"rotationOrigin": [ 0.0, 0.0, 7.4 ],
			"faces": {
				"north": { "texture": "#larch", "uv": [ 0.0, 0.0, 4.5, 1.5 ] },
				"east": { "texture": "#larch", "uv": [ 0.0, 0.0, 1.5, 1.5 ] },
				"south": { "texture": "#larch", "uv": [ 0.0, 0.0, 4.5, 1.5 ] },
				"west": { "texture": "#larch", "uv": [ 0.0, 0.0, 1.5, 1.5 ] },
				"up": { "texture": "#larch", "uv": [ 0.0, 0.0, 4.5, 1.5 ] },
				"down": { "texture": "#larch", "uv": [ 0.0, 0.0, 4.5, 1.5 ] }
			},
			"children": [
				{
					"name": "nail",
					"from": [ 3.6, -0.1, 0.6 ],
					"to": [ 4.1, 1.6, 1.1 ],
					"rotationOrigin": [ 3.6, -0.1, 0.6 ],
					"faces": {
						"north": { "texture": "#iron", "uv": [ 0.0, 0.0, 0.5, 1.5 ] },
						"east": { "texture": "#iron", "uv": [ 0.0, 0.0, 0.5, 1.5 ] },
						"south": { "texture": "#iron", "uv": [ 0.0, 0.0, 0.5, 1.5 ] },
						"west": { "texture": "#iron", "uv": [ 0.0, 0.0, 0.5, 1.5 ] },
						"up": { "texture": "#iron", "uv": [ 0.0, 0.0, 0.5, 0.5 ] },
						"down": { "texture": "#iron", "uv": [ 0.0, 0.0, 0.5, 0.5 ] }
					}
				},
				{
					"name": "nail2",
					"from": [ 2.0, -0.1, 0.6 ],
					"to": [ 2.5, 1.6, 1.1 ],
					"rotationOrigin": [ 2.0, -0.1, 0.6 ],
					"faces": {
						"north": { "texture": "#iron", "uv": [ 0.0, 0.0, 0.5, 1.5 ] },
						"east": { "texture": "#iron", "uv": [ 0.0, 0.0, 0.5, 1.5 ] },
						"south": { "texture": "#iron", "uv": [ 0.0, 0.0, 0.5, 1.5 ] },
						"west": { "texture": "#iron", "uv": [ 0.0, 0.0, 0.5, 1.5 ] },
						"up": { "texture": "#iron", "uv": [ 0.0, 0.0, 0.5, 0.5 ] },
						"down": { "texture": "#iron", "uv": [ 0.0, 0.0, 0.5, 0.5 ] }
					}
				}
			]
		},
		{
			"name": "handle",
			"from": [ -1.8, 0.01, 8.17 ],
			"to": [ 0.2, 1.49, 9.67 ],
			"rotationOrigin": [ -1.8, 0.0, 8.2 ],
			"rotationY": 22.5,
			"faces": {
				"north": { "texture": "#larch", "uv": [ 0.0, 0.0, 2.0, 1.0 ] },
				"east": { "texture": "#larch", "uv": [ 0.0, 0.0, 1.5, 1.0 ] },
				"south": { "texture": "#larch", "uv": [ 0.0, 0.0, 2.0, 1.0 ] },
				"west": { "texture": "#larch", "uv": [ 0.0, 0.0, 1.5, 1.0 ] },
				"up": { "texture": "#larch", "uv": [ 0.0, 0.0, 2.0, 1.5 ] },
				"down": { "texture": "#larch", "uv": [ 0.0, 0.0, 2.0, 1.5 ] }
			}
		},
		{
			"name": "guard",
			"from": [ 4.7, -0.1, 7.1 ],
			"to": [ 5.3, 1.6, 9.3 ],
			"rotationOrigin": [ 4.7, -0.1, 7.1 ],
			"faces": {
				"north": { "texture": "#iron", "uv": [ 0.0, 0.0, 0.5, 1.5 ] },
				"east": { "texture": "#iron", "uv": [ 0.0, 0.0, 2.0, 1.5 ] },
				"south": { "texture": "#iron", "uv": [ 0.0, 0.0, 0.5, 1.5 ] },
				"west": { "texture": "#iron", "uv": [ 0.0, 0.0, 2.0, 1.5 ] },
				"up": { "texture": "#iron", "uv": [ 0.0, 0.0, 0.5, 2.0 ] },
				"down": { "texture": "#iron", "uv": [ 0.0, 0.0, 0.5, 2.0 ] }
			},
			"children": [
				{
					"name": "blade",
					"from": [ 0.0, 0.7, 0.3 ],
					"to": [ 5.0, 1.1, 1.4 ],
					"rotationOrigin": [ 0.0, 0.7, 0.3 ],
					"faces": {
						"north": { "texture": "#iron", "uv": [ 0.0, 0.0, 5.0, 0.5 ] },
						"east": { "texture": "#iron", "uv": [ 0.0, 0.0, 1.0, 0.5 ] },
						"south": { "texture": "#iron", "uv": [ 0.0, 0.0, 5.0, 0.5 ] },
						"west": { "texture": "#iron", "uv": [ 0.0, 0.0, 1.0, 0.5 ] },
						"up": { "texture": "#iron", "uv": [ 0.0, 0.0, 5.0, 2.0 ], "autoUv": false },
						"down": { "texture": "#iron", "uv": [ 0.0, 0.0, 5.0, 2.0 ], "autoUv": false }
					}
				},
				{
					"name": "blade2",
					"from": [ 6.0, 0.71, 0.7 ],
					"to": [ 8.2, 1.09, 1.8 ],
					"rotationOrigin": [ 6.0, 0.7, 0.7 ],
					"rotationY": -112.5,
					"faces": {
						"north": { "texture": "#iron", "uv": [ 0.0, 0.0, 2.0, 0.5 ] },
						"east": { "texture": "#iron", "uv": [ 0.0, 0.0, 1.0, 0.5 ] },
						"south": { "texture": "#iron", "uv": [ 0.0, 0.0, 2.0, 0.5 ] },
						"west": { "texture": "#iron", "uv": [ 0.0, 0.0, 1.0, 0.5 ] },
						"up": { "texture": "#iron", "uv": [ 5.0, 9.0, 10.0, 11.0 ], "autoUv": false },
						"down": { "texture": "#iron", "uv": [ 5.0, 9.0, 10.0, 11.0 ], "autoUv": false }
					}
				},
				{
					"name": "blade3",
					"from": [ 4.3, 0.72, 1.9 ],
					"to": [ 6.9, 1.08, 3.0 ],
					"rotationOrigin": [ 4.3, 0.7, 1.9 ],
					"rotationY": -22.5,
					"faces": {
						"north": { "texture": "#iron", "uv": [ 0.0, 0.0, 2.5, 0.5 ] },
						"east": { "texture": "#iron", "uv": [ 0.0, 0.0, 1.0, 0.5 ] },
						"south": { "texture": "#iron", "uv": [ 0.0, 0.0, 2.5, 0.5 ] },
						"west": { "texture": "#iron", "uv": [ 0.0, 0.0, 1.0, 0.5 ] },
						"up": { "texture": "#iron", "uv": [ 3.5, 2.5, 8.5, 4.5 ], "autoUv": false },
						"down": { "texture": "#iron", "uv": [ 3.5, 2.5, 8.5, 4.5 ], "autoUv": false }
					}
				},
				{
					"name": "blade4",
					"from": [ 6.4, 0.73, 2.8 ],
					"to": [ 9.0, 1.07, 3.9 ],
					"rotationOrigin": [ 6.4, 0.7, 2.8 ],
					"rotationY": -10.0,
					"faces": {
						"north": { "texture": "#iron", "uv": [ 0.0, 0.0, 2.5, 0.5 ] },
						"east": { "texture": "#iron", "uv": [ 0.0, 0.0, 1.0, 0.5 ] },
						"south": { "texture": "#iron", "uv": [ 0.0, 0.0, 2.5, 0.5 ] },
						"west": { "texture": "#iron", "uv": [ 0.0, 0.0, 1.0, 0.5 ] },
						"up": { "texture": "#iron", "uv": [ 3.0, 1.0, 8.0, 3.0 ], "autoUv": false },
						"down": { "texture": "#iron", "uv": [ 4.0, 3.5, 8.5, 5.5 ], "autoUv": false }
					}
				},
				{
					"name": "blade5",
					"from": [ 8.6, 0.74, 3.24 ],
					"to": [ 11.2, 1.06, 4.34 ],
					"rotationOrigin": [ 8.6, 0.7, 3.2 ],
					"rotationY": 5.0,
					"faces": {
						"north": { "texture": "#iron", "uv": [ 0.0, 0.0, 2.5, 0.5 ] },
						"east": { "texture": "#iron", "uv": [ 0.0, 0.0, 1.0, 0.5 ] },
						"south": { "texture": "#iron", "uv": [ 0.0, 0.0, 2.5, 0.5 ] },
						"west": { "texture": "#iron", "uv": [ 0.0, 0.0, 1.0, 0.5 ] },
						"up": { "texture": "#iron", "uv": [ 5.5, 0.0, 10.5, 2.0 ], "autoUv": false },
						"down": { "texture": "#iron", "uv": [ 6.0, 0.0, 11.0, 2.0 ], "autoUv": false }
					}
				},
				{
					"name": "blade6",
					"from": [ 11.0, 0.75, 3.04 ],
					"to": [ 13.6, 1.05, 4.14 ],
					"rotationOrigin": [ 11.0, 0.7, 3.0 ],
					"rotationY": 15.0,
					"faces": {
						"north": { "texture": "#iron", "uv": [ 0.0, 0.0, 2.5, 0.5 ] },
						"east": { "texture": "#iron", "uv": [ 0.0, 0.0, 1.0, 0.5 ] },
						"south": { "texture": "#iron", "uv": [ 0.0, 0.0, 2.5, 0.5 ] },
						"west": { "texture": "#iron", "uv": [ 0.0, 0.0, 1.0, 0.5 ] },
						"up": { "texture": "#iron", "uv": [ 7.5, 0.0, 12.5, 2.0 ], "autoUv": false },
						"down": { "texture": "#iron", "uv": [ 7.5, 0.5, 12.5, 2.5 ], "autoUv": false }
					}
				},
				{
					"name": "blade7",
					"from": [ 13.2, 0.76, 2.48 ],
					"to": [ 15.8, 1.04, 3.58 ],
					"rotationOrigin": [ 13.2, 0.7, 2.4 ],
					"rotationY": 30.0,
					"faces": {
						"north": { "texture": "#iron", "uv": [ 0.0, 0.0, 2.5, 0.5 ] },
						"east": { "texture": "#iron", "uv": [ 0.0, 0.0, 1.0, 0.5 ] },
						"south": { "texture": "#iron", "uv": [ 0.0, 0.0, 2.5, 0.5 ] },
						"west": { "texture": "#iron", "uv": [ 0.0, 0.0, 1.0, 0.5 ] },
						"up": { "texture": "#iron", "uv": [ 2.5, 8.0, 7.5, 10.0 ], "autoUv": false },
						"down": { "texture": "#iron", "uv": [ 2.5, 8.0, 7.5, 10.0 ], "autoUv": false }
					}
				},
				{
					"name": "blade9",
					"from": [ 15.4, 0.77, 1.58 ],
					"to": [ 17.0, 1.03, 2.28 ],
					"rotationOrigin": [ 15.4, 0.7, 1.5 ],
					"rotationY": 20.0,
					"faces": {
						"north": { "texture": "#iron", "uv": [ 0.0, 0.0, 1.5, 0.5 ] },
						"east": { "texture": "#iron", "uv": [ 0.0, 0.0, 0.5, 0.5 ] },
						"south": { "texture": "#iron", "uv": [ 0.0, 0.0, 1.5, 0.5 ] },
						"west": { "texture": "#iron", "uv": [ 0.0, 0.0, 0.5, 0.5 ] },
						"up": { "texture": "#iron", "uv": [ 0.5, 3.5, 5.5, 5.5 ], "autoUv": false },
						"down": { "texture": "#iron", "uv": [ 0.5, 2.5, 5.5, 4.5 ], "autoUv": false }
					},
					"children": [
						{
							"name": "blade8",
							"from": [ 0.103, 0.01, -1.4524 ],
							"to": [ 2.703, 0.25, -0.8524 ],
							"rotationOrigin": [ 0.103, 0.03, -1.5324 ],
							"rotationY": -41.0,
							"faces": {
								"north": { "texture": "#iron", "uv": [ 0.0, 0.0, 2.5, 0.5 ] },
								"east": { "texture": "#iron", "uv": [ 0.0, 0.0, 0.5, 0.5 ] },
								"south": { "texture": "#iron", "uv": [ 0.0, 0.0, 2.5, 0.5 ] },
								"west": { "texture": "#iron", "uv": [ 0.0, 0.0, 0.5, 0.5 ] },
								"up": { "texture": "#iron", "uv": [ 0.0, 0.0, 5.0, 2.0 ], "autoUv": false },
								"down": { "texture": "#iron", "uv": [ 0.0, 0.0, 5.0, 2.0 ], "autoUv": false }
							}
						},
						{
							"name": "blade19",
							"from": [ -0.3, 0.01, -1.05 ],
							"to": [ 1.2, 0.25, 0.05 ],
							"rotationOrigin": [ -0.297, 0.03, -1.05 ],
							"rotationY": -41.0,
							"faces": {
								"north": { "texture": "#iron", "uv": [ 0.0, 0.0, 1.5, 0.5 ] },
								"east": { "texture": "#iron", "uv": [ 0.0, 0.0, 1.0, 0.5 ] },
								"south": { "texture": "#iron", "uv": [ 0.0, 0.0, 1.5, 0.5 ] },
								"west": { "texture": "#iron", "uv": [ 0.0, 0.0, 1.0, 0.5 ] },
								"up": { "texture": "#iron", "uv": [ 0.0, 0.0, 5.0, 2.0 ], "autoUv": false },
								"down": { "texture": "#iron", "uv": [ 0.0, 0.0, 5.0, 2.0 ], "autoUv": false }
							}
						}
					]
				},
				{
					"name": "blade10",
					"from": [ 0.0, 0.8, 1.4 ],
					"to": [ 5.0, 1.0, 2.3 ],
					"rotationOrigin": [ 0.0, 0.8, 1.4 ],
					"faces": {
						"north": { "texture": "#iron", "uv": [ 0.0, 0.0, 5.0, 0.5 ] },
						"east": { "texture": "#iron", "uv": [ 0.0, 0.0, 0.5, 0.5 ] },
						"south": { "texture": "#iron", "uv": [ 0.0, 0.0, 5.0, 0.5 ] },
						"west": { "texture": "#iron", "uv": [ 0.0, 0.0, 0.5, 0.5 ] },
						"up": { "texture": "#iron", "uv": [ 0.0, 3.0, 5.0, 5.0 ], "autoUv": false },
						"down": { "texture": "#iron", "uv": [ 0.0, 3.0, 5.0, 5.0 ], "autoUv": false }
					}
				},
				{
					"name": "blade11",
					"from": [ 5.0, 0.81, 2.2 ],
					"to": [ 7.2, 0.99, 3.4 ],
					"rotationOrigin": [ 5.0, 0.7, 2.2 ],
					"rotationY": -112.5,
					"faces": {
						"north": { "texture": "#iron", "uv": [ 0.0, 0.0, 2.0, 0.5 ] },
						"east": { "texture": "#iron", "uv": [ 0.0, 0.0, 1.0, 0.5 ] },
						"south": { "texture": "#iron", "uv": [ 0.0, 0.0, 2.0, 0.5 ] },
						"west": { "texture": "#iron", "uv": [ 0.0, 0.0, 1.0, 0.5 ] },
						"up": { "texture": "#iron", "uv": [ 0.0, 0.0, 5.0, 2.0 ], "autoUv": false },
						"down": { "texture": "#iron", "uv": [ 0.0, 0.0, 5.0, 2.0 ], "autoUv": false }
					}
				},
				{
					"name": "blade12",
					"from": [ 3.7, 0.82, 2.8 ],
					"to": [ 6.5, 0.98, 4.0 ],
					"rotationOrigin": [ 3.7, 0.7, 2.8 ],
					"rotationY": -22.5,
					"faces": {
						"north": { "texture": "#iron", "uv": [ 0.0, 0.0, 2.5, 0.5 ] },
						"east": { "texture": "#iron", "uv": [ 0.0, 0.0, 1.0, 0.5 ] },
						"south": { "texture": "#iron", "uv": [ 0.0, 0.0, 2.5, 0.5 ] },
						"west": { "texture": "#iron", "uv": [ 0.0, 0.0, 1.0, 0.5 ] },
						"up": { "texture": "#iron", "uv": [ 0.0, 0.0, 5.0, 2.0 ], "autoUv": false },
						"down": { "texture": "#iron", "uv": [ 0.0, 0.0, 5.0, 2.0 ], "autoUv": false }
					}
				},
				{
					"name": "blade13",
					"from": [ 6.0, 0.83, 3.8 ],
					"to": [ 8.8, 0.97, 5.0 ],
					"rotationOrigin": [ 6.0, 0.7, 3.8 ],
					"rotationY": -10.0,
					"faces": {
						"north": { "texture": "#iron", "uv": [ 0.0, 0.0, 2.5, 0.5 ] },
						"east": { "texture": "#iron", "uv": [ 0.0, 0.0, 1.0, 0.5 ] },
						"south": { "texture": "#iron", "uv": [ 0.0, 0.0, 2.5, 0.5 ] },
						"west": { "texture": "#iron", "uv": [ 0.0, 0.0, 1.0, 0.5 ] },
						"up": { "texture": "#iron", "uv": [ 4.5, 5.5, 9.5, 7.5 ], "autoUv": false },
						"down": { "texture": "#iron", "uv": [ 5.5, 4.5, 10.5, 6.5 ], "autoUv": false }
					}
				},
				{
					"name": "blade14",
					"from": [ 8.4, 0.84, 4.34 ],
					"to": [ 11.3, 0.96, 5.44 ],
					"rotationOrigin": [ 8.4, 0.7, 4.3 ],
					"rotationY": 5.0,
					"faces": {
						"north": { "texture": "#iron", "uv": [ 0.0, 0.0, 2.5, 0.5 ] },
						"east": { "texture": "#iron", "uv": [ 0.0, 0.0, 1.0, 0.5 ] },
						"south": { "texture": "#iron", "uv": [ 0.0, 0.0, 2.5, 0.5 ] },
						"west": { "texture": "#iron", "uv": [ 0.0, 0.0, 1.0, 0.5 ] },
						"up": { "texture": "#iron", "uv": [ 2.0, 4.0, 7.0, 6.0 ], "autoUv": false },
						"down": { "texture": "#iron", "uv": [ 2.0, 3.5, 7.0, 5.5 ], "autoUv": false }
					}
				},
				{
					"name": "blade15",
					"from": [ 11.0, 0.85, 4.14 ],
					"to": [ 13.9, 0.95, 5.24 ],
					"rotationOrigin": [ 11.0, 0.7, 4.1 ],
					"rotationY": 15.0,
					"faces": {
						"north": { "texture": "#iron", "uv": [ 0.0, 0.0, 2.5, 0.5 ] },
						"east": { "texture": "#iron", "uv": [ 0.0, 0.0, 1.0, 0.5 ] },
						"south": { "texture": "#iron", "uv": [ 0.0, 0.0, 2.5, 0.5 ] },
						"west": { "texture": "#iron", "uv": [ 0.0, 0.0, 1.0, 0.5 ] },
						"up": { "texture": "#iron", "uv": [ 0.0, 0.0, 5.0, 2.0 ], "autoUv": false },
						"down": { "texture": "#iron", "uv": [ 0.0, 0.0, 5.0, 2.0 ], "autoUv": false }
					}
				},
				{
					"name": "blade16",
					"from": [ 13.4, 0.86, 3.58 ],
					"to": [ 16.2, 0.94, 4.68 ],
					"rotationOrigin": [ 13.4, 0.7, 3.5 ],
					"rotationY": 30.0,
					"faces": {
						"north": { "texture": "#iron", "uv": [ 0.0, 0.0, 2.5, 0.5 ] },
						"east": { "texture": "#iron", "uv": [ 0.0, 0.0, 1.0, 0.5 ] },
						"south": { "texture": "#iron", "uv": [ 0.0, 0.0, 2.5, 0.5 ] },
						"west": { "texture": "#iron", "uv": [ 0.0, 0.0, 1.0, 0.5 ] },
						"up": { "texture": "#iron", "uv": [ 2.0, 1.0, 7.0, 3.0 ], "autoUv": false },
						"down": { "texture": "#iron", "uv": [ 2.0, 2.0, 7.0, 4.0 ], "autoUv": false }
					}
				},
				{
					"name": "blade17",
					"from": [ 15.8, 0.87, 2.68 ],
					"to": [ 18.0, 0.93, 3.38 ],
					"rotationOrigin": [ 15.8, 0.7, 2.6 ],
					"rotationY": 45.0,
					"faces": {
						"north": { "texture": "#iron", "uv": [ 0.0, 0.0, 2.0, 0.5 ] },
						"east": { "texture": "#iron", "uv": [ 0.0, 0.0, 0.5, 0.5 ] },
						"south": { "texture": "#iron", "uv": [ 0.0, 0.0, 2.0, 0.5 ] },
						"west": { "texture": "#iron", "uv": [ 0.0, 0.0, 0.5, 0.5 ] },
						"up": { "texture": "#iron", "uv": [ 0.0, 0.0, 5.0, 2.0 ], "autoUv": false },
						"down": { "texture": "#iron", "uv": [ 0.0, 0.0, 5.0, 2.0 ], "autoUv": false }
					}
				},
				{
					"name": "blade18",
					"from": [ 15.5, 0.88, 2.18 ],
					"to": [ 16.2, 0.92, 2.88 ],
					"rotationOrigin": [ 15.5, 0.7, 2.1 ],
					"rotationY": 45.0,
					"faces": {
						"north": { "texture": "#iron", "uv": [ 0.0, 0.0, 0.5, 0.5 ] },
						"east": { "texture": "#iron", "uv": [ 0.0, 0.0, 0.5, 0.5 ] },
						"south": { "texture": "#iron", "uv": [ 0.0, 0.0, 0.5, 0.5 ] },
						"west": { "texture": "#iron", "uv": [ 0.0, 0.0, 0.5, 0.5 ] },
						"up": { "texture": "#iron", "uv": [ 0.0, 0.0, 0.5, 0.5 ] },
						"down": { "texture": "#iron", "uv": [ 0.0, 0.0, 0.5, 0.5 ] }
					}
				},
				{
					"name": "blade20",
					"from": [ -4.6, 0.7, 0.4 ],
					"to": [ 0.4, 1.1, 1.5 ],
					"rotationOrigin": [ -4.6, 0.7, 0.3 ],
					"faces": {
						"north": { "texture": "#iron", "uv": [ 0.0, 0.0, 5.0, 0.5 ] },
						"east": { "texture": "#iron", "uv": [ 0.0, 0.0, 1.0, 0.5 ] },
						"south": { "texture": "#iron", "uv": [ 0.0, 0.0, 5.0, 0.5 ] },
						"west": { "texture": "#iron", "uv": [ 0.0, 0.0, 1.0, 0.5 ] },
						"up": { "texture": "#iron", "uv": [ 0.0, 0.0, 5.0, 1.0 ] },
						"down": { "texture": "#iron", "uv": [ 0.0, 0.0, 5.0, 1.0 ] }
					}
				}
			]
		},
		{
			"name": "guardext",
			"from": [ 4.71, 0.3, 8.9 ],
			"to": [ 5.29, 1.4, 9.5 ],
			"rotationOrigin": [ 4.7, 0.3, 8.9 ],
			"rotationX": 45.0,
			"faces": {
				"north": { "texture": "#iron", "uv": [ 0.0, 0.0, 0.5, 1.0 ] },
				"east": { "texture": "#iron", "uv": [ 0.0, 0.0, 0.5, 1.0 ] },
				"south": { "texture": "#iron", "uv": [ 0.0, 0.0, 0.5, 1.0 ] },
				"west": { "texture": "#iron", "uv": [ 0.0, 0.0, 0.5, 1.0 ] },
				"up": { "texture": "#iron", "uv": [ 0.0, 0.0, 0.5, 0.5 ] },
				"down": { "texture": "#iron", "uv": [ 0.0, 0.0, 0.5, 0.5 ] }
			},
			"children": [
				{
					"name": "guardext1",
					"from": [ 0.01, 0.6181, 0.6081 ],
					"to": [ 0.588, 1.8481, 1.2081 ],
					"rotationOrigin": [ -0.01, 0.6081, 0.6081 ],
					"rotationX": -90.0,
					"faces": {
						"north": { "texture": "#iron", "uv": [ 0.0, 0.0, 0.5, 1.0 ] },
						"east": { "texture": "#iron", "uv": [ 0.5, 0.0, 1.0, 1.0 ] },
						"south": { "texture": "#iron", "uv": [ 0.0, 0.0, 0.5, 1.0 ] },
						"west": { "texture": "#iron", "uv": [ 0.0, 0.0, 0.5, 1.0 ] },
						"up": { "texture": "#iron", "uv": [ 0.0, 0.0, 0.5, 0.5 ] },
						"down": { "texture": "#iron", "uv": [ 0.0, 0.0, 0.5, 0.5 ] }
					}
				}
			]
		},
		{
			"name": "guardext2",
			"from": [ 4.71, 1.2, 7.5 ],
			"to": [ 5.29, 2.3, 8.1 ],
			"rotationOrigin": [ 4.7, 1.2, 7.5 ],
			"rotationX": 45.0,
			"rotationY": 180.0,
			"rotationZ": -180.0,
			"faces": {
				"north": { "texture": "#iron", "uv": [ 0.0, 0.0, 0.5, 1.0 ] },
				"east": { "texture": "#iron", "uv": [ 0.0, 0.0, 0.5, 1.0 ] },
				"south": { "texture": "#iron", "uv": [ 0.0, 0.0, 0.5, 1.0 ] },
				"west": { "texture": "#iron", "uv": [ 0.0, 0.0, 0.5, 1.0 ] },
				"up": { "texture": "#iron", "uv": [ 0.0, 0.0, 0.5, 0.5 ] },
				"down": { "texture": "#iron", "uv": [ 1.5, 0.0, 2.0, 0.5 ] }
			},
			"children": [
				{
					"name": "guardext3",
					"from": [ 0.01, 0.6181, 0.6081 ],
					"to": [ 0.588, 1.8481, 1.2081 ],
					"rotationOrigin": [ -0.01, 0.6081, 0.6081 ],
					"rotationX": -90.0,
					"faces": {
						"north": { "texture": "#iron", "uv": [ 0.0, 0.0, 0.5, 1.0 ] },
						"east": { "texture": "#iron", "uv": [ 0.0, 0.0, 0.5, 1.0 ] },
						"south": { "texture": "#iron", "uv": [ 0.0, 0.0, 0.5, 1.0 ] },
						"west": { "texture": "#iron", "uv": [ 0.0, 0.0, 0.5, 1.0 ] },
						"up": { "texture": "#iron", "uv": [ 0.0, 0.0, 0.5, 0.5 ] },
						"down": { "texture": "#iron", "uv": [ 0.0, 0.0, 0.5, 0.5 ] }
					}
				}
			]
		}
	]}