{
	"editor": {
		"allAngles": false,
		"entityTextureMode": false
	},
	"textureWidth": 16,
	"textureHeight": 16,
	"textureSizes": {
	},
	"textures": {
		"normal": "game:block/cloth/basic/normal",
		"normal1": "game:block/metal/corroded/normal1",
		"acacia": "game:block/wood/debarked/acacia"
	},
	"elements": [
		{
			"name": "Samegawa",
			"from": [ 1.4, 0.0, 7.0 ],
			"to": [ 17.0, 1.3, 9.0 ],
			"rotationOrigin": [ 1.4, 0.0, 7.0 ],
			"faces": {
				"north": { "texture": "#acacia", "uv": [ 0.0, 0.0, 15.5, 1.0 ] },
				"east": { "texture": "#acacia", "uv": [ 0.0, 0.0, 2.0, 1.0 ] },
				"south": { "texture": "#acacia", "uv": [ 0.0, 0.0, 15.5, 1.0 ] },
				"west": { "texture": "#acacia", "uv": [ 0.0, 0.0, 2.0, 1.0 ] },
				"up": { "texture": "#acacia", "uv": [ 0.0, 0.0, 15.5, 2.0 ] },
				"down": { "texture": "#acacia", "uv": [ 0.0, 0.0, 15.5, 2.0 ] }
			},
			"children": [
				{
					"name": "sidewrap",
					"from": [ 0.0, -0.1, -0.3 ],
					"to": [ 15.6, 1.49, 0.2 ],
					"rotationOrigin": [ 0.0, -0.1, -0.3 ],
					"faces": {
						"north": { "texture": "#normal", "uv": [ 0.0, 0.0, 15.5, 6.2 ], "autoUv": false },
						"east": { "texture": "#normal", "uv": [ 0.0, 0.0, 0.5, 1.5 ] },
						"south": { "texture": "#normal", "uv": [ 0.0, 0.0, 15.5, 6.0 ], "autoUv": false },
						"west": { "texture": "#normal", "uv": [ 0.0, 0.0, 0.5, 1.5 ] },
						"up": { "texture": "#normal", "uv": [ 0.0, 0.0, 15.5, 2.0 ], "autoUv": false },
						"down": { "texture": "#normal", "uv": [ 0.0, 0.0, 15.5, 2.5 ], "autoUv": false }
					}
				},
				{
					"name": "sidewrap2",
					"from": [ 0.0, -0.1, 1.8 ],
					"to": [ 15.6, 1.49, 2.3 ],
					"rotationOrigin": [ 0.0, -0.1, 1.8 ],
					"faces": {
						"north": { "texture": "#normal", "uv": [ 0.0, 0.0, 15.5, 6.2 ], "autoUv": false },
						"east": { "texture": "#normal", "uv": [ 0.0, 0.0, 0.5, 1.5 ] },
						"south": { "texture": "#normal", "uv": [ 0.0, 0.0, 15.5, 6.0 ], "autoUv": false },
						"west": { "texture": "#normal", "uv": [ 0.0, 0.0, 0.5, 1.5 ] },
						"up": { "texture": "#normal", "uv": [ 0.0, 0.0, 15.5, 2.0 ], "autoUv": false },
						"down": { "texture": "#normal", "uv": [ 0.0, 0.0, 15.5, 2.5 ], "autoUv": false }
					}
				},
				{
					"name": "kashira",
					"from": [ -1.5, -0.2, -0.4 ],
					"to": [ 1.1, 1.6, 2.4 ],
					"rotationOrigin": [ -1.5, -0.2, -0.4 ],
					"faces": {
						"north": { "texture": "#normal1", "uv": [ 0.0, 0.0, 3.0, 3.0 ], "autoUv": false },
						"east": { "texture": "#normal1", "uv": [ 0.0, 0.0, 3.0, 3.0 ], "autoUv": false },
						"south": { "texture": "#normal1", "uv": [ 0.0, 0.0, 3.0, 3.0 ], "autoUv": false },
						"west": { "texture": "#normal1", "uv": [ 0.0, 0.0, 3.0, 3.0 ], "autoUv": false },
						"up": { "texture": "#normal1", "uv": [ 0.0, 0.0, 3.0, 3.0 ], "autoUv": false },
						"down": { "texture": "#normal1", "uv": [ 0.0, 0.0, 3.0, 3.0 ], "autoUv": false }
					},
					"children": [
						{
							"name": "tsuba",
							"from": [ 16.9, 2.7, -0.5 ],
							"to": [ 17.9, 4.7, 0.5 ],
							"rotationOrigin": [ 16.9, 2.74, -0.5 ],
							"rotationX": 67.5,
							"faces": {
								"north": { "texture": "#normal1", "uv": [ 0.0, 0.0, 3.0, 3.0 ], "autoUv": false },
								"east": { "texture": "#normal1", "uv": [ 0.0, 0.0, 3.0, 3.0 ], "autoUv": false },
								"south": { "texture": "#normal1", "uv": [ 0.0, 0.0, 3.0, 3.0 ], "autoUv": false },
								"west": { "texture": "#normal1", "uv": [ 0.0, 0.0, 3.0, 3.0 ], "autoUv": false },
								"up": { "texture": "#normal1", "uv": [ 0.0, 0.0, 3.0, 3.0 ], "autoUv": false },
								"down": { "texture": "#normal1", "uv": [ 0.0, 0.0, 3.0, 3.0 ], "autoUv": false }
							},
							"children": [
								{
									"name": "tsuba2",
									"from": [ 0.01, 1.9938, -0.0133 ],
									"to": [ 1.01, 3.9938, 0.9867 ],
									"rotationOrigin": [ 0.0, 1.9938, -0.0133 ],
									"rotationX": 45.0,
									"faces": {
										"north": { "texture": "#normal1", "uv": [ 0.0, 0.0, 3.0, 3.0 ], "autoUv": false },
										"east": { "texture": "#normal1", "uv": [ 0.0, 0.0, 3.0, 3.0 ], "autoUv": false },
										"south": { "texture": "#normal1", "uv": [ 0.0, 0.0, 3.0, 3.0 ], "autoUv": false },
										"west": { "texture": "#normal1", "uv": [ 0.0, 0.0, 3.0, 3.0 ], "autoUv": false },
										"up": { "texture": "#normal1", "uv": [ 0.0, 0.0, 3.0, 3.0 ], "autoUv": false },
										"down": { "texture": "#normal1", "uv": [ 0.0, 0.0, 3.0, 3.0 ], "autoUv": false }
									}
								}
							]
						},
						{
							"name": "tsuba3",
							"from": [ 16.9, -1.0, 3.1 ],
							"to": [ 17.9, 1.0, 4.1 ],
							"rotationOrigin": [ 16.9, -0.96, 3.1 ],
							"rotationX": 67.5,
							"rotationY": 180.0,
							"rotationZ": 180.0,
							"faces": {
								"north": { "texture": "#normal1", "uv": [ 0.0, 0.0, 3.0, 3.0 ], "autoUv": false },
								"east": { "texture": "#normal1", "uv": [ 0.0, 0.0, 3.0, 3.0 ], "autoUv": false },
								"south": { "texture": "#normal1", "uv": [ 0.0, 0.0, 3.0, 3.0 ], "autoUv": false },
								"west": { "texture": "#normal1", "uv": [ 0.0, 0.0, 3.0, 3.0 ], "autoUv": false },
								"up": { "texture": "#normal1", "uv": [ 0.0, 0.0, 3.0, 3.0 ], "autoUv": false },
								"down": { "texture": "#normal1", "uv": [ 0.0, 0.0, 3.0, 3.0 ], "autoUv": false }
							},
							"children": [
								{
									"name": "tsuba4",
									"from": [ -0.01, 1.9938, -0.0133 ],
									"to": [ 0.99, 3.9938, 0.9867 ],
									"rotationOrigin": [ 0.0, 1.9938, -0.0133 ],
									"rotationX": 45.0,
									"faces": {
										"north": { "texture": "#normal1", "uv": [ 0.0, 0.0, 3.0, 3.0 ], "autoUv": false },
										"east": { "texture": "#normal1", "uv": [ 0.0, 0.0, 3.0, 3.0 ], "autoUv": false },
										"south": { "texture": "#normal1", "uv": [ 0.0, 0.0, 3.0, 3.0 ], "autoUv": false },
										"west": { "texture": "#normal1", "uv": [ 0.0, 0.0, 3.0, 3.0 ], "autoUv": false },
										"up": { "texture": "#normal1", "uv": [ 0.0, 0.0, 3.0, 3.0 ], "autoUv": false },
										"down": { "texture": "#normal1", "uv": [ 0.0, 0.0, 3.0, 3.0 ], "autoUv": false }
									}
								}
							]
						},
						{
							"name": "tsuba5",
							"from": [ 16.9, -1.0, -0.5 ],
							"to": [ 17.9, 1.0, 0.5 ],
							"rotationOrigin": [ 16.9, -0.96, -0.5 ],
							"rotationX": -22.5,
							"faces": {
								"north": { "texture": "#normal1", "uv": [ 0.0, 0.0, 3.0, 3.0 ], "autoUv": false },
								"east": { "texture": "#normal1", "uv": [ 0.0, 0.0, 3.0, 3.0 ], "autoUv": false },
								"south": { "texture": "#normal1", "uv": [ 0.0, 0.0, 3.0, 3.0 ], "autoUv": false },
								"west": { "texture": "#normal1", "uv": [ 0.0, 0.0, 3.0, 3.0 ], "autoUv": false },
								"up": { "texture": "#normal1", "uv": [ 0.0, 0.0, 3.0, 3.0 ], "autoUv": false },
								"down": { "texture": "#normal1", "uv": [ 0.0, 0.0, 3.0, 3.0 ], "autoUv": false }
							},
							"children": [
								{
									"name": "tsuba6",
									"from": [ 0.01, 1.9938, -0.0133 ],
									"to": [ 1.01, 3.9938, 0.9867 ],
									"rotationOrigin": [ 0.0, 1.9938, -0.0133 ],
									"rotationX": 45.0,
									"faces": {
										"north": { "texture": "#normal1", "uv": [ 0.0, 0.0, 3.0, 3.0 ], "autoUv": false },
										"east": { "texture": "#normal1", "uv": [ 0.0, 0.0, 3.0, 3.0 ], "autoUv": false },
										"south": { "texture": "#normal1", "uv": [ 0.0, 0.0, 3.0, 3.0 ], "autoUv": false },
										"west": { "texture": "#normal1", "uv": [ 0.0, 0.0, 3.0, 3.0 ], "autoUv": false },
										"up": { "texture": "#normal1", "uv": [ 0.0, 0.0, 3.0, 3.0 ], "autoUv": false },
										"down": { "texture": "#normal1", "uv": [ 0.0, 0.0, 3.0, 3.0 ], "autoUv": false }
									}
								}
							]
						},
						{
							"name": "tsuba7",
							"from": [ 16.9, 2.6, 3.1 ],
							"to": [ 17.9, 4.6, 4.1 ],
							"rotationOrigin": [ 16.9, 2.64, 3.1 ],
							"rotationX": -22.5,
							"rotationY": -180.0,
							"rotationZ": 180.0,
							"faces": {
								"north": { "texture": "#normal1", "uv": [ 0.0, 0.0, 3.0, 3.0 ], "autoUv": false },
								"east": { "texture": "#normal1", "uv": [ 0.0, 0.0, 3.0, 3.0 ], "autoUv": false },
								"south": { "texture": "#normal1", "uv": [ 0.0, 0.0, 3.0, 3.0 ], "autoUv": false },
								"west": { "texture": "#normal1", "uv": [ 0.0, 0.0, 3.0, 3.0 ], "autoUv": false },
								"up": { "texture": "#normal1", "uv": [ 0.0, 0.0, 3.0, 3.0 ], "autoUv": false },
								"down": { "texture": "#normal1", "uv": [ 0.0, 0.0, 3.0, 3.0 ], "autoUv": false }
							},
							"children": [
								{
									"name": "tsuba8",
									"from": [ 0.01, 1.9938, -0.0133 ],
									"to": [ 1.01, 3.9938, 0.9867 ],
									"rotationOrigin": [ 0.0, 1.9938, -0.0133 ],
									"rotationX": 45.0,
									"faces": {
										"north": { "texture": "#normal1", "uv": [ 0.0, 0.0, 3.0, 3.0 ], "autoUv": false },
										"east": { "texture": "#normal1", "uv": [ 0.0, 0.0, 3.0, 3.0 ], "autoUv": false },
										"south": { "texture": "#normal1", "uv": [ 0.0, 0.0, 3.0, 3.0 ], "autoUv": false },
										"west": { "texture": "#normal1", "uv": [ 0.0, 0.0, 3.0, 3.0 ], "autoUv": false },
										"up": { "texture": "#normal1", "uv": [ 0.0, 0.0, 3.0, 3.0 ], "autoUv": false },
										"down": { "texture": "#normal1", "uv": [ 0.0, 0.0, 3.0, 3.0 ], "autoUv": false }
									}
								}
							]
						},
						{
							"name": "Cube2",
							"from": [ 17.0, -0.8, 0.6 ],
							"to": [ 17.7, 2.7, 1.9 ],
							"rotationOrigin": [ 17.0, -0.8, 0.6 ],
							"faces": {
								"north": { "texture": "#normal1", "uv": [ 0.0, 0.0, 0.5, 3.5 ] },
								"east": { "texture": "#normal1", "uv": [ 0.0, 0.0, 1.0, 5.9 ], "autoUv": false },
								"south": { "texture": "#normal1", "uv": [ 0.0, 0.0, 0.5, 4.5 ], "autoUv": false },
								"west": { "texture": "#normal1", "uv": [ 0.0, 0.0, 1.0, 4.3 ], "autoUv": false },
								"up": { "texture": "#normal1", "uv": [ 0.0, 0.0, 0.5, 7.0 ], "autoUv": false },
								"down": { "texture": "#normal1", "uv": [ 0.0, 0.0, 0.5, 5.7 ], "autoUv": false }
							}
						},
						{
							"name": "Cube3",
							"from": [ 17.0, -1.8, 1.2 ],
							"to": [ 17.69, 1.8, 2.5 ],
							"rotationOrigin": [ 17.0, 0.2, 1.2 ],
							"rotationX": -90.0,
							"faces": {
								"north": { "texture": "#normal1", "uv": [ 0.0, 0.0, 0.5, 3.5 ] },
								"east": { "texture": "#normal1", "uv": [ 0.0, 0.0, 1.0, 5.9 ], "autoUv": false },
								"south": { "texture": "#normal1", "uv": [ 0.0, 0.0, 0.5, 4.5 ], "autoUv": false },
								"west": { "texture": "#normal1", "uv": [ 0.0, 0.0, 1.0, 4.3 ], "autoUv": false },
								"up": { "texture": "#normal1", "uv": [ 0.0, 0.0, 0.5, 7.0 ], "autoUv": false },
								"down": { "texture": "#normal1", "uv": [ 0.0, 0.0, 0.5, 5.7 ], "autoUv": false }
							}
						}
					]
				},
				{
					"name": "Cube4",
					"from": [ 15.8, 0.1, -0.2 ],
					"to": [ 17.5, 1.2, 1.9 ],
					"rotationOrigin": [ 15.8, 0.1, -0.2 ],
					"faces": {
						"north": { "texture": "#iron", "uv": [ 0.0, 0.0, 1.0, 5.0 ], "autoUv": false },
						"east": { "texture": "#iron", "uv": [ 0.0, 0.0, 2.0, 4.0 ], "autoUv": false },
						"south": { "texture": "#iron", "uv": [ 0.0, 0.0, 1.0, 4.0 ], "autoUv": false },
						"west": { "texture": "#iron", "uv": [ 0.0, 0.0, 2.0, 4.0 ], "autoUv": false },
						"up": { "texture": "#iron", "uv": [ 0.0, 0.0, 1.0, 5.0 ], "autoUv": false },
						"down": { "texture": "#iron", "uv": [ 0.0, 0.0, 1.0, 3.0 ], "autoUv": false }
					}
				},
				{
					"name": "blade1",
					"from": [ 16.7, 0.3, -0.15 ],
					"to": [ 32.4, 1.0, 0.55 ],
					"rotationOrigin": [ 16.7, 0.3, -0.2 ],
					"faces": {
						"north": { "texture": "#iron", "uv": [ 0.0, 0.0, 15.0, 5.0 ], "autoUv": false },
						"east": { "texture": "#iron", "uv": [ 0.0, 0.0, 2.0, 4.0 ], "autoUv": false },
						"south": { "texture": "#iron", "uv": [ 0.0, 4.0, 15.0, 8.0 ], "autoUv": false },
						"west": { "texture": "#iron", "uv": [ 0.0, 0.0, 2.0, 4.0 ], "autoUv": false },
						"up": { "texture": "#iron", "uv": [ -0.5, 0.5, 15.0, 2.5 ], "autoUv": false },
						"down": { "texture": "#iron", "uv": [ 0.0, 12.0, 15.0, 15.0 ], "autoUv": false }
					},
					"children": [
						{
							"name": "blade2",
							"from": [ 0.0, 0.1, 0.7 ],
							"to": [ 15.7, 0.6, 1.4 ],
							"rotationOrigin": [ 0.0, 0.1, 0.65 ],
							"faces": {
								"north": { "texture": "#iron", "uv": [ 0.0, 0.0, 1.0, 5.0 ], "autoUv": false },
								"east": { "texture": "#iron", "uv": [ 0.0, 0.0, 2.0, 4.0 ], "autoUv": false },
								"south": { "texture": "#iron", "uv": [ 0.0, 0.0, 15.0, 4.0 ], "autoUv": false },
								"west": { "texture": "#iron", "uv": [ 0.0, 0.0, 2.0, 4.0 ], "autoUv": false },
								"up": { "texture": "#iron", "uv": [ 0.5, 3.5, 16.0, 5.5 ], "autoUv": false },
								"down": { "texture": "#iron", "uv": [ 0.0, 4.5, 15.0, 7.5 ], "autoUv": false }
							},
							"children": [
								{
									"name": "blade3",
									"from": [ 0.0, 0.05, 0.6 ],
									"to": [ 15.7, 0.45, 1.3 ],
									"rotationOrigin": [ 0.0, 0.0, 0.55 ],
									"faces": {
										"north": { "texture": "#iron", "uv": [ 0.0, 0.0, 1.0, 5.0 ], "autoUv": false },
										"east": { "texture": "#iron", "uv": [ 0.0, 0.0, 2.0, 4.0 ], "autoUv": false },
										"south": { "texture": "#iron", "uv": [ 0.0, 0.0, 15.0, 4.0 ], "autoUv": false },
										"west": { "texture": "#iron", "uv": [ 0.0, 0.0, 2.0, 4.0 ], "autoUv": false },
										"up": { "texture": "#iron", "uv": [ -0.5, 4.0, 15.0, 6.0 ], "autoUv": false },
										"down": { "texture": "#iron", "uv": [ 0.0, 4.5, 15.0, 7.5 ], "autoUv": false }
									}
								}
							]
						}
					]
				},
				{
					"name": "Cube7",
					"from": [ 1.4, 0.3, 0.55 ],
					"to": [ 21.1, 1.0, 1.25 ],
					"rotationOrigin": [ 1.4, 0.3, 0.5 ],
					"faces": {
						"north": { "texture": "#iron", "uv": [ 0.0, 0.0, 1.0, 5.0 ], "autoUv": false },
						"east": { "texture": "#iron", "uv": [ 0.0, 0.0, 2.0, 4.0 ], "autoUv": false },
						"south": { "texture": "#iron", "uv": [ 0.0, 0.0, 1.0, 4.0 ], "autoUv": false },
						"west": { "texture": "#iron", "uv": [ 0.0, 0.0, 2.0, 4.0 ], "autoUv": false },
						"up": { "texture": "#iron", "uv": [ 0.5, 2.5, 15.4, 3.0 ], "autoUv": false },
						"down": { "texture": "#iron", "uv": [ 0.0, 0.0, 1.0, 3.0 ], "autoUv": false }
					}
				},
				{
					"name": "Cube8",
					"from": [ 17.4, 0.3, 1.15 ],
					"to": [ 19.1, 1.0, 1.85 ],
					"rotationOrigin": [ 17.4, 0.3, 1.1 ],
					"faces": {
						"north": { "texture": "#iron", "uv": [ 0.0, 0.0, 1.0, 5.0 ], "autoUv": false },
						"east": { "texture": "#iron", "uv": [ 0.0, 0.0, 2.0, 4.0 ], "autoUv": false },
						"south": { "texture": "#iron", "uv": [ 0.0, 0.0, 1.0, 4.0 ], "autoUv": false },
						"west": { "texture": "#iron", "uv": [ 0.0, 0.0, 2.0, 4.0 ], "autoUv": false },
						"up": { "texture": "#iron", "uv": [ 0.5, 2.5, 2.0, 3.0 ] },
						"down": { "texture": "#iron", "uv": [ 0.0, 0.0, 1.0, 3.0 ], "autoUv": false }
					}
				},
				{
					"name": "blade4",
					"from": [ 32.1, 0.31, -0.15 ],
					"to": [ 37.1, 0.99, 0.55 ],
					"rotationOrigin": [ 32.1, 0.3, -0.2 ],
					"rotationY": 2.0,
					"faces": {
						"north": { "texture": "#iron", "uv": [ 0.0, 0.0, 15.0, 5.0 ], "autoUv": false },
						"east": { "texture": "#iron", "uv": [ 0.0, 0.0, 2.0, 4.0 ], "autoUv": false },
						"south": { "texture": "#iron", "uv": [ 0.0, 0.0, 15.0, 4.0 ], "autoUv": false },
						"west": { "texture": "#iron", "uv": [ 0.0, 0.0, 2.0, 4.0 ], "autoUv": false },
						"up": { "texture": "#iron", "uv": [ 0.0, 0.5, 15.5, 2.5 ], "autoUv": false },
						"down": { "texture": "#iron", "uv": [ 0.0, 12.5, 15.0, 15.5 ], "autoUv": false }
					},
					"children": [
						{
							"name": "blade5",
							"from": [ 0.0, 0.1, 0.7 ],
							"to": [ 5.0, 0.58, 1.4 ],
							"rotationOrigin": [ 0.0, 0.1, 0.65 ],
							"faces": {
								"north": { "texture": "#iron", "uv": [ 0.0, 0.0, 1.0, 5.0 ], "autoUv": false },
								"east": { "texture": "#iron", "uv": [ 0.0, 0.0, 2.0, 4.0 ], "autoUv": false },
								"south": { "texture": "#iron", "uv": [ 0.0, 0.0, 15.0, 4.0 ], "autoUv": false },
								"west": { "texture": "#iron", "uv": [ 0.0, 0.0, 2.0, 4.0 ], "autoUv": false },
								"up": { "texture": "#iron", "uv": [ 0.0, 2.5, 15.5, 4.5 ], "autoUv": false },
								"down": { "texture": "#iron", "uv": [ 0.0, 0.0, 15.0, 3.0 ], "autoUv": false }
							},
							"children": [
								{
									"name": "blade6",
									"from": [ 0.0, 0.05, 0.6 ],
									"to": [ 5.0, 0.43, 1.3 ],
									"rotationOrigin": [ 0.0, 0.0, 0.55 ],
									"faces": {
										"north": { "texture": "#iron", "uv": [ 0.0, 0.0, 1.0, 5.0 ], "autoUv": false },
										"east": { "texture": "#iron", "uv": [ 0.0, 0.0, 2.0, 4.0 ], "autoUv": false },
										"south": { "texture": "#iron", "uv": [ 0.5, 0.5, 15.5, 4.5 ], "autoUv": false },
										"west": { "texture": "#iron", "uv": [ 0.0, 0.0, 2.0, 4.0 ], "autoUv": false },
										"up": { "texture": "#iron", "uv": [ 0.0, 4.5, 15.5, 6.5 ], "autoUv": false },
										"down": { "texture": "#iron", "uv": [ 0.0, 4.5, 15.0, 7.5 ], "autoUv": false }
									}
								}
							]
						}
					]
				},
				{
					"name": "blade7",
					"from": [ 36.9, 0.32, -0.3 ],
					"to": [ 49.9, 0.96, 0.4 ],
					"rotationOrigin": [ 36.9, 0.3, -0.4 ],
					"rotationY": 5.0,
					"faces": {
						"north": { "texture": "#iron", "uv": [ 0.0, 0.0, 15.0, 5.0 ], "autoUv": false },
						"east": { "texture": "#iron", "uv": [ 0.0, 0.0, 2.0, 4.0 ], "autoUv": false },
						"south": { "texture": "#iron", "uv": [ 0.0, 0.0, 15.0, 4.0 ], "autoUv": false },
						"west": { "texture": "#iron", "uv": [ 0.0, 0.0, 2.0, 4.0 ], "autoUv": false },
						"up": { "texture": "#iron", "uv": [ 0.0, 0.5, 15.5, 2.5 ], "autoUv": false },
						"down": { "texture": "#iron", "uv": [ 0.0, 12.5, 15.0, 15.5 ], "autoUv": false }
					},
					"children": [
						{
							"name": "blade8",
							"from": [ 0.0, 0.1, 0.7 ],
							"to": [ 13.0, 0.54, 1.4 ],
							"rotationOrigin": [ 0.0, 0.1, 0.65 ],
							"faces": {
								"north": { "texture": "#iron", "uv": [ 0.0, 0.0, 1.0, 5.0 ], "autoUv": false },
								"east": { "texture": "#iron", "uv": [ 0.0, 0.0, 2.0, 4.0 ], "autoUv": false },
								"south": { "texture": "#iron", "uv": [ 0.0, 0.0, 15.0, 4.0 ], "autoUv": false },
								"west": { "texture": "#iron", "uv": [ 0.0, 0.0, 2.0, 4.0 ], "autoUv": false },
								"up": { "texture": "#iron", "uv": [ 0.0, 3.0, 15.5, 5.0 ], "autoUv": false },
								"down": { "texture": "#iron", "uv": [ 0.0, 2.5, 15.0, 5.5 ], "autoUv": false }
							},
							"children": [
								{
									"name": "blade9",
									"from": [ 0.0, 0.05, 0.6 ],
									"to": [ 13.0, 0.39, 1.3 ],
									"rotationOrigin": [ 0.0, 0.0, 0.55 ],
									"faces": {
										"north": { "texture": "#iron", "uv": [ 0.0, 0.0, 1.0, 5.0 ], "autoUv": false },
										"east": { "texture": "#iron", "uv": [ 0.0, 0.0, 2.0, 4.0 ], "autoUv": false },
										"south": { "texture": "#iron", "uv": [ 0.5, 0.5, 15.5, 4.5 ], "autoUv": false },
										"west": { "texture": "#iron", "uv": [ 0.0, 0.0, 2.0, 4.0 ], "autoUv": false },
										"up": { "texture": "#iron", "uv": [ 0.0, 5.0, 15.5, 7.0 ], "autoUv": false },
										"down": { "texture": "#iron", "uv": [ 0.0, 4.5, 15.0, 7.5 ], "autoUv": false }
									}
								}
							]
						}
					]
				},
				{
					"name": "blade10",
					"from": [ 49.8, 0.32, -1.4 ],
					"to": [ 59.8, 0.96, -0.7 ],
					"rotationOrigin": [ 49.8, 0.3, -1.5 ],
					"rotationY": 5.0,
					"faces": {
						"north": { "texture": "#iron", "uv": [ 0.0, 0.0, 15.0, 5.0 ], "autoUv": false },
						"east": { "texture": "#iron", "uv": [ 0.0, 0.0, 2.0, 4.0 ], "autoUv": false },
						"south": { "texture": "#iron", "uv": [ 0.0, 3.0, 15.0, 7.0 ], "autoUv": false },
						"west": { "texture": "#iron", "uv": [ 0.0, 0.0, 2.0, 4.0 ], "autoUv": false },
						"up": { "texture": "#iron", "uv": [ 0.0, 2.5, 15.5, 4.5 ], "autoUv": false },
						"down": { "texture": "#iron", "uv": [ 0.0, 12.5, 15.0, 15.5 ], "autoUv": false }
					},
					"children": [
						{
							"name": "blade11",
							"from": [ 0.0, 0.1, 0.7 ],
							"to": [ 10.0, 0.54, 1.4 ],
							"rotationOrigin": [ 0.0, 0.1, 0.65 ],
							"faces": {
								"north": { "texture": "#iron", "uv": [ 0.0, 0.0, 1.0, 5.0 ], "autoUv": false },
								"east": { "texture": "#iron", "uv": [ 0.0, 0.0, 2.0, 4.0 ], "autoUv": false },
								"south": { "texture": "#iron", "uv": [ 0.0, 0.0, 15.0, 4.0 ], "autoUv": false },
								"west": { "texture": "#iron", "uv": [ 0.0, 0.0, 2.0, 4.0 ], "autoUv": false },
								"up": { "texture": "#iron", "uv": [ 0.0, 4.5, 15.5, 6.5 ], "autoUv": false },
								"down": { "texture": "#iron", "uv": [ 0.0, 4.5, 15.0, 7.5 ], "autoUv": false }
							},
							"children": [
								{
									"name": "blade12",
									"from": [ 0.0, 0.05, 0.6 ],
									"to": [ 10.0, 0.39, 1.3 ],
									"rotationOrigin": [ 0.0, 0.0, 0.55 ],
									"faces": {
										"north": { "texture": "#iron", "uv": [ 0.0, 0.0, 1.0, 5.0 ], "autoUv": false },
										"east": { "texture": "#iron", "uv": [ 0.0, 0.0, 2.0, 4.0 ], "autoUv": false },
										"south": { "texture": "#iron", "uv": [ 0.5, 0.5, 15.5, 4.5 ], "autoUv": false },
										"west": { "texture": "#iron", "uv": [ 0.0, 0.0, 2.0, 4.0 ], "autoUv": false },
										"up": { "texture": "#iron", "uv": [ 0.0, 6.5, 15.5, 8.5 ], "autoUv": false },
										"down": { "texture": "#iron", "uv": [ 0.0, 6.5, 15.0, 9.5 ], "autoUv": false }
									}
								}
							]
						}
					]
				},
				{
					"name": "blade13",
					"from": [ 59.6, 0.42, -2.15 ],
					"to": [ 65.6, 0.86, -1.45 ],
					"rotationOrigin": [ 58.6, 0.4, -2.2 ],
					"rotationY": 5.0,
					"faces": {
						"north": { "texture": "#iron", "uv": [ 0.0, 0.0, 15.0, 5.0 ], "autoUv": false },
						"east": { "texture": "#iron", "uv": [ 0.0, 0.0, 2.0, 4.0 ], "autoUv": false },
						"south": { "texture": "#iron", "uv": [ 0.0, 3.0, 15.0, 7.0 ], "autoUv": false },
						"west": { "texture": "#iron", "uv": [ 0.0, 0.0, 2.0, 4.0 ], "autoUv": false },
						"up": { "texture": "#iron", "uv": [ 0.0, 2.5, 15.5, 4.5 ], "autoUv": false },
						"down": { "texture": "#iron", "uv": [ 0.0, 12.5, 15.0, 15.5 ], "autoUv": false }
					},
					"children": [
						{
							"name": "blade14",
							"from": [ 0.0, 0.1, 0.7 ],
							"to": [ 4.1, 0.34, 1.4 ],
							"rotationOrigin": [ 0.0, 0.1, 0.65 ],
							"faces": {
								"north": { "texture": "#iron", "uv": [ 0.0, 0.0, 1.0, 5.0 ], "autoUv": false },
								"east": { "texture": "#iron", "uv": [ 0.0, 0.0, 2.0, 4.0 ], "autoUv": false },
								"south": { "texture": "#iron", "uv": [ 0.0, 0.0, 15.0, 4.0 ], "autoUv": false },
								"west": { "texture": "#iron", "uv": [ 0.0, 0.0, 2.0, 4.0 ], "autoUv": false },
								"up": { "texture": "#iron", "uv": [ 0.0, 4.5, 15.5, 6.5 ], "autoUv": false },
								"down": { "texture": "#iron", "uv": [ 0.0, 4.5, 15.0, 7.5 ], "autoUv": false }
							},
							"children": [
								{
									"name": "blade15",
									"from": [ 0.0, 0.05, 0.6 ],
									"to": [ 3.5, 0.19, 1.3 ],
									"rotationOrigin": [ 0.0, 0.0, 0.55 ],
									"faces": {
										"north": { "texture": "#iron", "uv": [ 0.0, 0.0, 1.0, 5.0 ], "autoUv": false },
										"east": { "texture": "#iron", "uv": [ 0.0, 0.0, 2.0, 4.0 ], "autoUv": false },
										"south": { "texture": "#iron", "uv": [ 0.5, 0.5, 15.5, 4.5 ], "autoUv": false },
										"west": { "texture": "#iron", "uv": [ 0.0, 0.0, 2.0, 4.0 ], "autoUv": false },
										"up": { "texture": "#iron", "uv": [ 0.0, 5.0, 15.5, 7.0 ], "autoUv": false },
										"down": { "texture": "#iron", "uv": [ 0.0, 4.0, 15.0, 7.0 ], "autoUv": false }
									}
								}
							]
						},
						{
							"name": "blade16",
							"from": [ 3.1, 0.2, 0.7 ],
							"to": [ 6.7, 0.24, 1.4 ],
							"rotationOrigin": [ 3.1, 0.2, 0.65 ],
							"faces": {
								"north": { "texture": "#iron", "uv": [ 0.0, 0.0, 1.0, 5.0 ], "autoUv": false },
								"east": { "texture": "#iron", "uv": [ 0.0, 0.0, 2.0, 4.0 ], "autoUv": false },
								"south": { "texture": "#iron", "uv": [ 0.0, 0.0, 15.0, 4.0 ], "autoUv": false },
								"west": { "texture": "#iron", "uv": [ 0.0, 0.0, 2.0, 4.0 ], "autoUv": false },
								"up": { "texture": "#iron", "uv": [ 0.0, 4.5, 15.5, 6.5 ], "autoUv": false },
								"down": { "texture": "#iron", "uv": [ 0.0, 4.5, 15.0, 7.5 ], "autoUv": false }
							},
							"children": [
								{
									"name": "blade17",
									"from": [ 0.0, 0.0, 0.6 ],
									"to": [ 2.6, 0.04, 1.3 ],
									"rotationOrigin": [ 0.0, -0.1, 0.55 ],
									"faces": {
										"north": { "texture": "#iron", "uv": [ 0.0, 0.0, 1.0, 5.0 ], "autoUv": false },
										"east": { "texture": "#iron", "uv": [ 0.0, 0.0, 2.0, 4.0 ], "autoUv": false },
										"south": { "texture": "#iron", "uv": [ 0.5, 0.5, 15.5, 4.5 ], "autoUv": false },
										"west": { "texture": "#iron", "uv": [ 0.0, 0.0, 2.0, 4.0 ], "autoUv": false },
										"up": { "texture": "#iron", "uv": [ 0.0, 5.0, 15.5, 7.0 ], "autoUv": false },
										"down": { "texture": "#iron", "uv": [ -0.5, 3.5, 14.5, 6.5 ], "autoUv": false }
									}
								},
								{
									"name": "blade18",
									"from": [ 1.5, -0.05, -0.7 ],
									"to": [ 5.4, 0.15, 0.0 ],
									"rotationOrigin": [ 1.5, -0.1, -0.75 ],
									"faces": {
										"north": { "texture": "#iron", "uv": [ 0.0, 0.0, 1.0, 5.0 ], "autoUv": false },
										"east": { "texture": "#iron", "uv": [ 0.0, 0.0, 2.0, 4.0 ], "autoUv": false },
										"south": { "texture": "#iron", "uv": [ 0.5, 2.5, 15.5, 6.5 ], "autoUv": false },
										"west": { "texture": "#iron", "uv": [ 0.0, 0.0, 2.0, 4.0 ], "autoUv": false },
										"up": { "texture": "#iron", "uv": [ 0.0, 4.5, 15.5, 6.5 ], "autoUv": false },
										"down": { "texture": "#iron", "uv": [ 0.0, 4.0, 15.0, 7.0 ], "autoUv": false }
									}
								},
								{
									"name": "blade19",
									"from": [ 2.2, 0.0, 0.6 ],
									"to": [ 5.4, 0.04, 1.3 ],
									"rotationOrigin": [ 2.2, -0.1, 0.55 ],
									"rotationY": 22.5,
									"faces": {
										"north": { "texture": "#iron", "uv": [ 0.0, 0.0, 1.0, 5.0 ], "autoUv": false },
										"east": { "texture": "#iron", "uv": [ 0.0, 0.0, 2.0, 4.0 ], "autoUv": false },
										"south": { "texture": "#iron", "uv": [ 0.5, 0.5, 15.5, 4.5 ], "autoUv": false },
										"west": { "texture": "#iron", "uv": [ 0.0, 0.0, 2.0, 4.0 ], "autoUv": false },
										"up": { "texture": "#iron", "uv": [ 0.0, 5.0, 15.5, 7.0 ], "autoUv": false },
										"down": { "texture": "#iron", "uv": [ -0.5, 3.5, 14.5, 6.5 ], "autoUv": false }
									}
								}
							]
						}
					]
				}
			]
		},
		{
			"name": "wrap",
			"from": [ 2.4, 0.81, 7.1 ],
			"to": [ 3.3, 1.51, 9.4 ],
			"rotationOrigin": [ 3.0, 0.8, 7.1 ],
			"rotationY": -30.0,
			"faces": {
				"north": { "texture": "#normal", "uv": [ 3.0, 2.0, 5.0, 5.0 ], "autoUv": false },
				"east": { "texture": "#normal", "uv": [ 2.5, 1.5, 5.5, 4.5 ], "autoUv": false },
				"south": { "texture": "#normal", "uv": [ 2.0, 1.0, 5.0, 5.0 ], "autoUv": false },
				"west": { "texture": "#normal", "uv": [ 0.0, 0.0, 5.0, 5.0 ], "autoUv": false },
				"up": { "texture": "#normal", "uv": [ 0.0, 0.0, 5.0, 5.0 ], "autoUv": false },
				"down": { "texture": "#normal", "uv": [ 0.0, 0.0, 5.0, 5.0 ], "autoUv": false }
			},
			"children": [
				{
					"name": "wrap2",
					"from": [ -0.4553, -0.01, 1.533 ],
					"to": [ 0.4447, 0.69, 3.833 ],
					"rotationOrigin": [ -1.0553, -0.01, 1.533 ],
					"rotationY": 60.0,
					"faces": {
						"north": { "texture": "#normal", "uv": [ 3.0, 2.0, 5.0, 5.0 ], "autoUv": false },
						"east": { "texture": "#normal", "uv": [ 2.5, 1.5, 5.5, 4.5 ], "autoUv": false },
						"south": { "texture": "#normal", "uv": [ 2.0, 1.0, 5.0, 5.0 ], "autoUv": false },
						"west": { "texture": "#normal", "uv": [ 0.0, 0.0, 5.0, 5.0 ], "autoUv": false },
						"up": { "texture": "#normal", "uv": [ 0.0, 0.0, 5.0, 5.0 ], "autoUv": false },
						"down": { "texture": "#normal", "uv": [ 0.0, 0.0, 5.0, 5.0 ], "autoUv": false }
					},
					"children": [
						{
							"name": "wrap3",
							"from": [ 2.4275, 0.01, 1.517 ],
							"to": [ 3.3275, 0.71, 3.817 ],
							"rotationOrigin": [ 3.0275, 0.0, 1.517 ],
							"rotationY": -60.0,
							"faces": {
								"north": { "texture": "#normal", "uv": [ 3.0, 2.0, 5.0, 5.0 ], "autoUv": false },
								"east": { "texture": "#normal", "uv": [ 2.5, 1.5, 5.5, 4.5 ], "autoUv": false },
								"south": { "texture": "#normal", "uv": [ 2.0, 1.0, 5.0, 5.0 ], "autoUv": false },
								"west": { "texture": "#normal", "uv": [ 0.0, 0.0, 5.0, 5.0 ], "autoUv": false },
								"up": { "texture": "#normal", "uv": [ 0.0, 0.0, 5.0, 5.0 ], "autoUv": false },
								"down": { "texture": "#normal", "uv": [ 0.0, 0.0, 5.0, 5.0 ], "autoUv": false }
							},
							"children": [
								{
									"name": "wrap4",
									"from": [ -0.4553, -0.01, 1.533 ],
									"to": [ 0.4447, 0.69, 3.833 ],
									"rotationOrigin": [ -1.0553, -0.01, 1.533 ],
									"rotationY": 60.0,
									"faces": {
										"north": { "texture": "#normal", "uv": [ 3.0, 2.0, 5.0, 5.0 ], "autoUv": false },
										"east": { "texture": "#normal", "uv": [ 2.5, 1.5, 5.5, 4.5 ], "autoUv": false },
										"south": { "texture": "#normal", "uv": [ 2.0, 1.0, 5.0, 5.0 ], "autoUv": false },
										"west": { "texture": "#normal", "uv": [ 0.0, 0.0, 5.0, 5.0 ], "autoUv": false },
										"up": { "texture": "#normal", "uv": [ 0.0, 0.0, 5.0, 5.0 ], "autoUv": false },
										"down": { "texture": "#normal", "uv": [ 0.0, 0.0, 5.0, 5.0 ], "autoUv": false }
									}
								},
								{
									"name": "wrap5",
									"from": [ 1.5588, 0.0, -0.9 ],
									"to": [ 2.4588, 0.7, 1.4 ],
									"rotationOrigin": [ 2.1588, -0.01, -0.9 ],
									"faces": {
										"north": { "texture": "#normal", "uv": [ 3.0, 2.0, 5.0, 5.0 ], "autoUv": false },
										"east": { "texture": "#normal", "uv": [ 2.5, 1.5, 5.5, 4.5 ], "autoUv": false },
										"south": { "texture": "#normal", "uv": [ 2.0, 1.0, 5.0, 5.0 ], "autoUv": false },
										"west": { "texture": "#normal", "uv": [ 0.0, 0.0, 5.0, 5.0 ], "autoUv": false },
										"up": { "texture": "#normal", "uv": [ 0.0, 0.0, 5.0, 5.0 ], "autoUv": false },
										"down": { "texture": "#normal", "uv": [ 0.0, 0.0, 5.0, 5.0 ], "autoUv": false }
									},
									"children": [
										{
											"name": "wrap6",
											"from": [ -0.4553, -0.01, 1.533 ],
											"to": [ 0.4447, 0.69, 3.833 ],
											"rotationOrigin": [ -1.0553, -0.01, 1.533 ],
											"rotationY": 60.0,
											"faces": {
												"north": { "texture": "#normal", "uv": [ 3.0, 2.0, 5.0, 5.0 ], "autoUv": false },
												"east": { "texture": "#normal", "uv": [ 2.5, 1.5, 5.5, 4.5 ], "autoUv": false },
												"south": { "texture": "#normal", "uv": [ 2.0, 1.0, 5.0, 5.0 ], "autoUv": false },
												"west": { "texture": "#normal", "uv": [ 0.0, 0.0, 5.0, 5.0 ], "autoUv": false },
												"up": { "texture": "#normal", "uv": [ 0.0, 0.0, 5.0, 5.0 ], "autoUv": false },
												"down": { "texture": "#normal", "uv": [ 0.0, 0.0, 5.0, 5.0 ], "autoUv": false }
											}
										},
										{
											"name": "wrap7",
											"from": [ 1.5588, 0.0, -0.9 ],
											"to": [ 2.4588, 0.7, 1.4 ],
											"rotationOrigin": [ 2.1588, -0.01, -0.9 ],
											"faces": {
												"north": { "texture": "#normal", "uv": [ 3.0, 2.0, 5.0, 5.0 ], "autoUv": false },
												"east": { "texture": "#normal", "uv": [ 2.5, 1.5, 5.5, 4.5 ], "autoUv": false },
												"south": { "texture": "#normal", "uv": [ 2.0, 1.0, 5.0, 5.0 ], "autoUv": false },
												"west": { "texture": "#normal", "uv": [ 0.0, 0.0, 5.0, 5.0 ], "autoUv": false },
												"up": { "texture": "#normal", "uv": [ 0.0, 0.0, 5.0, 5.0 ], "autoUv": false },
												"down": { "texture": "#normal", "uv": [ 0.0, 0.0, 5.0, 5.0 ], "autoUv": false }
											},
											"children": [
												{
													"name": "wrap8",
													"from": [ -0.4553, -0.01, 1.533 ],
													"to": [ 0.4447, 0.69, 3.833 ],
													"rotationOrigin": [ -1.0553, -0.01, 1.533 ],
													"rotationY": 60.0,
													"faces": {
														"north": { "texture": "#normal", "uv": [ 3.0, 2.0, 5.0, 5.0 ], "autoUv": false },
														"east": { "texture": "#normal", "uv": [ 2.5, 1.5, 5.5, 4.5 ], "autoUv": false },
														"south": { "texture": "#normal", "uv": [ 2.0, 1.0, 5.0, 5.0 ], "autoUv": false },
														"west": { "texture": "#normal", "uv": [ 0.0, 0.0, 5.0, 5.0 ], "autoUv": false },
														"up": { "texture": "#normal", "uv": [ 0.0, 0.0, 5.0, 5.0 ], "autoUv": false },
														"down": { "texture": "#normal", "uv": [ 0.0, 0.0, 5.0, 5.0 ], "autoUv": false }
													}
												},
												{
													"name": "wrap10",
													"from": [ 1.1036, -0.01, 0.633 ],
													"to": [ 2.0036, 0.69, 2.933 ],
													"rotationOrigin": [ 0.5036, -0.01, 0.633 ],
													"rotationY": 60.0,
													"faces": {
														"north": { "texture": "#normal", "uv": [ 3.0, 2.0, 5.0, 5.0 ], "autoUv": false },
														"east": { "texture": "#normal", "uv": [ 2.5, 1.5, 5.5, 4.5 ], "autoUv": false },
														"south": { "texture": "#normal", "uv": [ 2.0, 1.0, 5.0, 5.0 ], "autoUv": false },
														"west": { "texture": "#normal", "uv": [ 0.0, 0.0, 5.0, 5.0 ], "autoUv": false },
														"up": { "texture": "#normal", "uv": [ 0.0, 0.0, 5.0, 5.0 ], "autoUv": false },
														"down": { "texture": "#normal", "uv": [ 0.0, 0.0, 5.0, 5.0 ], "autoUv": false }
													},
													"children": [
														{
															"name": "wrap9",
															"from": [ 0.9553, 0.01, 0.667 ],
															"to": [ 1.8553, 0.71, 2.967 ],
															"rotationOrigin": [ 1.5553, 0.0, 0.667 ],
															"rotationY": -60.0,
															"faces": {
																"north": { "texture": "#normal", "uv": [ 3.0, 2.0, 5.0, 5.0 ], "autoUv": false },
																"east": { "texture": "#normal", "uv": [ 2.5, 1.5, 5.5, 4.5 ], "autoUv": false },
																"south": { "texture": "#normal", "uv": [ 2.0, 1.0, 5.0, 5.0 ], "autoUv": false },
																"west": { "texture": "#normal", "uv": [ 0.0, 0.0, 5.0, 5.0 ], "autoUv": false },
																"up": { "texture": "#normal", "uv": [ 0.0, 0.0, 5.0, 5.0 ], "autoUv": false },
																"down": { "texture": "#normal", "uv": [ 0.0, 0.0, 5.0, 5.0 ], "autoUv": false }
															},
															"children": [
																{
																	"name": "wrap12",
																	"from": [ 1.017, -0.01, 0.683 ],
																	"to": [ 1.917, 0.69, 2.983 ],
																	"rotationOrigin": [ 0.417, -0.01, 0.683 ],
																	"rotationY": 60.0,
																	"faces": {
																		"north": { "texture": "#normal", "uv": [ 3.0, 2.0, 5.0, 5.0 ], "autoUv": false },
																		"east": { "texture": "#normal", "uv": [ 2.5, 1.5, 5.5, 4.5 ], "autoUv": false },
																		"south": { "texture": "#normal", "uv": [ 2.0, 1.0, 5.0, 5.0 ], "autoUv": false },
																		"west": { "texture": "#normal", "uv": [ 0.0, 0.0, 5.0, 5.0 ], "autoUv": false },
																		"up": { "texture": "#normal", "uv": [ 0.0, 0.0, 5.0, 5.0 ], "autoUv": false },
																		"down": { "texture": "#normal", "uv": [ 0.0, 0.0, 5.0, 5.0 ], "autoUv": false }
																	},
																	"children": [
																		{
																			"name": "wrap11",
																			"from": [ 0.9553, 0.01, 0.667 ],
																			"to": [ 1.8553, 0.71, 2.967 ],
																			"rotationOrigin": [ 1.5553, 0.0, 0.667 ],
																			"rotationY": -60.0,
																			"faces": {
																				"north": { "texture": "#normal", "uv": [ 3.0, 2.0, 5.0, 5.0 ], "autoUv": false },
																				"east": { "texture": "#normal", "uv": [ 2.5, 1.5, 5.5, 4.5 ], "autoUv": false },
																				"south": { "texture": "#normal", "uv": [ 2.0, 1.0, 5.0, 5.0 ], "autoUv": false },
																				"west": { "texture": "#normal", "uv": [ 0.0, 0.0, 5.0, 5.0 ], "autoUv": false },
																				"up": { "texture": "#normal", "uv": [ 0.0, 0.0, 5.0, 5.0 ], "autoUv": false },
																				"down": { "texture": "#normal", "uv": [ 0.0, 0.0, 5.0, 5.0 ], "autoUv": false }
																			},
																			"children": [
																				{
																					"name": "wrap13",
																					"from": [ 1.5588, 0.0, -0.9 ],
																					"to": [ 2.4588, 0.7, 1.4 ],
																					"rotationOrigin": [ 2.1588, -0.01, -0.9 ],
																					"faces": {
																						"north": { "texture": "#normal", "uv": [ 3.0, 2.0, 5.0, 5.0 ], "autoUv": false },
																						"east": { "texture": "#normal", "uv": [ 2.5, 1.5, 5.5, 4.5 ], "autoUv": false },
																						"south": { "texture": "#normal", "uv": [ 2.0, 1.0, 5.0, 5.0 ], "autoUv": false },
																						"west": { "texture": "#normal", "uv": [ 0.0, 0.0, 5.0, 5.0 ], "autoUv": false },
																						"up": { "texture": "#normal", "uv": [ 0.0, 0.0, 5.0, 5.0 ], "autoUv": false },
																						"down": { "texture": "#normal", "uv": [ 0.0, 0.0, 5.0, 5.0 ], "autoUv": false }
																					},
																					"children": [
																						{
																							"name": "wrap14",
																							"from": [ -0.4553, -0.01, 1.533 ],
																							"to": [ 0.4447, 0.69, 3.833 ],
																							"rotationOrigin": [ -1.0553, -0.01, 1.533 ],
																							"rotationY": 60.0,
																							"faces": {
																								"north": { "texture": "#normal", "uv": [ 3.0, 2.0, 5.0, 5.0 ], "autoUv": false },
																								"east": { "texture": "#normal", "uv": [ 2.5, 1.5, 5.5, 4.5 ], "autoUv": false },
																								"south": { "texture": "#normal", "uv": [ 2.0, 1.0, 5.0, 5.0 ], "autoUv": false },
																								"west": { "texture": "#normal", "uv": [ 0.0, 0.0, 5.0, 5.0 ], "autoUv": false },
																								"up": { "texture": "#normal", "uv": [ 0.0, 0.0, 5.0, 5.0 ], "autoUv": false },
																								"down": { "texture": "#normal", "uv": [ 0.0, 0.0, 5.0, 5.0 ], "autoUv": false }
																							}
																						},
																						{
																							"name": "wrap15",
																							"from": [ 1.3856, 0.0, -0.8 ],
																							"to": [ 2.2856, 0.7, 1.5 ],
																							"rotationOrigin": [ 1.9856, -0.01, -0.8 ],
																							"faces": {
																								"north": { "texture": "#normal", "uv": [ 3.0, 2.0, 5.0, 5.0 ], "autoUv": false },
																								"east": { "texture": "#normal", "uv": [ 2.5, 1.5, 5.5, 4.5 ], "autoUv": false },
																								"south": { "texture": "#normal", "uv": [ 2.0, 1.0, 5.0, 5.0 ], "autoUv": false },
																								"west": { "texture": "#normal", "uv": [ 0.0, 0.0, 5.0, 5.0 ], "autoUv": false },
																								"up": { "texture": "#normal", "uv": [ 0.0, 0.0, 5.0, 5.0 ], "autoUv": false },
																								"down": { "texture": "#normal", "uv": [ 0.0, 0.0, 5.0, 5.0 ], "autoUv": false }
																							},
																							"children": [
																								{
																									"name": "wrap16",
																									"from": [ -0.4553, -0.01, 1.533 ],
																									"to": [ 0.4447, 0.69, 3.833 ],
																									"rotationOrigin": [ -1.0553, -0.01, 1.533 ],
																									"rotationY": 60.0,
																									"faces": {
																										"north": { "texture": "#normal", "uv": [ 3.0, 2.0, 5.0, 5.0 ], "autoUv": false },
																										"east": { "texture": "#normal", "uv": [ 2.5, 1.5, 5.5, 4.5 ], "autoUv": false },
																										"south": { "texture": "#normal", "uv": [ 2.0, 1.0, 5.0, 5.0 ], "autoUv": false },
																										"west": { "texture": "#normal", "uv": [ 0.0, 0.0, 5.0, 5.0 ], "autoUv": false },
																										"up": { "texture": "#normal", "uv": [ 0.0, 0.0, 5.0, 5.0 ], "autoUv": false },
																										"down": { "texture": "#normal", "uv": [ 0.0, 0.0, 5.0, 5.0 ], "autoUv": false }
																									}
																								}
																							]
																						},
																						{
																							"name": "wrap17",
																							"from": [ 2.79, 0.0, -1.6 ],
																							"to": [ 3.69, 0.7, 0.7 ],
																							"rotationOrigin": [ 3.3856, -0.01, -1.6 ],
																							"faces": {
																								"north": { "texture": "#normal", "uv": [ 3.0, 2.0, 5.0, 5.0 ], "autoUv": false },
																								"east": { "texture": "#normal", "uv": [ 2.5, 1.5, 5.5, 4.5 ], "autoUv": false },
																								"south": { "texture": "#normal", "uv": [ 2.0, 1.0, 5.0, 5.0 ], "autoUv": false },
																								"west": { "texture": "#normal", "uv": [ 0.0, 0.0, 5.0, 5.0 ], "autoUv": false },
																								"up": { "texture": "#normal", "uv": [ 0.0, 0.0, 5.0, 5.0 ], "autoUv": false },
																								"down": { "texture": "#normal", "uv": [ 0.0, 0.0, 5.0, 5.0 ], "autoUv": false }
																							},
																							"children": [
																								{
																									"name": "wrap18",
																									"from": [ -0.4553, -0.01, 1.533 ],
																									"to": [ 0.4447, 0.69, 3.833 ],
																									"rotationOrigin": [ -1.0553, -0.01, 1.533 ],
																									"rotationY": 60.0,
																									"faces": {
																										"north": { "texture": "#normal", "uv": [ 3.0, 2.0, 5.0, 5.0 ], "autoUv": false },
																										"east": { "texture": "#normal", "uv": [ 2.5, 1.5, 5.5, 4.5 ], "autoUv": false },
																										"south": { "texture": "#normal", "uv": [ 2.0, 1.0, 5.0, 5.0 ], "autoUv": false },
																										"west": { "texture": "#normal", "uv": [ 0.0, 0.0, 5.0, 5.0 ], "autoUv": false },
																										"up": { "texture": "#normal", "uv": [ 0.0, 0.0, 5.0, 5.0 ], "autoUv": false },
																										"down": { "texture": "#normal", "uv": [ 0.0, 0.0, 5.0, 5.0 ], "autoUv": false }
																									}
																								}
																							]
																						}
																					]
																				}
																			]
																		}
																	]
																}
															]
														}
													]
												}
											]
										}
									]
								}
							]
						}
					]
				}
			]
		},
		{
			"name": "wrap19",
			"from": [ 2.4, -0.14, 7.1 ],
			"to": [ 3.3, 0.56, 9.4 ],
			"rotationOrigin": [ 3.0, -0.2, 7.1 ],
			"rotationY": -30.0,
			"faces": {
				"north": { "texture": "#normal", "uv": [ 3.0, 2.0, 5.0, 5.0 ], "autoUv": false },
				"east": { "texture": "#normal", "uv": [ 2.5, 1.5, 5.5, 4.5 ], "autoUv": false },
				"south": { "texture": "#normal", "uv": [ 2.0, 1.0, 5.0, 5.0 ], "autoUv": false },
				"west": { "texture": "#normal", "uv": [ 0.0, 0.0, 5.0, 5.0 ], "autoUv": false },
				"up": { "texture": "#normal", "uv": [ 0.0, 0.0, 5.0, 5.0 ], "autoUv": false },
				"down": { "texture": "#normal", "uv": [ 0.0, 0.0, 5.0, 5.0 ], "autoUv": false }
			},
			"children": [
				{
					"name": "wrap20",
					"from": [ -0.4553, -0.01, 1.533 ],
					"to": [ 0.4447, 0.69, 3.833 ],
					"rotationOrigin": [ -1.0553, -0.01, 1.533 ],
					"rotationY": 60.0,
					"faces": {
						"north": { "texture": "#normal", "uv": [ 3.0, 2.0, 5.0, 5.0 ], "autoUv": false },
						"east": { "texture": "#normal", "uv": [ 2.5, 1.5, 5.5, 4.5 ], "autoUv": false },
						"south": { "texture": "#normal", "uv": [ 2.0, 1.0, 5.0, 5.0 ], "autoUv": false },
						"west": { "texture": "#normal", "uv": [ 0.0, 0.0, 5.0, 5.0 ], "autoUv": false },
						"up": { "texture": "#normal", "uv": [ 0.0, 0.0, 5.0, 5.0 ], "autoUv": false },
						"down": { "texture": "#normal", "uv": [ 0.0, 0.0, 5.0, 5.0 ], "autoUv": false }
					},
					"children": [
						{
							"name": "wrap21",
							"from": [ 2.4275, 0.01, 1.517 ],
							"to": [ 3.3275, 0.71, 3.817 ],
							"rotationOrigin": [ 3.0275, 0.0, 1.517 ],
							"rotationY": -60.0,
							"faces": {
								"north": { "texture": "#normal", "uv": [ 3.0, 2.0, 5.0, 5.0 ], "autoUv": false },
								"east": { "texture": "#normal", "uv": [ 2.5, 1.5, 5.5, 4.5 ], "autoUv": false },
								"south": { "texture": "#normal", "uv": [ 2.0, 1.0, 5.0, 5.0 ], "autoUv": false },
								"west": { "texture": "#normal", "uv": [ 0.0, 0.0, 5.0, 5.0 ], "autoUv": false },
								"up": { "texture": "#normal", "uv": [ 0.0, 0.0, 5.0, 5.0 ], "autoUv": false },
								"down": { "texture": "#normal", "uv": [ 0.0, 0.0, 5.0, 5.0 ], "autoUv": false }
							},
							"children": [
								{
									"name": "wrap22",
									"from": [ -0.4553, -0.01, 1.533 ],
									"to": [ 0.4447, 0.69, 3.833 ],
									"rotationOrigin": [ -1.0553, -0.01, 1.533 ],
									"rotationY": 60.0,
									"faces": {
										"north": { "texture": "#normal", "uv": [ 3.0, 2.0, 5.0, 5.0 ], "autoUv": false },
										"east": { "texture": "#normal", "uv": [ 2.5, 1.5, 5.5, 4.5 ], "autoUv": false },
										"south": { "texture": "#normal", "uv": [ 2.0, 1.0, 5.0, 5.0 ], "autoUv": false },
										"west": { "texture": "#normal", "uv": [ 0.0, 0.0, 5.0, 5.0 ], "autoUv": false },
										"up": { "texture": "#normal", "uv": [ 0.0, 0.0, 5.0, 5.0 ], "autoUv": false },
										"down": { "texture": "#normal", "uv": [ 0.0, 0.0, 5.0, 5.0 ], "autoUv": false }
									}
								},
								{
									"name": "wrap23",
									"from": [ 1.5588, 0.0, -0.9 ],
									"to": [ 2.4588, 0.7, 1.4 ],
									"rotationOrigin": [ 2.1588, -0.01, -0.9 ],
									"faces": {
										"north": { "texture": "#normal", "uv": [ 3.0, 2.0, 5.0, 5.0 ], "autoUv": false },
										"east": { "texture": "#normal", "uv": [ 2.5, 1.5, 5.5, 4.5 ], "autoUv": false },
										"south": { "texture": "#normal", "uv": [ 2.0, 1.0, 5.0, 5.0 ], "autoUv": false },
										"west": { "texture": "#normal", "uv": [ 0.0, 0.0, 5.0, 5.0 ], "autoUv": false },
										"up": { "texture": "#normal", "uv": [ 0.0, 0.0, 5.0, 5.0 ], "autoUv": false },
										"down": { "texture": "#normal", "uv": [ 0.0, 0.0, 5.0, 5.0 ], "autoUv": false }
									},
									"children": [
										{
											"name": "wrap24",
											"from": [ -0.4553, -0.01, 1.533 ],
											"to": [ 0.4447, 0.69, 3.833 ],
											"rotationOrigin": [ -1.0553, -0.01, 1.533 ],
											"rotationY": 60.0,
											"faces": {
												"north": { "texture": "#normal", "uv": [ 3.0, 2.0, 5.0, 5.0 ], "autoUv": false },
												"east": { "texture": "#normal", "uv": [ 2.5, 1.5, 5.5, 4.5 ], "autoUv": false },
												"south": { "texture": "#normal", "uv": [ 2.0, 1.0, 5.0, 5.0 ], "autoUv": false },
												"west": { "texture": "#normal", "uv": [ 0.0, 0.0, 5.0, 5.0 ], "autoUv": false },
												"up": { "texture": "#normal", "uv": [ 0.0, 0.0, 5.0, 5.0 ], "autoUv": false },
												"down": { "texture": "#normal", "uv": [ 0.0, 0.0, 5.0, 5.0 ], "autoUv": false }
											}
										},
										{
											"name": "wrap25",
											"from": [ 1.5588, 0.0, -0.9 ],
											"to": [ 2.4588, 0.7, 1.4 ],
											"rotationOrigin": [ 2.1588, -0.01, -0.9 ],
											"faces": {
												"north": { "texture": "#normal", "uv": [ 3.0, 2.0, 5.0, 5.0 ], "autoUv": false },
												"east": { "texture": "#normal", "uv": [ 2.5, 1.5, 5.5, 4.5 ], "autoUv": false },
												"south": { "texture": "#normal", "uv": [ 2.0, 1.0, 5.0, 5.0 ], "autoUv": false },
												"west": { "texture": "#normal", "uv": [ 0.0, 0.0, 5.0, 5.0 ], "autoUv": false },
												"up": { "texture": "#normal", "uv": [ 0.0, 0.0, 5.0, 5.0 ], "autoUv": false },
												"down": { "texture": "#normal", "uv": [ 0.0, 0.0, 5.0, 5.0 ], "autoUv": false }
											},
											"children": [
												{
													"name": "wrap26",
													"from": [ -0.4553, -0.01, 1.533 ],
													"to": [ 0.4447, 0.69, 3.833 ],
													"rotationOrigin": [ -1.0553, -0.01, 1.533 ],
													"rotationY": 60.0,
													"faces": {
														"north": { "texture": "#normal", "uv": [ 3.0, 2.0, 5.0, 5.0 ], "autoUv": false },
														"east": { "texture": "#normal", "uv": [ 2.5, 1.5, 5.5, 4.5 ], "autoUv": false },
														"south": { "texture": "#normal", "uv": [ 2.0, 1.0, 5.0, 5.0 ], "autoUv": false },
														"west": { "texture": "#normal", "uv": [ 0.0, 0.0, 5.0, 5.0 ], "autoUv": false },
														"up": { "texture": "#normal", "uv": [ 0.0, 0.0, 5.0, 5.0 ], "autoUv": false },
														"down": { "texture": "#normal", "uv": [ 0.0, 0.0, 5.0, 5.0 ], "autoUv": false }
													}
												},
												{
													"name": "wrap27",
													"from": [ 1.1036, -0.01, 0.633 ],
													"to": [ 2.0036, 0.69, 2.933 ],
													"rotationOrigin": [ 0.5036, -0.01, 0.633 ],
													"rotationY": 60.0,
													"faces": {
														"north": { "texture": "#normal", "uv": [ 3.0, 2.0, 5.0, 5.0 ], "autoUv": false },
														"east": { "texture": "#normal", "uv": [ 2.5, 1.5, 5.5, 4.5 ], "autoUv": false },
														"south": { "texture": "#normal", "uv": [ 2.0, 1.0, 5.0, 5.0 ], "autoUv": false },
														"west": { "texture": "#normal", "uv": [ 0.0, 0.0, 5.0, 5.0 ], "autoUv": false },
														"up": { "texture": "#normal", "uv": [ 0.0, 0.0, 5.0, 5.0 ], "autoUv": false },
														"down": { "texture": "#normal", "uv": [ 0.0, 0.0, 5.0, 5.0 ], "autoUv": false }
													},
													"children": [
														{
															"name": "wrap28",
															"from": [ 0.9553, 0.01, 0.667 ],
															"to": [ 1.8553, 0.71, 2.967 ],
															"rotationOrigin": [ 1.5553, 0.0, 0.667 ],
															"rotationY": -60.0,
															"faces": {
																"north": { "texture": "#normal", "uv": [ 3.0, 2.0, 5.0, 5.0 ], "autoUv": false },
																"east": { "texture": "#normal", "uv": [ 2.5, 1.5, 5.5, 4.5 ], "autoUv": false },
																"south": { "texture": "#normal", "uv": [ 2.0, 1.0, 5.0, 5.0 ], "autoUv": false },
																"west": { "texture": "#normal", "uv": [ 0.0, 0.0, 5.0, 5.0 ], "autoUv": false },
																"up": { "texture": "#normal", "uv": [ 0.0, 0.0, 5.0, 5.0 ], "autoUv": false },
																"down": { "texture": "#normal", "uv": [ 0.0, 0.0, 5.0, 5.0 ], "autoUv": false }
															},
															"children": [
																{
																	"name": "wrap29",
																	"from": [ 1.017, -0.01, 0.683 ],
																	"to": [ 1.917, 0.69, 2.983 ],
																	"rotationOrigin": [ 0.417, -0.01, 0.683 ],
																	"rotationY": 60.0,
																	"faces": {
																		"north": { "texture": "#normal", "uv": [ 3.0, 2.0, 5.0, 5.0 ], "autoUv": false },
																		"east": { "texture": "#normal", "uv": [ 2.5, 1.5, 5.5, 4.5 ], "autoUv": false },
																		"south": { "texture": "#normal", "uv": [ 2.0, 1.0, 5.0, 5.0 ], "autoUv": false },
																		"west": { "texture": "#normal", "uv": [ 0.0, 0.0, 5.0, 5.0 ], "autoUv": false },
																		"up": { "texture": "#normal", "uv": [ 0.0, 0.0, 5.0, 5.0 ], "autoUv": false },
																		"down": { "texture": "#normal", "uv": [ 0.0, 0.0, 5.0, 5.0 ], "autoUv": false }
																	},
																	"children": [
																		{
																			"name": "wrap30",
																			"from": [ 0.9553, 0.01, 0.667 ],
																			"to": [ 1.8553, 0.71, 2.967 ],
																			"rotationOrigin": [ 1.5553, 0.0, 0.667 ],
																			"rotationY": -60.0,
																			"faces": {
																				"north": { "texture": "#normal", "uv": [ 3.0, 2.0, 5.0, 5.0 ], "autoUv": false },
																				"east": { "texture": "#normal", "uv": [ 2.5, 1.5, 5.5, 4.5 ], "autoUv": false },
																				"south": { "texture": "#normal", "uv": [ 2.0, 1.0, 5.0, 5.0 ], "autoUv": false },
																				"west": { "texture": "#normal", "uv": [ 0.0, 0.0, 5.0, 5.0 ], "autoUv": false },
																				"up": { "texture": "#normal", "uv": [ 0.0, 0.0, 5.0, 5.0 ], "autoUv": false },
																				"down": { "texture": "#normal", "uv": [ 0.0, 0.0, 5.0, 5.0 ], "autoUv": false }
																			},
																			"children": [
																				{
																					"name": "wrap31",
																					"from": [ 1.5588, 0.0, -0.9 ],
																					"to": [ 2.4588, 0.7, 1.4 ],
																					"rotationOrigin": [ 2.1588, -0.01, -0.9 ],
																					"faces": {
																						"north": { "texture": "#normal", "uv": [ 3.0, 2.0, 5.0, 5.0 ], "autoUv": false },
																						"east": { "texture": "#normal", "uv": [ 2.5, 1.5, 5.5, 4.5 ], "autoUv": false },
																						"south": { "texture": "#normal", "uv": [ 2.0, 1.0, 5.0, 5.0 ], "autoUv": false },
																						"west": { "texture": "#normal", "uv": [ 0.0, 0.0, 5.0, 5.0 ], "autoUv": false },
																						"up": { "texture": "#normal", "uv": [ 0.0, 0.0, 5.0, 5.0 ], "autoUv": false },
																						"down": { "texture": "#normal", "uv": [ 0.0, 0.0, 5.0, 5.0 ], "autoUv": false }
																					},
																					"children": [
																						{
																							"name": "wrap32",
																							"from": [ -0.4553, -0.01, 1.533 ],
																							"to": [ 0.4447, 0.69, 3.833 ],
																							"rotationOrigin": [ -1.0553, -0.01, 1.533 ],
																							"rotationY": 60.0,
																							"faces": {
																								"north": { "texture": "#normal", "uv": [ 3.0, 2.0, 5.0, 5.0 ], "autoUv": false },
																								"east": { "texture": "#normal", "uv": [ 2.5, 1.5, 5.5, 4.5 ], "autoUv": false },
																								"south": { "texture": "#normal", "uv": [ 2.0, 1.0, 5.0, 5.0 ], "autoUv": false },
																								"west": { "texture": "#normal", "uv": [ 0.0, 0.0, 5.0, 5.0 ], "autoUv": false },
																								"up": { "texture": "#normal", "uv": [ 0.0, 0.0, 5.0, 5.0 ], "autoUv": false },
																								"down": { "texture": "#normal", "uv": [ 0.0, 0.0, 5.0, 5.0 ], "autoUv": false }
																							}
																						},
																						{
																							"name": "wrap33",
																							"from": [ 1.3856, 0.0, -0.8 ],
																							"to": [ 2.2856, 0.7, 1.5 ],
																							"rotationOrigin": [ 1.9856, -0.01, -0.8 ],
																							"faces": {
																								"north": { "texture": "#normal", "uv": [ 3.0, 2.0, 5.0, 5.0 ], "autoUv": false },
																								"east": { "texture": "#normal", "uv": [ 2.5, 1.5, 5.5, 4.5 ], "autoUv": false },
																								"south": { "texture": "#normal", "uv": [ 2.0, 1.0, 5.0, 5.0 ], "autoUv": false },
																								"west": { "texture": "#normal", "uv": [ 0.0, 0.0, 5.0, 5.0 ], "autoUv": false },
																								"up": { "texture": "#normal", "uv": [ 0.0, 0.0, 5.0, 5.0 ], "autoUv": false },
																								"down": { "texture": "#normal", "uv": [ 0.0, 0.0, 5.0, 5.0 ], "autoUv": false }
																							},
																							"children": [
																								{
																									"name": "wrap34",
																									"from": [ -0.4553, -0.01, 1.533 ],
																									"to": [ 0.4447, 0.69, 3.833 ],
																									"rotationOrigin": [ -1.0553, -0.01, 1.533 ],
																									"rotationY": 60.0,
																									"faces": {
																										"north": { "texture": "#normal", "uv": [ 3.0, 2.0, 5.0, 5.0 ], "autoUv": false },
																										"east": { "texture": "#normal", "uv": [ 2.5, 1.5, 5.5, 4.5 ], "autoUv": false },
																										"south": { "texture": "#normal", "uv": [ 2.0, 1.0, 5.0, 5.0 ], "autoUv": false },
																										"west": { "texture": "#normal", "uv": [ 0.0, 0.0, 5.0, 5.0 ], "autoUv": false },
																										"up": { "texture": "#normal", "uv": [ 0.0, 0.0, 5.0, 5.0 ], "autoUv": false },
																										"down": { "texture": "#normal", "uv": [ 0.0, 0.0, 5.0, 5.0 ], "autoUv": false }
																									}
																								}
																							]
																						},
																						{
																							"name": "wrap35",
																							"from": [ 2.79, 0.0, -1.6 ],
																							"to": [ 3.69, 0.7, 0.7 ],
																							"rotationOrigin": [ 3.3856, -0.01, -1.6 ],
																							"faces": {
																								"north": { "texture": "#normal", "uv": [ 3.0, 2.0, 5.0, 5.0 ], "autoUv": false },
																								"east": { "texture": "#normal", "uv": [ 2.5, 1.5, 5.5, 4.5 ], "autoUv": false },
																								"south": { "texture": "#normal", "uv": [ 2.0, 1.0, 5.0, 5.0 ], "autoUv": false },
																								"west": { "texture": "#normal", "uv": [ 0.0, 0.0, 5.0, 5.0 ], "autoUv": false },
																								"up": { "texture": "#normal", "uv": [ 0.0, 0.0, 5.0, 5.0 ], "autoUv": false },
																								"down": { "texture": "#normal", "uv": [ 0.0, 0.0, 5.0, 5.0 ], "autoUv": false }
																							},
																							"children": [
																								{
																									"name": "wrap36",
																									"from": [ -0.4553, -0.01, 1.533 ],
																									"to": [ 0.4447, 0.69, 3.833 ],
																									"rotationOrigin": [ -1.0553, -0.01, 1.533 ],
																									"rotationY": 60.0,
																									"faces": {
																										"north": { "texture": "#normal", "uv": [ 3.0, 2.0, 5.0, 5.0 ], "autoUv": false },
																										"east": { "texture": "#normal", "uv": [ 2.5, 1.5, 5.5, 4.5 ], "autoUv": false },
																										"south": { "texture": "#normal", "uv": [ 2.0, 1.0, 5.0, 5.0 ], "autoUv": false },
																										"west": { "texture": "#normal", "uv": [ 0.0, 0.0, 5.0, 5.0 ], "autoUv": false },
																										"up": { "texture": "#normal", "uv": [ 0.0, 0.0, 5.0, 5.0 ], "autoUv": false },
																										"down": { "texture": "#normal", "uv": [ 0.0, 0.0, 5.0, 5.0 ], "autoUv": false }
																									}
																								}
																							]
																						}
																					]
																				}
																			]
																		}
																	]
																}
															]
														}
													]
												}
											]
										}
									]
								}
							]
						}
					]
				}
			]
		}
	]}