[
{
	ingredientPattern: "WLW	_G_	W_W",
	ingredients: {
		"G": { type: "block", code: "glass-plain" },
		"L": { type: "item", code: "ingot-lead" },
		"W": { type: "item", code: "plank-*", name: "wood" }
	},
	width: 3,
	height: 3,
	output: { type: "block", code: "glasspane-leaded-{wood}-ew", quantity: 4  }
},
{
	ingredientPattern: "W_W	_G_	W_W",
	ingredients: {
		"G": { type: "block", code: "glass-*", name: "glass" },
		"W": { type: "item", code: "plank-*", name: "wood" }
	},
	width: 3,
	height: 3,
	output: { type: "block", code: "glasspane-{glass}-{wood}-ew", quantity: 4  }
}
]