{
	"editor": {
		"allAngles": false,
		"entityTextureMode": false
	},
	"textureWidth": 16,
	"textureHeight": 16,
	"textureSizes": {
	},
	"textures": {
		"other": "game:block/clay/ceramic",
		"floor": "game:block/clay/ceramic-dark"
	},
	"elements": [
		{
			"name": "Cube2",
			"from": [ 1.0, 0.0, 1.0 ],
			"to": [ 15.0, 1.0, 15.0 ],
			"rotationOrigin": [ 1.0, 0.0, 1.0 ],
			"faces": {
				"north": { "texture": "#other", "uv": [ 0.0, 0.0, 14.0, 1.0 ] },
				"east": { "texture": "#other", "uv": [ 0.0, 0.0, 14.0, 1.0 ] },
				"south": { "texture": "#other", "uv": [ 0.0, 0.0, 14.0, 1.0 ] },
				"west": { "texture": "#other", "uv": [ 0.0, 0.0, 14.0, 1.0 ] },
				"up": { "texture": "#other", "uv": [ 0.0, 0.0, 14.0, 14.0 ] },
				"down": { "texture": "#floor", "uv": [ 0.0, 0.0, 14.0, 14.0 ] }
			}
		},
		{
			"name": "Cube3",
			"from": [ 1.0, 1.0, 1.0 ],
			"to": [ 15.0, 2.0, 5.0 ],
			"rotationOrigin": [ 1.0, 1.0, 1.0 ],
			"faces": {
				"north": { "texture": "#other", "uv": [ 0.0, 0.0, 14.0, 1.0 ] },
				"east": { "texture": "#other", "uv": [ 0.0, 0.0, 4.0, 1.0 ] },
				"south": { "texture": "#other", "uv": [ 0.0, 0.0, 14.0, 1.0 ] },
				"west": { "texture": "#other", "uv": [ 0.0, 0.0, 4.0, 1.0 ] },
				"up": { "texture": "#other", "uv": [ 0.0, 0.0, 14.0, 4.0 ] },
				"down": { "texture": "#other", "uv": [ 0.0, 0.0, 14.0, 4.0 ] }
			}
		},
		{
			"name": "Cube4",
			"from": [ 1.0, 1.0, 11.0 ],
			"to": [ 15.0, 2.0, 15.0 ],
			"rotationOrigin": [ 1.0, 1.0, 11.0 ],
			"faces": {
				"north": { "texture": "#other", "uv": [ 0.0, 0.0, 14.0, 1.0 ] },
				"east": { "texture": "#other", "uv": [ 0.0, 0.0, 4.0, 1.0 ] },
				"south": { "texture": "#other", "uv": [ 0.0, 0.0, 14.0, 1.0 ] },
				"west": { "texture": "#other", "uv": [ 0.0, 0.0, 4.0, 1.0 ] },
				"up": { "texture": "#other", "uv": [ 0.0, 0.0, 14.0, 4.0 ] },
				"down": { "texture": "#other", "uv": [ 0.0, 0.0, 14.0, 4.0 ] }
			},
			"children": [
				{
					"name": "Cube5",
					"from": [ 0.0, 0.0, -6.0 ],
					"to": [ 3.0, 1.0, 0.0 ],
					"rotationOrigin": [ 0.0, 0.0, -6.0 ],
					"faces": {
						"north": { "texture": "#other", "uv": [ 0.0, 0.0, 3.0, 1.0 ] },
						"east": { "texture": "#other", "uv": [ 0.0, 0.0, 6.0, 1.0 ] },
						"south": { "texture": "#other", "uv": [ 0.0, 0.0, 3.0, 1.0 ] },
						"west": { "texture": "#other", "uv": [ 0.0, 0.0, 6.0, 1.0 ] },
						"up": { "texture": "#other", "uv": [ 0.0, 0.0, 3.0, 6.0 ] },
						"down": { "texture": "#other", "uv": [ 0.0, 0.0, 3.0, 6.0 ] }
					}
				},
				{
					"name": "Cube6",
					"from": [ 11.0, 0.0, -6.0 ],
					"to": [ 14.0, 1.0, 0.0 ],
					"rotationOrigin": [ 11.0, 0.0, -6.0 ],
					"faces": {
						"north": { "texture": "#other", "uv": [ 0.0, 0.0, 3.0, 1.0 ] },
						"east": { "texture": "#other", "uv": [ 0.0, 0.0, 6.0, 1.0 ] },
						"south": { "texture": "#other", "uv": [ 0.0, 0.0, 3.0, 1.0 ] },
						"west": { "texture": "#other", "uv": [ 0.0, 0.0, 6.0, 1.0 ] },
						"up": { "texture": "#other", "uv": [ 0.0, 0.0, 3.0, 6.0 ] },
						"down": { "texture": "#other", "uv": [ 0.0, 0.0, 3.0, 6.0 ] }
					},
					"children": [
						{
							"name": "Cube7",
							"from": [ -3.0, 0.0, 0.0 ],
							"to": [ -2.0, 1.0, 6.0 ],
							"rotationOrigin": [ -3.0, 0.0, 0.0 ],
							"faces": {
								"north": { "texture": "#other", "uv": [ 0.0, 0.0, 1.0, 1.0 ] },
								"east": { "texture": "#other", "uv": [ 0.0, 0.0, 6.0, 1.0 ] },
								"south": { "texture": "#other", "uv": [ 0.0, 0.0, 1.0, 1.0 ] },
								"west": { "texture": "#other", "uv": [ 0.0, 0.0, 6.0, 1.0 ] },
								"up": { "texture": "#other", "uv": [ 0.0, 0.0, 1.0, 6.0 ] },
								"down": { "texture": "#other", "uv": [ 0.0, 0.0, 1.0, 6.0 ] }
							}
						},
						{
							"name": "Cube8",
							"from": [ -6.0, 0.0, 0.0 ],
							"to": [ -5.0, 1.0, 6.0 ],
							"rotationOrigin": [ -6.0, 0.0, 0.0 ],
							"faces": {
								"north": { "texture": "#other", "uv": [ 0.0, 0.0, 1.0, 1.0 ] },
								"east": { "texture": "#other", "uv": [ 0.0, 0.0, 6.0, 1.0 ] },
								"south": { "texture": "#other", "uv": [ 0.0, 0.0, 1.0, 1.0 ] },
								"west": { "texture": "#other", "uv": [ 0.0, 0.0, 6.0, 1.0 ] },
								"up": { "texture": "#other", "uv": [ 0.0, 0.0, 1.0, 6.0 ] },
								"down": { "texture": "#other", "uv": [ 0.0, 0.0, 1.0, 6.0 ] }
							}
						}
					]
				}
			]
		}
	]}