{
	"editor": {
		"allAngles": false,
		"entityTextureMode": false
	},
	"textureWidth": 16,
	"textureHeight": 16,
	"textureSizes": {
	},
	"textures": {
		"other": "game:block/clay/ceramic",
		"floor": "game:block/clay/ceramic-dark"
	},
	"elements": [
		{
			"name": "Cube2",
			"from": [ 1.0, 0.0, 1.0 ],
			"to": [ 15.0, 1.0, 15.0 ],
			"rotationOrigin": [ 1.0, 0.0, 1.0 ],
			"faces": {
				"north": { "texture": "#other", "uv": [ 0.0, 0.0, 14.0, 1.0 ] },
				"east": { "texture": "#other", "uv": [ 0.0, 0.0, 14.0, 1.0 ] },
				"south": { "texture": "#other", "uv": [ 0.0, 0.0, 14.0, 1.0 ] },
				"west": { "texture": "#other", "uv": [ 0.0, 0.0, 14.0, 1.0 ] },
				"up": { "texture": "#other", "uv": [ 0.0, 0.0, 14.0, 14.0 ] },
				"down": { "texture": "#floor", "uv": [ 0.0, 0.0, 14.0, 14.0 ] }
			},
			"children": [
				{
					"name": "Cube3",
					"from": [ 0.0, 1.0, 0.0 ],
					"to": [ 2.5, 2.0, 14.0 ],
					"rotationOrigin": [ 0.0, 1.0, 0.0 ],
					"faces": {
						"north": { "texture": "#other", "uv": [ 0.0, 0.0, 2.5, 1.0 ] },
						"east": { "texture": "#other", "uv": [ 0.0, 0.0, 14.0, 1.0 ] },
						"south": { "texture": "#other", "uv": [ 0.0, 0.0, 2.5, 1.0 ] },
						"west": { "texture": "#other", "uv": [ 0.0, 0.0, 14.0, 1.0 ] },
						"up": { "texture": "#other", "uv": [ 0.0, 0.0, 2.5, 14.0 ] },
						"down": { "texture": "#other", "uv": [ 0.0, 0.0, 2.5, 14.0 ] }
					}
				},
				{
					"name": "Cube4",
					"from": [ 11.5, 1.0, 0.0 ],
					"to": [ 14.0, 2.0, 14.0 ],
					"rotationOrigin": [ 11.5, 1.0, 0.0 ],
					"faces": {
						"north": { "texture": "#other", "uv": [ 0.0, 0.0, 2.5, 1.0 ] },
						"east": { "texture": "#other", "uv": [ 0.0, 0.0, 14.0, 1.0 ] },
						"south": { "texture": "#other", "uv": [ 0.0, 0.0, 2.5, 1.0 ] },
						"west": { "texture": "#other", "uv": [ 0.0, 0.0, 14.0, 1.0 ] },
						"up": { "texture": "#other", "uv": [ 0.0, 0.0, 2.5, 14.0 ] },
						"down": { "texture": "#other", "uv": [ 0.0, 0.0, 2.5, 14.0 ] }
					}
				},
				{
					"name": "Cube5",
					"from": [ 2.5, 1.0, 0.0 ],
					"to": [ 11.5, 2.0, 2.5 ],
					"rotationOrigin": [ 2.5, 1.0, 0.0 ],
					"faces": {
						"north": { "texture": "#other", "uv": [ 0.0, 0.0, 9.0, 1.0 ] },
						"east": { "texture": "#other", "uv": [ 0.0, 0.0, 2.5, 1.0 ] },
						"south": { "texture": "#other", "uv": [ 0.0, 0.0, 9.0, 1.0 ] },
						"west": { "texture": "#other", "uv": [ 0.0, 0.0, 2.5, 1.0 ] },
						"up": { "texture": "#other", "uv": [ 0.0, 0.0, 9.0, 2.5 ] },
						"down": { "texture": "#other", "uv": [ 0.0, 0.0, 9.0, 2.5 ] }
					}
				},
				{
					"name": "Cube6",
					"from": [ 2.5, 1.0, 11.5 ],
					"to": [ 11.5, 2.0, 14.0 ],
					"rotationOrigin": [ 2.5, 1.0, 11.5 ],
					"faces": {
						"north": { "texture": "#other", "uv": [ 0.0, 0.0, 9.0, 1.0 ] },
						"east": { "texture": "#other", "uv": [ 0.0, 0.0, 2.5, 1.0 ] },
						"south": { "texture": "#other", "uv": [ 0.0, 0.0, 9.0, 1.0 ] },
						"west": { "texture": "#other", "uv": [ 0.0, 0.0, 2.5, 1.0 ] },
						"up": { "texture": "#other", "uv": [ 0.0, 0.0, 9.0, 2.5 ] },
						"down": { "texture": "#other", "uv": [ 0.0, 0.0, 9.0, 2.5 ] }
					}
				}
			]
		}
	]
}