{
	"editor": {
		"allAngles": false,
		"entityTextureMode": false
	},
	"textureWidth": 16,
	"textureHeight": 16,
	"textureSizes": {
	},
	"textures": {
		"other": "game:block/clay/ceramic",
		"floor": "game:block/clay/ceramic-dark"
	},
	"elements": [
		{
			"name": "origin",
			"from": [ 8.0, 0.0, 8.0 ],
			"to": [ 8.0, 0.0, 8.0 ],
			"rotationOrigin": [ 8.0, 0.0, 8.0 ],
			"faces": {
				"north": {
					"texture": "#other",
					"uv": [ 3.5, 14.5, 4.0, 15.0 ]
				},
				"east": {
					"texture": "#other",
					"uv": [ 11.0, 4.0, 11.5, 4.5 ]
				},
				"south": {
					"texture": "#other",
					"uv": [ 9.0, 13.5, 9.5, 14.0 ]
				},
				"west": {
					"texture": "#other",
					"uv": [ 7.5, 2.5, 8.0, 3.0 ]
				},
				"up": {
					"texture": "#other",
					"uv": [ 3.5, 5.5, 4.0, 6.0 ]
				},
				"down": {
					"texture": "#other",
					"uv": [ 12.0, 13.0, 12.5, 13.5 ]
				}
			},
			"children": [
				{
					"name": "L1",
					"from": [ -7.0, 0.0, -7.0 ],
					"to": [ -7.0, 0.0, -7.0 ],
					"rotationOrigin": [ -7.0, 0.0, -7.0 ],
					"faces": {
						"north": {
							"texture": "#other",
							"uv": [ 9.5, 13.0, 10.0, 13.5 ]
						},
						"east": {
							"texture": "#other",
							"uv": [ 13.0, 11.0, 13.5, 11.5 ]
						},
						"south": {
							"texture": "#other",
							"uv": [ 4.0, 1.0, 4.5, 1.5 ]
						},
						"west": {
							"texture": "#other",
							"uv": [ 13.5, 9.0, 14.0, 9.5 ]
						},
						"up": {
							"texture": "#other",
							"uv": [ 10.5, 5.0, 11.0, 5.5 ]
						},
						"down": {
							"texture": "#other",
							"uv": [ 2.0, 5.0, 2.5, 5.5 ]
						}
					},
					"children": [
						{
							"name": "L1_1",
							"from": [ 0.0, 0.0, 0.0 ],
							"to": [ 14.0, 1.0, 14.0 ],
							"faces": {
								"north": {
									"texture": "#other",
									"uv": [ 1.0, 11.0, 15.0, 12.0 ],
									"windMode": [ -1, -1, -1, -1 ]
								},
								"east": {
									"texture": "#other",
									"uv": [ 1.0, 8.5, 15.0, 9.5 ],
									"windMode": [ -1, -1, -1, -1 ]
								},
								"south": {
									"texture": "#other",
									"uv": [ 1.0, 5.5, 15.0, 6.5 ],
									"windMode": [ -1, -1, -1, -1 ]
								},
								"west": {
									"texture": "#other",
									"uv": [ 0.5, 4.0, 14.5, 5.0 ],
									"windMode": [ -1, -1, -1, -1 ]
								},
								"up": {
									"texture": "#floor",
									"uv": [ 0.5, 1.0, 14.5, 15.0 ],
									"windMode": [ -1, -1, -1, -1 ]
								},
								"down": {
									"texture": "#other",
									"uv": [ 0.5, 0.0, 14.5, 14.0 ],
									"windMode": [ -1, -1, -1, -1 ]
								}
							}
						}
					]
				},
				{
					"name": "L2",
					"from": [ -7.0, 1.0, -7.0 ],
					"to": [ -7.0, 1.0, -7.0 ],
					"rotationOrigin": [ -7.0, 1.0, -7.0 ],
					"faces": {
						"north": {
							"texture": "#other",
							"uv": [ 12.0, 10.0, 12.5, 10.5 ]
						},
						"east": {
							"texture": "#other",
							"uv": [ 7.5, 7.0, 8.0, 7.5 ]
						},
						"south": {
							"texture": "#other",
							"uv": [ 5.0, 10.0, 5.5, 10.5 ]
						},
						"west": {
							"texture": "#other",
							"uv": [ 5.5, 7.0, 6.0, 7.5 ]
						},
						"up": {
							"texture": "#other",
							"uv": [ 13.5, 6.5, 14.0, 7.0 ]
						},
						"down": {
							"texture": "#other",
							"uv": [ 13.0, 7.5, 13.5, 8.0 ]
						}
					},
					"children": [
						{
							"name": "L2_2",
							"from": [ 0.0, 0.0, 0.0 ],
							"to": [ 14.0, 1.0, 4.0 ],
							"faces": {
								"north": {
									"texture": "#other",
									"uv": [ 0.0, 8.0, 14.0, 9.0 ]
								},
								"east": {
									"texture": "#other",
									"uv": [ 11.0, 0.0, 15.0, 1.0 ],
									"windMode": [ -1, -1, -1, -1 ]
								},
								"south": {
									"texture": "#floor",
									"uv": [ 0.0, 9.0, 14.0, 10.0 ]
								},
								"west": {
									"texture": "#other",
									"uv": [ 4.0, 7.5, 8.0, 8.5 ],
									"windMode": [ -1, -1, -1, -1 ]
								},
								"up": {
									"texture": "#other",
									"uv": [ 3.0, 11.5, 13.0, 14.5 ],
									"autoUv": false
								},
								"down": {
									"texture": "#other",
									"uv": [ 1.0, 10.5, 15.0, 14.5 ],
									"enabled": false
								}
							}
						},
						{
							"name": "L2_4",
							"from": [ 0.0, 0.0, 4.0 ],
							"to": [ 3.0, 1.0, 10.0 ],
							"rotationOrigin": [ 0.0, 0.0, 4.0 ],
							"faces": {
								"north": {
									"texture": "#other",
									"uv": [ 3.5, 2.0, 6.5, 3.0 ],
									"enabled": false
								},
								"east": {
									"texture": "#floor",
									"uv": [ 2.5, 5.0, 8.5, 6.0 ]
								},
								"south": {
									"texture": "#other",
									"uv": [ 2.5, 0.0, 5.5, 1.0 ],
									"enabled": false
								},
								"west": {
									"texture": "#other",
									"uv": [ 2.5, 10.5, 8.5, 11.5 ]
								},
								"up": {
									"texture": "#other",
									"uv": [ 0.0, 0.5, 3.0, 6.5 ]
								},
								"down": {
									"texture": "#other",
									"uv": [ 8.0, 6.5, 11.0, 12.5 ],
									"enabled": false
								}
							}
						},
						{
							"name": "L2_6",
							"from": [ 11.0, 0.0, 4.0 ],
							"to": [ 14.0, 1.0, 10.0 ],
							"rotationOrigin": [ 4.0, 0.0, 4.0 ],
							"faces": {
								"north": {
									"texture": "#other",
									"uv": [ 2.0, 1.0, 5.0, 2.0 ],
									"enabled": false
								},
								"east": {
									"texture": "#other",
									"uv": [ 4.5, 12.5, 10.5, 13.5 ]
								},
								"south": {
									"texture": "#other",
									"uv": [ 10.5, 12.5, 13.5, 13.5 ],
									"enabled": false
								},
								"west": {
									"texture": "#other",
									"uv": [ 3.5, 3.0, 9.5, 4.0 ]
								},
								"up": {
									"texture": "#other",
									"uv": [ 0.5, 7.0, 3.5, 13.0 ]
								},
								"down": {
									"texture": "#other",
									"uv": [ 11.5, 4.0, 14.5, 10.0 ],
									"enabled": false
								}
							}
						},
						{
							"name": "L2_8",
							"from": [ 0.0, 0.0, 10.0 ],
							"to": [ 14.0, 1.0, 14.0 ],
							"rotationOrigin": [ 0.0, 0.0, 10.0 ],
							"faces": {
								"north": {
									"texture": "#floor",
									"uv": [ 0.5, 13.5, 14.5, 14.5 ]
								},
								"east": {
									"texture": "#other",
									"uv": [ 10.5, 12.0, 14.5, 13.0 ],
									"windMode": [ -1, -1, -1, -1 ]
								},
								"south": {
									"texture": "#other",
									"uv": [ 0.5, 3.5, 14.5, 4.5 ]
								},
								"west": {
									"texture": "#other",
									"uv": [ 1.0, 11.0, 5.0, 12.0 ],
									"windMode": [ -1, -1, -1, -1 ]
								},
								"up": {
									"texture": "#other",
									"uv": [ 1.5, 1.0, 15.5, 5.0 ]
								},
								"down": {
									"texture": "#other",
									"uv": [ 0.0, 4.5, 14.0, 8.5 ],
									"enabled": false,
									"windMode": [ -1, -1, -1, -1 ]
								}
							}
						},
						{
							"name": "SpearHead",
							"from": [ 3.0, 0.0, 4.0 ],
							"to": [ 3.0, 0.0, 4.0 ],
							"rotationOrigin": [ 3.0, 0.0, 4.0 ],
							"faces": {
								"north": {
									"texture": "#other",
									"uv": [ 1.5, 5.5, 2.0, 6.0 ]
								},
								"east": {
									"texture": "#other",
									"uv": [ 7.0, 10.5, 7.5, 11.0 ]
								},
								"south": {
									"texture": "#other",
									"uv": [ 8.5, 8.0, 9.0, 8.5 ]
								},
								"west": {
									"texture": "#other",
									"uv": [ 14.5, 3.5, 15.0, 4.0 ]
								},
								"up": {
									"texture": "#other",
									"uv": [ 10.5, 12.0, 11.0, 12.5 ]
								},
								"down": {
									"texture": "#other",
									"uv": [ 10.0, 7.0, 10.5, 7.5 ]
								}
							},
							"children": [
								{
									"name": "SpearCornerNW",
									"from": [ 0.0, 0.0, 0.0 ],
									"to": [ 0.0, 0.0, 0.0 ],
									"faces": {
										"north": {
											"texture": "#other",
											"uv": [ 11.5, 9.0, 12.0, 9.5 ]
										},
										"east": {
											"texture": "#other",
											"uv": [ 14.0, 1.5, 14.5, 2.0 ]
										},
										"south": {
											"texture": "#other",
											"uv": [ 7.5, 13.5, 8.0, 14.0 ]
										},
										"west": {
											"texture": "#other",
											"uv": [ 10.0, 9.5, 10.5, 10.0 ]
										},
										"up": {
											"texture": "#other",
											"uv": [ 8.0, 4.0, 8.5, 4.5 ]
										},
										"down": {
											"texture": "#other",
											"uv": [ 9.0, 14.5, 9.5, 15.0 ]
										}
									},
									"children": [
										{
											"name": "Cube1",
											"from": [ 0.0, 0.0, 0.0 ],
											"to": [ 4.0, 1.0, 1.0 ],
											"faces": {
												"north": {
													"texture": "#other",
													"uv": [ 11.0, 12.5, 15.0, 13.5 ],
													"enabled": false
												},
												"east": {
													"texture": "#other",
													"uv": [ 14.0, 10.5, 15.0, 11.5 ]
												},
												"south": {
													"texture": "#other",
													"uv": [ 0.0, 10.0, 4.0, 11.0 ]
												},
												"west": {
													"texture": "#other",
													"uv": [ 12.5, 9.5, 13.5, 10.5 ]
												},
												"up": {
													"texture": "#other",
													"uv": [ 3.5, 14.0, 7.5, 15.0 ]
												},
												"down": {
													"texture": "#other",
													"uv": [ 8.0, 5.5, 12.0, 6.5 ],
													"enabled": false,
													"windMode": [ -1, -1, -1, -1 ]
												}
											}
										},
										{
											"name": "Cube15",
											"from": [ 0.0, 0.0, 1.0 ],
											"to": [ 1.0, 1.0, 2.0 ],
											"rotationOrigin": [ 0.0, 0.0, 1.0 ],
											"faces": {
												"north": {
													"texture": "#other",
													"uv": [ 1.0, 13.0, 2.0, 14.0 ],
													"enabled": false
												},
												"east": {
													"texture": "#other",
													"uv": [ 3.0, 1.5, 4.0, 2.5 ]
												},
												"south": {
													"texture": "#other",
													"uv": [ 10.0, 1.5, 11.0, 2.5 ]
												},
												"west": {
													"texture": "#other",
													"uv": [ 6.0, 6.5, 7.0, 7.5 ]
												},
												"up": {
													"texture": "#other",
													"uv": [ 10.5, 11.0, 11.5, 12.0 ]
												},
												"down": {
													"texture": "#other",
													"uv": [ 10.0, 7.0, 11.0, 8.0 ],
													"enabled": false
												}
											}
										}
									]
								},
								{
									"name": "SpearCornerSW",
									"from": [ 0.0, 0.0, 5.0 ],
									"to": [ 0.0, 0.0, 5.0 ],
									"rotationOrigin": [ 0.0, 0.0, 5.0 ],
									"faces": {
										"north": {
											"texture": "#other",
											"uv": [ 0.5, 9.5, 1.0, 10.0 ]
										},
										"east": {
											"texture": "#other",
											"uv": [ 9.5, 7.5, 10.0, 8.0 ]
										},
										"south": {
											"texture": "#other",
											"uv": [ 10.0, 9.0, 10.5, 9.5 ]
										},
										"west": {
											"texture": "#other",
											"uv": [ 8.0, 13.0, 8.5, 13.5 ]
										},
										"up": {
											"texture": "#other",
											"uv": [ 6.5, 5.0, 7.0, 5.5 ]
										},
										"down": {
											"texture": "#other",
											"uv": [ 1.5, 4.0, 2.0, 4.5 ]
										}
									},
									"children": [
										{
											"name": "Cube17",
											"from": [ 0.0, 0.0, 0.0 ],
											"to": [ 4.0, 1.0, 1.0 ],
											"faces": {
												"north": {
													"texture": "#other",
													"uv": [ 11.0, 7.5, 15.0, 8.5 ],
													"windMode": [ -1, -1, -1, -1 ]
												},
												"east": {
													"texture": "#other",
													"uv": [ 12.0, 12.0, 13.0, 13.0 ]
												},
												"south": {
													"texture": "#other",
													"uv": [ 8.0, 4.5, 12.0, 5.5 ],
													"enabled": false,
													"windMode": [ -1, -1, -1, -1 ]
												},
												"west": {
													"texture": "#other",
													"uv": [ 4.0, 3.0, 5.0, 4.0 ]
												},
												"up": {
													"texture": "#other",
													"uv": [ 2.0, 3.0, 6.0, 4.0 ]
												},
												"down": {
													"texture": "#other",
													"uv": [ 10.0, 10.5, 14.0, 11.5 ],
													"enabled": false
												}
											}
										},
										{
											"name": "Cube18",
											"from": [ 0.0, 0.0, -1.0 ],
											"to": [ 1.0, 1.0, 0.0 ],
											"rotationOrigin": [ 0.0, 0.0, -1.0 ],
											"faces": {
												"north": {
													"texture": "#other",
													"uv": [ 11.0, 5.5, 12.0, 6.5 ],
													"windMode": [ -1, -1, -1, -1 ]
												},
												"east": {
													"texture": "#other",
													"uv": [ 13.5, 4.0, 14.5, 5.0 ]
												},
												"south": {
													"texture": "#other",
													"uv": [ 4.5, 7.5, 5.5, 8.5 ],
													"enabled": false,
													"windMode": [ -1, -1, -1, -1 ]
												},
												"west": {
													"texture": "#other",
													"uv": [ 5.0, 6.0, 6.0, 7.0 ]
												},
												"up": {
													"texture": "#other",
													"uv": [ 1.0, 1.5, 2.0, 2.5 ]
												},
												"down": {
													"texture": "#other",
													"uv": [ 3.0, 13.5, 4.0, 14.5 ],
													"enabled": false
												}
											}
										}
									]
								},
								{
									"name": "Cube16",
									"from": [ 7.0, 0.0, 1.0 ],
									"to": [ 8.0, 1.0, 5.0 ],
									"rotationOrigin": [ 7.0, 0.0, 1.0 ],
									"faces": {
										"north": {
											"texture": "#other",
											"uv": [ 8.5, 4.5, 9.5, 5.5 ]
										},
										"east": {
											"texture": "#other",
											"uv": [ 3.0, 9.0, 7.0, 10.0 ],
											"windMode": [ -1, -1, -1, -1 ]
										},
										"south": {
											"texture": "#other",
											"uv": [ 1.0, 1.5, 2.0, 2.5 ]
										},
										"west": {
											"texture": "#other",
											"uv": [ 10.0, 6.0, 14.0, 7.0 ]
										},
										"up": {
											"texture": "#other",
											"uv": [ 13.5, 11.5, 14.5, 15.5 ]
										},
										"down": {
											"texture": "#other",
											"uv": [ 11.0, 3.0, 12.0, 7.0 ]
										}
									}
								},
								{
									"name": "Cube19",
									"from": [ 6.0, 0.0, 1.0 ],
									"to": [ 7.0, 1.0, 2.0 ],
									"rotationOrigin": [ 6.0, 0.0, 1.0 ],
									"faces": {
										"north": {
											"texture": "#other",
											"uv": [ 6.0, 3.0, 7.0, 4.0 ]
										},
										"east": {
											"texture": "#other",
											"uv": [ 4.5, 14.0, 5.5, 15.0 ]
										},
										"south": {
											"texture": "#other",
											"uv": [ 11.5, 13.0, 12.5, 14.0 ]
										},
										"west": {
											"texture": "#other",
											"uv": [ 0.0, 1.5, 1.0, 2.5 ]
										},
										"up": {
											"texture": "#other",
											"uv": [ 14.5, 2.0, 15.5, 3.0 ]
										},
										"down": {
											"texture": "#other",
											"uv": [ 8.0, 0.5, 9.0, 1.5 ]
										}
									}
								},
								{
									"name": "Cube20",
									"from": [ 6.0, 0.0, 4.0 ],
									"to": [ 7.0, 1.0, 5.0 ],
									"rotationOrigin": [ 6.0, 0.0, 4.0 ],
									"faces": {
										"north": {
											"texture": "#other",
											"uv": [ 14.5, 13.5, 15.5, 14.5 ]
										},
										"east": {
											"texture": "#other",
											"uv": [ 13.0, 10.5, 14.0, 11.5 ]
										},
										"south": {
											"texture": "#other",
											"uv": [ 14.5, 1.5, 15.5, 2.5 ]
										},
										"west": {
											"texture": "#other",
											"uv": [ 12.5, 4.5, 13.5, 5.5 ]
										},
										"up": {
											"texture": "#other",
											"uv": [ 10.5, 10.5, 11.5, 11.5 ]
										},
										"down": {
											"texture": "#other",
											"uv": [ 9.0, 9.0, 10.0, 10.0 ]
										}
									}
								}
							]
						}
					]
				}
			]
		}
	]
}