﻿[
  {
    "side": "Server",
    "dependsOn": [{ "modid": "combatoverhaul" }],
    "file": "spearexpantion:itemtypes/tool/bartka",
    "op": "replace",
    "path": "/class",
    "value": "CombatOverhaul:Axe"
  },
  {
    "file": "spearexpantion:itemtypes/tool/bartka",
    "op": "addmerge",
    "path": "/attributes",
    "value": {
      "ReadyAnimation": "combatoverhaul:axe-ready",
      "IdleAnimation": "combatoverhaul:axe-idle",
      "SwingForwardAnimation": "combatoverhaul:axe-swing-forward",
      "SwingBackAnimation": "combatoverhaul:axe-swing-back",
      "SplitAnimation": "combatoverhaul:axe-split",
      "SplitBackAnimation": "combatoverhaul:axe-split-back",
      "SwingTpAnimation": "axechop",
      "SplitTpAnimation": "axechop",
      "RenderingOffset": false,
      "CanSplitLogs": true,
      "Collider": [0.9, 0.05, 0.15, 1.1, 0.05, 0.15],
      "Attack": {
        "StopOnTerrainHit": false,
        "StopOnEntityHit": true,
        "CollideWithTerrain": true,
        "MaxReach": 9,
        "DamageTypes": [
            {
              "DamageByType": {
                "*-*bronze": {"DamageType": "SlashingAttack", "Strength": 4, "Damage": 4.3},
                "*-iron": {"DamageType": "SlashingAttack", "Strength": 5, "Damage": 4.8},
                "*-meteoriciron": {"DamageType": "SlashingAttack", "Strength": 6, "Damage": 4.8},
                "*-steel": {"DamageType": "SlashingAttack", "Strength": 7, "Damage": 5.3},
				"*-temporalit": {"DamageType": "SlashingAttack", "Strength": 8, "Damage": 5.8}
              },
              "Knockback": -0.2,
              "DurabilityDamage": 1,
              "Collider": [0, 0, 0.5, 1.2, 0, 0.05]
            }
          ]
      },
      "AttackAnimation": "combatoverhaul:axe-attack",
      "AttackTpAnimation": "falx"
    }
  }
]