[
  {
    "side": "Server",
    "dependsOn": [{ "modid": "combatoverhaul" }],
    "file": "spearexpantion:itemtypes/tool/halberd",
    "op": "replace",
    "path": "/class",
    "value": "CombatOverhaul:MeleeWeapon"
  },
  {
    "side": "Server",
    "dependsOn": [{ "modid": "combatoverhaul" }],
    "file": "spearexpantion:itemtypes/tool/halberd",
    "op": "addmerge",
    "path": "/attributes",
    "value": {
      "ProficiencyStat": "halberdsProficiency",
      "RenderingOffset": false,
      "OneHandedStance": {
        "CanAttack": true,
		"CanParry": false,
		"CanBlock": true,
		"CanSprint": true,
		"CanThrow": false,
		"SpeedPenalty": 0,
        "AttackCooldownMs": 650,
        "GripLengthFactor": 2,
        "GripMinLength": 12,
        "GripMaxLength": 0,
        "Attack": {
          "StopOnTerrainHit": false,
          "StopOnEntityHit": false,
          "CollideWithTerrain": true,
          "MaxReach": 9.3,
          "DamageTypes": [
            {
              "DamageByType": {
				"*-blackbronze": {"DamageType": "PiercingAttack", "Strength": 4.6, "Damage": 4.6},
                "*-iron": {"DamageType": "PiercingAttack", "Strength": 5.1, "Damage": 5.1},
				"*-meteoriciron": {"DamageType": "PiercingAttack", "Strength": 6.1, "Damage": 6.1},
				"*-steel": {"DamageType": "PiercingAttack", "Strength": 7.1, "Damage": 7.1},
				"*-temporalit": {"DamageType": "PiercingAttack", "Strength": 8.1, "Damage": 8.1}
              },
              "Knockback": 0.5,
              "DurabilityDamage": 1,
              "Collider": [1.8, 0, 0.5, 3, 0, 0.5]
            }
          ]
        },
        "HandleAttack": {
          "StopOnTerrainHit": true,
          "StopOnEntityHit": false,
          "CollideWithTerrain": true,
          "MaxReach": 9,
          "DamageTypes": [{"Damage": {"DamageType": "BluntAttack", "Strength": 0, "Damage": 1}, "Knockback": 1, "DurabilityDamage": 1, "Collider": [1.9, 0, 0.5, -0.6, 0, 0.5]}]
        },
        "HandleHitSound": "game:sounds/thud",
        "AttackAnimation": {"Main": ["combatoverhaul:spear-thrust-1h"]},
        "ReadyAnimation": "combatoverhaul:spear-ready-1h",
        "IdleAnimation": "combatoverhaul:spear-idle-1h",
        "AttackTpAnimation": "spearhit"
      },
      "TwoHandedStance": {
        "CanAttack": true,
        "CanParry": true,
        "CanBlock": false,
        "CanSprint": true,
        "CanThrow": false,
        "SpeedPenalty": 0,
      "BlockCooldownMs": 750,
      "GripLengthFactor": 4,
      "GripMinLength": 0,
      "GripMaxLength": 20,
      "DirectionalAttacks": {
        "Top": {
          "StopOnTerrainHit": true,
          "StopOnEntityHit": false,
          "CollideWithTerrain": true,
          "HitOnlyOneEntity": false,
          "MaxReach": 15,
          "DamageTypes": [
            {
              "DamageByType": {
                "*-blackbronze": {"DamageType": "SlashingAttack", "Strength": 4, "Damage": 6.5},
                "*-iron": {"DamageType": "SlashingAttack", "Strength": 5, "Damage": 6.5},
                "*-meteoriciron": {"DamageType": "SlashingAttack", "Strength": 6, "Damage": 7},
				"*-steel": {"DamageType": "SlashingAttack", "Strength": 6, "Damage": 8},
				"*-temporalit": {"DamageType": "SlashingAttack", "Strength": 7, "Damage": 9}
              },
              "Knockback": 0.5,
              "DurabilityDamage": 1,
              "Collider": [-0.7, -0.27, 0.5, 1.2, -0.37, 0.5]
            },
            {
              "DamageByType": {
                "*-blackbronze": {"DamageType": "SlashingAttack", "Strength": 4, "Damage": 6.5},
                "*-iron": {"DamageType": "SlashingAttack", "Strength": 5, "Damage": 6.5},
                "*-meteoriciron": {"DamageType": "SlashingAttack", "Strength": 6, "Damage": 7},
				"*-steel": {"DamageType": "SlashingAttack", "Strength": 6, "Damage": 8},
				"*-temporalit": {"DamageType": "SlashingAttack", "Strength": 7, "Damage": 9}
              },
              "Knockback": 0.5,
              "DurabilityDamage": 1,
              "Collider": [0, 0, 0.5, 1.3, 0, 0.5]
            }
          ]
        },
        "Left": {
          "StopOnTerrainHit": true,
          "StopOnEntityHit": false,
          "CollideWithTerrain": true,
          "HitOnlyOneEntity": false,
          "MaxReach": 15,
          "DamageTypes": [
            {
              "DamageByType": {
                "*-blackbronze": {"DamageType": "SlashingAttack", "Strength": 4, "Damage": 6.5},
                "*-iron": {"DamageType": "SlashingAttack", "Strength": 5, "Damage": 6.5},
                "*-meteoriciron": {"DamageType": "SlashingAttack", "Strength": 6, "Damage": 7},
				"*-steel": {"DamageType": "SlashingAttack", "Strength": 6, "Damage": 8},
				"*-temporalit": {"DamageType": "SlashingAttack", "Strength": 7, "Damage": 9}
              },
              "Knockback": 0.5,
              "DurabilityDamage": 1,
              "Collider": [-0.4, -0.27, 0.5, 0.70000005, -0.37, 0.5]
            },
            {
              "DamageByType": {
                "*-blackbronze": {"DamageType": "SlashingAttack", "Strength": 4, "Damage": 6.5},
                "*-iron": {"DamageType": "SlashingAttack", "Strength": 5, "Damage": 6.5},
                "*-meteoriciron": {"DamageType": "SlashingAttack", "Strength": 6, "Damage": 7},
				"*-steel": {"DamageType": "SlashingAttack", "Strength": 6, "Damage": 8},
				"*-temporalit": {"DamageType": "SlashingAttack", "Strength": 7, "Damage": 9}
              },
              "Knockback": 0.5,
              "DurabilityDamage": 1,
              "Collider": [0, 0, 0.5, 1.3, 0, 0.5]
            }
          ]
        },
        "Right": {
          "StopOnTerrainHit": true,
          "StopOnEntityHit": false,
          "CollideWithTerrain": true,
          "HitOnlyOneEntity": false,
          "MaxReach": 15,
          "DamageTypes": [
            {
              "DamageByType": {
                "*-blackbronze": {"DamageType": "SlashingAttack", "Strength": 4, "Damage": 6.5},
                "*-iron": {"DamageType": "SlashingAttack", "Strength": 5, "Damage": 6.5},
                "*-meteoriciron": {"DamageType": "SlashingAttack", "Strength": 6, "Damage": 7},
				"*-steel": {"DamageType": "SlashingAttack", "Strength": 6, "Damage": 8},
				"*-temporalit": {"DamageType": "SlashingAttack", "Strength": 7, "Damage": 9}
              },
              "Knockback": 0.5,
              "DurabilityDamage": 1,
              "Collider": [-0.4, -0.27, 0.5, 0.70000005, -0.37, 0.5]
            },
            {
              "DamageByType": {
                "*-blackbronze": {"DamageType": "SlashingAttack", "Strength": 4, "Damage": 6.5},
                "*-iron": {"DamageType": "SlashingAttack", "Strength": 5, "Damage": 6.5},
                "*-meteoriciron": {"DamageType": "SlashingAttack", "Strength": 6, "Damage": 7},
				"*-steel": {"DamageType": "SlashingAttack", "Strength": 6, "Damage": 8},
				"*-temporalit": {"DamageType": "SlashingAttack", "Strength": 7, "Damage": 9}
              },
              "Knockback": 0.5,
              "DurabilityDamage": 1,
              "Collider": [0, 0, 0.5, 1.3, 0, 0.5]
            }
          ]
        },
        "Bottom": {
          "StopOnTerrainHit": true,
          "StopOnEntityHit": false,
          "CollideWithTerrain": true,
          "HitOnlyOneEntity": true,
          "MaxReach": 15,
          "DamageTypes": [
            {
              "DamageByType": {
                "*-blackbronze": {"DamageType": "SlashingAttack", "Strength": 4, "Damage": 6.5},
                "*-iron": {"DamageType": "SlashingAttack", "Strength": 5, "Damage": 6.5},
                "*-meteoriciron": {"DamageType": "SlashingAttack", "Strength": 6, "Damage": 7},
				"*-steel": {"DamageType": "SlashingAttack", "Strength": 6, "Damage": 8},
				"*-temporalit": {"DamageType": "SlashingAttack", "Strength": 7, "Damage": 9}
              },
              "Knockback": 1,
              "DurabilityDamage": 1,
              "Collider": [0, 0, 0.5, 1.3, 0, 0.5]
            },
            {
              "DamageByType": {
                "*-blackbronze": {"DamageType": "SlashingAttack", "Strength": 4, "Damage": 6.5},
                "*-iron": {"DamageType": "SlashingAttack", "Strength": 5, "Damage": 6.5},
                "*-meteoriciron": {"DamageType": "SlashingAttack", "Strength": 6, "Damage": 7},
				"*-steel": {"DamageType": "SlashingAttack", "Strength": 6, "Damage": 8},
				"*-temporalit": {"DamageType": "SlashingAttack", "Strength": 7, "Damage": 9}
              },
              "Knockback": 1,
              "DurabilityDamage": 1,
              "Collider": [0, 0, 0.5, 0, 0, 0.5]
            }
          ]
        }
      },
      "HandleAttack": {
        "StopOnTerrainHit": true,
        "StopOnEntityHit": false,
        "CollideWithTerrain": true,
        "MaxReach": 9,
        "DamageTypes": [{"Damage": {"DamageType": "BluntAttack", "Strength": 0, "Damage": 0}, "Knockback": 0, "DurabilityDamage": 0, "Collider": [-2.4, 0.1, 0.5, -0.5, 0.1, 0.5]}]
      },
      "HandleHitSound": "game:sounds/thud",
      "AttackDirectionsType": "Square",
      "AttackAnimation": {
        "Top": ["armory:halberd-slash-2h-top"],
        "Left": ["armory:halberd-slash-2h-left"],
        "Right": ["armory:halberd-slash-2h-right"],
        "Bottom": ["armory:halberd-thrust-2h-bottom"]
      },
      "ReadyAnimation": "armory:halberd-ready-2h",
      "IdleAnimation": "armory:halberd-idle-1h",
      "AttackTpAnimation": "spearhit"
	 }
	}
  }
]