[
  { "side": "Server",
	"file": "spearexpantion:itemtypes/tool/expandedbow",
	"op": "addmerge",
	"path": "/behaviors",
	"value": [{"name": "CombatOverhaul:AnimatableAttachable", "properties": {"animated-shape": "combatoverhaul:weapons/bows/long"}}],
	"dependsOn": [{ "modid": "combatoverhaul" }]
  },
  {
    "side": "Server",
    "dependsOn": [{ "modid": "combatoverhaul" }],
    "file": "spearexpantion:itemtypes/tool/expandedbow",
    "op": "replace",
    "path": "/class",
    "value": "CombatOverhaul:Bow"
  },
  { "side": "Server",
	"file": "spearexpantion:itemtypes/tool/expandedbow",
	"op": "remove",
	"path": "/attributes/damageByType",
	"dependsOn": [{ "modid": "combatoverhaul" }]
  },
  {
    "side": "Server",
    "dependsOn": [{ "modid": "combatoverhaul" }],
    "file": "spearexpantion:itemtypes/tool/expandedbow",
    "op": "addmerge",
    "path": "/attributes",
    "value": {
	"ArrowTransform": {"translation": {"x": -3, "y": 0.3, "z": 0}, "rotation": {"x": 0, "y": 0, "z": 1}, "scale": 0.75},
	"ReadyAnimation": "combatoverhaul:bow-ready",
    "IdleAnimation": "combatoverhaul:bow-idle",
	"LoadAnimation": "combatoverhaul:bow-load-long",
    "DrawAnimation": "combatoverhaul:bow-draw-long",
    "DrawAfterLoadAnimation": "combatoverhaul:bow-draw-short-long",
    "ReleaseAnimation": "combatoverhaul:bow-release-long",
    "ProficiencyStat": "bowsProficiency",
    "ArrowDamageMultiplierByType": {"*-ranger": 1.9, "*-yager": 2},
    "ArrowDamageStrengthByType": {"*-ranger": 6, "*-yager": 6.5},
    "ArrowVelocityByType": {"*-ranger": 1.7, "*-yager": 1.6},
    "AimingByType": {
      "*-ranger": {
        "AimDifficulty": 1,
        "CursorType": "Moving",
        "AccuracyOvertimeSec": 5,
        "ZeroingAngle": 1.5,
        "CursorTextureReady": "combatoverhaul:gui/aiming/arrow-full.png",
        "CursorTextureNotReady": "combatoverhaul:gui/aiming/arrow-part.png",
        "AllowSprint": false,
        "MoveSpeedPenalty": 0.7,
        "AimDrift": 130,
        "AimTwitch": 25,
        "AnimationFollowX": 3,
        "AnimationFollowY": 3,
        "VerticalLimit": 0.25,
        "VerticalOffset": -0.05
      },
      "*-yager": {
        "AimDifficulty": 1,
        "CursorType": "Moving",
        "AccuracyOvertimeSec": 7,
        "ZeroingAngle": 1.5,
        "CursorTextureReady": "combatoverhaul:gui/aiming/arrow-full.png",
        "CursorTextureNotReady": "combatoverhaul:gui/aiming/arrow-part.png",
        "AllowSprint": true,
        "MoveSpeedPenalty": 0,
        "AimDrift": 140,
        "AimTwitch": 30,
        "AnimationFollowX": 4,
        "AnimationFollowY": 4,
        "VerticalLimit": 0.25,
        "VerticalOffset": -0.05
      }
    }
    }
	},
	{
    "side": "Server",
    "dependsOn": [{ "modid": "combatoverhaul" }],
    "file": "spearexpantion:itemtypes/tool/expandedbow",
    "op": "replace",
    "path": "/tpHandTransformByType/*-yager",
    "value": {"translation": { x: -0.56, y: 0.01, z: -0.54 },"rotation": { x: 88, y: 1, z: 10 },"origin": { x: 0.5, y: 0, z: 0.5 },"scale": 0.96}
  },
  {
    "side": "Server",
    "dependsOn": [{ "modid": "combatoverhaul" }],
    "file": "spearexpantion:itemtypes/tool/expandedbow",
    "op": "replace",
    "path": "/tpHandTransformByType/*-ranger",
    "value": {"translation": { x: -0.56, y: 0.01, z: -0.54 },"rotation": { x: 88, y: 1, z: 10 },"origin": { x: 0.5, y: 0, z: 0.5 },"scale": 0.96}
  },
]