[
  {
    "side": "Server",
    "dependsOn": [{ "modid": "combatoverhaul" }],
    "file": "spearexpantion:itemtypes/tool/claymore",
    "op": "replace",
    "path": "/class",
    "value": "CombatOverhaul:MeleeWeapon"
  },
  {
    "side": "Server",
    "dependsOn": [{ "modid": "combatoverhaul" }],
    "file": "spearexpantion:itemtypes/tool/claymore",
    "op": "addmerge",
    "path": "/attributes",
    "value": {
      "ProficiencyStat": "twoHandedSwordsProficiency",
    "RenderingOffset": false,
    "OneHandedStance": {
      "CanAttack": true,
      "CanParry": false,
      "CanBlock": true,
      "CanSprint": true,
      "Attack": {
        "StopOnTerrainHit": true,
        "StopOnEntityHit": true,
        "CollideWithTerrain": true,
        "MaxReach": 8,
        "DamageTypesByType": {
          "*-iron": [{"Damage": {"DamageType": "SlashingAttack", "Strength": 4, "Damage": 4.5}, "Knockback": 0, "DurabilityDamage": 1, "Collider": [0.5, -0.05, 0.5, 3, -0.05, 0.5]}],
          "*-meteoriciron": [{"Damage": {"DamageType": "SlashingAttack", "Strength": 5, "Damage": 4.5}, "Knockback": 0, "DurabilityDamage": 1, "Collider": [0.5, -0.05, 0.5, 3, -0.05, 0.5]}],
          "*-steel": [{"Damage": {"DamageType": "SlashingAttack", "Strength": 6, "Damage": 5}, "Knockback": 0, "DurabilityDamage": 1, "Collider": [0.5, 0, 0.5, 3.1, 0, 0.5]}],
		  "*-temporalit": [{"Damage": {"DamageType": "SlashingAttack", "Strength": 7, "Damage": 6}, "Knockback": 0, "DurabilityDamage": 1, "Collider": [0.5, 0, 0.5, 3.1, 0, 0.5]}]
        }
      },
      "AttackHitSound": "game:sounds/thud",
      "AttackAnimationByType": {
        "*": {"Main": ["armory:sword-long-thrust-1h-1", "armory:sword-long-thrust-1h-2", "armory:sword-long-thrust-1h-3"]}
      },
      "SpeedPenalty": 0,
      "ReadyAnimation": "armory:sword-long-ready-1h",
      "IdleAnimation": "armory:sword-long-idle-1h",
      "AttackTpAnimation": "falx"
    },
    "TwoHandedStance": {
      "CanAttack": true,
      "CanParry": true,
      "CanBlock": false,
      "CanSprint": true,
      "Attack": {
        "StopOnTerrainHit": true,
        "StopOnEntityHit": true,
        "CollideWithTerrain": true,
        "MaxReach": 8,
        "DamageTypesByType": {
          "*-iron": [{"Damage": {"DamageType": "SlashingAttack", "Strength": 4, "Damage": 5}, "Knockback": 0, "DurabilityDamage": 1, "Collider": [0.5, -0.05, 0.5, 3, -0.05, 0.5]}],
          "*-meteoriciron": [{"Damage": {"DamageType": "SlashingAttack", "Strength": 5, "Damage": 5}, "Knockback": 0, "DurabilityDamage": 1, "Collider": [0.5, -0.05, 0.5, 3, -0.05, 0.5]}],
          "*-steel": [{"Damage": {"DamageType": "SlashingAttack", "Strength": 6, "Damage": 6}, "Knockback": 0, "DurabilityDamage": 1, "Collider": [0.5, 0, 0.5, 3.1, 0, 0.5]}],
		  "*-temporalit": [{"Damage": {"DamageType": "SlashingAttack", "Strength": 7, "Damage": 6.5}, "Knockback": 0, "DurabilityDamage": 1, "Collider": [0.5, 0, 0.5, 3.1, 0, 0.5]}]
        }
      },
      "AttackHitSound": "game:sounds/thud",
      "AttackDirectionsType": "Square",
      "AttackAnimationByType": {
        "*": {
          "Top": ["armory:sword-long-slash-2h-top"],
          "Left": ["armory:sword-long-slash-2h-left"],
          "Right": ["armory:sword-long-slash-2h-right"],
          "Bottom": ["armory:sword-long-thrust-2h-bottom"]
        }
      },
      "SpeedPenalty": 0,
      "BlockSpeedPenalty": 0,
      "Parry": {
        "Zones": ["Head", "Face", "Neck", "Torso", "LeftArm", "RightArm", "LeftHand", "RightHand", "LeftLeg", "RightLeg", "LeftFoot", "RightFoot"],
        "Directions": [90, 90, 90, 90],
        "Sound": "game:sounds/held/shieldblock-metal-heavy",
        "BlockTier": {"BluntAttack": 9, "SlashingAttack": 9, "PiercingAttack": 7}
      },
      "BlockCooldownMs": 300,
      "BlockAnimation": "armory:sword-long-parry-2h",
      "ReadyAnimation": "armory:sword-long-ready-2h",
      "IdleAnimation": "armory:sword-long-idle-2h",
      "AttackTpAnimation": "spearhit"
	}
	}
  }
]