[
  {
    "side": "Server",
    "dependsOn": [{ "modid": "combatoverhaul"}, { "modid": "armory"}],
    "file": "spearexpantion:itemtypes/tool/mace",
    "op": "replace",
    "path": "/class",
    "value": "CombatOverhaul:MeleeWeapon"
  },
  {
    "side": "Server",
    "dependsOn": [{ "modid": "combatoverhaul" }],
    "file": "spearexpantion:itemtypes/tool/mace",
    "op": "addmerge",
    "path": "/attributes",
    "value": {
      "ProficiencyStat": "macesProficiency",
    "RenderingOffset": false,
    "OneHandedStance": {
      "CanAttack": true,
      "CanParry": false,
      "CanBlock": false,
      "CanSprint": true,
      "Attack": {
        "StopOnTerrainHit": true,
        "StopOnEntityHit": true,
        "CollideWithTerrain": true,
        "MaxReach": 9,
          "DamageTypes": [
            {
              "DamageByType": {
                "mace-common-blackbronze": {"DamageType": "BluntAttack", "Strength": 4, "Damage": 4.6},
                "mace-common-iron": {"DamageType": "BluntAttack", "Strength": 5, "Damage": 4.9},
                "mace-common-meteoriciron": {"DamageType": "BluntAttack", "Strength": 5, "Damage": 5.15},
				"mace-common-steel": {"DamageType": "BluntAttack", "Strength": 6, "Damage": 5.20},
				"mace-common-silver": {"DamageType": "BluntAttack", "Strength": 7, "Damage": 5.25},
				"mace-common-gold": {"DamageType": "BluntAttack", "Strength": 7, "Damage": 5.25},
				"mace-common-temporalit": {"DamageType": "BluntAttack", "Strength": 8, "Damage": 6.20},
				"mace-flanged-blackbronze": {"DamageType": "BluntAttack", "Strength": 4, "Damage": 4.7},
                "mace-flanged-iron": {"DamageType": "BluntAttack", "Strength": 5, "Damage": 5},
                "mace-flanged-meteoriciron": {"DamageType": "BluntAttack", "Strength": 5, "Damage": 5.25},
				"mace-flanged-steel": {"DamageType": "BluntAttack", "Strength": 6, "Damage": 5.30},
				"mace-flanged-silver": {"DamageType": "BluntAttack", "Strength": 7, "Damage": 5.35},
				"mace-flanged-gold": {"DamageType": "BluntAttack", "Strength": 7, "Damage": 5.35},
				"mace-flanged-temporalit": {"DamageType": "BluntAttack", "Strength": 8, "Damage": 6.30},
				"mace-warpick-blackbronze": {"DamageType": "BluntAttack", "Strength": 4, "Damage": 4.7},
                "mace-warpick-iron": {"DamageType": "BluntAttack", "Strength": 5, "Damage": 5},
                "mace-warpick-meteoriciron": {"DamageType": "BluntAttack", "Strength": 5, "Damage": 5.25},
				"mace-warpick-steel": {"DamageType": "BluntAttack", "Strength": 6, "Damage": 5.27},
				"mace-warpick-silver": {"DamageType": "BluntAttack", "Strength": 7, "Damage": 5.5},
				"mace-warpick-gold": {"DamageType": "BluntAttack", "Strength": 7, "Damage": 5.5},
				"mace-warpick-temporalit": {"DamageType": "BluntAttack", "Strength": 8, "Damage": 6.27}
              },
              "Knockback": 0,
              "DurabilityDamage": 1,
              "Collider": [0.7, -0.1, 0.5, 1.7, -0.2, 0.5]
            }
          ]
        },
      "AttackHitSound": "game:sounds/thud",
      "AttackAnimation": {"Main": ["armory:mace-strike-1h-1", "armory:mace-strike-1h-2"]},
      "ReadyAnimation": "armory:mace-ready-1h",
      "IdleAnimation": "armory:mace-idle-1h",
      "AttackTpAnimation": "falx"
      },
    }
	}
]