[
  { "side": "Server",
	"file": "spearexpantion:itemtypes/tool/hornybows",
	"op": "addmerge",
	"path": "/behaviors",
	"value": [{"name": "CombatOverhaul:AnimatableAttachable", "properties": {"animated-shape": "combatoverhaul:weapons/bows/recurve"}}],
	"dependsOn": [{ "modid": "combatoverhaul" }]
  },
  {
    "side": "Server",
    "dependsOn": [{ "modid": "combatoverhaul" }],
    "file": "spearexpantion:itemtypes/tool/hornybows",
    "op": "replace",
    "path": "/class",
    "value": "CombatOverhaul:Bow"
  },
  { "side": "Server",
	"file": "spearexpantion:itemtypes/tool/hornybows",
	"op": "remove",
	"path": "/attributes/damageByType",
	"dependsOn": [{ "modid": "combatoverhaul" }]
  },
  {
    "side": "Server",
    "dependsOn": [{ "modid": "combatoverhaul" }],
    "file": "spearexpantion:itemtypes/tool/hornybows",
    "op": "addmerge",
    "path": "/attributes",
    "value": {
	"ArrowTransform": {"translation": {"x": -3, "y": 0.3, "z": 0}, "rotation": {"x": 0, "y": 0, "z": 1}, "scale": 0.75},
	"ReadyAnimation": "combatoverhaul:bow-ready",
    "IdleAnimation": "combatoverhaul:bow-idle",
	"LoadAnimation": "combatoverhaul:bow-load-long",
    "DrawAnimation": "combatoverhaul:bow-draw-long",
    "DrawAfterLoadAnimation": "combatoverhaul:bow-draw-short-long",
    "ReleaseAnimation": "combatoverhaul:bow-release-long",
    "ProficiencyStat": "bowsProficiency",
    "ArrowDamageMultiplierByType": {"*-nomad-*": 3, "*-yagermaster-*": 3.3},
    "ArrowDamageStrengthByType": {"*-nomad-*": 7, "*-yagermaster-*": 8},
    "ArrowVelocityByType": {"*-nomad-*": 1.9, "*-yagermaster-*": 2},
    "AimingByType": {
      "*-nomad-*": {
        "AimDifficulty": 0.5,
        "CursorType": "Moving",
        "AccuracyOvertimeSec": 5,
        "ZeroingAngle": 1.5,
        "CursorTextureReady": "combatoverhaul:gui/aiming/arrow-full.png",
        "CursorTextureNotReady": "combatoverhaul:gui/aiming/arrow-part.png",
        "AllowSprint": true,
        "MoveSpeedPenalty": 0.1,
        "AimDrift": 95,
        "AimTwitch": 10,
        "AnimationFollowX": 3,
        "AnimationFollowY": 3,
        "VerticalLimit": 0.25,
        "VerticalOffset": -0.05
      },
      "*-yagermaster-*": {
        "AimDifficulty": 0.9,
        "CursorType": "Moving",
        "AccuracyOvertimeSec": 7,
        "ZeroingAngle": 1.5,
        "CursorTextureReady": "combatoverhaul:gui/aiming/arrow-full.png",
        "CursorTextureNotReady": "combatoverhaul:gui/aiming/arrow-part.png",
        "AllowSprint": true,
        "MoveSpeedPenalty": 0.2,
        "AimDrift": 115,
        "AimTwitch": 20,
        "AnimationFollowX": 4,
        "AnimationFollowY": 4,
        "VerticalLimit": 0.25,
        "VerticalOffset": -0.05
      }
    }
    }
	},
	{
    "side": "Server",
    "dependsOn": [{ "modid": "combatoverhaul" }],
    "file": "spearexpantion:itemtypes/tool/hornybows",
    "op": "replace",
    "path": "/tpHandTransformByType/*-nomad-*",
    "value": {"translation": { x: -0.56, y: 0.01, z: -0.54 },"rotation": { x: 88, y: 1, z: 10 },"origin": { x: 0.5, y: 0, z: 0.5 },"scale": 1.29}
  },
  {
    "side": "Server",
    "dependsOn": [{ "modid": "combatoverhaul" }],
    "file": "spearexpantion:itemtypes/tool/hornybows",
    "op": "replace",
    "path": "/tpHandTransformByType/*-yagermaster-*",
    "value": {"translation": { x: -0.56, y: 0.01, z: -0.54 },"rotation": { x: 88, y: 1, z: 10 },"origin": { x: 0.5, y: 0, z: 0.5 },"scale": 0.93}
  },
]