﻿[
  { "op": "replace", "path": "/0/enabled", "value": false, "file": "paxel:recipes/grid/paxel-chert.json", "condition": { "when": "Paxel.Recipe.Enabled.Chert", "isValue": "false" }, "side": "server" },
  { "op": "replace", "path": "/1/enabled", "value": false, "file": "paxel:recipes/grid/paxel-chert.json", "condition": { "when": "Paxel.Recipe.Enabled.Chert", "isValue": "false" }, "side": "server" },
  { "op": "replace", "path": "/2/enabled", "value": false, "file": "paxel:recipes/grid/paxel-chert.json", "condition": { "when": "Paxel.Recipe.Enabled.Chert", "isValue": "false" }, "side": "server" },
  { "op": "replace", "path": "/3/enabled", "value": false, "file": "paxel:recipes/grid/paxel-chert.json", "condition": { "when": "Paxel.Recipe.Enabled.Chert", "isValue": "false" }, "side": "server" },
  { "op": "replace", "path": "/4/enabled", "value": false, "file": "paxel:recipes/grid/paxel-chert.json", "condition": { "when": "Paxel.Recipe.Enabled.Chert", "isValue": "false" }, "side": "server" },
  { "op": "replace", "path": "/5/enabled", "value": false, "file": "paxel:recipes/grid/paxel-chert.json", "condition": { "when": "Paxel.Recipe.Enabled.Chert", "isValue": "false" }, "side": "server" }
]