[
	{
		ingredientPattern: "B,L,P",
		recipeGroup: 2,
		ingredients: {
			"B": { type: "item", code: "spearexpantion:armorr-head-brigandine-*", name: "metal", allowedVariants: ["temporalit"] },
			"L": { type: "item", code: "game:leather-normal-plain" },
			"P": { type: "item", code: "game:metalplate-*", name: "metal", allowedVariants: ["temporalit"] }
		},
		width: 1,
		height: 3,
		shapeless: true,
		copyAttributesFrom: 'B',
		averageDurability: false,
		name: "brigandine helmet repair",
		output: { type: "item", code: "spearexpantion:armorr-head-brigandine-{metal}"  }
	},
	{
      ingredientPattern: "B,L,P",
      recipeGroup: 2,
      ingredients: {
          "B": { type: "item", code: "game:armor-body-brigandine-*", name: "metal", allowedVariants: ["temporalit"] },
          "L": { type: "item", code: "game:leather-normal-plain" },
          "P": { type: "item", code: "game:metalplate-*", name: "metal", allowedVariants: ["temporalit"] }
      },
      width: 1,
      height: 3,
      shapeless: true,
      copyAttributesFrom: 'B',
      averageDurability: false,
      name: "brigandine body armor repair",
      output: { type: "item", code: "game:armor-body-brigandine-{metal}"  }
  },
	{
		ingredientPattern: "B,L,P",
		recipeGroup: 2,
		ingredients: {
			"B": { type: "item", code: "game:armor-legs-brigandine-*", name: "metal", allowedVariants: ["temporalit"] },
			"L": { type: "item", code: "game:leather-normal-plain" },
			"P": { type: "item", code: "game:metalplate-*", name: "metal", allowedVariants: ["temporalit"] }
		},
		width: 1,
		height: 3,
		shapeless: true,
		copyAttributesFrom: 'B',
		averageDurability: false,
		name: "brigandine leg armor repair",
		output: { type: "item", code: "game:armor-legs-brigandine-{metal}"  }
	}
]