[

	{
		ingredientPattern: "T,C",
		recipeGroup: 2,
		ingredients: {
			"T": { type: "item", code: "spearexpantion:armorr-head-chain-*", name: "metal", allowedVariants: ["temporalit"] },
			"C": { type: "item", code: "game:metalchain-*", name: "metal", allowedVariants: ["temporalit"] }
		},
		width: 1,
		height: 2,
		shapeless: true,
		copyAttributesFrom: 'T',
		averageDurability: false,
		name: "chain helmet repair",
		output: { type: "item", code: "spearexpantion:armorr-head-chain-{metal}"  }
	},
	{
		ingredientPattern: "T,L,C",
		recipeGroup: 2,
		ingredients: {
			"T": { type: "item", code: "game:armor-body-chain-*", name: "metal", allowedVariants: ["temporalit"] },
			"L": { type: "item", code: "game:leather-normal-plain" },
			"C": { type: "item", code: "game:metalchain-*", name: "metal", allowedVariants: ["temporalit"] }
		},
		width: 1,
		height: 3,
		shapeless: true,
		copyAttributesFrom: 'T',
		averageDurability: false,
		name: "chain body armor repair",
		output: { type: "item", code: "game:armor-body-chain-{metal}"  }
	},
	{
		ingredientPattern: "T,L,C",
		recipeGroup: 2,
		ingredients: {
			"T": { type: "item", code: "game:armor-legs-chain-*", name: "metal", allowedVariants: ["temporalit"] },
			"L": { type: "item", code: "game:leather-normal-plain" },
			"C": { type: "item", code: "game:metalchain-*", name: "metal", allowedVariants: ["temporalit"] }
		},
		width: 1,
		height: 3,
		shapeless: true,
		copyAttributesFrom: 'T',
		averageDurability: false,
		name: "chain leg armor repair",
		output: { type: "item", code: "game:armor-legs-chain-{metal}"  }
	}
	
]