[
	      {
        "op": "addmerge",
        "path": "/-",
        "value": {
		"comment": "Small patches of Common Grape Vines",
		"blockCodes": ["floralzonesmediterraneanregion:bigberrybush-capparisspinosa-empty", "floralzonesmediterraneanregion:bigberrybush-capparisspinosa-flowering", "floralzonesmediterraneanregion:bigberrybush-capparisspinosa-ripe"],
		"minTemp": 13,
		"maxTemp": 26,
		"minRain": 0.2,
		"maxRain": 0.62,
		"minFertility": 0,
		"maxFertility": 0.7,
		"chance": 0.2,
		"minForest": 0,
		"maxForest": 0.6,
		"maxY": 0.48,
		"quantity": { "avg": 5, "var": 2 },
          "offsetX": { "avg": 0, "var": 4 },
          "offsetZ": { "avg": 0, "var": 4 },
	},
        "file": "game:worldgen/blockpatches/berrybush.json",
        "side": "server"
      },
	      {
        "op": "addmerge",
        "path": "/-",
        "value": {
		"comment": "Small patches of Common Grape Vines",
		"blockCodes": ["floralzonesmediterraneanregion:smallberrybush-wild-vitisvinifera-empty", "floralzonesmediterraneanregion:smallberrybush-wild-vitisvinifera-flowering", "floralzonesmediterraneanregion:smallberrybush-wild-vitisvinifera-ripe"],
		"minTemp": 12,
		"maxTemp": 27,
		"minRain": 0.26,
		"maxRain": 0.55,
		"minFertility": 0.3,
		"maxFertility": 1,
		"chance": 0.3,
		"minForest": 0.5,
		"maxForest": 1,
		"maxY": 0.5,
		"placement": "OnSurfacePlusUnderTrees",
		"quantity": { "avg": 7, "var": 4 },
          "offsetX": { "avg": 0, "var": 8 },
          "offsetZ": { "avg": 0, "var": 8 },
	},
        "file": "game:worldgen/blockpatches/berrybush.json",
        "side": "server"
      }
]