{
	"editor": {
		"allAngles": true,
		"entityTextureMode": false
	},
	"textureWidth": 96,
	"textureHeight": 128,
	"textureSizes": {
		"bearbrown2": [96,96]
	},
	"textures": {
        "brown21": "rottingenimals:entity/bear/brown21",
        "corrupt": "game:entity/locust/corrupt",
        "crouched3": "game:entity/drifter/crouched3",
        "wolf9": "rottingenimals:entity/wolf/wolf9"
	},
	"elements": [
		{
			"name": "head",
			"from": [ -12.8758, 14.3958, 7.3744 ],
			"to": [ -5.3758, 19.8958, 13.3744 ],
			"rotationOrigin": [ -9.3758, 17.1958, 7.3744 ],
			"rotationX": 89.0,
			"rotationY": -84.0,
			"rotationZ": 90.0,
			"faces": {
				"north": { "texture": "#brown21", "uv": [ 87.5, 27.0, 95.0, 32.5 ] },
				"east": { "texture": "#brown21", "uv": [ 81.5, 27.0, 87.5, 32.5 ] },
				"south": { "texture": "#brown21", "uv": [ 74.0, 27.0, 81.5, 32.5 ] },
				"west": { "texture": "#brown21", "uv": [ 68.0, 27.0, 74.0, 32.5 ] },
				"up": { "texture": "#brown21", "uv": [ 74.0, 21.0, 81.5, 27.0 ] },
				"down": { "texture": "#brown21", "uv": [ 74.0, 32.5, 81.5, 38.5 ], "rotation": 180 }
			},
			"children": [
				{
					"name": "mouth",
					"from": [ 2.0, 1.2, 4.9 ],
					"to": [ 5.5, 3.2, 8.9 ],
					"rotationOrigin": [ 3.8, 2.2, 4.9 ],
					"rotationX": 14.0,
					"faces": {
						"north": { "texture": "#brown21", "uv": [ 53.5, 13.5, 57.0, 15.5 ], "rotation": 180 },
						"east": { "texture": "#brown21", "uv": [ 57.0, 15.5, 59.0, 19.5 ], "rotation": 90 },
						"south": { "texture": "#brown21", "uv": [ 53.5, 19.5, 57.0, 21.5 ] },
						"west": { "texture": "#brown21", "uv": [ 51.5, 15.5, 53.5, 19.5 ], "rotation": 270 },
						"up": { "texture": "#brown21", "uv": [ 53.5, 15.5, 57.0, 19.5 ], "snapUv": false },
						"down": { "texture": "#brown21", "uv": [ 59.0, 15.5, 62.5, 19.5 ] }
					},
					"children": [
						{
							"name": "nose",
							"from": [ 1.1, 1.2, 3.2 ],
							"to": [ 2.4, 2.2, 4.2 ],
							"rotationOrigin": [ 1.1, 1.2, 3.2 ],
							"faces": {
								"north": { "texture": "#brown21", "uv": [ 85.0, 0.0, 86.0, 1.0 ], "rotation": 180 },
								"east": { "texture": "#brown21", "uv": [ 86.0, 1.0, 87.0, 2.0 ], "rotation": 90 },
								"south": { "texture": "#brown21", "uv": [ 85.0, 2.0, 86.0, 3.0 ] },
								"west": { "texture": "#brown21", "uv": [ 84.0, 1.0, 85.0, 2.0 ], "rotation": 270 },
								"up": { "texture": "#brown21", "uv": [ 85.0, 1.0, 86.0, 2.0 ] },
								"down": { "texture": "#brown21", "uv": [ 87.0, 1.0, 88.0, 2.0 ] }
							}
						},
						{
							"name": "right halfjaw0.1",
							"from": [ 0.6, -0.7, 1.5 ],
							"to": [ 1.3, -0.2, 3.5 ],
							"rotationOrigin": [ 0.6, -0.7, 1.5 ],
							"rotationX": 8.0,
							"rotationY": -14.0,
							"faces": {
								"north": { "texture": "#brown21", "uv": [ 0.0, 2.0, 0.5, 2.5 ] },
								"east": { "texture": "#wolf9", "uv": [ 60.0, 120.0, 61.5, 121.0 ] },
								"south": { "texture": "#brown21", "uv": [ 2.5, 2.0, 3.0, 2.5 ] },
								"west": { "texture": "#brown21", "uv": [ 3.0, 2.0, 5.0, 2.5 ] },
								"up": { "texture": "#brown21", "uv": [ 0.0, 0.0, 0.5, 2.0 ] },
								"down": { "texture": "#brown21", "uv": [ 0.5, 0.0, 1.0, 2.0 ] }
							},
							"children": [
								{
									"name": "right halfjaw0.2",
									"from": [ 0.0, 0.05, 1.9 ],
									"to": [ 0.6, 0.45, 3.1 ],
									"rotationOrigin": [ 0.0, 0.0, 1.9 ],
									"rotationY": 25.0,
									"faces": {
										"north": { "texture": "#brown21", "uv": [ 0.0, 1.0, 0.5, 1.5 ] },
										"east": { "texture": "#wolf9", "uv": [ 60.0, 120.0, 60.75, 121.0 ] },
										"south": { "texture": "#brown21", "uv": [ 1.5, 1.0, 2.0, 1.5 ] },
										"west": { "texture": "#brown21", "uv": [ 2.0, 1.0, 3.0, 1.5 ] },
										"up": { "texture": "#brown21", "uv": [ 0.0, 0.0, 0.5, 1.0 ] },
										"down": { "texture": "#brown21", "uv": [ 0.5, 0.0, 1.0, 1.0 ] }
									},
									"children": [
										{
											"name": "right halfjaw0.3",
											"from": [ 0.05, 0.05, 1.25 ],
											"to": [ 0.55, 0.35, 2.05 ],
											"rotationOrigin": [ 0.0, 0.0, 1.2 ],
											"rotationY": 55.0,
											"faces": {
												"north": { "texture": "#brown21", "uv": [ 0.0, 0.5, 0.5, 1.0 ] },
												"east": { "texture": "#wolf9", "uv": [ 60.0, 120.0, 60.75, 121.0 ] },
												"south": { "texture": "#wolf9", "uv": [ 60.0, 120.0, 60.75, 121.0 ] },
												"west": { "texture": "#brown21", "uv": [ 1.5, 0.5, 2.0, 1.0 ] },
												"up": { "texture": "#brown21", "uv": [ 0.0, 0.0, 0.5, 0.5 ] },
												"down": { "texture": "#brown21", "uv": [ 0.5, 0.0, 1.0, 0.5 ] }
											}
										},
										{
											"name": "right halfjaw1.2",
											"from": [ 0.3, -0.17, -0.5 ],
											"to": [ 1.1, 0.03, 1.0 ],
											"rotationOrigin": [ 0.3, -0.2, -0.5 ],
											"faces": {
												"north": { "texture": "#brown21", "uv": [ 0.0, 1.5, 0.5, 2.0 ] },
												"east": { "texture": "#wolf9", "uv": [ 60.0, 120.0, 61.5, 120.5 ] },
												"south": { "texture": "#brown21", "uv": [ 2.0, 1.5, 2.5, 2.0 ] },
												"west": { "texture": "#brown21", "uv": [ 2.5, 1.5, 4.0, 2.0 ] },
												"up": { "texture": "#wolf9", "uv": [ 60.0, 120.0, 60.75, 121.0 ] },
												"down": { "texture": "#brown21", "uv": [ 0.5, 0.0, 1.0, 1.5 ] }
											}
										},
										{
											"name": "Cube6",
											"from": [ 0.2, 0.28, 0.7 ],
											"to": [ 0.4, 0.48, 0.9 ],
											"rotationOrigin": [ 0.2, 0.28, 0.7 ],
											"rotationZ": 28.0,
											"faces": {
												"north": { "texture": "#crouched3", "uv": [ 18.0, 74.0, 18.75, 75.0 ] },
												"east": { "texture": "#crouched3", "uv": [ 18.0, 75.0, 18.75, 76.0 ] },
												"south": { "texture": "#crouched3", "uv": [ 18.75, 76.0, 19.5, 77.0 ] },
												"west": { "texture": "#crouched3", "uv": [ 16.5, 76.0, 17.25, 77.0 ] },
												"up": { "texture": "#crouched3", "uv": [ 17.25, 76.0, 18.0, 77.0 ] },
												"down": { "texture": "#crouched3", "uv": [ 18.75, 77.0, 19.5, 78.0 ] }
											}
										}
									]
								},
								{
									"name": "right halfjaw1.1",
									"from": [ 0.3, -0.1, 0.0 ],
									"to": [ 1.1, 0.1, 2.0 ],
									"rotationOrigin": [ 0.3, -0.1, 0.0 ],
									"faces": {
										"north": { "texture": "#brown21", "uv": [ 0.0, 2.0, 0.5, 2.5 ] },
										"east": { "texture": "#wolf9", "uv": [ 60.0, 120.0, 62.0, 120.5 ] },
										"south": { "texture": "#brown21", "uv": [ 2.5, 2.0, 3.0, 2.5 ] },
										"west": { "texture": "#brown21", "uv": [ 3.0, 2.0, 5.0, 2.5 ] },
										"up": { "texture": "#wolf9", "uv": [ 60.0, 120.0, 60.75, 122.0 ] },
										"down": { "texture": "#brown21", "uv": [ 11.0, 10.5, 11.5, 12.5 ] }
									}
								},
								{
									"name": "R halfjaw teath",
									"from": [ 0.1, 0.4, 0.7 ],
									"to": [ 0.4, 0.7, 1.0 ],
									"rotationOrigin": [ 0.1, 0.4, 0.7 ],
									"rotationY": -3.0,
									"rotationZ": -28.0,
									"faces": {
										"north": { "texture": "#crouched3", "uv": [ 3.0, 55.0, 3.75, 56.0 ] },
										"east": { "texture": "#crouched3", "uv": [ 1.5, 56.0, 2.25, 57.0 ] },
										"south": { "texture": "#crouched3", "uv": [ 3.75, 56.0, 4.5, 57.0 ] },
										"west": { "texture": "#crouched3", "uv": [ 3.75, 55.0, 4.5, 56.0 ] },
										"up": { "texture": "#crouched3", "uv": [ 3.0, 58.0, 3.75, 59.0 ] },
										"down": { "texture": "#crouched3", "uv": [ 3.0, 58.0, 3.75, 59.0 ] }
									}
								},
								{
									"name": "R halfjaw teath2",
									"from": [ 0.1, 0.4, 1.2 ],
									"to": [ 0.4, 0.7, 1.5 ],
									"rotationOrigin": [ 0.1, 0.4, 1.2 ],
									"rotationY": -3.0,
									"rotationZ": -28.0,
									"faces": {
										"north": { "texture": "#crouched3", "uv": [ 6.75, 61.0, 7.5, 62.0 ] },
										"east": { "texture": "#crouched3", "uv": [ 8.25, 66.0, 9.0, 67.0 ] },
										"south": { "texture": "#crouched3", "uv": [ 8.25, 62.0, 9.0, 63.0 ] },
										"west": { "texture": "#crouched3", "uv": [ 9.75, 65.0, 10.5, 66.0 ] },
										"up": { "texture": "#crouched3", "uv": [ 6.0, 66.0, 6.75, 67.0 ] },
										"down": { "texture": "#crouched3", "uv": [ 8.25, 65.0, 9.0, 66.0 ] }
									}
								}
							]
						},
						{
							"name": "Left halfjaw 0.1",
							"from": [ 2.0, -0.7, 1.6 ],
							"to": [ 2.7, -0.2, 3.6 ],
							"rotationOrigin": [ 2.0, -0.7, 1.6 ],
							"rotationX": 8.0,
							"rotationY": 14.0,
							"faces": {
								"north": { "texture": "#brown21", "uv": [ 0.0, 2.0, 0.5, 2.5 ] },
								"east": { "texture": "#brown21", "uv": [ 0.5, 2.0, 2.5, 2.5 ] },
								"south": { "texture": "#brown21", "uv": [ 2.5, 2.0, 3.0, 2.5 ] },
								"west": { "texture": "#wolf9", "uv": [ 60.0, 120.0, 61.5, 121.0 ] },
								"up": { "texture": "#brown21", "uv": [ 0.0, 0.0, 0.5, 2.0 ] },
								"down": { "texture": "#brown21", "uv": [ 0.5, 0.0, 1.0, 2.0 ] }
							},
							"children": [
								{
									"name": "left halfjaw0.2",
									"from": [ 0.1, 0.05, 1.7 ],
									"to": [ 0.7, 0.45, 2.9 ],
									"rotationOrigin": [ 0.1, 0.0, 1.7 ],
									"rotationY": -25.0,
									"faces": {
										"north": { "texture": "#brown21", "uv": [ 0.0, 1.0, 0.5, 1.5 ] },
										"east": { "texture": "#brown21", "uv": [ 0.5, 1.0, 1.5, 1.5 ] },
										"south": { "texture": "#brown21", "uv": [ 1.5, 1.0, 2.0, 1.5 ] },
										"west": { "texture": "#wolf9", "uv": [ 60.0, 120.0, 60.75, 121.0 ] },
										"up": { "texture": "#brown21", "uv": [ 0.0, 0.0, 0.5, 1.0 ] },
										"down": { "texture": "#brown21", "uv": [ 0.5, 0.0, 1.0, 1.0 ] }
									},
									"children": [
										{
											"name": "left halfjaw0.3",
											"from": [ 0.23, 0.05, 0.75 ],
											"to": [ 0.73, 0.35, 1.55 ],
											"rotationOrigin": [ 0.2, 0.0, 0.78 ],
											"rotationY": -55.0,
											"faces": {
												"north": { "texture": "#brown21", "uv": [ 0.0, 0.5, 0.5, 1.0 ] },
												"east": { "texture": "#brown21", "uv": [ 0.5, 0.5, 1.0, 1.0 ] },
												"south": { "texture": "#wolf9", "uv": [ 60.0, 120.0, 60.75, 121.0 ] },
												"west": { "texture": "#wolf9", "uv": [ 60.0, 120.0, 60.75, 121.0 ] },
												"up": { "texture": "#brown21", "uv": [ 0.0, 0.0, 0.5, 0.5 ] },
												"down": { "texture": "#brown21", "uv": [ 0.5, 0.0, 1.0, 0.5 ] }
											}
										},
										{
											"name": "Cube2",
											"from": [ -0.4, -0.17, -0.5 ],
											"to": [ 0.4, 0.03, 1.0 ],
											"rotationOrigin": [ -0.4, -0.2, -0.5 ],
											"faces": {
												"north": { "texture": "#brown21", "uv": [ 0.0, 1.5, 0.5, 2.0 ] },
												"east": { "texture": "#brown21", "uv": [ 0.5, 1.5, 2.0, 2.0 ] },
												"south": { "texture": "#brown21", "uv": [ 2.0, 1.5, 2.5, 2.0 ] },
												"west": { "texture": "#wolf9", "uv": [ 60.0, 120.0, 61.5, 121.0 ] },
												"up": { "texture": "#wolf9", "uv": [ 60.0, 120.0, 60.75, 121.0 ] },
												"down": { "texture": "#brown21", "uv": [ 0.5, 0.0, 1.0, 1.5 ] }
											}
										},
										{
											"name": "Cube5",
											"from": [ 0.2, 0.37, 0.6 ],
											"to": [ 0.4, 0.57, 0.8 ],
											"rotationOrigin": [ 0.2, 0.37, 0.6 ],
											"rotationX": 8.0,
											"rotationY": 3.0,
											"rotationZ": -30.0,
											"faces": {
												"north": { "texture": "#crouched3", "uv": [ 20.25, 63.0, 21.0, 64.0 ] },
												"east": { "texture": "#crouched3", "uv": [ 19.5, 60.0, 20.25, 61.0 ] },
												"south": { "texture": "#crouched3", "uv": [ 21.0, 64.0, 21.75, 65.0 ] },
												"west": { "texture": "#crouched3", "uv": [ 20.25, 61.0, 21.0, 62.0 ] },
												"up": { "texture": "#crouched3", "uv": [ 21.75, 61.0, 22.5, 62.0 ] },
												"down": { "texture": "#crouched3", "uv": [ 21.0, 60.0, 21.75, 61.0 ] }
											}
										}
									]
								},
								{
									"name": "left halfjaw1.1",
									"from": [ -0.3, -0.1, 0.0 ],
									"to": [ 0.5, 0.1, 2.0 ],
									"rotationOrigin": [ -0.3, -0.1, 0.0 ],
									"faces": {
										"north": { "texture": "#brown21", "uv": [ 0.0, 2.0, 0.5, 2.5 ] },
										"east": { "texture": "#brown21", "uv": [ 0.5, 2.0, 2.5, 2.5 ] },
										"south": { "texture": "#brown21", "uv": [ 2.5, 2.0, 3.0, 2.5 ] },
										"west": { "texture": "#brown21", "uv": [ 60.0, 120.0, 62.0, 120.5 ] },
										"up": { "texture": "#wolf9", "uv": [ 60.0, 120.0, 60.75, 122.0 ] },
										"down": { "texture": "#brown21", "uv": [ 0.5, 0.0, 1.0, 2.0 ] }
									}
								},
								{
									"name": "L halfjaw teath",
									"from": [ 0.3, 0.3, 0.9 ],
									"to": [ 0.6, 0.6, 1.2 ],
									"rotationOrigin": [ 0.3, 0.3, 0.9 ],
									"rotationY": -3.0,
									"rotationZ": 28.0,
									"faces": {
										"north": { "texture": "#crouched3", "uv": [ 10.5, 69.0, 11.25, 70.0 ] },
										"east": { "texture": "#crouched3", "uv": [ 9.0, 66.0, 9.75, 67.0 ] },
										"south": { "texture": "#crouched3", "uv": [ 9.0, 69.0, 9.75, 70.0 ] },
										"west": { "texture": "#crouched3", "uv": [ 13.5, 64.0, 14.25, 65.0 ] },
										"up": { "texture": "#crouched3", "uv": [ 12.75, 64.0, 13.5, 65.0 ] },
										"down": { "texture": "#crouched3", "uv": [ 12.75, 65.0, 13.5, 66.0 ] }
									}
								},
								{
									"name": "L halfjaw teath2",
									"from": [ 0.2, 0.3, 1.5 ],
									"to": [ 0.5, 0.6, 1.8 ],
									"rotationOrigin": [ 0.2, 0.3, 1.5 ],
									"rotationY": -3.0,
									"rotationZ": 28.0,
									"faces": {
										"north": { "texture": "#crouched3", "uv": [ 16.5, 71.0, 17.25, 72.0 ] },
										"east": { "texture": "#crouched3", "uv": [ 15.75, 67.0, 16.5, 68.0 ] },
										"south": { "texture": "#crouched3", "uv": [ 16.5, 70.0, 17.25, 71.0 ] },
										"west": { "texture": "#crouched3", "uv": [ 16.5, 68.0, 17.25, 69.0 ] },
										"up": { "texture": "#crouched3", "uv": [ 16.5, 69.0, 17.25, 70.0 ] },
										"down": { "texture": "#crouched3", "uv": [ 17.25, 69.0, 18.0, 70.0 ] }
									}
								}
							]
						},
						{
							"name": "teath",
							"from": [ -0.1, -0.7, 3.6 ],
							"to": [ 0.2, 0.4, 3.9 ],
							"rotationOrigin": [ -0.1, -0.7, 3.6 ],
							"rotationX": 3.0,
							"rotationZ": -11.0,
							"faces": {
								"north": { "texture": "#crouched3", "uv": [ 9.0, 68.0, 9.75, 69.0 ] },
								"east": { "texture": "#crouched3", "uv": [ 11.25, 69.0, 12.0, 70.0 ] },
								"south": { "texture": "#crouched3", "uv": [ 12.0, 66.0, 12.75, 67.0 ] },
								"west": { "texture": "#crouched3", "uv": [ 12.0, 68.0, 12.75, 69.0 ] },
								"up": { "texture": "#crouched3", "uv": [ 18.75, 74.0, 19.5, 75.0 ] },
								"down": { "texture": "#crouched3", "uv": [ 13.5, 66.0, 14.25, 67.0 ] }
							}
						},
						{
							"name": "teath2",
							"from": [ 0.0, -0.3, 3.2 ],
							"to": [ 0.3, 0.6, 3.5 ],
							"rotationOrigin": [ 0.0, -0.3, 3.2 ],
							"rotationX": -14.0,
							"rotationY": -11.0,
							"rotationZ": -28.0,
							"faces": {
								"north": { "texture": "#crouched3", "uv": [ 15.75, 75.0, 16.5, 76.0 ] },
								"east": { "texture": "#crouched3", "uv": [ 16.5, 77.0, 17.25, 78.0 ] },
								"south": { "texture": "#crouched3", "uv": [ 16.5, 74.0, 17.25, 75.0 ] },
								"west": { "texture": "#crouched3", "uv": [ 17.25, 76.0, 18.0, 77.0 ] },
								"up": { "texture": "#crouched3", "uv": [ 18.0, 74.0, 18.75, 75.0 ] },
								"down": { "texture": "#crouched3", "uv": [ 17.25, 75.0, 18.0, 76.0 ] }
							}
						},
						{
							"name": "teath3",
							"from": [ -0.3, -0.5, 2.5 ],
							"to": [ 0.0, 0.6, 2.8 ],
							"rotationOrigin": [ -0.3, -0.5, 2.5 ],
							"rotationX": 3.0,
							"rotationY": -14.0,
							"rotationZ": -25.0,
							"faces": {
								"north": { "texture": "#crouched3", "uv": [ 3.75, 58.0, 4.5, 59.0 ] },
								"east": { "texture": "#crouched3", "uv": [ 6.0, 56.0, 6.75, 57.0 ] },
								"south": { "texture": "#crouched3", "uv": [ 6.0, 57.0, 6.75, 58.0 ] },
								"west": { "texture": "#crouched3", "uv": [ 6.0, 54.0, 6.75, 55.0 ] },
								"up": { "texture": "#crouched3", "uv": [ 6.0, 55.0, 6.75, 56.0 ] },
								"down": { "texture": "#crouched3", "uv": [ 3.75, 58.0, 4.5, 59.0 ] }
							}
						},
						{
							"name": "teath4",
							"from": [ 3.2, -0.4, 3.6 ],
							"to": [ 3.5, 0.1, 3.9 ],
							"rotationOrigin": [ 3.2, -0.4, 3.6 ],
							"rotationX": 3.0,
							"rotationZ": 8.0,
							"faces": {
								"north": { "texture": "#crouched3", "uv": [ 4.5, 56.0, 5.25, 57.0 ] },
								"east": { "texture": "#crouched3", "uv": [ 3.75, 64.0, 4.5, 65.0 ] },
								"south": { "texture": "#crouched3", "uv": [ 6.0, 57.0, 6.75, 58.0 ] },
								"west": { "texture": "#crouched3", "uv": [ 12.75, 60.0, 13.5, 61.0 ] },
								"up": { "texture": "#crouched3", "uv": [ 7.5, 61.0, 8.25, 62.0 ] },
								"down": { "texture": "#crouched3", "uv": [ 6.75, 58.0, 7.5, 59.0 ] }
							}
						},
						{
							"name": "teath5",
							"from": [ 3.2, -0.3, 2.9 ],
							"to": [ 3.5, 0.2, 3.2 ],
							"rotationOrigin": [ 3.2, -0.3, 2.9 ],
							"rotationX": -17.0,
							"rotationY": -3.0,
							"rotationZ": 8.0,
							"faces": {
								"north": { "texture": "#crouched3", "uv": [ 13.5, 65.0, 14.25, 66.0 ] },
								"east": { "texture": "#crouched3", "uv": [ 8.25, 71.0, 9.0, 72.0 ] },
								"south": { "texture": "#crouched3", "uv": [ 12.0, 68.0, 12.75, 69.0 ] },
								"west": { "texture": "#crouched3", "uv": [ 12.75, 66.0, 13.5, 67.0 ] },
								"up": { "texture": "#crouched3", "uv": [ 9.0, 64.0, 9.75, 65.0 ] },
								"down": { "texture": "#crouched3", "uv": [ 10.5, 65.0, 11.25, 66.0 ] }
							}
						},
						{
							"name": "teath6",
							"from": [ 1.1, -0.2, 3.6 ],
							"to": [ 1.4, 0.5, 3.9 ],
							"rotationOrigin": [ 1.1, -0.2, 3.6 ],
							"faces": {
								"north": { "texture": "#crouched3", "uv": [ 9.0, 68.0, 9.75, 69.0 ] },
								"east": { "texture": "#crouched3", "uv": [ 11.25, 69.0, 12.0, 70.0 ] },
								"south": { "texture": "#crouched3", "uv": [ 12.0, 66.0, 12.75, 67.0 ] },
								"west": { "texture": "#crouched3", "uv": [ 12.0, 68.0, 12.75, 69.0 ] },
								"up": { "texture": "#crouched3", "uv": [ 18.75, 74.0, 19.5, 75.0 ] },
								"down": { "texture": "#crouched3", "uv": [ 13.5, 66.0, 14.25, 67.0 ] }
							}
						},
						{
							"name": "teath7",
							"from": [ 1.8, -0.2, 3.6 ],
							"to": [ 2.1, 0.5, 3.9 ],
							"rotationOrigin": [ 1.8, -0.2, 3.6 ],
							"rotationY": -17.0,
							"faces": {
								"north": { "texture": "#crouched3", "uv": [ 9.0, 68.0, 9.75, 69.0 ] },
								"east": { "texture": "#crouched3", "uv": [ 11.25, 69.0, 12.0, 70.0 ] },
								"south": { "texture": "#crouched3", "uv": [ 12.0, 66.0, 12.75, 67.0 ] },
								"west": { "texture": "#crouched3", "uv": [ 12.0, 68.0, 12.75, 69.0 ] },
								"up": { "texture": "#crouched3", "uv": [ 18.75, 74.0, 19.5, 75.0 ] },
								"down": { "texture": "#crouched3", "uv": [ 13.5, 66.0, 14.25, 67.0 ] }
							}
						},
						{
							"name": "teath8",
							"from": [ 2.7, -0.2, 3.6 ],
							"to": [ 3.0, 0.5, 3.9 ],
							"rotationOrigin": [ 2.7, -0.2, 3.6 ],
							"faces": {
								"north": { "texture": "#crouched3", "uv": [ 9.0, 68.0, 9.75, 69.0 ] },
								"east": { "texture": "#crouched3", "uv": [ 11.25, 69.0, 12.0, 70.0 ] },
								"south": { "texture": "#crouched3", "uv": [ 12.0, 66.0, 12.75, 67.0 ] },
								"west": { "texture": "#crouched3", "uv": [ 12.0, 68.0, 12.75, 69.0 ] },
								"up": { "texture": "#crouched3", "uv": [ 18.75, 74.0, 19.5, 75.0 ] },
								"down": { "texture": "#crouched3", "uv": [ 13.5, 66.0, 14.25, 67.0 ] }
							}
						}
					]
				},
				{
					"name": "cheeks",
					"from": [ 0.2, -1.5, 4.7 ],
					"to": [ 7.2, 2.0, 8.7 ],
					"rotationOrigin": [ 3.7, -1.5, 4.7 ],
					"rotationX": -45.0,
					"faces": {
						"north": { "texture": "#brown21", "uv": [ 85.5, 42.5, 92.5, 46.0 ] },
						"east": { "texture": "#brown21", "uv": [ 81.5, 42.5, 85.5, 46.0 ] },
						"south": { "texture": "#brown21", "uv": [ 74.5, 42.5, 81.5, 46.0 ] },
						"west": { "texture": "#brown21", "uv": [ 70.5, 42.5, 74.5, 46.0 ] },
						"up": { "texture": "#brown21", "uv": [ 74.5, 38.5, 81.5, 42.5 ], "snapUv": false },
						"down": { "texture": "#brown21", "uv": [ 74.5, 46.0, 81.5, 50.0 ], "rotation": 180 }
					},
					"children": [
						{
							"name": "tongue",
							"from": [ 3.0, -0.8, 2.9 ],
							"to": [ 4.0, 0.2, 3.3 ],
							"rotationOrigin": [ 3.0, -0.8, 2.9 ],
							"rotationX": -11.0,
							"faces": {
								"north": { "texture": "#wolf9", "uv": [ 60.75, 120.0, 61.5, 121.0 ] },
								"east": { "texture": "#wolf9", "uv": [ 60.75, 120.0, 61.5, 121.0 ] },
								"south": { "texture": "#wolf9", "uv": [ 60.75, 120.0, 61.5, 121.0 ] },
								"west": { "texture": "#wolf9", "uv": [ 60.75, 120.0, 61.5, 121.0 ] },
								"up": { "texture": "#wolf9", "uv": [ 60.75, 120.0, 61.5, 121.0 ] },
								"down": { "texture": "#wolf9", "uv": [ 61.5, 120.0, 62.25, 121.0 ] }
							},
							"children": [
								{
									"name": "tongue2",
									"from": [ 0.2, -0.5508, -0.3108 ],
									"to": [ 1.0, 0.4492, -0.0108 ],
									"rotationOrigin": [ 0.2, -0.5508, -0.3108 ],
									"rotationX": 14.0,
									"rotationY": -17.0,
									"faces": {
										"north": { "texture": "#wolf9", "uv": [ 60.75, 120.0, 61.5, 121.0 ] },
										"east": { "texture": "#wolf9", "uv": [ 60.75, 120.0, 61.5, 121.0 ] },
										"south": { "texture": "#wolf9", "uv": [ 60.75, 120.0, 61.5, 121.0 ] },
										"west": { "texture": "#wolf9", "uv": [ 60.75, 120.0, 61.5, 121.0 ] },
										"up": { "texture": "#wolf9", "uv": [ 60.75, 120.0, 61.5, 121.0 ] },
										"down": { "texture": "#wolf9", "uv": [ 61.5, 120.0, 62.25, 121.0 ] }
									},
									"children": [
										{
											"name": "tongue3",
											"from": [ 0.0743, -0.5327, -0.0983 ],
											"to": [ 0.6743, 0.1673, 0.2017 ],
											"rotationOrigin": [ 0.0743, -0.5335, -0.0991 ],
											"rotationX": 10.402,
											"rotationY": -2.291,
											"rotationZ": -3.201,
											"faces": {
												"north": { "texture": "#wolf9", "uv": [ 60.75, 120.0, 61.5, 121.0 ] },
												"east": { "texture": "#wolf9", "uv": [ 60.75, 120.0, 61.5, 121.0 ] },
												"south": { "texture": "#wolf9", "uv": [ 60.75, 120.0, 61.5, 121.0 ] },
												"west": { "texture": "#wolf9", "uv": [ 60.75, 120.0, 61.5, 121.0 ] },
												"up": { "texture": "#wolf9", "uv": [ 60.75, 120.0, 61.5, 121.0 ] },
												"down": { "texture": "#wolf9", "uv": [ 61.5, 120.0, 62.25, 121.0 ] }
											},
											"children": [
												{
													"name": "Cube3",
													"from": [ 0.2, -0.2, -0.1 ],
													"to": [ 0.6, 0.2, 0.1 ],
													"rotationOrigin": [ 0.2, -0.2, -0.1 ],
													"rotationX": 28.0,
													"rotationY": 11.0,
													"rotationZ": 14.0,
													"faces": {
														"north": { "texture": "#wolf9", "uv": [ 60.0, 120.0, 60.75, 121.0 ] },
														"east": { "texture": "#wolf9", "uv": [ 60.0, 120.0, 60.75, 121.0 ] },
														"south": { "texture": "#wolf9", "uv": [ 60.0, 120.0, 60.75, 121.0 ] },
														"west": { "texture": "#wolf9", "uv": [ 60.0, 120.0, 60.75, 121.0 ] },
														"up": { "texture": "#wolf9", "uv": [ 60.0, 120.0, 60.75, 121.0 ] },
														"down": { "texture": "#wolf9", "uv": [ 60.0, 120.0, 60.75, 121.0 ] }
													}
												}
											]
										}
									]
								}
							]
						}
					]
				},
				{
					"name": "R ear",
					"from": [ -0.5, 4.5, 4.0 ],
					"to": [ 2.5, 7.5, 5.0 ],
					"rotationOrigin": [ 2.5, 4.5, 4.5 ],
					"rotationZ": 22.5,
					"faces": {
						"north": { "texture": "#brown21", "uv": [ 5.5, 1.5, 8.5, 4.5 ] },
						"east": { "texture": "#brown21", "uv": [ 4.5, 1.5, 5.5, 4.5 ] },
						"south": { "texture": "#brown21", "uv": [ 1.5, 1.5, 4.5, 4.5 ] },
						"west": { "texture": "#brown21", "uv": [ 0.5, 1.5, 1.5, 4.5 ] },
						"up": { "texture": "#brown21", "uv": [ 1.5, 0.5, 4.5, 1.5 ] },
						"down": { "texture": "#brown21", "uv": [ 1.5, 4.5, 4.5, 5.5 ], "rotation": 180 }
					}
				},
				{
					"name": "R eye",
					"from": [ 1.2, 3.2, 5.6 ],
					"to": [ 2.7, 3.8, 6.1 ],
					"rotationOrigin": [ 1.2, 3.2, 5.6 ],
					"faces": {
						"north": { "texture": "#brown21", "uv": [ 90.5, 1.5, 92.0, 2.0 ] },
						"south": { "texture": "#brown21", "uv": [ 89.0, 1.5, 90.5, 2.0 ] },
						"west": { "texture": "#brown21", "uv": [ 88.5, 1.5, 89.0, 2.0 ] },
						"up": { "texture": "#brown21", "uv": [ 89.0, 1.0, 90.5, 1.5 ] },
						"down": { "texture": "#brown21", "uv": [ 89.0, 2.0, 90.5, 2.5 ], "rotation": 180 }
					},
					"children": [
						{
							"name": "pupilR",
							"from": [ 0.8, 0.05, 0.0 ],
							"to": [ 1.3, 0.55, 0.6 ],
							"rotationOrigin": [ 0.8, 0.0, 0.0 ],
							"faces": {
								"north": { "texture": "#corrupt", "uv": [ 90.0, 2.0, 91.5, 4.0 ], "glow": 196 },
								"east": { "texture": "#corrupt", "uv": [ 90.0, 2.0, 91.5, 4.0 ], "glow": 196 },
								"south": { "texture": "#corrupt", "uv": [ 12.0, 46.0, 13.5, 48.0 ], "glow": 196 },
								"west": { "texture": "#corrupt", "uv": [ 91.5, 2.0, 93.0, 4.0 ], "glow": 196 },
								"up": { "texture": "#corrupt", "uv": [ 90.0, 2.0, 91.5, 4.0 ], "glow": 196 },
								"down": { "texture": "#corrupt", "uv": [ 90.0, 2.0, 91.5, 4.0 ], "glow": 196 }
							}
						},
						{
							"name": "pupilR2",
							"from": [ 0.3, 0.05, 0.0 ],
							"to": [ 0.8, 0.55, 0.6 ],
							"rotationOrigin": [ 0.3, 0.0, 0.0 ],
							"faces": {
								"north": { "texture": "#corrupt", "uv": [ 90.0, 2.0, 91.5, 4.0 ], "glow": 196 },
								"east": { "texture": "#corrupt", "uv": [ 90.0, 2.0, 91.5, 4.0 ], "glow": 196 },
								"south": { "texture": "#corrupt", "uv": [ 93.0, 2.0, 94.5, 4.0 ] },
								"west": { "texture": "#corrupt", "uv": [ 91.5, 2.0, 93.0, 4.0 ], "glow": 196 },
								"up": { "texture": "#corrupt", "uv": [ 90.0, 2.0, 91.5, 4.0 ], "glow": 196 },
								"down": { "texture": "#corrupt", "uv": [ 90.0, 2.0, 91.5, 4.0 ], "glow": 196 }
							}
						}
					]
				},
				{
					"name": "L eye",
					"from": [ 4.8, 3.2, 5.6 ],
					"to": [ 6.3, 3.8, 6.1 ],
					"rotationOrigin": [ 4.8, 3.2, 5.6 ],
					"faces": {
						"north": { "texture": "#brown21", "uv": [ 94.5, 1.5, 96.0, 2.0 ] },
						"south": { "texture": "#brown21", "uv": [ 93.0, 1.5, 94.5, 2.0 ] },
						"west": { "texture": "#brown21", "uv": [ 92.5, 1.5, 93.0, 2.0 ] },
						"up": { "texture": "#brown21", "uv": [ 94.0, 1.0, 95.5, 1.5 ] },
						"down": { "texture": "#brown21", "uv": [ 93.0, 2.0, 94.5, 2.5 ], "rotation": 180 }
					},
					"children": [
						{
							"name": "pupilL",
							"from": [ 0.7, 0.05, 0.0 ],
							"to": [ 1.2, 0.55, 0.6 ],
							"rotationOrigin": [ 0.7, 0.0, 0.0 ],
							"faces": {
								"north": { "texture": "#corrupt", "uv": [ 90.0, 2.0, 91.5, 4.0 ], "glow": 196 },
								"east": { "texture": "#corrupt", "uv": [ 91.5, 2.0, 93.0, 4.0 ], "glow": 196 },
								"south": { "texture": "#corrupt", "uv": [ 90.0, 2.0, 91.5, 4.0 ], "glow": 196 },
								"west": { "texture": "#corrupt", "uv": [ 90.0, 2.0, 91.5, 4.0 ], "glow": 196 },
								"up": { "texture": "#corrupt", "uv": [ 90.0, 2.0, 91.5, 4.0 ], "glow": 196 },
								"down": { "texture": "#corrupt", "uv": [ 90.0, 2.0, 91.5, 4.0 ], "glow": 196 }
							}
						},
						{
							"name": "pupilL2",
							"from": [ 0.2, 0.05, 0.0 ],
							"to": [ 0.7, 0.55, 0.6 ],
							"rotationOrigin": [ 0.2, 0.0, 0.0 ],
							"faces": {
								"north": { "texture": "#corrupt", "uv": [ 90.0, 2.0, 91.5, 4.0 ], "glow": 196 },
								"east": { "texture": "#corrupt", "uv": [ 91.5, 2.0, 93.0, 4.0 ], "glow": 196 },
								"south": { "texture": "#corrupt", "uv": [ 90.0, 2.0, 91.5, 4.0 ], "glow": 196 },
								"west": { "texture": "#corrupt", "uv": [ 90.0, 2.0, 91.5, 4.0 ], "glow": 196 },
								"up": { "texture": "#corrupt", "uv": [ 90.0, 2.0, 91.5, 4.0 ], "glow": 196 },
								"down": { "texture": "#corrupt", "uv": [ 90.0, 2.0, 91.5, 4.0 ], "glow": 196 }
							}
						}
					]
				},
				{
					"name": "L ear",
					"from": [ 5.0, 4.5, 4.0 ],
					"to": [ 8.0, 7.5, 5.0 ],
					"rotationOrigin": [ 5.0, 4.5, 4.5 ],
					"rotationZ": -22.5,
					"faces": {
						"north": { "texture": "#brown21", "uv": [ 5.5, 7.0, 8.5, 10.0 ] },
						"east": { "texture": "#brown21", "uv": [ 4.5, 7.0, 5.5, 10.0 ] },
						"south": { "texture": "#brown21", "uv": [ 1.5, 7.0, 4.5, 10.0 ] },
						"west": { "texture": "#brown21", "uv": [ 0.5, 7.0, 1.5, 10.0 ] },
						"up": { "texture": "#brown21", "uv": [ 1.5, 6.0, 4.5, 7.0 ] },
						"down": { "texture": "#brown21", "uv": [ 1.5, 10.0, 4.5, 11.0 ], "rotation": 180 }
					},
					"children": [
						{
							"name": "ear rod",
							"from": [ 1.0, 2.0, -0.2 ],
							"to": [ 1.7, 2.6, 1.4 ],
							"rotationOrigin": [ 1.0, 2.0, -0.2 ],
							"faces": {
								"north": { "texture": "#crouched3", "uv": [ 3.0, 56.0, 4.75, 58.0 ], "autoUv": false },
								"east": { "texture": "#crouched3", "uv": [ 1.5, 59.0, 4.0, 61.0 ], "autoUv": false },
								"south": { "texture": "#crouched3", "uv": [ 2.25, 58.0, 4.0, 60.0 ], "autoUv": false },
								"west": { "texture": "#crouched3", "uv": [ 4.5, 57.0, 7.0, 59.0 ], "autoUv": false },
								"up": { "texture": "#crouched3", "uv": [ 2.25, 55.0, 4.0, 57.0 ], "autoUv": false },
								"down": { "texture": "#crouched3", "uv": [ 3.0, 58.0, 4.75, 60.0 ], "autoUv": false }
							},
							"children": [
								{
									"name": "ear rod1",
									"from": [ 0.0, 0.05, 1.6 ],
									"to": [ 0.6, 0.55, 2.6 ],
									"rotationOrigin": [ 0.0, 0.0, 1.6 ],
									"rotationY": 55.0,
									"faces": {
										"north": { "texture": "#crouched3", "uv": [ 3.75, 56.0, 5.5, 57.0 ], "autoUv": false },
										"east": { "texture": "#crouched3", "uv": [ 2.25, 55.0, 4.0, 57.0 ], "autoUv": false },
										"south": { "texture": "#crouched3", "uv": [ 3.0, 56.0, 4.75, 58.0 ], "autoUv": false },
										"west": { "texture": "#crouched3", "uv": [ 3.75, 57.0, 5.5, 59.0 ], "autoUv": false },
										"up": { "texture": "#crouched3", "uv": [ 2.25, 55.0, 4.0, 57.0 ], "autoUv": false },
										"down": { "texture": "#crouched3", "uv": [ 3.0, 58.0, 4.75, 60.0 ], "autoUv": false }
									},
									"children": [
										{
											"name": "ear rod2",
											"from": [ 0.1, -0.05, 0.6 ],
											"to": [ 2.5, 0.55, 1.1 ],
											"rotationOrigin": [ 0.1, 0.0, 0.6 ],
											"faces": {
												"north": { "texture": "#crouched3", "uv": [ 2.25, 56.0, 5.5, 58.0 ], "autoUv": false },
												"east": { "texture": "#crouched3", "uv": [ 2.25, 54.0, 4.0, 54.0 ], "autoUv": false },
												"south": { "texture": "#crouched3", "uv": [ 3.0, 57.0, 6.25, 59.0 ], "autoUv": false },
												"west": { "texture": "#crouched3", "uv": [ 3.75, 57.0, 5.5, 59.0 ], "autoUv": false },
												"up": { "texture": "#crouched3", "uv": [ 2.25, 56.0, 5.5, 58.0 ], "autoUv": false },
												"down": { "texture": "#crouched3", "uv": [ 2.25, 59.0, 5.5, 61.0 ], "autoUv": false }
											}
										}
									]
								},
								{
									"name": "ear rod3",
									"from": [ 0.8, -0.1, -0.3 ],
									"to": [ 1.4, 0.4, 0.5 ],
									"rotationOrigin": [ 0.8, -0.1, -0.3 ],
									"rotationY": -64.0,
									"faces": {
										"north": { "texture": "#crouched3", "uv": [ 3.75, 56.0, 5.5, 58.0 ], "autoUv": false },
										"east": { "texture": "#crouched3", "uv": [ 2.25, 54.0, 4.0, 56.0 ], "autoUv": false },
										"south": { "texture": "#crouched3", "uv": [ 4.5, 56.0, 6.25, 58.0 ], "autoUv": false },
										"west": { "texture": "#crouched3", "uv": [ 3.0, 57.0, 4.75, 59.0 ], "autoUv": false },
										"up": { "texture": "#crouched3", "uv": [ 2.25, 55.0, 2.0, 57.0 ], "autoUv": false },
										"down": { "texture": "#crouched3", "uv": [ 2.25, 56.0, 4.0, 58.0 ], "autoUv": false }
									}
								}
							]
						}
					]
				},
				{
					"name": "head wire",
					"from": [ 2.3, 5.0, 4.4 ],
					"to": [ 2.6, 6.0, 4.7 ],
					"rotationOrigin": [ 2.3, 5.0, 4.4 ],
					"rotationY": -19.0,
					"rotationZ": -19.0,
					"faces": {
						"north": { "texture": "#crouched3", "uv": [ 2.25, 56.0, 3.0, 57.0 ] },
						"east": { "texture": "#crouched3", "uv": [ 1.5, 56.0, 2.25, 57.0 ] },
						"south": { "texture": "#crouched3", "uv": [ 3.0, 57.0, 3.75, 58.0 ] },
						"west": { "texture": "#crouched3", "uv": [ 2.25, 54.0, 3.0, 55.0 ] },
						"up": { "texture": "#crouched3", "uv": [ 2.25, 59.0, 3.0, 60.0 ] },
						"down": { "texture": "#crouched3", "uv": [ 2.25, 59.0, 3.0, 60.0 ] }
					}
				},
				{
					"name": "head wire2",
					"from": [ 2.3, 5.0, 4.0 ],
					"to": [ 2.6, 6.0, 4.3 ],
					"rotationOrigin": [ 2.3, 5.0, 4.0 ],
					"rotationY": -89.0,
					"rotationZ": -33.0,
					"faces": {
						"north": { "texture": "#crouched3", "uv": [ 2.25, 56.0, 3.0, 57.0 ] },
						"east": { "texture": "#crouched3", "uv": [ 1.5, 56.0, 2.25, 57.0 ] },
						"south": { "texture": "#crouched3", "uv": [ 3.0, 57.0, 3.75, 58.0 ] },
						"west": { "texture": "#crouched3", "uv": [ 2.25, 54.0, 3.0, 55.0 ] },
						"up": { "texture": "#crouched3", "uv": [ 2.25, 59.0, 3.0, 60.0 ] },
						"down": { "texture": "#crouched3", "uv": [ 2.25, 59.0, 3.0, 60.0 ] }
					}
				},
				{
					"name": "head wire3",
					"from": [ 3.5, 5.3, 4.0 ],
					"to": [ 3.8, 6.3, 4.3 ],
					"rotationOrigin": [ 3.5, 5.3, 4.0 ],
					"rotationY": -89.0,
					"rotationZ": -8.0,
					"faces": {
						"north": { "texture": "#crouched3", "uv": [ 2.25, 56.0, 3.0, 57.0 ] },
						"east": { "texture": "#crouched3", "uv": [ 1.5, 56.0, 2.25, 57.0 ] },
						"south": { "texture": "#crouched3", "uv": [ 3.0, 57.0, 3.75, 58.0 ] },
						"west": { "texture": "#crouched3", "uv": [ 2.25, 54.0, 3.0, 55.0 ] },
						"up": { "texture": "#crouched3", "uv": [ 2.25, 59.0, 3.0, 60.0 ] },
						"down": { "texture": "#crouched3", "uv": [ 2.25, 59.0, 3.0, 60.0 ] }
					}
				},
				{
					"name": "head wire4",
					"from": [ 3.5, 5.3, 4.2 ],
					"to": [ 3.8, 6.3, 4.5 ],
					"rotationOrigin": [ 3.5, 5.3, 4.2 ],
					"rotationY": -75.0,
					"rotationZ": -36.0,
					"faces": {
						"north": { "texture": "#crouched3", "uv": [ 2.25, 56.0, 3.0, 57.0 ] },
						"east": { "texture": "#crouched3", "uv": [ 1.5, 56.0, 2.25, 57.0 ] },
						"south": { "texture": "#crouched3", "uv": [ 3.0, 57.0, 3.75, 58.0 ] },
						"west": { "texture": "#crouched3", "uv": [ 2.25, 54.0, 3.0, 55.0 ] },
						"up": { "texture": "#crouched3", "uv": [ 2.25, 59.0, 3.0, 60.0 ] },
						"down": { "texture": "#crouched3", "uv": [ 2.25, 59.0, 3.0, 60.0 ] }
					}
				},
				{
					"name": "head wire5",
					"from": [ 2.8, 5.2, 4.7 ],
					"to": [ 3.1, 6.2, 5.0 ],
					"rotationOrigin": [ 2.8, 5.2, 4.7 ],
					"rotationX": 14.0,
					"rotationY": 66.0,
					"rotationZ": -14.0,
					"faces": {
						"north": { "texture": "#crouched3", "uv": [ 2.25, 56.0, 3.0, 57.0 ] },
						"east": { "texture": "#crouched3", "uv": [ 1.5, 56.0, 2.25, 57.0 ] },
						"south": { "texture": "#crouched3", "uv": [ 3.0, 57.0, 3.75, 58.0 ] },
						"west": { "texture": "#crouched3", "uv": [ 2.25, 54.0, 3.0, 55.0 ] },
						"up": { "texture": "#crouched3", "uv": [ 2.25, 59.0, 3.0, 60.0 ] },
						"down": { "texture": "#crouched3", "uv": [ 2.25, 59.0, 3.0, 60.0 ] }
					}
				},
				{
					"name": "face spike2",
					"from": [ 0.8, 4.6, 5.7 ],
					"to": [ 1.3, 5.1, 7.3 ],
					"rotationOrigin": [ 0.8, 4.6, 5.7 ],
					"rotationX": -39.0,
					"rotationY": 19.0,
					"rotationZ": -50.0,
					"faces": {
						"north": { "texture": "#crouched3", "uv": [ 2.25, 57.0, 4.0, 59.0 ], "autoUv": false },
						"east": { "texture": "#crouched3", "uv": [ 1.5, 56.0, 4.0, 57.5 ], "autoUv": false },
						"south": { "texture": "#crouched3", "uv": [ 3.0, 57.0, 4.75, 58.5 ], "autoUv": false },
						"west": { "texture": "#crouched3", "uv": [ 3.0, 54.0, 5.5, 55.0 ], "autoUv": false },
						"up": { "texture": "#crouched3", "uv": [ 2.25, 55.5, 3.75, 58.0 ], "autoUv": false },
						"down": { "texture": "#crouched3", "uv": [ 2.25, 54.0, 4.0, 56.5 ], "autoUv": false }
					}
				},
				{
					"name": "face spike4",
					"from": [ 1.1, 1.1, 6.4 ],
					"to": [ 1.6, 1.6, 7.3 ],
					"rotationOrigin": [ 1.1, 1.1, 6.0 ],
					"rotationX": -64.0,
					"rotationY": -30.0,
					"rotationZ": -78.0,
					"faces": {
						"north": { "texture": "#crouched3", "uv": [ 2.25, 57.0, 4.0, 59.0 ], "autoUv": false },
						"east": { "texture": "#crouched3", "uv": [ 1.5, 56.0, 4.0, 57.5 ], "autoUv": false },
						"south": { "texture": "#crouched3", "uv": [ 3.0, 57.0, 4.75, 58.5 ], "autoUv": false },
						"west": { "texture": "#crouched3", "uv": [ 3.0, 54.0, 5.5, 55.0 ], "autoUv": false },
						"up": { "texture": "#crouched3", "uv": [ 2.25, 55.5, 3.75, 58.0 ], "autoUv": false },
						"down": { "texture": "#crouched3", "uv": [ 2.25, 54.0, 4.0, 56.5 ], "autoUv": false }
					}
				},
				{
					"name": "face spike5",
					"from": [ 1.6, 3.9, 5.9 ],
					"to": [ 2.1, 4.4, 7.0 ],
					"rotationOrigin": [ 1.6, 3.9, 5.9 ],
					"rotationX": -36.0,
					"rotationY": 30.0,
					"faces": {
						"north": { "texture": "#crouched3", "uv": [ 2.25, 57.0, 4.0, 59.0 ], "autoUv": false },
						"east": { "texture": "#crouched3", "uv": [ 1.5, 56.0, 4.0, 57.5 ], "autoUv": false },
						"south": { "texture": "#crouched3", "uv": [ 3.0, 57.0, 4.75, 58.5 ], "autoUv": false },
						"west": { "texture": "#crouched3", "uv": [ 3.0, 54.0, 5.5, 55.0 ], "autoUv": false },
						"up": { "texture": "#crouched3", "uv": [ 2.25, 55.5, 3.75, 58.0 ], "autoUv": false },
						"down": { "texture": "#crouched3", "uv": [ 2.25, 54.0, 4.0, 56.5 ], "autoUv": false }
					}
				},
				{
					"name": "face spike7",
					"from": [ 0.6, 2.9, 5.9 ],
					"to": [ 1.1, 3.4, 6.9 ],
					"rotationOrigin": [ 0.6, 2.9, 5.9 ],
					"rotationX": -36.0,
					"rotationY": 8.0,
					"faces": {
						"north": { "texture": "#crouched3", "uv": [ 2.25, 57.0, 4.0, 59.0 ], "autoUv": false },
						"east": { "texture": "#crouched3", "uv": [ 1.5, 56.0, 4.0, 57.5 ], "autoUv": false },
						"south": { "texture": "#crouched3", "uv": [ 3.0, 57.0, 4.75, 58.5 ], "autoUv": false },
						"west": { "texture": "#crouched3", "uv": [ 3.0, 54.0, 5.5, 55.0 ], "autoUv": false },
						"up": { "texture": "#crouched3", "uv": [ 2.25, 55.5, 3.75, 58.0 ], "autoUv": false },
						"down": { "texture": "#crouched3", "uv": [ 2.25, 54.0, 4.0, 56.5 ], "autoUv": false }
					}
				},
				{
					"name": "face spike8",
					"from": [ 0.5, 3.6, 6.0 ],
					"to": [ 1.0, 4.1, 7.6 ],
					"rotationOrigin": [ 0.5, 3.6, 6.0 ],
					"rotationX": -28.0,
					"rotationY": -11.0,
					"faces": {
						"north": { "texture": "#crouched3", "uv": [ 2.25, 57.0, 4.0, 59.0 ], "autoUv": false },
						"east": { "texture": "#crouched3", "uv": [ 1.5, 56.0, 4.0, 57.5 ], "autoUv": false },
						"south": { "texture": "#crouched3", "uv": [ 3.0, 57.0, 4.75, 58.5 ], "autoUv": false },
						"west": { "texture": "#crouched3", "uv": [ 3.0, 54.0, 5.5, 55.0 ], "autoUv": false },
						"up": { "texture": "#crouched3", "uv": [ 2.25, 55.5, 3.75, 58.0 ], "autoUv": false },
						"down": { "texture": "#crouched3", "uv": [ 2.25, 54.0, 4.0, 56.5 ], "autoUv": false }
					}
				},
				{
					"name": "face spike9",
					"from": [ 0.4, 2.9, 5.4 ],
					"to": [ 0.9, 3.4, 7.0 ],
					"rotationOrigin": [ 0.4, 2.9, 5.4 ],
					"rotationX": -30.0,
					"rotationY": -91.0,
					"faces": {
						"north": { "texture": "#crouched3", "uv": [ 2.25, 57.0, 4.0, 59.0 ], "autoUv": false },
						"east": { "texture": "#crouched3", "uv": [ 1.5, 56.0, 4.0, 57.5 ], "autoUv": false },
						"south": { "texture": "#crouched3", "uv": [ 3.0, 57.0, 4.75, 58.5 ], "autoUv": false },
						"west": { "texture": "#crouched3", "uv": [ 3.0, 54.0, 5.5, 55.0 ], "autoUv": false },
						"up": { "texture": "#crouched3", "uv": [ 2.25, 55.5, 3.75, 58.0 ], "autoUv": false },
						"down": { "texture": "#crouched3", "uv": [ 2.25, 54.0, 4.0, 56.5 ], "autoUv": false }
					}
				},
				{
					"name": "face spike10",
					"from": [ 0.4, 3.5, 5.4 ],
					"to": [ 0.9, 4.0, 6.7 ],
					"rotationOrigin": [ 0.4, 3.5, 5.4 ],
					"rotationX": -47.0,
					"rotationY": -53.0,
					"faces": {
						"north": { "texture": "#crouched3", "uv": [ 2.25, 57.0, 4.0, 59.0 ], "autoUv": false },
						"east": { "texture": "#crouched3", "uv": [ 1.5, 56.0, 4.0, 57.5 ], "autoUv": false },
						"south": { "texture": "#crouched3", "uv": [ 3.0, 57.0, 4.75, 58.5 ], "autoUv": false },
						"west": { "texture": "#crouched3", "uv": [ 3.0, 54.0, 5.5, 55.0 ], "autoUv": false },
						"up": { "texture": "#crouched3", "uv": [ 2.25, 55.5, 3.75, 58.0 ], "autoUv": false },
						"down": { "texture": "#crouched3", "uv": [ 2.25, 54.0, 4.0, 56.5 ], "autoUv": false }
					}
				},
				{
					"name": "face spike12",
					"from": [ 0.1, 4.5, 5.5 ],
					"to": [ 0.6, 5.0, 6.7 ],
					"rotationOrigin": [ 0.1, 4.5, 5.5 ],
					"rotationX": -47.0,
					"rotationY": -33.0,
					"faces": {
						"north": { "texture": "#crouched3", "uv": [ 2.25, 57.0, 4.0, 59.0 ], "autoUv": false },
						"east": { "texture": "#crouched3", "uv": [ 1.5, 56.0, 4.0, 57.5 ], "autoUv": false },
						"south": { "texture": "#crouched3", "uv": [ 3.0, 57.0, 4.75, 58.5 ], "autoUv": false },
						"west": { "texture": "#crouched3", "uv": [ 3.0, 54.0, 5.5, 55.0 ], "autoUv": false },
						"up": { "texture": "#crouched3", "uv": [ 2.25, 55.5, 3.75, 58.0 ], "autoUv": false },
						"down": { "texture": "#crouched3", "uv": [ 2.25, 54.0, 4.0, 56.5 ], "autoUv": false }
					}
				},
				{
					"name": "face spike13",
					"from": [ 0.4, 2.9, 5.2 ],
					"to": [ 0.9, 3.4, 6.3 ],
					"rotationOrigin": [ 0.4, 2.9, 5.2 ],
					"rotationX": 28.0,
					"rotationY": -53.0,
					"rotationZ": -30.0,
					"faces": {
						"north": { "texture": "#crouched3", "uv": [ 2.25, 57.0, 4.0, 59.0 ], "autoUv": false },
						"east": { "texture": "#crouched3", "uv": [ 1.5, 56.0, 4.0, 57.5 ], "autoUv": false },
						"south": { "texture": "#crouched3", "uv": [ 3.0, 57.0, 4.75, 58.5 ], "autoUv": false },
						"west": { "texture": "#crouched3", "uv": [ 3.0, 54.0, 5.5, 55.0 ], "autoUv": false },
						"up": { "texture": "#crouched3", "uv": [ 2.25, 55.5, 3.75, 58.0 ], "autoUv": false },
						"down": { "texture": "#crouched3", "uv": [ 2.25, 54.0, 4.0, 56.5 ], "autoUv": false }
					}
				},
				{
					"name": "face spike14",
					"from": [ 0.1, 4.4, 5.7 ],
					"to": [ 0.6, 4.9, 6.8 ],
					"rotationOrigin": [ 0.1, 4.4, 5.7 ],
					"rotationX": -61.0,
					"rotationY": -3.0,
					"faces": {
						"north": { "texture": "#crouched3", "uv": [ 2.25, 57.0, 4.0, 59.0 ], "autoUv": false },
						"east": { "texture": "#crouched3", "uv": [ 1.5, 56.0, 4.0, 57.5 ], "autoUv": false },
						"south": { "texture": "#crouched3", "uv": [ 3.0, 57.0, 4.75, 58.5 ], "autoUv": false },
						"west": { "texture": "#crouched3", "uv": [ 3.0, 54.0, 5.5, 55.0 ], "autoUv": false },
						"up": { "texture": "#crouched3", "uv": [ 2.25, 55.5, 3.75, 58.0 ], "autoUv": false },
						"down": { "texture": "#crouched3", "uv": [ 2.25, 54.0, 4.0, 56.5 ], "autoUv": false }
					}
				}
			]
		}
	]}