{
	"editor": {
		"allAngles": true,
		"entityTextureMode": false
	},
	"textureWidth": 64,
	"textureHeight": 64,
	"textureSizes": {
	},
	"textures": {
		"hyena2": "rottingenimals:entity/hyena/hyena2",
		"crouched3": "game:entity/drifter/crouched3",
		"corrupt": "game:entity/locust/corrupt"
	},
	"elements": [
		{
			"name": "head",
			"from": [ -6.3433, 10.6147, 5.4 ],
			"to": [ -2.3433, 15.6147, 10.6 ],
			"rotationOrigin": [ -2.3433, 13.3147, 8.0 ],
			"rotationZ": 6.0,
			"faces": {
				"north": { "texture": "#hyena2", "uv": [ 45.0, 20.0, 49.0, 25.0 ] },
				"east": { "texture": "#hyena2", "uv": [ 58.0, 20.0, 63.0, 25.0 ] },
				"south": { "texture": "#hyena2", "uv": [ 54.0, 20.0, 58.0, 25.0 ] },
				"west": { "texture": "#hyena2", "uv": [ 49.0, 20.0, 54.0, 25.0 ] },
				"up": { "texture": "#hyena2", "uv": [ 49.0, 16.0, 54.0, 20.0 ], "rotation": 90 },
				"down": { "texture": "#hyena2", "uv": [ 49.0, 25.0, 54.0, 29.0 ], "rotation": 90 }
			},
			"children": [
				{
					"name": "mouth",
					"from": [ -3.0, 2.0, 1.0 ],
					"to": [ 1.0, 5.0, 4.0 ],
					"rotationOrigin": [ 1.0, 3.0, 2.5 ],
					"rotationZ": 28.0,
					"faces": {
						"north": { "texture": "#hyena2", "uv": [ 44.0, 35.0, 48.0, 38.0 ] },
						"south": { "texture": "#hyena2", "uv": [ 51.0, 35.0, 55.0, 38.0 ] },
						"west": { "texture": "#hyena2", "uv": [ 48.0, 35.0, 51.0, 38.0 ] },
						"up": { "texture": "#hyena2", "uv": [ 48.0, 31.0, 51.0, 35.0 ], "rotation": 90 },
						"down": { "texture": "#hyena2", "uv": [ 48.0, 38.0, 51.0, 42.0 ], "rotation": 90 }
					},
					"children": [
						{
							"name": "jaw",
							"from": [ 0.3, -1.3, 0.5 ],
							"to": [ 3.3, -0.3, 2.5 ],
							"rotationOrigin": [ 3.3, -0.8, 1.5 ],
							"rotationX": 22.0,
							"rotationZ": 6.0,
							"faces": {
								"north": { "texture": "#hyena2", "uv": [ 56.0, 35.0, 59.0, 36.0 ] },
								"south": { "texture": "#hyena2", "uv": [ 61.0, 35.0, 64.0, 36.0 ] },
								"west": { "texture": "#hyena2", "uv": [ 59.0, 35.0, 61.0, 36.0 ] },
								"up": { "texture": "#hyena2", "uv": [ 59.0, 32.0, 61.0, 35.0 ], "rotation": 90 },
								"down": { "texture": "#hyena2", "uv": [ 59.0, 36.0, 61.0, 39.0 ], "rotation": 90 }
							},
							"children": [
								{
									"name": "lover teeth",
									"from": [ 1.0, 1.0, 1.5 ],
									"to": [ 1.5, 1.4, 2.0 ],
									"rotationOrigin": [ 1.0, 1.0, 1.5 ],
									"faces": {
										"north": { "texture": "#crouched3", "uv": [ 1.5, 28.0, 2.5, 29.0 ], "autoUv": false },
										"east": { "texture": "#crouched3", "uv": [ 2.5, 29.0, 3.5, 30.0 ], "autoUv": false },
										"south": { "texture": "#crouched3", "uv": [ 2.0, 28.0, 3.0, 29.0 ], "autoUv": false },
										"west": { "texture": "#crouched3", "uv": [ 1.5, 27.0, 2.5, 28.0 ], "autoUv": false },
										"up": { "texture": "#crouched3", "uv": [ 1.0, 28.0, 2.0, 29.0 ], "autoUv": false },
										"down": { "texture": "#crouched3", "uv": [ 1.0, 28.5, 2.0, 29.5 ], "autoUv": false }
									}
								},
								{
									"name": "lover teeth2",
									"from": [ 0.01, 1.0, 1.5 ],
									"to": [ 0.51, 1.4, 2.0 ],
									"rotationOrigin": [ 0.0, 1.0, 1.5 ],
									"rotationX": 28.0,
									"faces": {
										"north": { "texture": "#crouched3", "uv": [ 1.5, 28.0, 2.5, 29.0 ], "autoUv": false },
										"east": { "texture": "#crouched3", "uv": [ 2.5, 29.0, 3.5, 30.0 ], "autoUv": false },
										"south": { "texture": "#crouched3", "uv": [ 2.0, 28.0, 3.0, 29.0 ], "autoUv": false },
										"west": { "texture": "#crouched3", "uv": [ 1.5, 27.0, 2.5, 28.0 ], "autoUv": false },
										"up": { "texture": "#crouched3", "uv": [ 1.0, 28.0, 2.0, 29.0 ], "autoUv": false },
										"down": { "texture": "#crouched3", "uv": [ 1.0, 28.5, 2.0, 29.5 ], "autoUv": false }
									}
								},
								{
									"name": "lover teeth3",
									"from": [ 1.0, 0.8, -0.01 ],
									"to": [ 1.5, 1.2, 0.5 ],
									"rotationOrigin": [ 1.0, 0.8, -0.1 ],
									"faces": {
										"north": { "texture": "#crouched3", "uv": [ 1.5, 28.0, 2.5, 29.0 ], "autoUv": false },
										"east": { "texture": "#crouched3", "uv": [ 2.5, 29.0, 3.5, 30.0 ], "autoUv": false },
										"south": { "texture": "#crouched3", "uv": [ 2.0, 28.0, 3.0, 29.0 ], "autoUv": false },
										"west": { "texture": "#crouched3", "uv": [ 1.5, 27.0, 2.5, 28.0 ], "autoUv": false },
										"up": { "texture": "#crouched3", "uv": [ 1.0, 28.0, 2.0, 29.0 ], "autoUv": false },
										"down": { "texture": "#crouched3", "uv": [ 1.0, 28.5, 2.0, 29.5 ], "autoUv": false }
									}
								},
								{
									"name": "lover teeth4",
									"from": [ -0.01, 0.8, -0.01 ],
									"to": [ 0.5, 1.05, 0.5 ],
									"rotationOrigin": [ 0.0, 0.8, -0.1 ],
									"faces": {
										"north": { "texture": "#crouched3", "uv": [ 1.5, 28.0, 2.5, 29.0 ], "autoUv": false },
										"east": { "texture": "#crouched3", "uv": [ 2.5, 29.0, 3.5, 30.0 ], "autoUv": false },
										"south": { "texture": "#crouched3", "uv": [ 2.0, 28.0, 3.0, 29.0 ], "autoUv": false },
										"west": { "texture": "#crouched3", "uv": [ 1.5, 27.0, 2.5, 28.0 ], "autoUv": false },
										"up": { "texture": "#crouched3", "uv": [ 1.0, 28.0, 2.0, 29.0 ], "autoUv": false },
										"down": { "texture": "#crouched3", "uv": [ 1.0, 28.5, 2.0, 29.5 ], "autoUv": false }
									}
								}
							]
						},
						{
							"name": "Teeth",
							"from": [ 0.5, -0.5, 2.5 ],
							"to": [ 1.0, 0.0, 3.0 ],
							"rotationOrigin": [ 0.5, -0.5, 2.5 ],
							"faces": {
								"north": { "texture": "#crouched3", "uv": [ 1.5, 27.5, 3.0, 28.0 ], "autoUv": false },
								"east": { "texture": "#crouched3", "uv": [ 2.0, 28.0, 3.5, 29.5 ], "autoUv": false },
								"south": { "texture": "#crouched3", "uv": [ 1.5, 27.0, 2.5, 28.0 ], "autoUv": false },
								"west": { "texture": "#crouched3", "uv": [ 1.5, 27.5, 3.0, 29.0 ], "autoUv": false },
								"up": { "texture": "#crouched3", "uv": [ 2.0, 28.0, 2.5, 28.5 ] },
								"down": { "texture": "#crouched3", "uv": [ 2.5, 26.5, 3.0, 27.0 ], "autoUv": false }
							}
						},
						{
							"name": "Teeth2",
							"from": [ 1.5, -0.5, 2.7 ],
							"to": [ 2.0, 0.0, 3.2 ],
							"rotationOrigin": [ 1.5, -0.5, 2.7 ],
							"rotationX": -25.0,
							"faces": {
								"north": { "texture": "#crouched3", "uv": [ 1.5, 27.5, 3.0, 28.0 ], "autoUv": false },
								"east": { "texture": "#crouched3", "uv": [ 2.0, 28.0, 3.5, 29.5 ], "autoUv": false },
								"south": { "texture": "#crouched3", "uv": [ 1.5, 27.0, 2.5, 28.0 ], "autoUv": false },
								"west": { "texture": "#crouched3", "uv": [ 1.5, 27.5, 3.0, 29.0 ], "autoUv": false },
								"up": { "texture": "#crouched3", "uv": [ 2.0, 28.0, 2.5, 28.5 ] },
								"down": { "texture": "#crouched3", "uv": [ 2.5, 26.5, 3.0, 27.0 ], "autoUv": false }
							}
						},
						{
							"name": "Teeth3",
							"from": [ 0.5, -0.3, -0.1 ],
							"to": [ 1.0, 0.2, 0.4 ],
							"rotationOrigin": [ 0.5, -0.3, -0.1 ],
							"rotationX": 19.0,
							"rotationY": -6.0,
							"faces": {
								"north": { "texture": "#crouched3", "uv": [ 1.5, 27.5, 3.0, 28.0 ], "autoUv": false },
								"east": { "texture": "#crouched3", "uv": [ 2.0, 28.0, 3.5, 29.5 ], "autoUv": false },
								"south": { "texture": "#crouched3", "uv": [ 1.5, 27.0, 2.5, 28.0 ], "autoUv": false },
								"west": { "texture": "#crouched3", "uv": [ 1.5, 27.5, 3.0, 29.0 ], "autoUv": false },
								"up": { "texture": "#crouched3", "uv": [ 2.0, 28.0, 2.5, 28.5 ] },
								"down": { "texture": "#crouched3", "uv": [ 2.5, 26.5, 3.0, 27.0 ], "autoUv": false }
							}
						},
						{
							"name": "Teeth4",
							"from": [ 1.5, -0.5, 0.0 ],
							"to": [ 2.0, 0.0, 0.5 ],
							"rotationOrigin": [ 1.5, -0.5, 0.0 ],
							"faces": {
								"north": { "texture": "#crouched3", "uv": [ 1.5, 27.5, 3.0, 28.0 ], "autoUv": false },
								"east": { "texture": "#crouched3", "uv": [ 2.0, 28.0, 3.5, 29.5 ], "autoUv": false },
								"south": { "texture": "#crouched3", "uv": [ 1.5, 27.0, 2.5, 28.0 ], "autoUv": false },
								"west": { "texture": "#crouched3", "uv": [ 1.5, 27.5, 3.0, 29.0 ], "autoUv": false },
								"up": { "texture": "#crouched3", "uv": [ 2.0, 28.0, 2.5, 28.5 ] },
								"down": { "texture": "#crouched3", "uv": [ 2.5, 26.5, 3.0, 27.0 ], "autoUv": false }
							}
						},
						{
							"name": "Teeth5",
							"from": [ 0.0, -0.3, 2.5 ],
							"to": [ 0.5, 0.2, 3.0 ],
							"rotationOrigin": [ 0.0, -0.3, 2.5 ],
							"rotationY": 94.0,
							"faces": {
								"north": { "texture": "#crouched3", "uv": [ 1.5, 27.5, 3.0, 28.0 ], "autoUv": false },
								"east": { "texture": "#crouched3", "uv": [ 2.0, 28.0, 3.5, 29.5 ], "autoUv": false },
								"south": { "texture": "#crouched3", "uv": [ 1.5, 27.0, 2.5, 28.0 ], "autoUv": false },
								"west": { "texture": "#crouched3", "uv": [ 1.5, 27.5, 3.0, 29.0 ], "autoUv": false },
								"up": { "texture": "#crouched3", "uv": [ 2.0, 28.0, 2.5, 28.5 ] },
								"down": { "texture": "#crouched3", "uv": [ 2.5, 26.5, 3.0, 27.0 ], "autoUv": false }
							}
						},
						{
							"name": "Teeth6",
							"from": [ -0.3, -0.2, 0.9 ],
							"to": [ 0.2, 0.3, 1.4 ],
							"rotationOrigin": [ -0.1, -0.1, 0.9 ],
							"rotationX": -58.0,
							"rotationY": 141.0,
							"rotationZ": 61.0,
							"faces": {
								"north": { "texture": "#crouched3", "uv": [ 1.5, 27.5, 3.0, 28.0 ], "autoUv": false },
								"east": { "texture": "#crouched3", "uv": [ 2.0, 28.0, 3.5, 29.5 ], "autoUv": false },
								"south": { "texture": "#crouched3", "uv": [ 1.5, 27.0, 2.5, 28.0 ], "autoUv": false },
								"west": { "texture": "#crouched3", "uv": [ 1.5, 27.5, 3.0, 29.0 ], "autoUv": false },
								"up": { "texture": "#crouched3", "uv": [ 2.0, 28.0, 2.5, 28.5 ] },
								"down": { "texture": "#crouched3", "uv": [ 2.5, 26.5, 3.0, 27.0 ], "autoUv": false }
							}
						},
						{
							"name": "Upper jaw spike",
							"from": [ 1.3, 0.6, 2.7 ],
							"to": [ 1.9, 1.2, 3.2 ],
							"rotationOrigin": [ 1.3, 0.6, 2.7 ],
							"rotationX": 28.0,
							"rotationY": -30.0,
							"faces": {
								"north": { "texture": "#crouched3", "uv": [ 2.5, 28.0, 3.0, 28.5 ] },
								"east": { "texture": "#crouched3", "uv": [ 1.5, 29.0, 2.3, 30.0 ], "autoUv": false },
								"south": { "texture": "#crouched3", "uv": [ 1.5, 28.5, 2.5, 29.5 ], "autoUv": false },
								"west": { "texture": "#crouched3", "uv": [ 3.0, 28.5, 3.5, 29.5 ], "autoUv": false },
								"up": { "texture": "#crouched3", "uv": [ 1.0, 27.5, 2.1, 28.5 ], "autoUv": false },
								"down": { "texture": "#crouched3", "uv": [ 4.0, 29.5, 4.5, 31.0 ], "autoUv": false }
							},
							"children": [
								{
									"name": "Upper jaw spike2",
									"from": [ 0.05, 0.05, 0.3 ],
									"to": [ 0.55, 0.55, 0.9 ],
									"rotationOrigin": [ 0.0, 0.0, 0.3 ],
									"rotationY": -19.0,
									"faces": {
										"north": { "texture": "#crouched3", "uv": [ 2.5, 28.0, 3.0, 28.5 ] },
										"east": { "texture": "#crouched3", "uv": [ 1.0, 28.0, 1.8, 29.0 ], "autoUv": false },
										"south": { "texture": "#crouched3", "uv": [ 1.5, 28.5, 2.5, 29.5 ], "autoUv": false },
										"west": { "texture": "#crouched3", "uv": [ 2.5, 31.5, 3.0, 32.5 ], "autoUv": false },
										"up": { "texture": "#crouched3", "uv": [ 1.0, 30.5, 2.1, 31.5 ], "autoUv": false },
										"down": { "texture": "#crouched3", "uv": [ 4.0, 29.5, 4.5, 31.0 ], "autoUv": false }
									},
									"children": [
										{
											"name": "Upper jaw spike3",
											"from": [ 0.05, 0.05, 0.4 ],
											"to": [ 0.45, 0.45, 1.0 ],
											"rotationOrigin": [ -0.05, -0.05, 0.4 ],
											"rotationY": -22.0,
											"faces": {
												"north": { "texture": "#crouched3", "uv": [ 2.5, 28.0, 3.0, 28.5 ] },
												"east": { "texture": "#crouched3", "uv": [ 1.5, 28.0, 2.3, 29.0 ], "autoUv": false },
												"south": { "texture": "#crouched3", "uv": [ 1.5, 28.5, 2.5, 29.5 ], "autoUv": false },
												"west": { "texture": "#crouched3", "uv": [ 3.0, 28.5, 3.5, 29.5 ], "autoUv": false },
												"up": { "texture": "#crouched3", "uv": [ 1.0, 27.5, 2.1, 28.5 ], "autoUv": false },
												"down": { "texture": "#crouched3", "uv": [ 4.0, 29.5, 4.5, 31.0 ], "autoUv": false }
											},
											"children": [
												{
													"name": "Upper jaw spike4",
													"from": [ 0.05, 0.05, 0.4 ],
													"to": [ 0.35, 0.35, 1.0 ],
													"rotationOrigin": [ -0.1, -0.1, 0.4 ],
													"rotationY": -17.0,
													"faces": {
														"north": { "texture": "#crouched3", "uv": [ 2.5, 28.0, 3.0, 28.5 ] },
														"east": { "texture": "#crouched3", "uv": [ 2.5, 29.0, 3.3, 30.0 ], "autoUv": false },
														"south": { "texture": "#crouched3", "uv": [ 1.5, 29.0, 2.5, 30.0 ], "autoUv": false },
														"west": { "texture": "#crouched3", "uv": [ 3.0, 28.5, 3.5, 29.5 ], "autoUv": false },
														"up": { "texture": "#crouched3", "uv": [ 1.0, 27.5, 2.1, 28.5 ], "autoUv": false },
														"down": { "texture": "#crouched3", "uv": [ 4.0, 29.5, 4.5, 31.0 ], "autoUv": false }
													},
													"children": [
														{
															"name": "Upper jaw spike5",
															"from": [ 0.05, 0.05, 0.6 ],
															"to": [ 0.25, 0.25, 1.0 ],
															"rotationOrigin": [ -0.15, -0.15, 0.6 ],
															"faces": {
																"north": { "texture": "#crouched3", "uv": [ 2.5, 28.0, 3.0, 28.5 ] },
																"east": { "texture": "#crouched3", "uv": [ 1.5, 29.0, 2.3, 30.0 ], "autoUv": false },
																"south": { "texture": "#crouched3", "uv": [ 1.5, 28.5, 2.5, 29.5 ], "autoUv": false },
																"west": { "texture": "#crouched3", "uv": [ 3.0, 28.5, 3.5, 29.5 ], "autoUv": false },
																"up": { "texture": "#crouched3", "uv": [ 1.0, 29.5, 2.1, 30.5 ], "autoUv": false },
																"down": { "texture": "#crouched3", "uv": [ 4.0, 29.5, 4.5, 31.0 ], "autoUv": false }
															}
														}
													]
												}
											]
										}
									]
								}
							]
						},
						{
							"name": "Upper jaw spike6",
							"from": [ 3.0, 2.0, 2.7 ],
							"to": [ 3.6, 2.6, 3.2 ],
							"rotationOrigin": [ 3.0, 2.0, 2.7 ],
							"rotationX": -36.0,
							"rotationY": -14.0,
							"faces": {
								"north": { "texture": "#crouched3", "uv": [ 2.5, 28.0, 3.0, 28.5 ] },
								"east": { "texture": "#crouched3", "uv": [ 1.5, 29.0, 2.3, 30.0 ], "autoUv": false },
								"south": { "texture": "#crouched3", "uv": [ 1.5, 28.5, 2.5, 29.5 ], "autoUv": false },
								"west": { "texture": "#crouched3", "uv": [ 3.0, 28.5, 3.5, 29.5 ], "autoUv": false },
								"up": { "texture": "#crouched3", "uv": [ 1.0, 27.5, 2.1, 28.5 ], "autoUv": false },
								"down": { "texture": "#crouched3", "uv": [ 4.0, 29.5, 4.5, 31.0 ], "autoUv": false }
							},
							"children": [
								{
									"name": "Upper jaw spike7",
									"from": [ 0.15, 0.15, 0.3 ],
									"to": [ 0.65, 0.65, 0.9 ],
									"rotationOrigin": [ 0.1, 0.1, 0.3 ],
									"rotationY": -19.0,
									"faces": {
										"north": { "texture": "#crouched3", "uv": [ 2.5, 28.0, 3.0, 28.5 ] },
										"east": { "texture": "#crouched3", "uv": [ 1.5, 29.0, 2.3, 30.0 ], "autoUv": false },
										"south": { "texture": "#crouched3", "uv": [ 1.5, 28.5, 2.5, 29.5 ], "autoUv": false },
										"west": { "texture": "#crouched3", "uv": [ 3.0, 28.5, 3.5, 29.5 ], "autoUv": false },
										"up": { "texture": "#crouched3", "uv": [ 1.0, 27.5, 2.1, 28.5 ], "autoUv": false },
										"down": { "texture": "#crouched3", "uv": [ 4.0, 29.5, 4.5, 31.0 ], "autoUv": false }
									},
									"children": [
										{
											"name": "Upper jaw spike8",
											"from": [ 0.05, 0.05, 0.4 ],
											"to": [ 0.45, 0.45, 1.0 ],
											"rotationOrigin": [ -0.05, -0.05, 0.4 ],
											"rotationY": -22.0,
											"faces": {
												"north": { "texture": "#crouched3", "uv": [ 2.5, 28.0, 3.0, 28.5 ] },
												"east": { "texture": "#crouched3", "uv": [ 1.5, 29.0, 2.3, 30.0 ], "autoUv": false },
												"south": { "texture": "#crouched3", "uv": [ 1.5, 28.5, 2.5, 29.5 ], "autoUv": false },
												"west": { "texture": "#crouched3", "uv": [ 3.0, 28.5, 3.5, 29.5 ], "autoUv": false },
												"up": { "texture": "#crouched3", "uv": [ 1.5, 30.5, 2.6, 31.5 ], "autoUv": false },
												"down": { "texture": "#crouched3", "uv": [ 4.0, 29.5, 4.5, 31.0 ], "autoUv": false }
											}
										}
									]
								}
							]
						},
						{
							"name": "Upper jaw spike11",
							"from": [ 1.1, 1.1, 2.8 ],
							"to": [ 1.7, 1.7, 3.3 ],
							"rotationOrigin": [ 1.1, 1.1, 2.8 ],
							"rotationX": -14.0,
							"rotationY": -28.0,
							"faces": {
								"north": { "texture": "#crouched3", "uv": [ 2.5, 28.0, 3.0, 28.5 ] },
								"east": { "texture": "#crouched3", "uv": [ 1.5, 29.0, 2.3, 30.0 ], "autoUv": false },
								"south": { "texture": "#crouched3", "uv": [ 1.5, 28.5, 2.5, 29.5 ], "autoUv": false },
								"west": { "texture": "#crouched3", "uv": [ 3.0, 28.5, 3.5, 29.5 ], "autoUv": false },
								"up": { "texture": "#crouched3", "uv": [ 1.0, 27.5, 2.1, 28.5 ], "autoUv": false },
								"down": { "texture": "#crouched3", "uv": [ 4.0, 29.5, 4.5, 31.0 ], "autoUv": false }
							},
							"children": [
								{
									"name": "Upper jaw spike12",
									"from": [ 0.05, 0.05, 0.3 ],
									"to": [ 0.55, 0.55, 0.9 ],
									"rotationOrigin": [ 0.0, 0.0, 0.3 ],
									"rotationY": -19.0,
									"faces": {
										"north": { "texture": "#crouched3", "uv": [ 2.5, 28.0, 3.0, 28.5 ] },
										"east": { "texture": "#crouched3", "uv": [ 1.0, 28.0, 1.8, 29.0 ], "autoUv": false },
										"south": { "texture": "#crouched3", "uv": [ 1.5, 28.5, 2.5, 29.5 ], "autoUv": false },
										"west": { "texture": "#crouched3", "uv": [ 3.0, 28.5, 3.5, 29.5 ], "autoUv": false },
										"up": { "texture": "#crouched3", "uv": [ 1.0, 29.0, 2.1, 30.0 ], "autoUv": false },
										"down": { "texture": "#crouched3", "uv": [ 4.0, 29.5, 4.5, 31.0 ], "autoUv": false }
									},
									"children": [
										{
											"name": "Upper jaw spike13",
											"from": [ 0.05, 0.05, 0.4 ],
											"to": [ 0.45, 0.45, 1.0 ],
											"rotationOrigin": [ -0.05, -0.05, 0.4 ],
											"rotationY": -22.0,
											"faces": {
												"north": { "texture": "#crouched3", "uv": [ 2.5, 28.0, 3.0, 28.5 ] },
												"east": { "texture": "#crouched3", "uv": [ 1.5, 30.0, 2.3, 31.0 ], "autoUv": false },
												"south": { "texture": "#crouched3", "uv": [ 1.5, 28.5, 2.5, 29.5 ], "autoUv": false },
												"west": { "texture": "#crouched3", "uv": [ 3.0, 28.5, 3.5, 29.5 ], "autoUv": false },
												"up": { "texture": "#crouched3", "uv": [ 1.5, 29.5, 2.6, 30.5 ], "autoUv": false },
												"down": { "texture": "#crouched3", "uv": [ 3.0, 29.5, 3.5, 31.0 ], "autoUv": false }
											},
											"children": [
												{
													"name": "Upper jaw spike14",
													"from": [ 0.05, 0.05, 0.4 ],
													"to": [ 0.35, 0.35, 1.0 ],
													"rotationOrigin": [ -0.1, -0.1, 0.4 ],
													"rotationY": -17.0,
													"faces": {
														"north": { "texture": "#crouched3", "uv": [ 2.5, 28.0, 3.0, 28.5 ] },
														"east": { "texture": "#crouched3", "uv": [ 3.0, 29.0, 3.8, 30.0 ], "autoUv": false },
														"south": { "texture": "#crouched3", "uv": [ 1.5, 28.5, 2.5, 29.5 ], "autoUv": false },
														"west": { "texture": "#crouched3", "uv": [ 3.0, 28.5, 3.5, 29.5 ], "autoUv": false },
														"up": { "texture": "#crouched3", "uv": [ 1.0, 30.0, 2.1, 31.0 ], "autoUv": false },
														"down": { "texture": "#crouched3", "uv": [ 4.0, 29.5, 4.5, 31.0 ], "autoUv": false }
													},
													"children": [
														{
															"name": "Upper jaw spike15",
															"from": [ 0.05, 0.05, 0.6 ],
															"to": [ 0.25, 0.25, 1.0 ],
															"rotationOrigin": [ -0.15, -0.15, 0.6 ],
															"faces": {
																"north": { "texture": "#crouched3", "uv": [ 2.5, 28.0, 3.0, 28.5 ] },
																"east": { "texture": "#crouched3", "uv": [ 1.5, 29.0, 2.3, 30.0 ], "autoUv": false },
																"south": { "texture": "#crouched3", "uv": [ 1.5, 28.5, 2.5, 29.5 ], "autoUv": false },
																"west": { "texture": "#crouched3", "uv": [ 3.0, 28.5, 3.5, 29.5 ], "autoUv": false },
																"up": { "texture": "#crouched3", "uv": [ 1.5, 26.5, 2.6, 27.5 ], "autoUv": false },
																"down": { "texture": "#crouched3", "uv": [ 4.0, 29.5, 4.5, 31.0 ], "autoUv": false }
															}
														}
													]
												}
											]
										}
									]
								}
							]
						},
						{
							"name": "Upper jaw spike16",
							"from": [ 0.6, 0.9, 0.4 ],
							"to": [ 1.2, 1.5, 0.9 ],
							"rotationOrigin": [ 0.6, 0.9, 0.4 ],
							"rotationX": -180.0,
							"rotationY": -30.0,
							"rotationZ": -25.0,
							"faces": {
								"north": { "texture": "#crouched3", "uv": [ 2.5, 28.0, 3.0, 28.5 ] },
								"east": { "texture": "#crouched3", "uv": [ 1.5, 29.0, 2.3, 30.0 ], "autoUv": false },
								"south": { "texture": "#crouched3", "uv": [ 1.5, 28.5, 2.5, 29.5 ], "autoUv": false },
								"west": { "texture": "#crouched3", "uv": [ 3.0, 28.5, 3.5, 29.5 ], "autoUv": false },
								"up": { "texture": "#crouched3", "uv": [ 1.0, 27.5, 2.1, 28.5 ], "autoUv": false },
								"down": { "texture": "#crouched3", "uv": [ 4.0, 29.5, 4.5, 31.0 ], "autoUv": false }
							},
							"children": [
								{
									"name": "Upper jaw spike17",
									"from": [ 0.05, 0.05, 0.3 ],
									"to": [ 0.55, 0.55, 0.9 ],
									"rotationOrigin": [ 0.0, 0.0, 0.3 ],
									"rotationY": -19.0,
									"faces": {
										"north": { "texture": "#crouched3", "uv": [ 2.5, 28.0, 3.0, 28.5 ] },
										"east": { "texture": "#crouched3", "uv": [ 4.0, 29.5, 4.8, 30.5 ], "autoUv": false },
										"south": { "texture": "#crouched3", "uv": [ 2.0, 28.5, 3.0, 29.5 ], "autoUv": false },
										"west": { "texture": "#crouched3", "uv": [ 3.0, 28.5, 3.5, 29.5 ], "autoUv": false },
										"up": { "texture": "#crouched3", "uv": [ 1.0, 27.5, 2.1, 28.5 ], "autoUv": false },
										"down": { "texture": "#crouched3", "uv": [ 2.0, 29.0, 2.5, 30.5 ], "autoUv": false }
									},
									"children": [
										{
											"name": "Upper jaw spike18",
											"from": [ 0.05, 0.05, 0.4 ],
											"to": [ 0.45, 0.45, 1.0 ],
											"rotationOrigin": [ -0.05, -0.05, 0.4 ],
											"rotationY": -22.0,
											"faces": {
												"north": { "texture": "#crouched3", "uv": [ 2.5, 28.0, 3.0, 28.5 ] },
												"east": { "texture": "#crouched3", "uv": [ 1.5, 30.5, 2.3, 31.5 ], "autoUv": false },
												"south": { "texture": "#crouched3", "uv": [ 1.5, 28.5, 2.5, 29.5 ], "autoUv": false },
												"west": { "texture": "#crouched3", "uv": [ 3.0, 28.5, 3.5, 29.5 ], "autoUv": false },
												"up": { "texture": "#crouched3", "uv": [ 1.0, 27.5, 2.1, 28.5 ], "autoUv": false },
												"down": { "texture": "#crouched3", "uv": [ 2.5, 28.5, 3.0, 30.0 ], "autoUv": false }
											},
											"children": [
												{
													"name": "Upper jaw spike19",
													"from": [ 0.05, 0.05, 0.4 ],
													"to": [ 0.35, 0.35, 1.0 ],
													"rotationOrigin": [ -0.1, -0.1, 0.4 ],
													"rotationY": -17.0,
													"faces": {
														"north": { "texture": "#crouched3", "uv": [ 2.5, 28.0, 3.0, 28.5 ] },
														"east": { "texture": "#crouched3", "uv": [ 1.5, 29.5, 2.3, 30.5 ], "autoUv": false },
														"south": { "texture": "#crouched3", "uv": [ 1.5, 28.5, 2.5, 29.5 ], "autoUv": false },
														"west": { "texture": "#crouched3", "uv": [ 3.0, 28.5, 3.5, 29.5 ], "autoUv": false },
														"up": { "texture": "#crouched3", "uv": [ 1.0, 27.5, 2.1, 28.5 ], "autoUv": false },
														"down": { "texture": "#crouched3", "uv": [ 2.5, 29.5, 3.0, 31.0 ], "autoUv": false }
													}
												}
											]
										}
									]
								}
							]
						},
						{
							"name": "Upper jaw spike21",
							"from": [ 1.5, 1.7, 0.4 ],
							"to": [ 2.1, 2.3, 0.9 ],
							"rotationOrigin": [ 1.5, 1.7, 0.4 ],
							"rotationX": -180.0,
							"rotationY": -17.0,
							"faces": {
								"north": { "texture": "#crouched3", "uv": [ 2.5, 28.0, 3.0, 28.5 ] },
								"east": { "texture": "#crouched3", "uv": [ 1.5, 29.0, 2.3, 30.0 ], "autoUv": false },
								"south": { "texture": "#crouched3", "uv": [ 1.5, 28.5, 2.5, 29.5 ], "autoUv": false },
								"west": { "texture": "#crouched3", "uv": [ 3.0, 28.5, 3.5, 29.5 ], "autoUv": false },
								"up": { "texture": "#crouched3", "uv": [ 1.0, 27.5, 2.1, 28.5 ], "autoUv": false },
								"down": { "texture": "#crouched3", "uv": [ 3.0, 28.0, 3.5, 29.5 ], "autoUv": false }
							},
							"children": [
								{
									"name": "Upper jaw spike22",
									"from": [ 0.05, 0.05, 0.3 ],
									"to": [ 0.55, 0.55, 0.9 ],
									"rotationOrigin": [ 0.0, 0.0, 0.3 ],
									"rotationY": -19.0,
									"faces": {
										"north": { "texture": "#crouched3", "uv": [ 2.5, 28.0, 3.0, 28.5 ] },
										"east": { "texture": "#crouched3", "uv": [ 2.5, 27.5, 3.3, 28.5 ], "autoUv": false },
										"south": { "texture": "#crouched3", "uv": [ 1.5, 28.5, 2.5, 29.5 ], "autoUv": false },
										"west": { "texture": "#crouched3", "uv": [ 3.0, 28.5, 3.5, 29.5 ], "autoUv": false },
										"up": { "texture": "#crouched3", "uv": [ 1.0, 27.5, 2.1, 28.5 ], "autoUv": false },
										"down": { "texture": "#crouched3", "uv": [ 3.5, 29.0, 4.0, 30.5 ], "autoUv": false }
									},
									"children": [
										{
											"name": "Upper jaw spike23",
											"from": [ 0.05, 0.05, 0.4 ],
											"to": [ 0.45, 0.45, 1.0 ],
											"rotationOrigin": [ -0.05, -0.05, 0.4 ],
											"rotationY": -22.0,
											"faces": {
												"north": { "texture": "#crouched3", "uv": [ 2.5, 28.0, 3.0, 28.5 ] },
												"east": { "texture": "#crouched3", "uv": [ 1.5, 29.0, 2.3, 30.0 ], "autoUv": false },
												"south": { "texture": "#crouched3", "uv": [ 1.5, 28.5, 2.5, 29.5 ], "autoUv": false },
												"west": { "texture": "#crouched3", "uv": [ 3.0, 28.5, 3.5, 29.5 ], "autoUv": false },
												"up": { "texture": "#crouched3", "uv": [ 1.0, 27.5, 2.1, 28.5 ], "autoUv": false },
												"down": { "texture": "#crouched3", "uv": [ 1.5, 29.5, 2.0, 31.0 ], "autoUv": false }
											}
										}
									]
								}
							]
						},
						{
							"name": "Upper jaw spike26",
							"from": [ 2.8, 3.0, 0.4 ],
							"to": [ 3.4, 3.6, 0.9 ],
							"rotationOrigin": [ 2.8, 3.0, 0.4 ],
							"rotationX": -150.0,
							"rotationY": -42.0,
							"rotationZ": 30.0,
							"faces": {
								"north": { "texture": "#crouched3", "uv": [ 2.5, 28.0, 3.0, 28.5 ] },
								"east": { "texture": "#crouched3", "uv": [ 1.5, 29.0, 2.3, 30.0 ], "autoUv": false },
								"south": { "texture": "#crouched3", "uv": [ 1.5, 28.5, 2.5, 29.5 ], "autoUv": false },
								"west": { "texture": "#crouched3", "uv": [ 3.0, 28.5, 3.5, 29.5 ], "autoUv": false },
								"up": { "texture": "#crouched3", "uv": [ 1.0, 27.5, 2.1, 28.5 ], "autoUv": false },
								"down": { "texture": "#crouched3", "uv": [ 2.0, 27.5, 2.5, 29.0 ], "autoUv": false }
							},
							"children": [
								{
									"name": "Upper jaw spike27",
									"from": [ 0.05, 0.05, 0.3 ],
									"to": [ 0.55, 0.55, 0.9 ],
									"rotationOrigin": [ 0.0, 0.0, 0.3 ],
									"rotationY": -19.0,
									"faces": {
										"north": { "texture": "#crouched3", "uv": [ 2.5, 28.0, 3.0, 28.5 ] },
										"east": { "texture": "#crouched3", "uv": [ 3.5, 29.5, 4.3, 30.5 ], "autoUv": false },
										"south": { "texture": "#crouched3", "uv": [ 1.5, 28.5, 2.5, 29.5 ], "autoUv": false },
										"west": { "texture": "#crouched3", "uv": [ 3.0, 28.5, 3.5, 29.5 ], "autoUv": false },
										"up": { "texture": "#crouched3", "uv": [ 1.0, 27.5, 2.1, 28.5 ], "autoUv": false },
										"down": { "texture": "#crouched3", "uv": [ 3.5, 29.0, 4.0, 30.5 ], "autoUv": false }
									},
									"children": [
										{
											"name": "Upper jaw spike28",
											"from": [ 0.05, 0.05, 0.4 ],
											"to": [ 0.45, 0.45, 1.0 ],
											"rotationOrigin": [ -0.05, -0.05, 0.4 ],
											"rotationY": -22.0,
											"faces": {
												"north": { "texture": "#crouched3", "uv": [ 2.5, 28.0, 3.0, 28.5 ] },
												"east": { "texture": "#crouched3", "uv": [ 1.5, 28.5, 2.3, 29.5 ], "autoUv": false },
												"south": { "texture": "#crouched3", "uv": [ 1.5, 28.5, 2.5, 29.5 ], "autoUv": false },
												"west": { "texture": "#crouched3", "uv": [ 3.0, 28.5, 3.5, 29.5 ], "autoUv": false },
												"up": { "texture": "#crouched3", "uv": [ 1.0, 27.5, 2.1, 28.5 ], "autoUv": false },
												"down": { "texture": "#crouched3", "uv": [ 2.0, 29.0, 2.5, 30.5 ], "autoUv": false }
											},
											"children": [
												{
													"name": "Upper jaw spike29",
													"from": [ 0.05, 0.05, 0.4 ],
													"to": [ 0.35, 0.35, 1.0 ],
													"rotationOrigin": [ -0.1, -0.1, 0.4 ],
													"rotationY": -17.0,
													"faces": {
														"north": { "texture": "#crouched3", "uv": [ 2.5, 28.0, 3.0, 28.5 ] },
														"east": { "texture": "#crouched3", "uv": [ 2.5, 27.0, 3.3, 28.0 ], "autoUv": false },
														"south": { "texture": "#crouched3", "uv": [ 1.5, 28.5, 2.5, 29.5 ], "autoUv": false },
														"west": { "texture": "#crouched3", "uv": [ 3.0, 28.5, 3.5, 29.5 ], "autoUv": false },
														"up": { "texture": "#crouched3", "uv": [ 1.0, 27.5, 2.1, 28.5 ], "autoUv": false },
														"down": { "texture": "#crouched3", "uv": [ 2.5, 29.5, 3.0, 31.0 ], "autoUv": false }
													},
													"children": [
														{
															"name": "Upper jaw spike30",
															"from": [ 0.05, 0.05, 0.6 ],
															"to": [ 0.25, 0.25, 1.0 ],
															"rotationOrigin": [ -0.15, -0.15, 0.6 ],
															"faces": {
																"north": { "texture": "#crouched3", "uv": [ 2.5, 28.0, 3.0, 28.5 ] },
																"east": { "texture": "#crouched3", "uv": [ 1.5, 29.0, 2.3, 30.0 ], "autoUv": false },
																"south": { "texture": "#crouched3", "uv": [ 1.5, 28.5, 2.5, 29.5 ], "autoUv": false },
																"west": { "texture": "#crouched3", "uv": [ 3.0, 28.5, 3.5, 29.5 ], "autoUv": false },
																"up": { "texture": "#crouched3", "uv": [ 1.0, 27.5, 2.1, 28.5 ], "autoUv": false },
																"down": { "texture": "#crouched3", "uv": [ 4.0, 29.5, 4.5, 31.0 ], "autoUv": false }
															}
														}
													]
												}
											]
										}
									]
								}
							]
						},
						{
							"name": "Upper jaw spike31",
							"from": [ 0.6, 2.3, 0.4 ],
							"to": [ 1.2, 2.9, 0.9 ],
							"rotationOrigin": [ 0.6, 2.3, 0.4 ],
							"rotationX": -169.0,
							"rotationY": -50.0,
							"faces": {
								"north": { "texture": "#crouched3", "uv": [ 2.5, 28.0, 3.0, 28.5 ] },
								"east": { "texture": "#crouched3", "uv": [ 1.5, 29.0, 2.3, 30.0 ], "autoUv": false },
								"south": { "texture": "#crouched3", "uv": [ 1.5, 28.5, 2.5, 29.5 ], "autoUv": false },
								"west": { "texture": "#crouched3", "uv": [ 3.0, 28.5, 3.5, 29.5 ], "autoUv": false },
								"up": { "texture": "#crouched3", "uv": [ 1.0, 27.5, 2.1, 28.5 ], "autoUv": false },
								"down": { "texture": "#crouched3", "uv": [ 4.0, 29.5, 4.5, 31.0 ], "autoUv": false }
							},
							"children": [
								{
									"name": "Upper jaw spike32",
									"from": [ 0.05, 0.05, 0.3 ],
									"to": [ 0.55, 0.55, 0.9 ],
									"rotationOrigin": [ 0.0, 0.0, 0.3 ],
									"rotationY": -19.0,
									"faces": {
										"north": { "texture": "#crouched3", "uv": [ 2.5, 28.0, 3.0, 28.5 ] },
										"east": { "texture": "#crouched3", "uv": [ 1.5, 29.0, 2.3, 30.0 ], "autoUv": false },
										"south": { "texture": "#crouched3", "uv": [ 1.5, 28.5, 2.5, 29.5 ], "autoUv": false },
										"west": { "texture": "#crouched3", "uv": [ 3.0, 28.5, 3.5, 29.5 ], "autoUv": false },
										"up": { "texture": "#crouched3", "uv": [ 1.0, 27.5, 2.1, 28.5 ], "autoUv": false },
										"down": { "texture": "#crouched3", "uv": [ 1.0, 29.5, 1.5, 31.0 ], "autoUv": false }
									},
									"children": [
										{
											"name": "Upper jaw spike33",
											"from": [ 0.05, 0.05, 0.4 ],
											"to": [ 0.45, 0.45, 1.0 ],
											"rotationOrigin": [ -0.05, -0.05, 0.4 ],
											"rotationY": -22.0,
											"faces": {
												"north": { "texture": "#crouched3", "uv": [ 2.5, 28.0, 3.0, 28.5 ] },
												"east": { "texture": "#crouched3", "uv": [ 1.5, 29.0, 2.3, 30.0 ], "autoUv": false },
												"south": { "texture": "#crouched3", "uv": [ 1.5, 28.5, 2.5, 29.5 ], "autoUv": false },
												"west": { "texture": "#crouched3", "uv": [ 3.0, 28.5, 3.5, 29.5 ], "autoUv": false },
												"up": { "texture": "#crouched3", "uv": [ 1.0, 27.5, 2.1, 28.5 ], "autoUv": false },
												"down": { "texture": "#crouched3", "uv": [ 2.0, 29.5, 2.5, 31.0 ], "autoUv": false }
											},
											"children": [
												{
													"name": "Upper jaw spike34",
													"from": [ 0.05, 0.05, 0.4 ],
													"to": [ 0.35, 0.35, 1.0 ],
													"rotationOrigin": [ -0.1, -0.1, 0.4 ],
													"rotationY": -17.0,
													"faces": {
														"north": { "texture": "#crouched3", "uv": [ 2.5, 28.0, 3.0, 28.5 ] },
														"east": { "texture": "#crouched3", "uv": [ 1.5, 29.0, 2.3, 30.0 ], "autoUv": false },
														"south": { "texture": "#crouched3", "uv": [ 1.5, 28.5, 2.5, 29.5 ], "autoUv": false },
														"west": { "texture": "#crouched3", "uv": [ 3.0, 28.5, 3.5, 29.5 ], "autoUv": false },
														"up": { "texture": "#crouched3", "uv": [ 1.0, 27.5, 2.1, 28.5 ], "autoUv": false },
														"down": { "texture": "#crouched3", "uv": [ 1.0, 30.0, 1.5, 31.5 ], "autoUv": false }
													},
													"children": [
														{
															"name": "Upper jaw spike35",
															"from": [ 0.05, 0.05, 0.6 ],
															"to": [ 0.25, 0.25, 1.0 ],
															"rotationOrigin": [ -0.15, -0.15, 0.6 ],
															"faces": {
																"north": { "texture": "#crouched3", "uv": [ 2.5, 28.0, 3.0, 28.5 ] },
																"east": { "texture": "#crouched3", "uv": [ 1.5, 29.0, 2.3, 30.0 ], "autoUv": false },
																"south": { "texture": "#crouched3", "uv": [ 1.5, 28.5, 2.5, 29.5 ], "autoUv": false },
																"west": { "texture": "#crouched3", "uv": [ 3.0, 28.5, 3.5, 29.5 ], "autoUv": false },
																"up": { "texture": "#crouched3", "uv": [ 1.0, 27.5, 2.1, 28.5 ], "autoUv": false },
																"down": { "texture": "#crouched3", "uv": [ 2.5, 28.0, 3.0, 29.5 ], "autoUv": false }
															}
														}
													]
												}
											]
										}
									]
								}
							]
						},
						{
							"name": "Nose",
							"from": [ -0.1, 1.8, 0.8 ],
							"to": [ 0.9, 3.1, 2.2 ],
							"rotationOrigin": [ -0.1, 1.8, 0.8 ],
							"faces": {
								"north": { "texture": "#crouched3", "uv": [ 2.0, 28.0, 3.0, 29.0 ] },
								"east": { "texture": "#crouched3", "uv": [ 1.5, 27.5, 2.5, 28.5 ] },
								"south": { "texture": "#crouched3", "uv": [ 0.5, 28.5, 1.5, 29.5 ] },
								"west": { "texture": "#crouched3", "uv": [ 1.5, 28.5, 2.9, 30.0 ], "autoUv": false },
								"up": { "texture": "#crouched3", "uv": [ 2.5, 27.0, 3.5, 29.0 ], "autoUv": false },
								"down": { "texture": "#crouched3", "uv": [ 2.0, 28.0, 3.0, 29.0 ] }
							},
							"children": [
								{
									"name": "Nose upper fixator",
									"from": [ 1.0, 0.1, 0.2 ],
									"to": [ 2.0, 1.4, 1.2 ],
									"rotationOrigin": [ 1.0, 0.1, 0.2 ],
									"faces": {
										"north": { "texture": "#crouched3", "uv": [ 2.0, 28.0, 3.0, 29.0 ] },
										"east": { "texture": "#crouched3", "uv": [ 1.5, 27.5, 2.5, 28.5 ] },
										"south": { "texture": "#crouched3", "uv": [ 0.1, 28.5, 1.5, 30.2 ], "autoUv": false },
										"west": { "texture": "#crouched3", "uv": [ 1.5, 28.5, 2.9, 30.0 ], "autoUv": false },
										"up": { "texture": "#crouched3", "uv": [ 2.5, 27.0, 4.0, 29.0 ], "autoUv": false },
										"down": { "texture": "#crouched3", "uv": [ 2.0, 28.0, 3.0, 29.0 ] }
									},
									"children": [
										{
											"name": "Nose upper fixator2",
											"from": [ 1.0, 0.1, 0.2 ],
											"to": [ 2.0, 1.4, 0.8 ],
											"rotationOrigin": [ 1.0, 0.1, 0.2 ],
											"faces": {
												"north": { "texture": "#crouched3", "uv": [ 2.0, 28.0, 3.0, 29.0 ] },
												"east": { "texture": "#crouched3", "uv": [ 1.5, 27.5, 2.0, 28.5 ] },
												"south": { "texture": "#crouched3", "uv": [ 0.5, 29.0, 2.0, 32.1 ], "autoUv": false },
												"west": { "texture": "#crouched3", "uv": [ 1.5, 28.5, 2.9, 30.0 ], "autoUv": false },
												"up": { "texture": "#crouched3", "uv": [ 2.5, 27.0, 4.0, 28.5 ], "autoUv": false },
												"down": { "texture": "#crouched3", "uv": [ 2.0, 28.0, 3.0, 28.5 ] }
											},
											"children": [
												{
													"name": "Nose upper fixator3",
													"from": [ 1.0, 0.1, 0.0 ],
													"to": [ 2.2, 1.4, 0.6 ],
													"rotationOrigin": [ 1.0, 0.1, 0.0 ],
													"faces": {
														"north": { "texture": "#crouched3", "uv": [ 2.0, 28.0, 3.0, 29.0 ] },
														"east": { "texture": "#crouched3", "uv": [ 1.5, 27.5, 2.0, 28.5 ] },
														"south": { "texture": "#crouched3", "uv": [ 0.5, 28.5, 2.0, 30.6 ], "autoUv": false },
														"west": { "texture": "#crouched3", "uv": [ 1.5, 28.5, 2.9, 30.0 ], "autoUv": false },
														"up": { "texture": "#crouched3", "uv": [ 2.5, 27.0, 4.0, 28.5 ], "autoUv": false },
														"down": { "texture": "#crouched3", "uv": [ 2.0, 28.0, 3.0, 28.5 ] }
													}
												}
											]
										},
										{
											"name": "Nose upper fixator4",
											"from": [ 1.2, -0.1, -0.4 ],
											"to": [ 1.8, 1.2, 1.4 ],
											"rotationOrigin": [ 1.2, -0.1, -0.4 ],
											"faces": {
												"north": { "texture": "#crouched3", "uv": [ 2.0, 28.0, 2.5, 29.0 ] },
												"east": { "texture": "#crouched3", "uv": [ 1.5, 27.5, 3.0, 28.5 ] },
												"south": { "texture": "#crouched3", "uv": [ 0.5, 29.0, 2.0, 32.1 ], "autoUv": false },
												"west": { "texture": "#crouched3", "uv": [ 1.5, 28.5, 2.9, 30.0 ], "autoUv": false },
												"up": { "texture": "#crouched3", "uv": [ 2.5, 27.0, 4.0, 30.5 ], "autoUv": false },
												"down": { "texture": "#crouched3", "uv": [ 2.0, 28.0, 2.5, 29.5 ] }
											}
										}
									]
								}
							]
						},
						{
							"name": "Mouth spike",
							"from": [ 0.1, 1.5, 0.0 ],
							"to": [ 1.1, 2.0, 0.5 ],
							"rotationOrigin": [ 0.1, 1.5, 0.0 ],
							"rotationX": -28.0,
							"rotationZ": -138.0,
							"faces": {
								"north": { "texture": "#crouched3", "uv": [ 1.5, 29.0, 2.5, 30.0 ], "autoUv": false },
								"east": { "texture": "#crouched3", "uv": [ 2.5, 28.0, 3.5, 28.9 ], "autoUv": false },
								"south": { "texture": "#crouched3", "uv": [ 2.0, 27.0, 3.0, 28.0 ], "autoUv": false },
								"west": { "texture": "#crouched3", "uv": [ 2.0, 28.0, 2.5, 28.5 ] },
								"up": { "texture": "#crouched3", "uv": [ 1.0, 28.0, 2.0, 28.9 ], "autoUv": false },
								"down": { "texture": "#crouched3", "uv": [ 2.0, 28.5, 3.0, 29.5 ], "autoUv": false }
							},
							"children": [
								{
									"name": "Mouth spike2",
									"from": [ 1.0, 0.05, 0.05 ],
									"to": [ 1.5, 0.45, 0.45 ],
									"rotationOrigin": [ 1.0, 0.0, 0.0 ],
									"rotationZ": 19.0,
									"faces": {
										"north": { "texture": "#crouched3", "uv": [ 2.0, 28.0, 3.0, 29.0 ], "autoUv": false },
										"east": { "texture": "#crouched3", "uv": [ 2.5, 30.0, 3.5, 30.9 ], "autoUv": false },
										"south": { "texture": "#crouched3", "uv": [ 2.0, 27.5, 3.0, 28.5 ], "autoUv": false },
										"west": { "texture": "#crouched3", "uv": [ 2.0, 28.0, 2.5, 28.5 ] },
										"up": { "texture": "#crouched3", "uv": [ 1.0, 28.0, 2.0, 28.9 ], "autoUv": false },
										"down": { "texture": "#crouched3", "uv": [ 1.5, 29.5, 2.5, 30.5 ], "autoUv": false }
									},
									"children": [
										{
											"name": "Mouth spike3",
											"from": [ 0.5, 0.0, 0.1 ],
											"to": [ 1.0, 0.3, 0.3 ],
											"rotationOrigin": [ 0.5, -0.05, 0.05 ],
											"rotationZ": 22.0,
											"faces": {
												"north": { "texture": "#crouched3", "uv": [ 2.0, 29.0, 3.0, 30.0 ], "autoUv": false },
												"east": { "texture": "#crouched3", "uv": [ 2.5, 28.0, 3.5, 28.9 ], "autoUv": false },
												"south": { "texture": "#crouched3", "uv": [ 1.0, 28.5, 2.0, 29.5 ], "autoUv": false },
												"west": { "texture": "#crouched3", "uv": [ 2.0, 28.0, 2.5, 28.5 ] },
												"up": { "texture": "#crouched3", "uv": [ 3.0, 28.0, 4.0, 28.9 ], "autoUv": false },
												"down": { "texture": "#crouched3", "uv": [ 1.0, 30.0, 2.0, 31.0 ], "autoUv": false }
											},
											"children": [
												{
													"name": "Mouth spike4",
													"from": [ 0.5, 0.0, 0.05 ],
													"to": [ 0.9, 0.2, 0.15 ],
													"rotationOrigin": [ 0.5, -0.05, -0.05 ],
													"rotationZ": 25.0,
													"faces": {
														"north": { "texture": "#crouched3", "uv": [ 1.0, 28.5, 2.0, 29.5 ], "autoUv": false },
														"east": { "texture": "#crouched3", "uv": [ 2.5, 30.0, 3.5, 30.9 ], "autoUv": false },
														"south": { "texture": "#crouched3", "uv": [ 1.5, 28.5, 2.5, 29.5 ], "autoUv": false },
														"west": { "texture": "#crouched3", "uv": [ 3.5, 28.5, 4.0, 29.0 ] },
														"up": { "texture": "#crouched3", "uv": [ 0.0, 28.0, 1.0, 28.9 ], "autoUv": false },
														"down": { "texture": "#crouched3", "uv": [ 2.0, 27.5, 3.0, 28.5 ], "autoUv": false }
													}
												}
											]
										}
									]
								}
							]
						},
						{
							"name": "Mouth spike5",
							"from": [ 0.2, 1.7, 2.5 ],
							"to": [ 1.2, 2.2, 3.0 ],
							"rotationOrigin": [ 0.2, 1.7, 2.7 ],
							"rotationX": 22.0,
							"rotationZ": -138.0,
							"faces": {
								"north": { "texture": "#crouched3", "uv": [ 1.5, 29.0, 2.5, 30.0 ], "autoUv": false },
								"east": { "texture": "#crouched3", "uv": [ 2.5, 28.0, 3.5, 28.9 ], "autoUv": false },
								"south": { "texture": "#crouched3", "uv": [ 2.0, 29.5, 3.0, 30.5 ], "autoUv": false },
								"west": { "texture": "#crouched3", "uv": [ 2.0, 28.0, 2.5, 28.5 ] },
								"up": { "texture": "#crouched3", "uv": [ 1.0, 28.0, 2.0, 28.9 ], "autoUv": false },
								"down": { "texture": "#crouched3", "uv": [ 1.5, 28.5, 2.5, 29.5 ], "autoUv": false }
							},
							"children": [
								{
									"name": "Mouth spike6",
									"from": [ 1.0, 0.05, 0.05 ],
									"to": [ 1.5, 0.45, 0.45 ],
									"rotationOrigin": [ 1.0, 0.0, 0.0 ],
									"rotationZ": 19.0,
									"faces": {
										"north": { "texture": "#crouched3", "uv": [ 2.0, 28.0, 3.0, 29.0 ], "autoUv": false },
										"east": { "texture": "#crouched3", "uv": [ 2.5, 30.0, 3.5, 30.9 ], "autoUv": false },
										"south": { "texture": "#crouched3", "uv": [ 2.0, 29.5, 3.0, 30.5 ], "autoUv": false },
										"west": { "texture": "#crouched3", "uv": [ 2.0, 28.0, 2.5, 28.5 ] },
										"up": { "texture": "#crouched3", "uv": [ 1.0, 28.0, 2.0, 28.9 ], "autoUv": false },
										"down": { "texture": "#crouched3", "uv": [ 1.5, 28.0, 2.5, 29.0 ], "autoUv": false }
									},
									"children": [
										{
											"name": "Mouth spike7",
											"from": [ 0.5, 0.0, 0.1 ],
											"to": [ 1.0, 0.3, 0.3 ],
											"rotationOrigin": [ 0.5, -0.05, 0.05 ],
											"rotationZ": 22.0,
											"faces": {
												"north": { "texture": "#crouched3", "uv": [ 2.5, 27.5, 3.5, 28.5 ], "autoUv": false },
												"east": { "texture": "#crouched3", "uv": [ 2.0, 27.0, 3.0, 27.9 ], "autoUv": false },
												"south": { "texture": "#crouched3", "uv": [ 1.5, 28.0, 2.5, 29.0 ], "autoUv": false },
												"west": { "texture": "#crouched3", "uv": [ 1.5, 28.5, 2.0, 29.0 ] },
												"up": { "texture": "#crouched3", "uv": [ 3.5, 29.0, 4.5, 29.9 ], "autoUv": false },
												"down": { "texture": "#crouched3", "uv": [ 2.0, 28.0, 3.0, 29.0 ], "autoUv": false }
											},
											"children": [
												{
													"name": "Mouth spike8",
													"from": [ 0.5, 0.0, 0.05 ],
													"to": [ 0.9, 0.2, 0.15 ],
													"rotationOrigin": [ 0.5, -0.05, -0.05 ],
													"rotationZ": 25.0,
													"faces": {
														"north": { "texture": "#crouched3", "uv": [ 2.5, 29.0, 3.5, 30.0 ], "autoUv": false },
														"east": { "texture": "#crouched3", "uv": [ 2.5, 28.0, 3.5, 28.9 ], "autoUv": false },
														"south": { "texture": "#crouched3", "uv": [ 0.5, 26.5, 1.5, 27.5 ], "autoUv": false },
														"west": { "texture": "#crouched3", "uv": [ 1.5, 28.0, 2.0, 28.5 ] },
														"up": { "texture": "#crouched3", "uv": [ 1.0, 28.0, 2.0, 28.9 ], "autoUv": false },
														"down": { "texture": "#crouched3", "uv": [ 2.0, 27.5, 3.0, 28.5 ], "autoUv": false }
													}
												}
											]
										}
									]
								}
							]
						}
					]
				},
				{
					"name": "L ear",
					"from": [ 2.0, 4.0, 3.0 ],
					"to": [ 3.0, 5.4, 5.2 ],
					"rotationOrigin": [ 2.5, 4.0, 4.5 ],
					"rotationX": 35.0,
					"rotationY": -10.0,
					"rotationZ": 8.0,
					"faces": {
						"north": { "texture": "#hyena2", "uv": [ 28.0, 30.0, 29.0, 31.0 ] },
						"east": { "texture": "#hyena2", "uv": [ 33.0, 30.0, 35.0, 31.0 ] },
						"south": { "texture": "#hyena2", "uv": [ 32.0, 30.0, 33.0, 31.0 ] },
						"west": { "texture": "#hyena2", "uv": [ 29.0, 30.0, 31.0, 31.0 ] },
						"up": { "texture": "#hyena2", "uv": [ 29.0, 29.0, 31.0, 30.0 ], "rotation": 90 },
						"down": { "texture": "#hyena2", "uv": [ 29.0, 33.0, 31.0, 34.0 ], "rotation": 90 }
					}
				},
				{
					"name": "R ear",
					"from": [ 2.0, 4.0, -1.0 ],
					"to": [ 3.0, 6.5, 1.7 ],
					"rotationOrigin": [ 2.5, 4.0, 0.5 ],
					"rotationX": -35.0,
					"rotationY": 10.0,
					"rotationZ": 8.0,
					"faces": {
						"north": { "texture": "#hyena2", "uv": [ 28.0, 24.0, 29.0, 26.5 ] },
						"east": { "texture": "#hyena2", "uv": [ 33.0, 24.0, 35.5, 26.5 ] },
						"south": { "texture": "#hyena2", "uv": [ 32.0, 24.0, 33.0, 26.5 ] },
						"west": { "texture": "#hyena2", "uv": [ 29.0, 24.0, 31.5, 26.5 ] },
						"up": { "texture": "#hyena2", "uv": [ 29.0, 23.0, 31.5, 24.0 ], "rotation": 90 },
						"down": { "texture": "#hyena2", "uv": [ 29.0, 27.0, 31.5, 28.0 ], "rotation": 90 }
					}
				},
				{
					"name": "Hair head",
					"from": [ 1.0, 4.0, 2.6 ],
					"to": [ 4.0, 6.0, 2.6 ],
					"rotationOrigin": [ 1.0, 4.0, 2.6 ],
					"rotationX": -21.0,
					"rotationZ": 15.0,
					"faces": {
						"north": { "texture": "#hyena2", "uv": [ 57.0, 2.0, 60.0, 4.0 ] },
						"south": { "texture": "#hyena2", "uv": [ 60.0, 2.0, 63.0, 4.0 ] }
					}
				},
				{
					"name": "Big eye",
					"from": [ -0.2, 3.2, 0.3 ],
					"to": [ 0.3, 3.7, 0.8 ],
					"rotationOrigin": [ -0.2, 3.2, 0.3 ],
					"faces": {
						"north": { "texture": "#corrupt", "uv": [ 9.0, 22.0, 10.0, 23.0 ], "glow": 196 },
						"east": { "texture": "#corrupt", "uv": [ 8.0, 23.0, 9.0, 24.0 ], "glow": 196 },
						"south": { "texture": "#corrupt", "uv": [ 9.0, 21.0, 10.0, 22.0 ], "glow": 196 },
						"west": { "texture": "#corrupt", "uv": [ 8.0, 21.0, 9.0, 22.0 ], "glow": 196 },
						"up": { "texture": "#corrupt", "uv": [ 8.0, 21.0, 9.0, 22.0 ], "glow": 196 },
						"down": { "texture": "#corrupt", "uv": [ 8.0, 23.0, 9.0, 24.0 ], "glow": 196 }
					}
				},
				{
					"name": "pupil R",
					"from": [ -0.3, 3.3, 0.4 ],
					"to": [ 0.0, 3.6, 0.7 ],
					"rotationOrigin": [ -0.3, 3.3, 0.4 ],
					"faces": {
						"north": { "texture": "#corrupt", "uv": [ 61.0, 1.0, 62.0, 2.0 ], "glow": 196 },
						"east": { "texture": "#corrupt", "uv": [ 61.0, 1.0, 62.0, 2.0 ], "glow": 196 },
						"south": { "texture": "#corrupt", "uv": [ 61.0, 1.0, 62.0, 2.0 ], "glow": 196 },
						"west": { "texture": "#corrupt", "uv": [ 61.0, 1.0, 62.0, 2.0 ], "glow": 196 },
						"up": { "texture": "#corrupt", "uv": [ 61.0, 1.0, 62.0, 2.0 ], "glow": 196 },
						"down": { "texture": "#corrupt", "uv": [ 61.0, 1.0, 62.0, 2.0 ], "glow": 196 }
					}
				},
				{
					"name": "pupil L",
					"from": [ -0.1, 3.2, 4.4 ],
					"to": [ 0.2, 3.5, 4.7 ],
					"rotationOrigin": [ -0.1, 3.2, 4.4 ],
					"faces": {
						"north": { "texture": "#corrupt", "uv": [ 61.0, 1.0, 62.0, 2.0 ], "glow": 196 },
						"east": { "texture": "#corrupt", "uv": [ 61.0, 1.0, 62.0, 2.0 ], "glow": 196 },
						"south": { "texture": "#corrupt", "uv": [ 61.0, 1.0, 62.0, 2.0 ], "glow": 196 },
						"west": { "texture": "#corrupt", "uv": [ 61.0, 1.0, 62.0, 2.0 ], "glow": 196 },
						"up": { "texture": "#corrupt", "uv": [ 61.0, 1.0, 62.0, 2.0 ], "glow": 196 },
						"down": { "texture": "#corrupt", "uv": [ 61.0, 1.0, 62.0, 2.0 ], "glow": 196 }
					}
				},
				{
					"name": "Back spike0.13",
					"from": [ 2.92, 4.95, 2.28 ],
					"to": [ 3.304, 5.782, 2.664 ],
					"rotationOrigin": [ 2.9169, 4.9457, 2.284 ],
					"rotationX": 28.0,
					"rotationY": 8.0,
					"rotationZ": -42.0,
					"faces": {
						"north": { "texture": "#crouched3", "uv": [ 2.0, 26.5, 2.576, 27.588 ], "autoUv": false },
						"east": { "texture": "#crouched3", "uv": [ 1.0, 29.0, 1.64, 29.704 ], "autoUv": false },
						"south": { "texture": "#crouched3", "uv": [ 2.0, 29.0, 2.64, 29.896 ], "autoUv": false },
						"west": { "texture": "#crouched3", "uv": [ 2.5, 27.0, 3.14, 27.832 ], "autoUv": false },
						"up": { "texture": "#crouched3", "uv": [ 1.5, 26.5, 2.14, 27.076 ], "autoUv": false },
						"down": { "texture": "#crouched3", "uv": [ 2.0, 27.0, 2.5, 27.5 ] }
					},
					"children": [
						{
							"name": "Back spike1.13",
							"from": [ 0.032, 0.448, 0.032 ],
							"to": [ 0.352, 1.28, 0.352 ],
							"rotationOrigin": [ 0.0, 0.448, 0.0 ],
							"rotationZ": -4.0,
							"faces": {
								"north": { "texture": "#crouched3", "uv": [ 2.0, 26.5, 2.576, 27.588 ], "autoUv": false },
								"east": { "texture": "#crouched3", "uv": [ 1.0, 29.0, 1.64, 29.704 ], "autoUv": false },
								"south": { "texture": "#crouched3", "uv": [ 2.0, 29.0, 2.64, 29.896 ], "autoUv": false },
								"west": { "texture": "#crouched3", "uv": [ 2.5, 27.0, 3.14, 27.832 ], "autoUv": false },
								"up": { "texture": "#crouched3", "uv": [ 1.5, 26.5, 2.14, 27.076 ], "autoUv": false },
								"down": { "texture": "#crouched3", "uv": [ 2.0, 27.0, 2.32, 27.32 ] }
							}
						}
					]
				},
				{
					"name": "Back spike0.14",
					"from": [ 2.62, 4.95, 1.88 ],
					"to": [ 3.004, 5.782, 2.264 ],
					"rotationOrigin": [ 2.6169, 4.9457, 1.884 ],
					"rotationX": -14.0,
					"rotationY": 8.0,
					"rotationZ": -33.0,
					"faces": {
						"north": { "texture": "#crouched3", "uv": [ 2.0, 26.5, 2.576, 27.588 ], "autoUv": false },
						"east": { "texture": "#crouched3", "uv": [ 1.0, 29.0, 1.64, 29.704 ], "autoUv": false },
						"south": { "texture": "#crouched3", "uv": [ 2.0, 29.0, 2.64, 29.896 ], "autoUv": false },
						"west": { "texture": "#crouched3", "uv": [ 2.5, 27.0, 3.14, 27.832 ], "autoUv": false },
						"up": { "texture": "#crouched3", "uv": [ 1.5, 26.5, 2.14, 27.076 ], "autoUv": false },
						"down": { "texture": "#crouched3", "uv": [ 2.0, 27.0, 2.5, 27.5 ] }
					},
					"children": [
						{
							"name": "Back spike1.14",
							"from": [ 0.032, 0.448, 0.032 ],
							"to": [ 0.352, 1.28, 0.352 ],
							"rotationOrigin": [ 0.0, 0.448, 0.0 ],
							"rotationZ": -4.0,
							"faces": {
								"north": { "texture": "#crouched3", "uv": [ 2.0, 26.5, 2.576, 27.588 ], "autoUv": false },
								"east": { "texture": "#crouched3", "uv": [ 1.0, 29.0, 1.64, 29.704 ], "autoUv": false },
								"south": { "texture": "#crouched3", "uv": [ 2.0, 29.0, 2.64, 29.896 ], "autoUv": false },
								"west": { "texture": "#crouched3", "uv": [ 2.5, 27.0, 3.14, 27.832 ], "autoUv": false },
								"up": { "texture": "#crouched3", "uv": [ 1.5, 26.5, 2.14, 27.076 ], "autoUv": false },
								"down": { "texture": "#crouched3", "uv": [ 2.0, 27.0, 2.5, 27.5 ] }
							},
							"children": [
								{
									"name": "Back spike2.14",
									"from": [ 0.032, 0.832, 0.032 ],
									"to": [ 0.288, 1.344, 0.288 ],
									"rotationOrigin": [ -0.032, 0.832, -0.032 ],
									"rotationZ": -14.0,
									"faces": {
										"north": { "texture": "#crouched3", "uv": [ 2.0, 26.5, 2.576, 27.588 ], "autoUv": false },
										"east": { "texture": "#crouched3", "uv": [ 1.0, 29.0, 1.64, 29.704 ], "autoUv": false },
										"south": { "texture": "#crouched3", "uv": [ 2.0, 29.0, 2.64, 29.896 ], "autoUv": false },
										"west": { "texture": "#crouched3", "uv": [ 2.5, 27.0, 3.14, 27.832 ], "autoUv": false },
										"up": { "texture": "#crouched3", "uv": [ 1.5, 26.5, 2.14, 27.076 ], "autoUv": false },
										"down": { "texture": "#crouched3", "uv": [ 2.0, 27.0, 2.5, 27.5 ] }
									},
									"children": [
										{
											"name": "Back spike3.14",
											"from": [ 0.032, 0.512, 0.032 ],
											"to": [ 0.224, 0.832, 0.224 ],
											"rotationOrigin": [ -0.064, 0.512, -0.064 ],
											"rotationZ": -14.0,
											"faces": {
												"north": { "texture": "#crouched3", "uv": [ 2.0, 26.5, 2.576, 27.588 ], "autoUv": false },
												"east": { "texture": "#crouched3", "uv": [ 1.0, 29.0, 1.64, 29.704 ], "autoUv": false },
												"south": { "texture": "#crouched3", "uv": [ 2.0, 29.0, 2.64, 29.896 ], "autoUv": false },
												"west": { "texture": "#crouched3", "uv": [ 2.5, 27.0, 3.14, 27.832 ], "autoUv": false },
												"up": { "texture": "#crouched3", "uv": [ 1.5, 26.5, 2.14, 27.076 ], "autoUv": false },
												"down": { "texture": "#crouched3", "uv": [ 2.0, 27.0, 2.5, 27.5 ] }
											}
										}
									]
								}
							]
						}
					]
				},
				{
					"name": "Back spike0.15",
					"from": [ 1.72, 4.95, 2.18 ],
					"to": [ 2.104, 5.782, 2.564 ],
					"rotationOrigin": [ 1.7169, 4.9457, 2.184 ],
					"rotationX": 3.0,
					"rotationY": 8.0,
					"rotationZ": -53.0,
					"faces": {
						"north": { "texture": "#crouched3", "uv": [ 2.0, 26.5, 2.576, 27.588 ], "autoUv": false },
						"east": { "texture": "#crouched3", "uv": [ 1.0, 29.0, 1.64, 29.704 ], "autoUv": false },
						"south": { "texture": "#crouched3", "uv": [ 2.0, 29.0, 2.64, 29.896 ], "autoUv": false },
						"west": { "texture": "#crouched3", "uv": [ 2.5, 27.0, 3.14, 27.832 ], "autoUv": false },
						"up": { "texture": "#crouched3", "uv": [ 1.5, 26.5, 2.14, 27.076 ], "autoUv": false },
						"down": { "texture": "#crouched3", "uv": [ 2.0, 27.0, 2.5, 27.5 ] }
					},
					"children": [
						{
							"name": "Back spike1.15",
							"from": [ 0.032, 0.448, 0.032 ],
							"to": [ 0.352, 1.28, 0.352 ],
							"rotationOrigin": [ 0.0, 0.448, 0.0 ],
							"rotationZ": -4.0,
							"faces": {
								"north": { "texture": "#crouched3", "uv": [ 2.0, 26.5, 2.576, 27.588 ], "autoUv": false },
								"east": { "texture": "#crouched3", "uv": [ 1.0, 29.0, 1.64, 29.704 ], "autoUv": false },
								"south": { "texture": "#crouched3", "uv": [ 2.0, 29.0, 2.64, 29.896 ], "autoUv": false },
								"west": { "texture": "#crouched3", "uv": [ 2.5, 27.0, 3.14, 27.832 ], "autoUv": false },
								"up": { "texture": "#crouched3", "uv": [ 1.5, 26.5, 2.14, 27.076 ], "autoUv": false },
								"down": { "texture": "#crouched3", "uv": [ 2.0, 27.0, 2.5, 27.5 ] }
							},
							"children": [
								{
									"name": "Back spike2.15",
									"from": [ 0.032, 0.832, 0.032 ],
									"to": [ 0.288, 1.344, 0.288 ],
									"rotationOrigin": [ -0.032, 0.832, -0.032 ],
									"rotationZ": -14.0,
									"faces": {
										"north": { "texture": "#crouched3", "uv": [ 2.0, 26.5, 2.576, 27.588 ], "autoUv": false },
										"east": { "texture": "#crouched3", "uv": [ 1.0, 29.0, 1.64, 29.704 ], "autoUv": false },
										"south": { "texture": "#crouched3", "uv": [ 2.0, 29.0, 2.64, 29.896 ], "autoUv": false },
										"west": { "texture": "#crouched3", "uv": [ 2.5, 27.0, 3.14, 27.832 ], "autoUv": false },
										"up": { "texture": "#crouched3", "uv": [ 1.5, 26.5, 2.14, 27.076 ], "autoUv": false },
										"down": { "texture": "#crouched3", "uv": [ 2.0, 27.0, 2.5, 27.5 ] }
									}
								}
							]
						}
					]
				},
				{
					"name": "Back spike0.16",
					"from": [ 0.72, 4.95, 2.18 ],
					"to": [ 1.104, 5.782, 2.564 ],
					"rotationOrigin": [ 0.7169, 4.9457, 2.184 ],
					"rotationX": 47.0,
					"rotationY": 11.0,
					"rotationZ": -53.0,
					"faces": {
						"north": { "texture": "#crouched3", "uv": [ 2.0, 26.5, 2.576, 27.588 ], "autoUv": false },
						"east": { "texture": "#crouched3", "uv": [ 1.0, 29.0, 1.64, 29.704 ], "autoUv": false },
						"south": { "texture": "#crouched3", "uv": [ 2.0, 29.0, 2.64, 29.896 ], "autoUv": false },
						"west": { "texture": "#crouched3", "uv": [ 2.5, 27.0, 3.14, 27.832 ], "autoUv": false },
						"up": { "texture": "#crouched3", "uv": [ 1.5, 26.5, 2.14, 27.076 ], "autoUv": false },
						"down": { "texture": "#crouched3", "uv": [ 2.0, 27.0, 2.5, 27.5 ] }
					},
					"children": [
						{
							"name": "Back spike1.16",
							"from": [ 0.032, 0.448, 0.032 ],
							"to": [ 0.352, 1.28, 0.352 ],
							"rotationOrigin": [ 0.0, 0.448, 0.0 ],
							"rotationZ": -4.0,
							"faces": {
								"north": { "texture": "#crouched3", "uv": [ 2.0, 26.5, 2.576, 27.588 ], "autoUv": false },
								"east": { "texture": "#crouched3", "uv": [ 1.0, 29.0, 1.64, 29.704 ], "autoUv": false },
								"south": { "texture": "#crouched3", "uv": [ 2.0, 29.0, 2.64, 29.896 ], "autoUv": false },
								"west": { "texture": "#crouched3", "uv": [ 2.5, 27.0, 3.14, 27.832 ], "autoUv": false },
								"up": { "texture": "#crouched3", "uv": [ 1.5, 26.5, 2.14, 27.076 ], "autoUv": false },
								"down": { "texture": "#crouched3", "uv": [ 2.0, 27.0, 2.5, 27.5 ] }
							},
							"children": [
								{
									"name": "Back spike2.16",
									"from": [ 0.032, 0.832, 0.032 ],
									"to": [ 0.288, 1.344, 0.288 ],
									"rotationOrigin": [ -0.032, 0.832, -0.032 ],
									"rotationZ": -14.0,
									"faces": {
										"north": { "texture": "#crouched3", "uv": [ 2.0, 26.5, 2.576, 27.588 ], "autoUv": false },
										"east": { "texture": "#crouched3", "uv": [ 1.0, 29.0, 1.64, 29.704 ], "autoUv": false },
										"south": { "texture": "#crouched3", "uv": [ 2.0, 29.0, 2.64, 29.896 ], "autoUv": false },
										"west": { "texture": "#crouched3", "uv": [ 2.5, 27.0, 3.14, 27.832 ], "autoUv": false },
										"up": { "texture": "#crouched3", "uv": [ 1.5, 26.5, 2.14, 27.076 ], "autoUv": false },
										"down": { "texture": "#crouched3", "uv": [ 2.0, 27.0, 2.5, 27.5 ] }
									}
								}
							]
						}
					]
				},
				{
					"name": "Back spike0.17",
					"from": [ 0.32, 4.95, 1.88 ],
					"to": [ 0.704, 5.782, 2.264 ],
					"rotationOrigin": [ 0.3169, 4.9457, 1.884 ],
					"rotationX": -19.0,
					"rotationY": 6.0,
					"rotationZ": -53.0,
					"faces": {
						"north": { "texture": "#crouched3", "uv": [ 2.0, 26.5, 2.576, 27.588 ], "autoUv": false },
						"east": { "texture": "#crouched3", "uv": [ 1.0, 29.0, 1.64, 29.704 ], "autoUv": false },
						"south": { "texture": "#crouched3", "uv": [ 2.0, 29.0, 2.64, 29.896 ], "autoUv": false },
						"west": { "texture": "#crouched3", "uv": [ 2.5, 27.0, 3.14, 27.832 ], "autoUv": false },
						"up": { "texture": "#crouched3", "uv": [ 1.5, 26.5, 2.14, 27.076 ], "autoUv": false },
						"down": { "texture": "#crouched3", "uv": [ 2.0, 27.0, 2.5, 27.5 ] }
					},
					"children": [
						{
							"name": "Back spike1.17",
							"from": [ 0.032, 0.448, 0.032 ],
							"to": [ 0.352, 1.28, 0.352 ],
							"rotationOrigin": [ 0.0, 0.448, 0.0 ],
							"rotationZ": -4.0,
							"faces": {
								"north": { "texture": "#crouched3", "uv": [ 2.0, 26.5, 2.576, 27.588 ], "autoUv": false },
								"east": { "texture": "#crouched3", "uv": [ 1.0, 29.0, 1.64, 29.704 ], "autoUv": false },
								"south": { "texture": "#crouched3", "uv": [ 2.0, 29.0, 2.64, 29.896 ], "autoUv": false },
								"west": { "texture": "#crouched3", "uv": [ 2.5, 27.0, 3.14, 27.832 ], "autoUv": false },
								"up": { "texture": "#crouched3", "uv": [ 1.5, 26.5, 2.14, 27.076 ], "autoUv": false },
								"down": { "texture": "#crouched3", "uv": [ 2.0, 27.0, 2.5, 27.5 ] }
							}
						}
					]
				},
				{
					"name": "head plate",
					"from": [ 1.3, 0.6, -0.2 ],
					"to": [ 2.7, 2.0, 0.8 ],
					"rotationOrigin": [ 1.3, 0.6, -0.2 ],
					"rotationX": -8.0,
					"rotationY": -6.0,
					"rotationZ": 33.0,
					"faces": {
						"north": { "texture": "#crouched3", "uv": [ 1.5, 28.0, 3.0, 29.5 ], "autoUv": false },
						"east": { "texture": "#crouched3", "uv": [ 2.0, 27.5, 3.0, 28.5 ] },
						"south": { "texture": "#crouched3", "uv": [ 1.5, 28.0, 2.5, 29.0 ] },
						"west": { "texture": "#crouched3", "uv": [ 0.0, 27.0, 1.0, 28.0 ] },
						"up": { "texture": "#crouched3", "uv": [ 1.5, 27.0, 2.5, 28.0 ] },
						"down": { "texture": "#crouched3", "uv": [ 2.5, 28.0, 3.5, 29.0 ] }
					},
					"children": [
						{
							"name": "Little rivet on head",
							"from": [ 0.1, 0.2, -0.3 ],
							"to": [ 0.4, 0.5, 0.4 ],
							"rotationOrigin": [ 0.1, 0.2, -0.3 ],
							"rotationX": 3.0,
							"rotationY": -6.0,
							"faces": {
								"north": { "texture": "#crouched3", "uv": [ 2.5, 29.5, 3.0, 30.0 ] },
								"east": { "texture": "#crouched3", "uv": [ 2.0, 28.5, 2.5, 29.0 ] },
								"south": { "texture": "#crouched3", "uv": [ 1.5, 29.0, 2.0, 29.5 ] },
								"west": { "texture": "#crouched3", "uv": [ 1.5, 28.0, 2.0, 28.5 ] },
								"up": { "texture": "#crouched3", "uv": [ 2.5, 28.5, 3.0, 29.0 ] },
								"down": { "texture": "#crouched3", "uv": [ 2.0, 29.5, 2.5, 30.0 ] }
							}
						},
						{
							"name": "Little rivet on head2",
							"from": [ 1.0, 0.6, -0.3 ],
							"to": [ 1.3, 0.9, 0.4 ],
							"rotationOrigin": [ 1.0, 0.6, -0.3 ],
							"rotationZ": 25.0,
							"faces": {
								"north": { "texture": "#crouched3", "uv": [ 2.5, 29.5, 3.0, 30.0 ] },
								"east": { "texture": "#crouched3", "uv": [ 2.0, 28.5, 2.5, 29.0 ] },
								"south": { "texture": "#crouched3", "uv": [ 1.5, 29.0, 2.0, 29.5 ] },
								"west": { "texture": "#crouched3", "uv": [ 1.5, 28.0, 2.0, 28.5 ] },
								"up": { "texture": "#crouched3", "uv": [ 2.5, 28.5, 3.0, 29.0 ] },
								"down": { "texture": "#crouched3", "uv": [ 2.0, 29.5, 2.5, 30.0 ] }
							}
						},
						{
							"name": "Little rivet on head3",
							"from": [ 0.2, 1.0, -0.3 ],
							"to": [ 0.5, 1.3, 0.4 ],
							"rotationOrigin": [ 0.2, 1.0, -0.3 ],
							"rotationZ": -14.0,
							"faces": {
								"north": { "texture": "#crouched3", "uv": [ 2.5, 29.5, 3.0, 30.0 ] },
								"east": { "texture": "#crouched3", "uv": [ 2.0, 28.5, 2.5, 29.0 ] },
								"south": { "texture": "#crouched3", "uv": [ 1.5, 29.0, 2.0, 29.5 ] },
								"west": { "texture": "#crouched3", "uv": [ 1.5, 28.0, 2.0, 28.5 ] },
								"up": { "texture": "#crouched3", "uv": [ 2.5, 28.5, 3.0, 29.0 ] },
								"down": { "texture": "#crouched3", "uv": [ 2.0, 29.5, 2.5, 30.0 ] }
							}
						}
					]
				}
			]
		}
	],
	"animations": [
		{
			"name": "Walk",
			"code": "walk",
			"quantityframes": 40,
			"onActivityStopped": "EaseOut",
			"onAnimationEnd": "Repeat",
			"keyframes": [
				{
					"frame": 0,
					"elements": {
						"head": { "offsetX": 0.0, "offsetY": 0.0, "offsetZ": 0.0, "rotationX": 0.0, "rotationY": 0.0, "rotationZ": 0.0 },
						"L ear": { "offsetX": -1.0, "offsetY": 0.0, "offsetZ": 0.0, "rotationX": 0.0, "rotationY": 0.0, "rotationZ": -50.0 },
						"R ear": { "offsetX": -1.0, "offsetY": 0.0, "offsetZ": 0.5, "rotationX": 0.0, "rotationY": 0.0, "rotationZ": -50.0 }
					}
				},
				{
					"frame": 10,
					"elements": {
						"head": { "offsetX": 0.0, "offsetY": 0.0, "offsetZ": 0.0, "rotationX": 0.0, "rotationY": 0.0, "rotationZ": 0.0 },
						"L ear": { "offsetX": -1.0, "offsetY": 0.0, "offsetZ": 0.0, "rotationX": 0.0, "rotationY": 0.0, "rotationZ": -40.0 },
						"R ear": { "offsetX": -1.0, "offsetY": 0.0, "offsetZ": 0.5, "rotationX": 0.0, "rotationY": 0.0, "rotationZ": -40.0 }
					}
				},
				{
					"frame": 20,
					"elements": {
						"head": { "offsetX": 0.0, "offsetY": 0.0, "offsetZ": 0.0, "rotationX": 0.0, "rotationY": 0.0, "rotationZ": 0.0 },
						"L ear": { "offsetX": -1.0, "offsetY": 0.0, "offsetZ": 0.0, "rotationX": 0.0, "rotationY": 0.0, "rotationZ": -50.0 },
						"R ear": { "offsetX": -1.0, "offsetY": 0.0, "offsetZ": 0.5, "rotationX": 0.0, "rotationY": 0.0, "rotationZ": -50.0 }
					}
				},
				{
					"frame": 30,
					"elements": {
						"head": { "offsetX": 0.0, "offsetY": 0.0, "offsetZ": 0.0, "rotationX": 0.0, "rotationY": 0.0, "rotationZ": 0.0 },
						"L ear": { "offsetX": -1.0, "offsetY": 0.0, "offsetZ": 0.0, "rotationX": 0.0, "rotationY": 0.0, "rotationZ": -40.0 },
						"R ear": { "offsetX": -1.0, "offsetY": 0.0, "offsetZ": 0.5, "rotationX": 0.0, "rotationY": 0.0, "rotationZ": -40.0 }
					}
				},
				{
					"frame": 32,
					"elements": {
						"head": { "rotationX": 0.0, "rotationY": 0.0, "rotationZ": 0.0 }
					}
				}
			]
		},

		{
			"name": "Sniff",
			"code": "sniff",
			"quantityframes": 120,
			"onActivityStopped": "Stop",
			"onAnimationEnd": "Stop",
			"keyframes": [
				{
					"frame": 0,
					"elements": {
						"head": { "offsetX": 0.0, "offsetY": 0.0, "offsetZ": 0.0, "rotationX": 0.0, "rotationY": 0.0, "rotationZ": 0.0 },
						"L ear": { "offsetX": 0.0, "offsetY": 0.0, "offsetZ": 0.0, "rotationX": 0.0, "rotationY": 0.0, "rotationZ": 0.0 },
						"R ear": { "offsetX": 0.0, "offsetY": 0.0, "offsetZ": 0.0, "rotationX": 0.0, "rotationY": 0.0, "rotationZ": 0.0 }
					}
				},
				{
					"frame": 18,
					"elements": {
						"head": { "offsetX": 0.0, "offsetY": 0.0, "offsetZ": 0.0, "rotationX": 0.0, "rotationY": 0.0, "rotationZ": -42.0 },
						"L ear": { "offsetX": 0.0, "offsetY": 0.0, "offsetZ": 0.0, "rotationX": 0.0, "rotationY": 0.0, "rotationZ": -25.0 },
						"R ear": { "offsetX": 0.0, "offsetY": 0.0, "offsetZ": 0.0, "rotationX": 0.0, "rotationY": 0.0, "rotationZ": -25.0 }
					}
				},
				{
					"frame": 23,
					"elements": {
						"head": { "offsetX": 0.0, "offsetY": 0.0, "offsetZ": 0.0, "rotationX": 0.0, "rotationY": 0.0, "rotationZ": -42.0 },
						"L ear": { "offsetX": 0.0, "offsetY": 0.0, "offsetZ": 0.0, "rotationX": 0.0, "rotationY": 0.0, "rotationZ": -25.0 }
					}
				},
				{
					"frame": 38,
					"elements": {
						"head": { "offsetX": 0.0, "offsetY": 0.0, "offsetZ": 0.0, "rotationX": 0.0, "rotationY": 16.0, "rotationZ": -42.0 },
						"L ear": { "offsetX": 0.0, "offsetY": 0.0, "offsetZ": 0.0, "rotationX": 0.0, "rotationY": 0.0, "rotationZ": -25.0 }
					}
				},
				{
					"frame": 41,
					"elements": {
						"head": { "offsetX": 0.0, "offsetY": 0.0, "offsetZ": 0.0, "rotationX": 0.0, "rotationY": 16.0, "rotationZ": -42.0 },
						"L ear": { "offsetX": 0.0, "offsetY": 0.0, "offsetZ": 0.0, "rotationX": 0.0, "rotationY": 0.0, "rotationZ": -25.0 },
						"R ear": { "offsetX": 0.0, "offsetY": 0.0, "offsetZ": 0.0, "rotationX": 0.0, "rotationY": 0.0, "rotationZ": -25.0 }
					}
				},
				{
					"frame": 45,
					"elements": {
						"head": { "offsetX": 0.0, "offsetY": 0.0, "offsetZ": 0.0, "rotationX": 0.0, "rotationY": 16.0, "rotationZ": -58.0 },
						"L ear": { "offsetX": 0.0, "offsetY": 0.0, "offsetZ": 0.0, "rotationX": 0.0, "rotationY": 0.0, "rotationZ": -15.0 },
						"R ear": { "offsetX": 0.0, "offsetY": 0.0, "offsetZ": 0.0, "rotationX": 0.0, "rotationY": 0.0, "rotationZ": -15.0 }
					}
				},
				{
					"frame": 49,
					"elements": {
						"head": { "offsetX": 0.0, "offsetY": 0.0, "offsetZ": 0.0, "rotationX": 0.0, "rotationY": 16.0, "rotationZ": -42.0 },
						"L ear": { "offsetX": 0.0, "offsetY": 0.0, "offsetZ": 0.0, "rotationX": 0.0, "rotationY": 0.0, "rotationZ": -25.0 },
						"R ear": { "rotationX": 0.0, "rotationY": 0.0, "rotationZ": -25.0 }
					}
				},
				{
					"frame": 53,
					"elements": {
						"head": { "offsetX": 0.0, "offsetY": 0.0, "offsetZ": 0.0, "rotationX": 0.0, "rotationY": 16.0, "rotationZ": -58.0 },
						"L ear": { "offsetX": 0.0, "offsetY": 0.0, "offsetZ": 0.0, "rotationX": 0.0, "rotationY": 0.0, "rotationZ": -15.0 },
						"R ear": { "rotationX": 0.0, "rotationY": 0.0, "rotationZ": -15.0 }
					}
				},
				{
					"frame": 57,
					"elements": {
						"head": { "offsetX": 0.0, "offsetY": 0.0, "offsetZ": 0.0, "rotationX": 0.0, "rotationY": 16.0, "rotationZ": -42.0 },
						"L ear": { "offsetX": 0.0, "offsetY": 0.0, "offsetZ": 0.0, "rotationX": 0.0, "rotationY": 0.0, "rotationZ": -25.0 },
						"R ear": { "rotationX": 0.0, "rotationY": 0.0, "rotationZ": -25.0 }
					}
				},
				{
					"frame": 73,
					"elements": {
						"head": { "offsetX": 0.0, "offsetY": 0.0, "offsetZ": 0.0, "rotationX": 0.0, "rotationY": -16.0, "rotationZ": -42.0 },
						"L ear": { "offsetX": 0.0, "offsetY": 0.0, "offsetZ": 0.0, "rotationX": 0.0, "rotationY": 0.0, "rotationZ": -25.0 }
					}
				},
				{
					"frame": 76,
					"elements": {
						"head": { "offsetX": 0.0, "offsetY": 0.0, "offsetZ": 0.0, "rotationX": 0.0, "rotationY": -16.0, "rotationZ": -42.0 },
						"L ear": { "offsetX": 0.0, "offsetY": 0.0, "offsetZ": 0.0, "rotationX": 0.0, "rotationY": 0.0, "rotationZ": -25.0 }
					}
				},
				{
					"frame": 80,
					"elements": {
						"head": { "offsetX": 0.0, "offsetY": 0.0, "offsetZ": 0.0, "rotationX": 0.0, "rotationY": -16.0, "rotationZ": -58.0 },
						"L ear": { "offsetX": 0.0, "offsetY": 0.0, "offsetZ": 0.0, "rotationX": 0.0, "rotationY": 0.0, "rotationZ": -25.0 }
					}
				},
				{
					"frame": 84,
					"elements": {
						"head": { "offsetX": 0.0, "offsetY": 0.0, "offsetZ": 0.0, "rotationX": 0.0, "rotationY": -16.0, "rotationZ": -42.0 },
						"L ear": { "offsetX": 0.0, "offsetY": 0.0, "offsetZ": 0.0, "rotationX": 0.0, "rotationY": 0.0, "rotationZ": -25.0 }
					}
				},
				{
					"frame": 88,
					"elements": {
						"head": { "offsetX": 0.0, "offsetY": 0.0, "offsetZ": 0.0, "rotationX": 0.0, "rotationY": -16.0, "rotationZ": -58.0 },
						"L ear": { "offsetX": 0.0, "offsetY": 0.0, "offsetZ": 0.0, "rotationX": 0.0, "rotationY": 0.0, "rotationZ": -25.0 }
					}
				},
				{
					"frame": 92,
					"elements": {
						"head": { "offsetX": 0.0, "offsetY": 0.0, "offsetZ": 0.0, "rotationX": 0.0, "rotationY": -16.0, "rotationZ": -42.0 },
						"L ear": { "offsetX": 0.0, "offsetY": 0.0, "offsetZ": 0.0, "rotationX": 0.0, "rotationY": 0.0, "rotationZ": -25.0 },
						"R ear": { "rotationX": 0.0, "rotationY": 0.0, "rotationZ": -25.0 }
					}
				}
			]
		},

		{
			"name": "Attack",
			"code": "attack",
			"quantityframes": 58,
			"onActivityStopped": "PlayTillEnd",
			"onAnimationEnd": "Stop",
			"keyframes": [
				{
					"frame": 0,
					"elements": {
						"head": { "offsetX": 0.0, "offsetY": 0.0, "offsetZ": 0.0, "rotationX": 0.0, "rotationY": 0.0, "rotationZ": 0.0 },
						"L ear": { "offsetX": 0.0, "offsetY": 0.0, "offsetZ": 0.0, "rotationX": 0.0, "rotationY": 0.0, "rotationZ": 0.0 },
						"mouth": { "offsetX": 0.0, "offsetY": 0.0, "offsetZ": 0.0, "rotationX": 0.0, "rotationY": 0.0, "rotationZ": 0.0 },
						"jaw": { "offsetX": 0.0, "offsetY": 0.0, "offsetZ": 0.0, "rotationX": 0.0, "rotationY": 0.0, "rotationZ": 0.0 },
						"R ear": { "rotationX": 0.0, "rotationY": 0.0, "rotationZ": 0.0 }
					}
				},
				{
					"frame": 18,
					"elements": {
						"head": { "offsetX": 1.0, "offsetY": 0.0, "offsetZ": 0.0, "rotationX": 0.0, "rotationY": 0.0, "rotationZ": -64.0 },
						"L ear": { "offsetX": 0.0, "offsetY": 0.0, "offsetZ": 0.0, "rotationX": 0.0, "rotationY": 0.0, "rotationZ": -11.0 },
						"mouth": { "offsetX": 0.0, "offsetY": 0.0, "offsetZ": 0.0, "rotationX": 0.0, "rotationY": 0.0, "rotationZ": 0.0 },
						"jaw": { "offsetX": 0.0, "offsetY": 0.0, "offsetZ": 0.0, "rotationX": 0.0, "rotationY": 0.0, "rotationZ": 3.0 },
						"R ear": { "rotationX": 0.0, "rotationY": 0.0, "rotationZ": -11.0 }
					}
				},
				{
					"frame": 27,
					"elements": {
						"head": { "offsetX": 0.0, "offsetY": 0.0, "offsetZ": 0.0, "rotationX": -3.0, "rotationY": -6.0, "rotationZ": -30.0 },
						"mouth": { "offsetX": 0.0, "offsetY": 0.0, "offsetZ": 0.0, "rotationX": 0.0, "rotationY": 0.0, "rotationZ": -14.0 },
						"jaw": { "offsetX": 0.0, "offsetY": -0.5, "offsetZ": 0.0, "rotationX": 0.0, "rotationY": 0.0, "rotationZ": 22.0 },
						"L ear": { "offsetX": 0.0, "offsetY": 0.0, "offsetZ": 0.0, "rotationX": 0.0, "rotationY": 0.0, "rotationZ": -25.0 },
						"R ear": { "rotationX": 0.0, "rotationY": 0.0, "rotationZ": -25.0 }
					}
				},
				{
					"frame": 28,
					"elements": {
						"mouth": { "offsetX": 0.0, "offsetY": 0.0, "offsetZ": 0.0, "rotationX": 0.0, "rotationY": 0.0, "rotationZ": 0.0 },
						"jaw": { "offsetX": 0.0, "offsetY": 0.0, "offsetZ": 0.0, "rotationX": 0.0, "rotationY": 0.0, "rotationZ": 0.0 }
					}
				},
				{
					"frame": 35,
					"elements": {
						"head": { "offsetX": 0.0, "offsetY": 0.0, "offsetZ": 0.0, "rotationX": -3.0, "rotationY": 17.0, "rotationZ": -12.0 },
						"mouth": { "offsetX": 0.0, "offsetY": 0.0, "offsetZ": 0.0, "rotationX": 0.0, "rotationY": 0.0, "rotationZ": 0.0 },
						"jaw": { "offsetX": 0.0, "offsetY": -0.5, "offsetZ": 0.0, "rotationX": 0.0, "rotationY": 0.0, "rotationZ": 5.0 },
						"L ear": { "offsetX": 0.0, "offsetY": 0.0, "offsetZ": 0.0, "rotationX": 0.0, "rotationY": 0.0, "rotationZ": -25.0 },
						"R ear": { "rotationX": 0.0, "rotationY": 0.0, "rotationZ": -25.0 }
					}
				}
			]
		},

		{
			"name": "Death",
			"code": "death",
			"quantityframes": 45,
			"onActivityStopped": "PlayTillEnd",
			"onAnimationEnd": "Hold",
			"keyframes": [
				{
					"frame": 0,
					"elements": {
						"head": { "offsetX": 0.0, "offsetY": 0.0, "offsetZ": 0.0, "rotationX": 0.0, "rotationY": 0.0, "rotationZ": 0.0 },
						"L ear": { "offsetX": 0.0, "offsetY": 0.0, "offsetZ": 0.0, "rotationX": 0.0, "rotationY": 0.0, "rotationZ": 0.0 }
					}
				},
				{
					"frame": 10,
					"elements": {
						"head": { "offsetX": 0.0, "offsetY": 0.0, "offsetZ": 0.0, "rotationX": -6.0, "rotationY": 8.0, "rotationZ": 36.0 },
						"L ear": { "offsetX": 0.0, "offsetY": 0.0, "offsetZ": 0.0, "rotationX": 0.0, "rotationY": 0.0, "rotationZ": 0.0 }
					}
				},
				{
					"frame": 20,
					"elements": {
						"head": { "offsetX": 0.0, "offsetY": 0.0, "offsetZ": 0.0, "rotationX": -17.0, "rotationY": -30.0, "rotationZ": 6.0 },
						"L ear": { "offsetX": 0.0, "offsetY": 0.0, "offsetZ": 0.0, "rotationX": 0.0, "rotationY": 0.0, "rotationZ": 0.0 }
					}
				},
				{
					"frame": 44,
					"elements": {
						"head": { "offsetX": 0.0, "offsetY": 0.0, "offsetZ": 0.0, "rotationX": -17.0, "rotationY": -30.0, "rotationZ": 6.0 },
						"L ear": { "offsetX": 0.0, "offsetY": 0.0, "offsetZ": 0.0, "rotationX": 0.0, "rotationY": 0.0, "rotationZ": 0.0 }
					}
				}
			]
		},

		{
			"name": "Run",
			"code": "run",
			"quantityframes": 26,
			"onActivityStopped": "EaseOut",
			"onAnimationEnd": "Repeat",
			"keyframes": [
				{
					"frame": 0,
					"elements": {
						"head": { "offsetX": 0.0, "offsetY": 0.0, "offsetZ": 0.0, "rotationX": 0.0, "rotationY": 0.0, "rotationZ": 20.0 },
						"mouth": { "rotationX": 0.0, "rotationY": 0.0, "rotationZ": 0.0 },
						"jaw": { "rotationX": 0.0, "rotationY": 0.0, "rotationZ": 10.0 },
						"L ear": { "rotationX": 0.0, "rotationY": 0.0, "rotationZ": -35.0 },
						"R ear": { "rotationX": 0.0, "rotationY": 0.0, "rotationZ": -35.0 }
					}
				},
				{
					"frame": 13,
					"elements": {
						"head": { "offsetX": 0.0, "offsetY": 0.0, "offsetZ": 0.0, "rotationX": 0.0, "rotationY": 0.0, "rotationZ": -10.0 },
						"mouth": { "rotationX": 0.0, "rotationY": 0.0, "rotationZ": 0.0 }
					}
				},
				{
					"frame": 16,
					"elements": {
						"R ear": { "rotationX": 0.0, "rotationY": 0.0, "rotationZ": -35.0 },
						"L ear": { "rotationX": 0.0, "rotationY": 0.0, "rotationZ": -35.0 }
					}
				},
				{
					"frame": 23,
					"elements": {
						"R ear": { "rotationX": 0.0, "rotationY": 0.0, "rotationZ": -45.0 },
						"L ear": { "rotationX": 0.0, "rotationY": 0.0, "rotationZ": -45.0 }
					}
				}
			]
		},

		{
			"name": "Hurt",
			"code": "hurt",
			"quantityframes": 30,
			"onActivityStopped": "EaseOut",
			"onAnimationEnd": "Stop",
			"keyframes": [
				{
					"frame": 0,
					"elements": {
						"head": { "offsetX": 0.0, "offsetY": 0.0, "offsetZ": 0.0, "rotationX": 0.0, "rotationY": 0.0, "rotationZ": 0.0 },
						"L ear": { "rotationX": 0.0, "rotationY": 0.0, "rotationZ": 0.0 },
						"R ear": { "rotationX": 0.0, "rotationY": 0.0, "rotationZ": 0.0 }
					}
				},
				{
					"frame": 4,
					"elements": {
						"head": { "offsetX": 0.0, "offsetY": 0.0, "offsetZ": 0.0, "rotationX": 0.0, "rotationY": -10.0, "rotationZ": 0.0 },
						"L ear": { "rotationX": 0.0, "rotationY": 0.0, "rotationZ": -20.0 },
						"R ear": { "rotationX": 0.0, "rotationY": 0.0, "rotationZ": -20.0 }
					}
				}
			]
		},

		{
			"name": "Idle",
			"code": "idle",
			"quantityframes": 30,
			"onActivityStopped": "EaseOut",
			"onAnimationEnd": "Repeat",
			"keyframes": [
				{
					"frame": 0,
					"elements": {
						"head": { "offsetX": 0.0, "offsetY": 0.0, "offsetZ": 0.0, "rotationX": 0.0, "rotationY": 0.0, "rotationZ": 0.0 }
					}
				},
				{
					"frame": 15,
					"elements": {
						"head": { "offsetX": 0.0, "offsetY": 0.0, "offsetZ": 0.0, "rotationX": 0.0, "rotationY": 0.0, "rotationZ": 0.0 }
					}
				}
			]
		},

		{
			"name": "Fall",
			"code": "fall",
			"quantityframes": 20,
			"onActivityStopped": "EaseOut",
			"onAnimationEnd": "Repeat",
			"keyframes": [
				{
					"frame": 0,
					"elements": {
						"head": { "offsetX": 0.5, "offsetY": 0.0, "offsetZ": 0.0, "rotationX": 0.0, "rotationY": 0.0, "rotationZ": 36.0 }
					}
				},
				{
					"frame": 10,
					"elements": {
						"head": { "offsetX": 0.5, "offsetY": 0.0, "offsetZ": 0.0, "rotationX": 0.0, "rotationY": 0.0, "rotationZ": 35.0 }
					}
				}
			]
		},

		{
			"name": "Swim",
			"code": "swim",
			"quantityframes": 22,
			"onActivityStopped": "EaseOut",
			"onAnimationEnd": "Repeat",
			"keyframes": [
				{
					"frame": 0,
					"elements": {
						"head": { "offsetX": 0.0, "offsetY": 0.0, "offsetZ": 0.0, "rotationX": 0.0, "rotationY": 0.0, "rotationZ": 2.0 }
					}
				}
			]
		},

		{
			"name": "SwimIdle",
			"code": "swimidle",
			"quantityframes": 22,
			"onActivityStopped": "EaseOut",
			"onAnimationEnd": "Repeat",
			"keyframes": [
				{
					"frame": 0,
					"elements": {
						"head": { "offsetX": 0.0, "offsetY": 0.0, "offsetZ": 0.0, "rotationX": 0.0, "rotationY": 0.0, "rotationZ": 2.0 }
					}
				}
			]
		},

		{
			"name": "Sit",
			"code": "sit",
			"quantityframes": 30,
			"onActivityStopped": "EaseOut",
			"onAnimationEnd": "Repeat",
			"keyframes": [
				{
					"frame": 0,
					"elements": {
						"head": { "offsetX": 0.2, "offsetY": 0.0, "offsetZ": -0.2, "rotationX": 0.0, "rotationY": 17.0, "rotationZ": 0.0 },
						"jaw": { "rotationX": 0.0, "rotationY": 0.0, "rotationZ": 0.0 }
					}
				},
				{
					"frame": 15,
					"elements": {
						"head": { "offsetX": 0.2, "offsetY": 0.0, "offsetZ": -0.2, "rotationX": 0.0, "rotationY": 17.0, "rotationZ": 1.0 },
						"jaw": { "rotationX": 0.0, "rotationY": 2.0, "rotationZ": 0.0 }
					}
				}
			]
		},

		{
			"name": "Lie",
			"code": "lie",
			"quantityframes": 30,
			"onActivityStopped": "EaseOut",
			"onAnimationEnd": "Repeat",
			"keyframes": [
				{
					"frame": 0,
					"elements": {
						"head": { "rotationX": 17.0, "rotationY": 8.0, "rotationZ": 33.0 },
						"jaw": { "rotationX": 0.0, "rotationY": 0.0, "rotationZ": 0.0 }
					}
				},
				{
					"frame": 15,
					"elements": {
						"head": { "rotationX": 17.0, "rotationY": 8.0, "rotationZ": 34.0 },
						"jaw": { "rotationX": 0.0, "rotationY": 2.0, "rotationZ": 0.0 }
					}
				}
			]
		},

		{
			"name": "Sleep",
			"code": "sleep",
			"quantityframes": 30,
			"onActivityStopped": "EaseOut",
			"onAnimationEnd": "Repeat",
			"keyframes": [
				{
					"frame": 0,
					"elements": {
						"head": { "rotationX": -11.0, "rotationY": 8.0, "rotationZ": 33.0 },
						"jaw": { "rotationX": 0.0, "rotationY": -3.0, "rotationZ": 0.0 }
					}
				},
				{
					"frame": 15,
					"elements": {
						"head": { "rotationX": -11.0, "rotationY": 8.0, "rotationZ": 33.0 },
						"jaw": { "rotationX": 0.0, "rotationY": -2.0, "rotationZ": 0.0 }
					}
				}
			]
		}
	]
}