{
	"editor": {
		"allAngles": false,
		"entityTextureMode": false
	},
	"textureWidth": 16,
	"textureHeight": 16,
	"textureSizes": {
	},
	"textures": {
		"male-darkbrown": "rottingenimals:entity/squirrel/saw_squirrel",
		"crouched3": "game:entity/drifter/crouched3",
		"sawblade": "game:entity/locust/sawblade"
	},
	"elements": [
		{
			"name": "head",
			"from": [ 7.4629, 4.3951, 7.6 ],
			"to": [ 8.5629, 6.0951, 8.3 ],
			"rotationOrigin": [ 7.1629, 5.2951, 7.9 ],
			"rotationZ": -180.0,
			"faces": {
				"north": { "texture": "#male-darkbrown", "uv": [ 11.0, 5.5, 12.5, 6.5 ], "rotation": 90 },
				"east": { "texture": "#male-darkbrown", "uv": [ 11.0, 5.5, 12.5, 6.6 ], "autoUv": false },
				"south": { "texture": "#male-darkbrown", "uv": [ 11.0, 5.0, 12.0, 6.5 ], "rotation": 180 },
				"west": { "texture": "#male-darkbrown", "uv": [ 3.5, 10.0, 4.0, 11.5 ] },
				"up": { "texture": "#male-darkbrown", "uv": [ 12.0, 6.0, 13.0, 6.5 ] },
				"down": { "texture": "#male-darkbrown", "uv": [ 3.6, 10.2, 5.0, 11.4 ], "autoUv": false }
			},
			"children": [
				{
					"name": "Upper jaw",
					"from": [ 1.09, -0.02, 0.1 ],
					"to": [ 2.29, 0.48, 0.6 ],
					"rotationOrigin": [ 1.0, 0.0, 0.1 ],
					"rotationZ": 15.0,
					"faces": {
						"north": { "texture": "#male-darkbrown", "uv": [ 3.5, 10.0, 4.5, 10.5 ] },
						"east": { "texture": "#male-darkbrown", "uv": [ 3.5, 10.0, 4.0, 10.5 ] },
						"south": { "texture": "#male-darkbrown", "uv": [ 3.5, 10.0, 4.5, 10.5 ] },
						"west": { "texture": "#male-darkbrown", "uv": [ 4.0, 10.0, 4.5, 10.5 ] },
						"up": { "texture": "#male-darkbrown", "uv": [ 3.0, 10.0, 4.0, 10.5 ] },
						"down": { "texture": "#male-darkbrown", "uv": [ 3.6, 10.0, 5.0, 11.5 ], "autoUv": false }
					},
					"children": [
						{
							"name": "L upper jaw",
							"from": [ 0.0, 0.035, 0.5 ],
							"to": [ 1.17, 0.535, 1.0 ],
							"rotationOrigin": [ 0.0, 0.0, 0.5 ],
							"rotationX": -10.0,
							"rotationY": 10.0,
							"faces": {
								"north": { "texture": "#male-darkbrown", "uv": [ 10.5, 13.0, 11.5, 13.5 ] },
								"east": { "texture": "#male-darkbrown", "uv": [ 11.5, 13.5, 12.0, 14.0 ] },
								"south": { "texture": "#male-darkbrown", "uv": [ 11.0, 13.0, 12.0, 13.5 ] },
								"west": { "texture": "#male-darkbrown", "uv": [ 11.0, 14.0, 11.5, 14.5 ] },
								"up": { "texture": "#male-darkbrown", "uv": [ 9.5, 13.0, 10.5, 13.5 ] },
								"down": { "texture": "#male-darkbrown", "uv": [ 9.0, 13.0, 10.6, 14.3 ], "autoUv": false }
							},
							"children": [
								{
									"name": "Cube2",
									"from": [ -1.0, -0.04, 0.0 ],
									"to": [ 0.0, 0.46, 0.5 ],
									"rotationOrigin": [ 0.0, 0.0, 0.0 ],
									"rotationZ": -14.0,
									"faces": {
										"north": { "texture": "#male-darkbrown", "uv": [ 10.0, 13.5, 11.0, 14.0 ] },
										"east": { "texture": "#male-darkbrown", "uv": [ 8.0, 6.0, 8.5, 6.5 ] },
										"south": { "texture": "#male-darkbrown", "uv": [ 7.0, 5.5, 8.0, 6.0 ] },
										"west": { "texture": "#male-darkbrown", "uv": [ 10.5, 13.5, 11.0, 14.0 ] },
										"up": { "texture": "#male-darkbrown", "uv": [ 10.0, 13.5, 11.0, 14.0 ] },
										"down": { "texture": "#male-darkbrown", "uv": [ 9.5, 13.0, 11.5, 15.0 ], "autoUv": false }
									},
									"children": [
										{
											"name": "Cube4",
											"from": [ 0.0, 0.0, 0.5 ],
											"to": [ 1.0, 0.6, 0.8 ],
											"rotationOrigin": [ 1.0, 0.0, 0.5 ],
											"rotationX": -36.0,
											"faces": {
												"north": { "texture": "#male-darkbrown", "uv": [ 10.5, 13.0, 11.5, 13.5 ] },
												"east": { "texture": "#male-darkbrown", "uv": [ 11.5, 13.0, 12.0, 13.5 ] },
												"south": { "texture": "#male-darkbrown", "uv": [ 9.5, 13.5, 10.5, 14.0 ] },
												"west": { "texture": "#male-darkbrown", "uv": [ 10.5, 14.0, 11.0, 14.5 ] },
												"up": { "texture": "#male-darkbrown", "uv": [ 10.5, 13.5, 11.5, 14.0 ] },
												"down": { "texture": "#male-darkbrown", "uv": [ 10.0, 13.5, 11.9, 14.9 ], "autoUv": false }
											},
											"children": [
												{
													"name": "Cube6",
													"from": [ 0.0, 0.0, 0.3 ],
													"to": [ 1.0, 0.6, 0.6 ],
													"rotationOrigin": [ 1.0, 0.0, 0.3 ],
													"rotationX": -13.0,
													"faces": {
														"north": { "texture": "#male-darkbrown", "uv": [ 9.0, 14.0, 10.0, 14.5 ] },
														"east": { "texture": "#male-darkbrown", "uv": [ 9.5, 13.5, 10.0, 14.0 ] },
														"south": { "texture": "#male-darkbrown", "uv": [ 9.5, 13.5, 10.5, 14.0 ] },
														"west": { "texture": "#male-darkbrown", "uv": [ 9.0, 13.5, 9.5, 14.0 ] },
														"up": { "texture": "#male-darkbrown", "uv": [ 7.5, 5.5, 8.5, 6.0 ] },
														"down": { "texture": "#male-darkbrown", "uv": [ 9.5, 14.0, 11.8, 15.0 ], "autoUv": false }
													},
													"children": [
														{
															"name": "Cube7",
															"from": [ 0.0, 0.0, 0.3 ],
															"to": [ 1.0, 0.6, 1.1 ],
															"rotationOrigin": [ 1.0, 0.0, 0.3 ],
															"rotationX": -27.0,
															"faces": {
																"north": { "texture": "#male-darkbrown", "uv": [ 13.0, 13.0, 15.0, 14.5 ], "autoUv": false },
																"east": { "texture": "#male-darkbrown", "uv": [ 13.5, 13.0, 15.0, 14.5 ], "autoUv": false },
																"south": { "texture": "#male-darkbrown", "uv": [ 13.0, 13.0, 15.0, 14.5 ], "autoUv": false },
																"west": { "texture": "#male-darkbrown", "uv": [ 12.5, 13.0, 14.0, 14.5 ], "autoUv": false },
																"up": { "texture": "#male-darkbrown", "uv": [ 13.0, 12.5, 15.0, 14.0 ], "autoUv": false },
																"down": { "texture": "#male-darkbrown", "uv": [ 13.5, 13.0, 15.5, 14.5 ], "autoUv": false }
															},
															"children": [
																{
																	"name": "Cube8",
																	"from": [ 0.97, 0.07, 0.28 ],
																	"to": [ 2.07, 0.67, 0.88 ],
																	"rotationOrigin": [ 1.9, 0.1, 0.3 ],
																	"rotationY": -16.0,
																	"rotationZ": 4.0,
																	"faces": {
																		"north": { "texture": "#male-darkbrown", "uv": [ 10.0, 13.0, 12.0, 14.5 ], "autoUv": false },
																		"east": { "texture": "#male-darkbrown", "uv": [ 11.0, 13.0, 12.5, 14.5 ], "autoUv": false },
																		"south": { "texture": "#male-darkbrown", "uv": [ 9.5, 13.0, 11.5, 14.5 ], "autoUv": false },
																		"west": { "texture": "#male-darkbrown", "uv": [ 9.5, 13.0, 11.0, 14.5 ], "autoUv": false },
																		"up": { "texture": "#male-darkbrown", "uv": [ 9.0, 13.0, 11.0, 14.5 ], "autoUv": false },
																		"down": { "texture": "#male-darkbrown", "uv": [ 12.0, 13.5, 14.3, 14.3 ], "autoUv": false }
																	},
																	"children": [
																		{
																			"name": "Cube9",
																			"from": [ 1.0, 0.01, 0.05 ],
																			"to": [ 2.03, 0.61, 0.55 ],
																			"rotationOrigin": [ 0.93, 0.02, 0.02 ],
																			"rotationZ": 10.0,
																			"faces": {
																				"north": { "texture": "#male-darkbrown", "uv": [ 10.5, 13.0, 12.5, 14.5 ], "autoUv": false },
																				"east": { "texture": "#male-darkbrown", "uv": [ 11.0, 13.0, 12.5, 14.5 ], "autoUv": false },
																				"south": { "texture": "#male-darkbrown", "uv": [ 10.5, 13.0, 12.5, 14.5 ], "autoUv": false },
																				"west": { "texture": "#male-darkbrown", "uv": [ 11.0, 13.5, 12.5, 15.0 ], "autoUv": false },
																				"up": { "texture": "#male-darkbrown", "uv": [ 11.0, 13.0, 13.0, 14.5 ], "autoUv": false },
																				"down": { "texture": "#male-darkbrown", "uv": [ 11.0, 13.0, 14.0, 14.1 ], "autoUv": false }
																			}
																		}
																	]
																},
																{
																	"name": "Cube16",
																	"from": [ 0.0, 0.07, 0.76 ],
																	"to": [ 1.4, 0.27, 1.36 ],
																	"rotationOrigin": [ 1.0, 0.11, 0.8 ],
																	"rotationX": -67.5,
																	"rotationY": -3.0,
																	"faces": {
																		"north": { "texture": "#male-darkbrown", "uv": [ 13.0, 13.0, 15.0, 14.5 ], "autoUv": false },
																		"east": { "texture": "#male-darkbrown", "uv": [ 13.5, 13.0, 15.0, 14.5 ], "autoUv": false },
																		"south": { "texture": "#male-darkbrown", "uv": [ 13.0, 13.0, 15.0, 14.5 ], "autoUv": false },
																		"west": { "texture": "#male-darkbrown", "uv": [ 12.5, 13.0, 14.0, 14.5 ], "autoUv": false },
																		"up": { "texture": "#male-darkbrown", "uv": [ 13.0, 12.5, 15.0, 14.0 ], "autoUv": false },
																		"down": { "texture": "#male-darkbrown", "uv": [ 13.5, 13.0, 15.5, 14.5 ], "autoUv": false }
																	},
																	"children": [
																		{
																			"name": "Cube17",
																			"from": [ 1.3, 0.0, 0.0 ],
																			"to": [ 2.85, 0.3, 0.6 ],
																			"rotationOrigin": [ 1.3, 0.0, 0.0 ],
																			"rotationY": -10.0,
																			"rotationZ": -6.0,
																			"faces": {
																				"north": { "texture": "#male-darkbrown", "uv": [ 13.0, 13.0, 15.0, 14.5 ], "autoUv": false },
																				"east": { "texture": "#male-darkbrown", "uv": [ 13.5, 13.0, 15.0, 14.5 ], "autoUv": false },
																				"south": { "texture": "#male-darkbrown", "uv": [ 9.5, 13.5, 11.5, 15.0 ], "autoUv": false },
																				"west": { "texture": "#male-darkbrown", "uv": [ 10.5, 13.5, 12.0, 15.0 ], "autoUv": false },
																				"up": { "texture": "#male-darkbrown", "uv": [ 9.5, 13.5, 11.5, 15.0 ], "autoUv": false },
																				"down": { "texture": "#male-darkbrown", "uv": [ 10.0, 13.0, 12.0, 14.5 ], "autoUv": false }
																			},
																			"children": [
																				{
																					"name": "Cube19",
																					"from": [ 1.1, -0.3, 0.3 ],
																					"to": [ 1.2, 0.2, 0.4 ],
																					"rotationOrigin": [ 1.1, -0.3, 0.3 ],
																					"rotationX": -22.5,
																					"faces": {
																						"north": { "texture": "#crouched3", "uv": [ 0.375, 7.125, 0.5, 7.625 ] },
																						"east": { "texture": "#crouched3", "uv": [ 0.25, 7.0, 0.375, 7.5 ] },
																						"south": { "texture": "#crouched3", "uv": [ 0.5, 7.0, 0.625, 7.5 ] },
																						"west": { "texture": "#crouched3", "uv": [ 0.5, 6.625, 0.625, 7.125 ] },
																						"up": { "texture": "#crouched3", "uv": [ 0.5, 7.125, 0.625, 7.25 ] },
																						"down": { "texture": "#crouched3", "uv": [ 0.5, 6.875, 0.625, 7.0 ] }
																					}
																				},
																				{
																					"name": "Cube30",
																					"from": [ 0.7, -0.2, 0.3 ],
																					"to": [ 0.8, 0.3, 0.4 ],
																					"rotationOrigin": [ 0.7, -0.2, 0.3 ],
																					"rotationX": -22.5,
																					"faces": {
																						"north": { "texture": "#crouched3", "uv": [ 0.375, 7.125, 0.5, 7.625 ] },
																						"east": { "texture": "#crouched3", "uv": [ 0.25, 7.0, 0.375, 7.5 ] },
																						"south": { "texture": "#crouched3", "uv": [ 0.5, 7.0, 0.625, 7.5 ] },
																						"west": { "texture": "#crouched3", "uv": [ 0.5, 6.625, 0.625, 7.125 ] },
																						"up": { "texture": "#crouched3", "uv": [ 0.5, 7.125, 0.625, 7.25 ] },
																						"down": { "texture": "#crouched3", "uv": [ 0.5, 6.875, 0.625, 7.0 ] }
																					}
																				},
																				{
																					"name": "Cube31",
																					"from": [ 0.4, -0.1, 0.3 ],
																					"to": [ 0.5, 0.4, 0.4 ],
																					"rotationOrigin": [ 0.4, -0.1, 0.3 ],
																					"rotationX": -22.5,
																					"faces": {
																						"north": { "texture": "#crouched3", "uv": [ 0.375, 7.125, 0.5, 7.625 ] },
																						"east": { "texture": "#crouched3", "uv": [ 0.25, 7.0, 0.375, 7.5 ] },
																						"south": { "texture": "#crouched3", "uv": [ 0.5, 7.0, 0.625, 7.5 ] },
																						"west": { "texture": "#crouched3", "uv": [ 0.5, 6.625, 0.625, 7.125 ] },
																						"up": { "texture": "#crouched3", "uv": [ 0.5, 7.125, 0.625, 7.25 ] },
																						"down": { "texture": "#crouched3", "uv": [ 0.5, 6.875, 0.625, 7.0 ] }
																					}
																				},
																				{
																					"name": "Cube32",
																					"from": [ 1.3, 0.0, 1.1 ],
																					"to": [ 1.4, 0.5, 1.2 ],
																					"rotationOrigin": [ 1.3, 0.0, 1.1 ],
																					"rotationX": -22.5,
																					"faces": {
																						"north": { "texture": "#crouched3", "uv": [ 0.375, 7.125, 0.5, 7.625 ] },
																						"east": { "texture": "#crouched3", "uv": [ 0.25, 7.0, 0.375, 7.5 ] },
																						"south": { "texture": "#crouched3", "uv": [ 0.5, 7.0, 0.625, 7.5 ] },
																						"west": { "texture": "#crouched3", "uv": [ 0.5, 6.625, 0.625, 7.125 ] },
																						"up": { "texture": "#crouched3", "uv": [ 0.5, 7.125, 0.625, 7.25 ] },
																						"down": { "texture": "#crouched3", "uv": [ 0.5, 6.875, 0.625, 7.0 ] }
																					}
																				},
																				{
																					"name": "Cube33",
																					"from": [ 1.0, 0.2, 1.2 ],
																					"to": [ 1.1, 0.8, 1.3 ],
																					"rotationOrigin": [ 1.0, 0.2, 1.2 ],
																					"rotationX": -22.5,
																					"faces": {
																						"north": { "texture": "#crouched3", "uv": [ 0.375, 7.125, 0.5, 7.625 ] },
																						"east": { "texture": "#crouched3", "uv": [ 0.25, 7.0, 0.375, 7.5 ] },
																						"south": { "texture": "#crouched3", "uv": [ 0.5, 7.0, 0.625, 7.5 ] },
																						"west": { "texture": "#crouched3", "uv": [ 0.5, 6.625, 0.625, 7.125 ] },
																						"up": { "texture": "#crouched3", "uv": [ 0.5, 7.125, 0.625, 7.25 ] },
																						"down": { "texture": "#crouched3", "uv": [ 0.5, 6.875, 0.625, 7.0 ] }
																					}
																				},
																				{
																					"name": "Cube34",
																					"from": [ 0.6, 0.2, 1.2 ],
																					"to": [ 0.7, 0.8, 1.3 ],
																					"rotationOrigin": [ 0.6, 0.2, 1.2 ],
																					"rotationX": -22.5,
																					"faces": {
																						"north": { "texture": "#crouched3", "uv": [ 0.375, 7.125, 0.5, 7.625 ] },
																						"east": { "texture": "#crouched3", "uv": [ 0.25, 7.0, 0.375, 7.5 ] },
																						"south": { "texture": "#crouched3", "uv": [ 0.5, 7.0, 0.625, 7.5 ] },
																						"west": { "texture": "#crouched3", "uv": [ 0.5, 6.625, 0.625, 7.125 ] },
																						"up": { "texture": "#crouched3", "uv": [ 0.5, 7.125, 0.625, 7.25 ] },
																						"down": { "texture": "#crouched3", "uv": [ 0.5, 6.875, 0.625, 7.0 ] }
																					}
																				},
																				{
																					"name": "Cube35",
																					"from": [ 1.3, -0.4, 0.5 ],
																					"to": [ 1.4, 0.1, 0.6 ],
																					"rotationOrigin": [ 1.3, -0.4, 0.5 ],
																					"rotationX": -22.5,
																					"faces": {
																						"north": { "texture": "#crouched3", "uv": [ 0.375, 7.125, 0.5, 7.625 ] },
																						"east": { "texture": "#crouched3", "uv": [ 0.25, 7.0, 0.375, 7.5 ] },
																						"south": { "texture": "#crouched3", "uv": [ 0.5, 7.0, 0.625, 7.5 ] },
																						"west": { "texture": "#crouched3", "uv": [ 0.5, 6.625, 0.625, 7.125 ] },
																						"up": { "texture": "#crouched3", "uv": [ 0.5, 7.125, 0.625, 7.25 ] },
																						"down": { "texture": "#crouched3", "uv": [ 0.5, 6.875, 0.625, 7.0 ] }
																					}
																				},
																				{
																					"name": "Cube36",
																					"from": [ 1.5, -0.1, 1.0 ],
																					"to": [ 1.6, 0.4, 1.1 ],
																					"rotationOrigin": [ 1.5, -0.1, 1.0 ],
																					"rotationX": -22.5,
																					"faces": {
																						"north": { "texture": "#crouched3", "uv": [ 0.375, 7.125, 0.5, 7.625 ] },
																						"east": { "texture": "#crouched3", "uv": [ 0.25, 7.0, 0.375, 7.5 ] },
																						"south": { "texture": "#crouched3", "uv": [ 0.5, 7.0, 0.625, 7.5 ] },
																						"west": { "texture": "#crouched3", "uv": [ 0.5, 6.625, 0.625, 7.125 ] },
																						"up": { "texture": "#crouched3", "uv": [ 0.5, 7.125, 0.625, 7.25 ] },
																						"down": { "texture": "#crouched3", "uv": [ 0.5, 6.875, 0.625, 7.0 ] }
																					}
																				}
																			]
																		}
																	]
																}
															]
														}
													]
												}
											]
										}
									]
								}
							]
						},
						{
							"name": "R upper jaw",
							"from": [ 0.15, 0.17, -0.4 ],
							"to": [ 1.35, 0.67, 0.1 ],
							"rotationOrigin": [ 0.5113, 0.329, -0.8 ],
							"rotationX": 10.0,
							"rotationY": -10.0,
							"rotationZ": 1.5,
							"faces": {
								"north": { "texture": "#male-darkbrown", "uv": [ 9.0, 13.5, 10.0, 14.0 ] },
								"east": { "texture": "#male-darkbrown", "uv": [ 9.0, 14.0, 9.5, 14.5 ] },
								"south": { "texture": "#male-darkbrown", "uv": [ 9.5, 14.0, 10.5, 14.5 ] },
								"west": { "texture": "#male-darkbrown", "uv": [ 10.5, 13.5, 11.0, 14.0 ] },
								"up": { "texture": "#male-darkbrown", "uv": [ 9.5, 14.0, 10.5, 14.5 ] },
								"down": { "texture": "#male-darkbrown", "uv": [ 8.5, 13.5, 12.0, 14.7 ], "autoUv": false }
							},
							"children": [
								{
									"name": "Cube3",
									"from": [ -1.0, -0.02, 0.0 ],
									"to": [ 0.0, 0.58, 0.5 ],
									"rotationOrigin": [ 0.0, 0.0, 0.0 ],
									"rotationZ": -14.0,
									"faces": {
										"north": { "texture": "#male-darkbrown", "uv": [ 9.5, 13.0, 10.5, 13.5 ] },
										"east": { "texture": "#male-darkbrown", "uv": [ 7.0, 5.5, 7.5, 6.0 ] },
										"south": { "texture": "#male-darkbrown", "uv": [ 9.5, 13.0, 10.5, 13.5 ] },
										"west": { "texture": "#male-darkbrown", "uv": [ 10.5, 13.5, 11.0, 14.0 ] },
										"up": { "texture": "#male-darkbrown", "uv": [ 9.0, 13.0, 10.0, 13.5 ] },
										"down": { "texture": "#male-darkbrown", "uv": [ 9.0, 13.5, 10.5, 15.1 ], "autoUv": false }
									},
									"children": [
										{
											"name": "Cube5",
											"from": [ 0.0, 0.08, -0.26 ],
											"to": [ 1.0, 0.68, 0.04 ],
											"rotationOrigin": [ 1.0, 0.1, -0.1 ],
											"rotationX": 36.0,
											"faces": {
												"north": { "texture": "#male-darkbrown", "uv": [ 9.5, 13.0, 10.5, 13.5 ] },
												"east": { "texture": "#male-darkbrown", "uv": [ 10.0, 13.0, 10.5, 13.5 ] },
												"south": { "texture": "#male-darkbrown", "uv": [ 9.0, 13.5, 10.0, 14.0 ] },
												"west": { "texture": "#male-darkbrown", "uv": [ 9.0, 13.5, 9.5, 14.0 ] },
												"up": { "texture": "#male-darkbrown", "uv": [ 9.0, 13.5, 10.0, 14.0 ] },
												"down": { "texture": "#male-darkbrown", "uv": [ 10.0, 13.5, 11.5, 14.6 ], "autoUv": false }
											},
											"children": [
												{
													"name": "Cube10",
													"from": [ 0.0, 0.035, -0.3 ],
													"to": [ 1.0, 0.635, 0.0 ],
													"rotationOrigin": [ 1.0, 0.02, -0.14 ],
													"rotationX": 13.0,
													"faces": {
														"north": { "texture": "#male-darkbrown", "uv": [ 8.5, 13.5, 9.5, 14.0 ] },
														"east": { "texture": "#male-darkbrown", "uv": [ 9.5, 13.5, 10.0, 14.0 ] },
														"south": { "texture": "#male-darkbrown", "uv": [ 9.0, 13.5, 10.0, 14.0 ] },
														"west": { "texture": "#male-darkbrown", "uv": [ 9.0, 13.0, 9.5, 13.5 ] },
														"up": { "texture": "#male-darkbrown", "uv": [ 9.0, 14.0, 10.0, 14.5 ] },
														"down": { "texture": "#male-darkbrown", "uv": [ 9.5, 13.5, 11.0, 14.7 ], "autoUv": false }
													},
													"children": [
														{
															"name": "Cube11",
															"from": [ 0.0, 0.02, -0.8 ],
															"to": [ 1.0, 0.62, 0.0 ],
															"rotationOrigin": [ 1.0, 0.0, -0.04 ],
															"rotationX": 27.0,
															"faces": {
																"north": { "texture": "#male-darkbrown", "uv": [ 12.0, 13.5, 13.0, 14.0 ] },
																"east": { "texture": "#male-darkbrown", "uv": [ 8.0, 5.5, 9.5, 7.0 ], "autoUv": false },
																"south": { "texture": "#male-darkbrown", "uv": [ 8.5, 13.0, 10.5, 14.5 ], "autoUv": false },
																"west": { "texture": "#male-darkbrown", "uv": [ 10.0, 13.0, 11.5, 14.5 ], "autoUv": false },
																"up": { "texture": "#male-darkbrown", "uv": [ 10.0, 13.0, 12.0, 14.5 ], "autoUv": false },
																"down": { "texture": "#male-darkbrown", "uv": [ 11.5, 13.0, 14.0, 14.3 ], "autoUv": false }
															},
															"children": [
																{
																	"name": "Cube12",
																	"from": [ 1.0, 0.07, -0.1 ],
																	"to": [ 2.1, 0.67, 0.5 ],
																	"rotationOrigin": [ 2.0, -0.02, 0.66 ],
																	"rotationY": 16.0,
																	"rotationZ": 4.0,
																	"faces": {
																		"north": { "texture": "#male-darkbrown", "uv": [ 8.5, 13.0, 10.5, 14.5 ], "autoUv": false },
																		"east": { "texture": "#male-darkbrown", "uv": [ 8.5, 13.5, 10.0, 15.0 ], "autoUv": false },
																		"south": { "texture": "#male-darkbrown", "uv": [ 8.5, 13.0, 10.5, 14.5 ], "autoUv": false },
																		"west": { "texture": "#male-darkbrown", "uv": [ 9.0, 13.0, 10.5, 14.5 ], "autoUv": false },
																		"up": { "texture": "#male-darkbrown", "uv": [ 8.5, 13.0, 10.5, 14.5 ], "autoUv": false },
																		"down": { "texture": "#male-darkbrown", "uv": [ 8.5, 13.0, 10.5, 14.5 ], "autoUv": false }
																	},
																	"children": [
																		{
																			"name": "Cube13",
																			"from": [ 1.1, 0.24, 0.1 ],
																			"to": [ 2.13, 0.84, 0.6 ],
																			"rotationOrigin": [ 2.1, -0.09, 0.86 ],
																			"rotationZ": 13.1,
																			"faces": {
																				"north": { "texture": "#male-darkbrown", "uv": [ 9.0, 14.0, 11.0, 14.5 ], "autoUv": false },
																				"east": { "texture": "#male-darkbrown", "uv": [ 8.0, 13.0, 9.5, 14.5 ], "autoUv": false },
																				"south": { "texture": "#male-darkbrown", "uv": [ 0.0, 0.0, 2.0, 1.5 ], "autoUv": false },
																				"west": { "texture": "#male-darkbrown", "uv": [ 9.0, 13.5, 9.5, 14.0 ] },
																				"up": { "texture": "#male-darkbrown", "uv": [ 8.5, 13.0, 10.5, 14.5 ], "autoUv": false },
																				"down": { "texture": "#male-darkbrown", "uv": [ 9.0, 13.0, 11.0, 14.5 ], "autoUv": false }
																			}
																		}
																	]
																},
																{
																	"name": "Cube14",
																	"from": [ 0.0, -0.1, -0.7 ],
																	"to": [ 1.4, 0.1, -0.1 ],
																	"rotationOrigin": [ 0.0, -0.12, 0.06 ],
																	"rotationX": 67.5,
																	"rotationZ": -3.0,
																	"faces": {
																		"north": { "texture": "#male-darkbrown", "uv": [ 8.0, 5.5, 9.0, 6.0 ] },
																		"east": { "texture": "#male-darkbrown", "uv": [ 0.0, 0.0, 0.5, 0.5 ] },
																		"south": { "texture": "#male-darkbrown", "uv": [ 8.5, 6.0, 9.5, 6.5 ] },
																		"west": { "texture": "#male-darkbrown", "uv": [ 0.0, 0.0, 0.5, 0.5 ] },
																		"up": { "texture": "#male-darkbrown", "uv": [ 8.0, 6.0, 9.0, 6.5 ] },
																		"down": { "texture": "#male-darkbrown", "uv": [ 8.5, 6.0, 9.5, 6.5 ] }
																	},
																	"children": [
																		{
																			"name": "Cube15",
																			"from": [ 1.4, 0.0, 0.0 ],
																			"to": [ 2.9, 0.3, 0.6 ],
																			"rotationOrigin": [ 1.4, -0.02, 0.76 ],
																			"rotationY": 15.0,
																			"faces": {
																				"north": { "texture": "#male-darkbrown", "uv": [ 8.5, 13.0, 11.0, 14.5 ], "autoUv": false },
																				"east": { "texture": "#male-darkbrown", "uv": [ 8.5, 13.0, 10.0, 14.5 ], "autoUv": false },
																				"south": { "texture": "#male-darkbrown", "uv": [ 8.5, 13.0, 11.0, 14.5 ], "autoUv": false },
																				"west": { "texture": "#male-darkbrown", "uv": [ 9.0, 13.0, 10.5, 14.5 ], "autoUv": false },
																				"up": { "texture": "#male-darkbrown", "uv": [ 10.0, 13.5, 12.5, 14.0 ], "autoUv": false },
																				"down": { "texture": "#male-darkbrown", "uv": [ 9.0, 13.0, 11.5, 14.5 ], "autoUv": false }
																			}
																		}
																	]
																}
															]
														}
													]
												}
											]
										}
									]
								},
								{
									"name": "R upper jaw2",
									"from": [ 0.0, 0.04, -0.34 ],
									"to": [ 1.2, 0.44, -0.04 ],
									"rotationOrigin": [ 0.0, -0.02, -0.065 ],
									"rotationX": 36.0,
									"rotationZ": 1.0,
									"faces": {
										"north": { "texture": "#male-darkbrown", "uv": [ 9.0, 13.5, 10.0, 14.0 ] },
										"east": { "texture": "#male-darkbrown", "uv": [ 9.0, 13.0, 9.5, 13.5 ] },
										"south": { "texture": "#male-darkbrown", "uv": [ 9.5, 14.0, 10.5, 14.5 ] },
										"west": { "texture": "#male-darkbrown", "uv": [ 11.0, 13.0, 11.5, 13.5 ] },
										"up": { "texture": "#male-darkbrown", "uv": [ 9.5, 14.0, 10.5, 14.5 ] },
										"down": { "texture": "#male-darkbrown", "uv": [ 9.0, 14.0, 11.8, 15.2 ], "autoUv": false }
									},
									"children": [
										{
											"name": "R upper jaw5",
											"from": [ 0.0, 0.16, -0.28 ],
											"to": [ 1.2, 0.56, 0.02 ],
											"rotationOrigin": [ 0.2461, 0.17, -0.67 ],
											"rotationX": 13.0,
											"faces": {
												"north": { "texture": "#male-darkbrown", "uv": [ 9.0, 13.5, 10.0, 14.0 ] },
												"east": { "texture": "#male-darkbrown", "uv": [ 9.0, 13.0, 9.5, 13.5 ] },
												"south": { "texture": "#male-darkbrown", "uv": [ 9.5, 14.0, 10.5, 14.5 ] },
												"west": { "texture": "#male-darkbrown", "uv": [ 11.0, 13.0, 11.5, 13.5 ] },
												"up": { "texture": "#male-darkbrown", "uv": [ 9.5, 14.0, 10.5, 14.5 ] },
												"down": { "texture": "#male-darkbrown", "uv": [ 10.5, 13.5, 13.0, 14.5 ], "autoUv": false }
											},
											"children": [
												{
													"name": "R upper jaw6",
													"from": [ 1.2, 0.03, 0.0 ],
													"to": [ 2.2, 0.43, 0.3 ],
													"rotationOrigin": [ 1.25, 0.01, 0.31 ],
													"rotationZ": 15.0,
													"faces": {
														"north": { "texture": "#male-darkbrown", "uv": [ 9.0, 13.5, 10.0, 14.0 ] },
														"east": { "texture": "#male-darkbrown", "uv": [ 9.0, 13.0, 9.5, 13.5 ] },
														"south": { "texture": "#male-darkbrown", "uv": [ 9.5, 14.0, 10.5, 14.5 ] },
														"west": { "texture": "#male-darkbrown", "uv": [ 11.0, 13.0, 11.5, 13.5 ] },
														"up": { "texture": "#male-darkbrown", "uv": [ 9.5, 14.0, 10.5, 14.5 ] },
														"down": { "texture": "#male-darkbrown", "uv": [ 10.5, 13.5, 11.9, 15.3 ], "autoUv": false }
													}
												}
											]
										},
										{
											"name": "eyeR",
											"from": [ 0.25, -0.06, -0.3 ],
											"to": [ 0.75, 0.14, 0.2 ],
											"rotationOrigin": [ 0.2, 0.0, -0.3 ],
											"rotationX": 6.0,
											"faces": {
												"north": { "texture": "#sawblade", "uv": [ 15.0, 0.5, 15.5, 0.75 ], "glow": 196 },
												"east": { "texture": "#sawblade", "uv": [ 14.75, 0.5, 15.25, 0.75 ], "glow": 196 },
												"south": { "texture": "#sawblade", "uv": [ 14.75, 0.25, 15.25, 0.5 ], "glow": 196 },
												"west": { "texture": "#sawblade", "uv": [ 15.0, 0.25, 15.5, 0.5 ], "glow": 196 },
												"up": { "texture": "#sawblade", "uv": [ 14.75, 0.0, 15.25, 0.5 ], "glow": 196 },
												"down": { "texture": "#sawblade", "uv": [ 14.75, 0.25, 15.25, 0.75 ], "glow": 196 }
											}
										},
										{
											"name": "eyeR2",
											"from": [ -0.15, 0.04, -0.1 ],
											"to": [ 0.05, 0.24, 0.1 ],
											"rotationOrigin": [ -0.2, 0.1, -0.1 ],
											"rotationX": 22.5,
											"rotationZ": -22.5,
											"faces": {
												"north": { "texture": "#sawblade", "uv": [ 15.0, 0.5, 15.25, 0.75 ], "glow": 196 },
												"east": { "texture": "#sawblade", "uv": [ 14.75, 0.5, 15.0, 0.75 ], "glow": 196 },
												"south": { "texture": "#sawblade", "uv": [ 14.75, 0.25, 15.0, 0.5 ], "glow": 196 },
												"west": { "texture": "#sawblade", "uv": [ 15.0, 0.25, 15.25, 0.5 ], "glow": 196 },
												"up": { "texture": "#sawblade", "uv": [ 14.75, 0.0, 15.0, 0.25 ], "glow": 196 },
												"down": { "texture": "#sawblade", "uv": [ 14.75, 0.25, 15.0, 0.5 ], "glow": 196 }
											}
										}
									]
								}
							]
						},
						{
							"name": "L upper jaw2",
							"from": [ 0.1, 0.139, 1.0 ],
							"to": [ 1.3, 0.539, 1.3 ],
							"rotationOrigin": [ 0.1, 0.1, 1.0 ],
							"rotationX": -45.0,
							"rotationY": 8.0,
							"rotationZ": 6.0,
							"faces": {
								"north": { "texture": "#male-darkbrown", "uv": [ 10.5, 13.0, 11.5, 13.5 ] },
								"east": { "texture": "#male-darkbrown", "uv": [ 11.5, 13.5, 12.0, 14.0 ] },
								"south": { "texture": "#male-darkbrown", "uv": [ 11.0, 13.0, 12.0, 13.5 ] },
								"west": { "texture": "#male-darkbrown", "uv": [ 11.0, 14.0, 11.5, 14.5 ] },
								"up": { "texture": "#male-darkbrown", "uv": [ 9.5, 13.0, 10.5, 13.5 ] },
								"down": { "texture": "#male-darkbrown", "uv": [ 9.5, 13.0, 11.3, 14.1 ], "autoUv": false }
							}
						},
						{
							"name": "Upper jaw2",
							"from": [ 1.2, 0.0, 0.05 ],
							"to": [ 2.3, 0.5, 0.45 ],
							"rotationOrigin": [ 1.2, 0.0, 0.05 ],
							"rotationZ": 22.5,
							"faces": {
								"north": { "texture": "#male-darkbrown", "uv": [ 6.0, 13.5, 7.0, 14.0 ] },
								"east": { "texture": "#male-darkbrown", "uv": [ 6.5, 13.0, 7.0, 13.5 ] },
								"south": { "texture": "#male-darkbrown", "uv": [ 6.0, 13.5, 7.0, 14.0 ] },
								"west": { "texture": "#male-darkbrown", "uv": [ 6.5, 12.5, 7.0, 13.0 ] },
								"up": { "texture": "#male-darkbrown", "uv": [ 6.0, 13.0, 7.0, 13.5 ] },
								"down": { "texture": "#male-darkbrown", "uv": [ 3.5, 10.0, 5.0, 11.5 ], "autoUv": false }
							},
							"children": [
								{
									"name": "L upper jaw3",
									"from": [ 0.05, 0.049, 0.4 ],
									"to": [ 1.15, 0.549, 0.72 ],
									"rotationOrigin": [ 0.0, 0.1, 0.5 ],
									"rotationX": -10.0,
									"rotationY": 10.0,
									"faces": {
										"north": { "texture": "#male-darkbrown", "uv": [ 10.5, 13.0, 11.5, 13.5 ] },
										"east": { "texture": "#male-darkbrown", "uv": [ 11.5, 13.5, 12.0, 14.0 ] },
										"south": { "texture": "#male-darkbrown", "uv": [ 11.0, 13.0, 12.0, 13.5 ] },
										"west": { "texture": "#male-darkbrown", "uv": [ 11.0, 14.0, 11.5, 14.5 ] },
										"up": { "texture": "#male-darkbrown", "uv": [ 9.5, 13.0, 10.5, 13.5 ] },
										"down": { "texture": "#male-darkbrown", "uv": [ 9.0, 13.0, 10.5, 14.2 ], "autoUv": false }
									}
								},
								{
									"name": "R upper jaw3",
									"from": [ 0.15, 0.14, -0.2 ],
									"to": [ 1.25, 0.64, 0.1 ],
									"rotationOrigin": [ 0.5113, 0.329, -0.6 ],
									"rotationX": 10.0,
									"rotationY": -10.0,
									"faces": {
										"north": { "texture": "#male-darkbrown", "uv": [ 9.0, 13.5, 10.0, 14.0 ] },
										"east": { "texture": "#male-darkbrown", "uv": [ 9.0, 13.0, 9.5, 13.5 ] },
										"south": { "texture": "#male-darkbrown", "uv": [ 9.5, 14.0, 10.5, 14.5 ] },
										"west": { "texture": "#male-darkbrown", "uv": [ 11.0, 13.0, 11.5, 13.5 ] },
										"up": { "texture": "#male-darkbrown", "uv": [ 9.5, 14.0, 10.5, 14.5 ] },
										"down": { "texture": "#male-darkbrown", "uv": [ 10.5, 13.5, 11.1, 15.1 ], "autoUv": false }
									},
									"children": [
										{
											"name": "R upper jaw4",
											"from": [ 0.0, 0.01, -0.35 ],
											"to": [ 1.1, 0.41, -0.05 ],
											"rotationOrigin": [ 0.0, -0.08, -0.03 ],
											"rotationX": 30.0,
											"faces": {
												"north": { "texture": "#male-darkbrown", "uv": [ 9.0, 13.5, 10.0, 14.0 ] },
												"east": { "texture": "#male-darkbrown", "uv": [ 9.0, 13.0, 9.5, 13.5 ] },
												"south": { "texture": "#male-darkbrown", "uv": [ 9.5, 14.0, 10.5, 14.5 ] },
												"west": { "texture": "#male-darkbrown", "uv": [ 11.0, 13.0, 11.5, 13.5 ] },
												"up": { "texture": "#male-darkbrown", "uv": [ 9.5, 14.0, 10.5, 14.5 ] },
												"down": { "texture": "#male-darkbrown", "uv": [ 9.5, 13.5, 11.6, 14.9 ], "autoUv": false }
											}
										}
									]
								},
								{
									"name": "L upper jaw4",
									"from": [ 0.1, 0.14, 0.73 ],
									"to": [ 1.2, 0.54, 1.03 ],
									"rotationOrigin": [ 0.1, 0.1, 0.8 ],
									"rotationX": -45.0,
									"rotationY": 8.0,
									"rotationZ": 6.0,
									"faces": {
										"north": { "texture": "#male-darkbrown", "uv": [ 10.5, 13.0, 11.5, 13.5 ] },
										"east": { "texture": "#male-darkbrown", "uv": [ 11.5, 13.5, 12.0, 14.0 ] },
										"south": { "texture": "#male-darkbrown", "uv": [ 11.0, 13.0, 12.0, 13.5 ] },
										"west": { "texture": "#male-darkbrown", "uv": [ 11.0, 14.0, 11.5, 14.5 ] },
										"up": { "texture": "#male-darkbrown", "uv": [ 9.5, 13.0, 10.5, 13.5 ] },
										"down": { "texture": "#male-darkbrown", "uv": [ 9.0, 13.0, 10.6, 14.1 ], "autoUv": false }
									},
									"children": [
										{
											"name": "L upper jaw5",
											"from": [ -1.1, 0.3, 0.57 ],
											"to": [ 0.2, 0.7, 0.87 ],
											"rotationOrigin": [ -1.0973, 0.2626, 0.6144 ],
											"rotationX": -10.0,
											"rotationY": 15.0,
											"rotationZ": -12.0,
											"faces": {
												"north": { "texture": "#male-darkbrown", "uv": [ 10.5, 13.0, 11.5, 13.5 ] },
												"east": { "texture": "#male-darkbrown", "uv": [ 11.5, 13.5, 12.0, 14.0 ] },
												"south": { "texture": "#male-darkbrown", "uv": [ 11.0, 13.0, 12.0, 13.5 ] },
												"west": { "texture": "#male-darkbrown", "uv": [ 11.0, 14.0, 11.5, 14.5 ] },
												"up": { "texture": "#male-darkbrown", "uv": [ 9.5, 13.0, 10.5, 13.5 ] },
												"down": { "texture": "#male-darkbrown", "uv": [ 10.0, 13.5, 11.8, 14.6 ], "autoUv": false }
											},
											"children": [
												{
													"name": "eyeL",
													"from": [ 0.25, -0.04, -0.1 ],
													"to": [ 0.75, 0.16, 0.4 ],
													"rotationOrigin": [ 0.2, -0.1, -0.1 ],
													"faces": {
														"north": { "texture": "#sawblade", "uv": [ 15.0, 0.25, 15.2, 0.55 ], "glow": 196, "autoUv": false },
														"east": { "texture": "#sawblade", "uv": [ 15.25, 0.25, 15.45, 0.45 ], "glow": 196, "autoUv": false },
														"south": { "texture": "#sawblade", "uv": [ 15.25, 0.25, 15.45, 0.65 ], "glow": 196, "autoUv": false },
														"west": { "texture": "#sawblade", "uv": [ 15.0, 0.25, 15.2, 0.65 ], "glow": 196, "autoUv": false },
														"up": { "texture": "#sawblade", "uv": [ 15.0, 0.25, 15.5, 0.75 ] },
														"down": { "texture": "#sawblade", "uv": [ 15.0, 0.25, 15.3, 0.65 ], "glow": 196, "autoUv": false }
													}
												},
												{
													"name": "eyeL2",
													"from": [ -0.15, -0.04, -0.1 ],
													"to": [ 0.05, 0.16, 0.1 ],
													"rotationOrigin": [ -0.2, -0.1, -0.1 ],
													"faces": {
														"north": { "texture": "#sawblade", "uv": [ 15.0, 0.25, 15.2, 0.55 ], "glow": 196, "autoUv": false },
														"east": { "texture": "#sawblade", "uv": [ 15.25, 0.25, 15.45, 0.45 ], "glow": 196, "autoUv": false },
														"south": { "texture": "#sawblade", "uv": [ 15.25, 0.25, 15.45, 0.65 ], "glow": 196, "autoUv": false },
														"west": { "texture": "#sawblade", "uv": [ 15.0, 0.25, 15.2, 0.65 ], "glow": 196, "autoUv": false },
														"up": { "texture": "#sawblade", "uv": [ 15.0, 0.25, 15.25, 0.5 ] },
														"down": { "texture": "#sawblade", "uv": [ 15.0, 0.25, 15.3, 0.65 ], "glow": 196, "autoUv": false }
													}
												}
											]
										},
										{
											"name": "L upper jaw6",
											"from": [ 0.0, 0.02, 0.3 ],
											"to": [ 1.1, 0.42, 0.6 ],
											"rotationOrigin": [ 0.1, -0.04, 0.37 ],
											"rotationX": -10.0,
											"rotationY": 15.0,
											"rotationZ": 2.0,
											"faces": {
												"north": { "texture": "#male-darkbrown", "uv": [ 10.5, 13.0, 11.5, 13.5 ] },
												"east": { "texture": "#male-darkbrown", "uv": [ 11.5, 13.5, 12.0, 14.0 ] },
												"south": { "texture": "#male-darkbrown", "uv": [ 11.0, 13.0, 12.0, 13.5 ] },
												"west": { "texture": "#male-darkbrown", "uv": [ 11.0, 14.0, 11.5, 14.5 ] },
												"up": { "texture": "#male-darkbrown", "uv": [ 9.5, 13.0, 10.5, 13.5 ] },
												"down": { "texture": "#male-darkbrown", "uv": [ 9.0, 13.0, 10.3, 14.0 ], "autoUv": false }
											}
										}
									]
								}
							]
						}
					]
				},
				{
					"name": "lower jaw",
					"from": [ 1.1, 1.3, 0.0 ],
					"to": [ 2.9, 1.65, 0.7 ],
					"rotationOrigin": [ 1.1, 1.3, 0.0 ],
					"faces": {
						"north": { "texture": "#male-darkbrown", "uv": [ 10.5, 5.5, 12.0, 6.0 ] },
						"east": { "texture": "#male-darkbrown", "uv": [ 10.5, 5.5, 11.0, 6.0 ] },
						"south": { "texture": "#male-darkbrown", "uv": [ 10.0, 6.0, 11.5, 6.5 ] },
						"west": { "texture": "#male-darkbrown", "uv": [ 10.0, 6.0, 10.5, 6.5 ] },
						"up": { "texture": "#male-darkbrown", "uv": [ 10.5, 5.5, 12.0, 6.0 ] },
						"down": { "texture": "#male-darkbrown", "uv": [ 10.5, 5.5, 12.0, 6.0 ] }
					},
					"children": [
						{
							"name": "Cube18",
							"from": [ 1.58, -0.4, 0.0 ],
							"to": [ 2.08, 0.4, 0.7 ],
							"rotationOrigin": [ 1.6, -0.4, 0.0 ],
							"rotationZ": 22.5,
							"faces": {
								"north": { "texture": "#male-darkbrown", "uv": [ 1.0, 11.0, 1.5, 11.5 ] },
								"east": { "texture": "#male-darkbrown", "uv": [ 1.5, 10.5, 2.0, 11.0 ] },
								"south": { "texture": "#male-darkbrown", "uv": [ 1.0, 10.5, 1.5, 11.0 ] },
								"west": { "texture": "#male-darkbrown", "uv": [ 1.0, 11.5, 1.5, 12.0 ] },
								"up": { "texture": "#male-darkbrown", "uv": [ 1.5, 10.0, 2.0, 10.5 ] },
								"down": { "texture": "#male-darkbrown", "uv": [ 1.5, 11.0, 2.0, 11.5 ] }
							},
							"children": [
								{
									"name": "nose",
									"from": [ 0.1, 0.05, 0.1 ],
									"to": [ 0.6, 0.55, 0.6 ],
									"rotationOrigin": [ 0.1, 0.1, 0.1 ],
									"rotationZ": -22.5,
									"faces": {
										"north": { "texture": "#sawblade", "uv": [ 11.75, 10.5, 12.25, 11.0 ] },
										"east": { "texture": "#sawblade", "uv": [ 11.0, 7.25, 11.5, 7.75 ] },
										"south": { "texture": "#sawblade", "uv": [ 11.0, 7.5, 11.5, 8.0 ] },
										"west": { "texture": "#sawblade", "uv": [ 11.5, 10.5, 12.0, 11.0 ] },
										"up": { "texture": "#sawblade", "uv": [ 10.5, 10.5, 11.0, 11.0 ] },
										"down": { "texture": "#sawblade", "uv": [ 10.5, 10.25, 11.0, 10.75 ] }
									}
								}
							]
						},
						{
							"name": "lower jaw2",
							"from": [ 0.3, 0.0, 0.0 ],
							"to": [ 1.6, 0.25, 0.7 ],
							"rotationOrigin": [ 0.3, 0.0, 0.3 ],
							"rotationZ": 25.0,
							"faces": {
								"north": { "texture": "#male-darkbrown", "uv": [ 10.5, 5.5, 11.5, 6.0 ] },
								"east": { "texture": "#male-darkbrown", "uv": [ 10.5, 5.5, 11.0, 6.0 ] },
								"south": { "texture": "#male-darkbrown", "uv": [ 10.0, 6.0, 11.0, 6.5 ] },
								"west": { "texture": "#male-darkbrown", "uv": [ 10.0, 6.0, 10.5, 6.5 ] },
								"up": { "texture": "#male-darkbrown", "uv": [ 10.5, 5.5, 11.5, 6.0 ] },
								"down": { "texture": "#male-darkbrown", "uv": [ 14.5, 1.5, 15.5, 2.0 ] }
							},
							"children": [
								{
									"name": "lower jaw3",
									"from": [ 1.2, 0.0, 0.1 ],
									"to": [ 1.5, 0.2, 0.6 ],
									"rotationOrigin": [ 1.2, 0.0, 0.4 ],
									"rotationZ": -10.0,
									"faces": {
										"north": { "texture": "#male-darkbrown", "uv": [ 10.5, 5.5, 11.0, 6.0 ] },
										"east": { "texture": "#male-darkbrown", "uv": [ 10.5, 5.5, 11.0, 6.0 ] },
										"south": { "texture": "#male-darkbrown", "uv": [ 10.0, 6.0, 10.5, 6.5 ] },
										"west": { "texture": "#male-darkbrown", "uv": [ 10.0, 6.0, 10.5, 6.5 ] },
										"up": { "texture": "#male-darkbrown", "uv": [ 10.5, 5.5, 11.0, 6.0 ] },
										"down": { "texture": "#male-darkbrown", "uv": [ 15.0, 2.0, 15.5, 2.5 ] }
									}
								}
							]
						}
					]
				},
				{
					"name": "Cube20",
					"from": [ -0.1, 0.2, -0.5 ],
					"to": [ 0.9, 1.5, 1.1 ],
					"rotationOrigin": [ -0.1, 0.2, -0.5 ],
					"faces": {
						"north": { "texture": "#male-darkbrown", "uv": [ 9.5, 13.5, 10.5, 14.5 ] },
						"east": { "texture": "#male-darkbrown", "uv": [ 9.5, 13.5, 11.0, 14.5 ] },
						"south": { "texture": "#male-darkbrown", "uv": [ 10.0, 13.0, 11.0, 14.0 ] },
						"west": { "texture": "#male-darkbrown", "uv": [ 10.0, 13.5, 11.5, 14.5 ] },
						"up": { "texture": "#male-darkbrown", "uv": [ 8.0, 5.0, 9.0, 6.5 ] },
						"down": { "texture": "#male-darkbrown", "uv": [ 9.0, 5.5, 10.0, 7.0 ] }
					},
					"children": [
						{
							"name": "Cube21",
							"from": [ 0.0, 0.0, 1.6 ],
							"to": [ 1.0, 1.3, 1.9 ],
							"rotationOrigin": [ 0.0, 0.0, 1.6 ],
							"rotationY": 67.5,
							"faces": {
								"north": { "texture": "#male-darkbrown", "uv": [ 9.5, 13.5, 10.5, 14.5 ] },
								"east": { "texture": "#male-darkbrown", "uv": [ 9.5, 13.5, 10.0, 14.5 ] },
								"south": { "texture": "#male-darkbrown", "uv": [ 10.0, 13.0, 11.0, 14.0 ] },
								"west": { "texture": "#male-darkbrown", "uv": [ 10.0, 13.5, 10.5, 14.5 ] },
								"up": { "texture": "#male-darkbrown", "uv": [ 8.0, 5.0, 9.0, 5.5 ] },
								"down": { "texture": "#male-darkbrown", "uv": [ 9.0, 5.5, 10.0, 6.0 ] }
							}
						},
						{
							"name": "Cube22",
							"from": [ 0.1, 0.0, 0.0 ],
							"to": [ 0.3, 1.3, 0.2 ],
							"rotationOrigin": [ 0.1, 0.0, 0.0 ],
							"rotationY": 45.0,
							"faces": {
								"north": { "texture": "#male-darkbrown", "uv": [ 9.5, 13.5, 10.0, 14.5 ] },
								"east": { "texture": "#male-darkbrown", "uv": [ 9.5, 13.5, 10.0, 14.5 ] },
								"south": { "texture": "#male-darkbrown", "uv": [ 10.0, 13.0, 10.5, 14.0 ] },
								"west": { "texture": "#male-darkbrown", "uv": [ 10.0, 13.5, 10.5, 14.5 ] },
								"up": { "texture": "#male-darkbrown", "uv": [ 8.0, 5.0, 8.5, 5.5 ] },
								"down": { "texture": "#male-darkbrown", "uv": [ 9.0, 5.5, 9.5, 6.0 ] }
							}
						}
					]
				},
				{
					"name": "Cube23",
					"from": [ -0.3, 0.4, -0.2 ],
					"to": [ 0.7, 1.2, 0.9 ],
					"rotationOrigin": [ -0.3, 0.4, -0.2 ],
					"faces": {
						"north": { "texture": "#male-darkbrown", "uv": [ 9.5, 13.5, 10.5, 14.0 ] },
						"east": { "texture": "#male-darkbrown", "uv": [ 9.5, 13.5, 10.5, 14.0 ] },
						"south": { "texture": "#male-darkbrown", "uv": [ 10.0, 13.0, 11.0, 13.5 ] },
						"west": { "texture": "#male-darkbrown", "uv": [ 10.0, 13.5, 11.0, 14.0 ] },
						"up": { "texture": "#male-darkbrown", "uv": [ 8.0, 5.0, 9.0, 6.0 ] },
						"down": { "texture": "#male-darkbrown", "uv": [ 9.0, 5.5, 10.0, 6.5 ] }
					}
				},
				{
					"name": "Cube24",
					"from": [ -0.11, 0.0, 0.0 ],
					"to": [ 0.0, 1.6, 0.7 ],
					"rotationOrigin": [ -0.1, 0.0, 0.0 ],
					"faces": {
						"north": { "texture": "#male-darkbrown", "uv": [ 11.5, 5.0, 12.0, 6.5 ] },
						"east": { "texture": "#male-darkbrown", "uv": [ 11.0, 5.0, 11.5, 6.5 ] },
						"south": { "texture": "#male-darkbrown", "uv": [ 11.0, 5.5, 11.5, 7.0 ] },
						"west": { "texture": "#male-darkbrown", "uv": [ 3.5, 10.0, 5.0, 11.5 ], "rotation": 90, "autoUv": false },
						"up": { "texture": "#male-darkbrown", "uv": [ 11.5, 6.5, 12.0, 7.0 ] },
						"down": { "texture": "#male-darkbrown", "uv": [ 4.0, 10.0, 4.7, 11.5 ], "autoUv": false }
					}
				},
				{
					"name": "Cube25",
					"from": [ -0.31, 0.39, 0.0 ],
					"to": [ 0.0, 1.29, 0.7 ],
					"rotationOrigin": [ -0.3, 0.4, 0.0 ],
					"faces": {
						"north": { "texture": "#male-darkbrown", "uv": [ 11.5, 5.0, 12.0, 5.5 ] },
						"east": { "texture": "#male-darkbrown", "uv": [ 11.0, 5.0, 11.5, 5.5 ] },
						"south": { "texture": "#male-darkbrown", "uv": [ 11.0, 5.5, 11.5, 6.0 ] },
						"west": { "texture": "#male-darkbrown", "uv": [ 3.5, 10.0, 5.0, 11.5 ], "rotation": 90, "autoUv": false },
						"up": { "texture": "#male-darkbrown", "uv": [ 11.5, 6.5, 12.0, 7.0 ] },
						"down": { "texture": "#male-darkbrown", "uv": [ 4.0, 10.0, 4.7, 11.5 ], "autoUv": false }
					}
				},
				{
					"name": "EarL",
					"from": [ 0.7, -0.5, 0.8 ],
					"to": [ 0.9, 0.2, 1.4 ],
					"rotationOrigin": [ 0.7, -0.5, 0.8 ],
					"rotationY": -67.5,
					"faces": {
						"north": { "texture": "#male-darkbrown", "uv": [ 0.5, 10.0, 1.0, 10.5 ] },
						"east": { "texture": "#male-darkbrown", "uv": [ 1.0, 10.0, 1.5, 10.5 ] },
						"south": { "texture": "#male-darkbrown", "uv": [ 1.5, 10.5, 2.0, 11.0 ] },
						"west": { "texture": "#male-darkbrown", "uv": [ 1.0, 10.0, 1.5, 10.5 ] },
						"up": { "texture": "#male-darkbrown", "uv": [ 1.0, 10.0, 1.5, 10.5 ] },
						"down": { "texture": "#male-darkbrown", "uv": [ 1.5, 10.5, 2.0, 11.0 ] }
					},
					"children": [
						{
							"name": "EarLPoint",
							"from": [ 0.02, -0.5, 0.3 ],
							"to": [ 0.17, 0.0, 0.6 ],
							"rotationOrigin": [ 0.0, -0.5, 0.3 ],
							"faces": {
								"north": { "texture": "#male-darkbrown", "uv": [ 0.0, 0.0, 0.5, 0.5 ] },
								"east": { "texture": "#male-darkbrown", "uv": [ 0.0, 0.0, 0.5, 0.5 ] },
								"south": { "texture": "#male-darkbrown", "uv": [ 0.0, 0.0, 0.5, 0.5 ] },
								"west": { "texture": "#male-darkbrown", "uv": [ 0.0, 0.0, 0.5, 0.5 ] },
								"up": { "texture": "#male-darkbrown", "uv": [ 0.0, 0.0, 0.5, 0.5 ] },
								"down": { "texture": "#male-darkbrown", "uv": [ 0.0, 0.0, 0.5, 0.5 ] }
							}
						},
						{
							"name": "Ear rode",
							"from": [ -0.1, 0.1, 0.2 ],
							"to": [ 0.5, 0.2, 0.3 ],
							"rotationOrigin": [ -0.1, 0.1, 0.2 ],
							"rotationX": 67.5,
							"rotationY": 45.0,
							"faces": {
								"north": { "texture": "#crouched3", "uv": [ 0.375, 7.0, 0.875, 7.125 ] },
								"east": { "texture": "#crouched3", "uv": [ 0.5, 6.875, 0.625, 7.0 ] },
								"south": { "texture": "#crouched3", "uv": [ 0.375, 7.25, 0.875, 7.375 ] },
								"west": { "texture": "#crouched3", "uv": [ 0.5, 6.875, 0.625, 7.0 ] },
								"up": { "texture": "#crouched3", "uv": [ 0.375, 7.125, 0.875, 7.25 ] },
								"down": { "texture": "#crouched3", "uv": [ 0.375, 7.25, 0.875, 7.375 ] }
							}
						},
						{
							"name": "Ear rode2",
							"from": [ -0.1, 0.4, 0.1 ],
							"to": [ 0.5, 0.5, 0.2 ],
							"rotationOrigin": [ -0.1, 0.4, 0.1 ],
							"rotationX": 45.0,
							"rotationY": -22.5,
							"faces": {
								"north": { "texture": "#crouched3", "uv": [ 0.375, 7.0, 0.875, 7.125 ] },
								"east": { "texture": "#crouched3", "uv": [ 0.5, 6.875, 0.625, 7.0 ] },
								"south": { "texture": "#crouched3", "uv": [ 0.375, 7.25, 0.875, 7.375 ] },
								"west": { "texture": "#crouched3", "uv": [ 0.5, 6.875, 0.625, 7.0 ] },
								"up": { "texture": "#crouched3", "uv": [ 0.375, 7.125, 0.875, 7.25 ] },
								"down": { "texture": "#crouched3", "uv": [ 0.375, 7.25, 0.875, 7.375 ] }
							}
						},
						{
							"name": "Ear rode3",
							"from": [ -0.1, 0.5, 0.3 ],
							"to": [ 0.5, 0.6, 0.4 ],
							"rotationOrigin": [ -0.1, 0.5, 0.3 ],
							"rotationY": 22.5,
							"rotationZ": -45.0,
							"faces": {
								"north": { "texture": "#crouched3", "uv": [ 0.375, 7.0, 0.875, 7.125 ] },
								"east": { "texture": "#crouched3", "uv": [ 0.5, 6.875, 0.625, 7.0 ] },
								"south": { "texture": "#crouched3", "uv": [ 0.375, 7.25, 0.875, 7.375 ] },
								"west": { "texture": "#crouched3", "uv": [ 0.5, 6.875, 0.625, 7.0 ] },
								"up": { "texture": "#crouched3", "uv": [ 0.375, 7.125, 0.875, 7.25 ] },
								"down": { "texture": "#crouched3", "uv": [ 0.375, 7.25, 0.875, 7.375 ] }
							}
						}
					]
				},
				{
					"name": "EarR",
					"from": [ 0.8, -0.5, -0.3 ],
					"to": [ 1.0, 0.2, 0.3 ],
					"rotationOrigin": [ 0.8, -0.5, -0.3 ],
					"rotationY": -112.5,
					"faces": {
						"north": { "texture": "#male-darkbrown", "uv": [ 0.5, 10.0, 1.0, 10.5 ] },
						"east": { "texture": "#male-darkbrown", "uv": [ 0.0, 10.5, 0.5, 11.0 ] },
						"south": { "texture": "#male-darkbrown", "uv": [ 0.5, 10.5, 1.0, 11.0 ] },
						"west": { "texture": "#male-darkbrown", "uv": [ 1.0, 10.5, 1.5, 11.0 ] },
						"up": { "texture": "#male-darkbrown", "uv": [ 1.0, 10.5, 1.5, 11.0 ] },
						"down": { "texture": "#male-darkbrown", "uv": [ 1.5, 10.5, 2.0, 11.0 ] }
					},
					"children": [
						{
							"name": "EarRPoint",
							"from": [ 0.02, -0.5, 0.3 ],
							"to": [ 0.17, 0.0, 0.6 ],
							"rotationOrigin": [ 0.0, -0.5, 0.3 ],
							"faces": {
								"north": { "texture": "#male-darkbrown", "uv": [ 1.0, 10.0, 1.5, 10.5 ] },
								"east": { "texture": "#male-darkbrown", "uv": [ 1.0, 9.5, 1.5, 10.0 ] },
								"south": { "texture": "#male-darkbrown", "uv": [ 1.5, 10.5, 2.0, 11.0 ] },
								"west": { "texture": "#male-darkbrown", "uv": [ 1.0, 10.5, 1.5, 11.0 ] },
								"up": { "texture": "#male-darkbrown", "uv": [ 1.5, 10.0, 2.0, 10.5 ] },
								"down": { "texture": "#male-darkbrown", "uv": [ 1.0, 11.0, 1.5, 11.5 ] }
							}
						}
					]
				}
			]
		},
		{
			"name": "Tail L3",
			"from": [ 7.7, 5.26, 8.4 ],
			"to": [ 8.5, 10.76, 9.2 ],
			"rotationOrigin": [ 7.6951, 5.2624, 8.4 ],
			"rotationX": 180.0,
			"rotationZ": -180.0,
			"faces": {
				"north": { "texture": "#crouched3", "uv": [ 0.125, 6.625, 0.28, 7.32 ], "autoUv": false },
				"east": { "texture": "#crouched3", "uv": [ 0.25, 6.625, 0.5, 7.32 ], "autoUv": false },
				"south": { "texture": "#crouched3", "uv": [ 0.0, 6.875, 0.25, 7.68 ], "autoUv": false },
				"west": { "texture": "#crouched3", "uv": [ 0.125, 6.625, 0.38, 8.425 ], "autoUv": false },
				"up": { "texture": "#crouched3", "uv": [ 0.375, 6.875, 0.525, 7.525 ], "autoUv": false },
				"down": { "texture": "#crouched3", "uv": [ 0.375, 7.0, 0.525, 7.45 ], "autoUv": false }
			},
			"children": [
				{
					"name": "Tail L4",
					"from": [ 0.2, 5.4, 0.01 ],
					"to": [ 1.0, 8.6, 0.79 ],
					"rotationOrigin": [ 0.2, 5.4, 0.0 ],
					"rotationZ": -39.0,
					"faces": {
						"north": { "texture": "#crouched3", "uv": [ 0.125, 6.625, 0.28, 7.32 ], "autoUv": false },
						"east": { "texture": "#crouched3", "uv": [ 0.25, 6.625, 0.5, 7.32 ], "autoUv": false },
						"south": { "texture": "#crouched3", "uv": [ 0.0, 6.875, 0.25, 7.68 ], "autoUv": false },
						"west": { "texture": "#crouched3", "uv": [ 0.22, 6.62, 0.48, 8.13 ], "autoUv": false },
						"up": { "texture": "#crouched3", "uv": [ 0.375, 6.875, 0.525, 7.525 ], "autoUv": false },
						"down": { "texture": "#crouched3", "uv": [ 0.375, 7.0, 0.525, 7.45 ], "autoUv": false }
					},
					"children": [
						{
							"name": "Saw Arm L2",
							"from": [ 0.2, 3.0, 0.2 ],
							"to": [ 0.6, 4.8, 0.6 ],
							"rotationOrigin": [ 0.2, 3.0, 0.2 ],
							"rotationZ": 22.5,
							"faces": {
								"north": { "texture": "#sawblade", "uv": [ 5.5, 2.75, 5.75, 4.5 ] },
								"east": { "texture": "#sawblade", "uv": [ 5.5, 3.5, 5.75, 5.25 ] },
								"south": { "texture": "#sawblade", "uv": [ 5.0, 3.0, 5.25, 4.75 ] },
								"west": { "texture": "#sawblade", "uv": [ 5.75, 2.75, 6.0, 4.5 ] },
								"up": { "texture": "#sawblade", "uv": [ 5.5, 3.75, 5.75, 4.0 ] },
								"down": { "texture": "#sawblade", "uv": [ 5.0, 4.0, 5.25, 4.25 ] }
							},
							"children": [
								{
									"name": "sawblade base L2",
									"from": [ -0.3, 1.1, 0.1 ],
									"to": [ 0.7, 2.1, 0.3 ],
									"rotationOrigin": [ 0.3, 1.6, 0.1 ],
									"faces": {
										"north": { "texture": "#sawblade", "uv": [ 6.75, 5.25, 7.75, 6.25 ] },
										"east": { "texture": "#sawblade", "uv": [ 5.25, 4.25, 5.5, 5.25 ] },
										"south": { "texture": "#sawblade", "uv": [ 6.75, 5.25, 7.75, 6.25 ] },
										"west": { "texture": "#sawblade", "uv": [ 7.0, 5.25, 7.25, 6.25 ] },
										"up": { "texture": "#sawblade", "uv": [ 6.75, 5.5, 7.75, 5.75 ] },
										"down": { "texture": "#sawblade", "uv": [ 6.75, 5.5, 7.75, 5.75 ] }
									},
									"children": [
										{
											"name": "sawblade L2",
											"from": [ -0.8, -0.7, 0.1 ],
											"to": [ 1.8, 1.9, 0.1 ],
											"rotationOrigin": [ -0.8, -0.7, 0.1 ],
											"faces": {
												"north": { "texture": "#sawblade", "uv": [ 6.0, 4.55, 8.25, 6.45 ], "autoUv": false },
												"east": { "texture": "#sawblade", "uv": [ 1.75, 9.75, 2.0, 12.25 ] },
												"south": { "texture": "#sawblade", "uv": [ 6.0, 4.5, 8.2, 6.5 ], "autoUv": false },
												"west": { "texture": "#sawblade", "uv": [ 1.5, 9.75, 1.75, 12.25 ] },
												"up": { "texture": "#sawblade", "uv": [ 0.75, 10.75, 3.25, 11.0 ] },
												"down": { "texture": "#sawblade", "uv": [ 1.0, 10.75, 3.5, 11.0 ] }
											}
										}
									]
								}
							]
						}
					]
				},
				{
					"name": "Tail R",
					"from": [ 0.2772, -0.1147, -0.3 ],
					"to": [ 1.0772, 5.3853, 0.5 ],
					"rotationOrigin": [ 0.2772, -0.1147, -0.3 ],
					"rotationX": -45.0,
					"rotationY": 3.052,
					"rotationZ": 0.198,
					"faces": {
						"north": { "texture": "#crouched3", "uv": [ 0.125, 6.625, 0.38, 7.42 ], "autoUv": false },
						"east": { "texture": "#crouched3", "uv": [ 0.25, 6.845, 0.5, 7.645 ], "autoUv": false },
						"south": { "texture": "#crouched3", "uv": [ 0.0, 6.875, 0.45, 7.58 ], "autoUv": false },
						"west": { "texture": "#crouched3", "uv": [ 0.125, 6.625, 0.38, 7.725 ], "autoUv": false },
						"up": { "texture": "#crouched3", "uv": [ 0.25, 7.375, 0.7, 7.425 ], "autoUv": false },
						"down": { "texture": "#crouched3", "uv": [ 0.375, 7.25, 0.725, 7.495 ], "autoUv": false }
					},
					"children": [
						{
							"name": "Tail R2",
							"from": [ 0.1, 5.3, 0.01 ],
							"to": [ 0.9, 8.7, 0.79 ],
							"rotationOrigin": [ 0.1, 5.3, 0.0 ],
							"rotationZ": -45.0,
							"faces": {
								"north": { "texture": "#crouched3", "uv": [ 0.125, 6.625, 0.38, 7.42 ], "autoUv": false },
								"east": { "texture": "#crouched3", "uv": [ 0.25, 6.845, 0.5, 7.645 ], "autoUv": false },
								"south": { "texture": "#crouched3", "uv": [ 0.0, 6.875, 0.45, 7.58 ], "autoUv": false },
								"west": { "texture": "#crouched3", "uv": [ 0.125, 6.625, 0.38, 7.725 ], "autoUv": false },
								"up": { "texture": "#crouched3", "uv": [ 0.25, 7.375, 0.7, 7.425 ], "autoUv": false },
								"down": { "texture": "#crouched3", "uv": [ 0.375, 7.25, 0.725, 7.495 ], "autoUv": false }
							},
							"children": [
								{
									"name": "Sa Arm R",
									"from": [ 0.2, 3.0, 0.2 ],
									"to": [ 0.6, 4.8, 0.6 ],
									"rotationOrigin": [ 0.2, 3.0, 0.2 ],
									"rotationZ": 20.0,
									"faces": {
										"north": { "texture": "#sawblade", "uv": [ 4.75, 3.5, 5.0, 5.25 ] },
										"east": { "texture": "#sawblade", "uv": [ 5.0, 3.5, 5.25, 5.25 ] },
										"south": { "texture": "#sawblade", "uv": [ 4.75, 3.75, 5.0, 5.5 ] },
										"west": { "texture": "#sawblade", "uv": [ 5.5, 3.0, 5.75, 4.75 ] },
										"up": { "texture": "#sawblade", "uv": [ 5.25, 4.0, 5.5, 4.25 ] },
										"down": { "texture": "#sawblade", "uv": [ 5.75, 3.75, 6.0, 4.0 ] }
									},
									"children": [
										{
											"name": "sawblade base R",
											"from": [ -0.3, 1.1, 0.1 ],
											"to": [ 0.7, 2.1, 0.3 ],
											"rotationOrigin": [ 0.2, 1.6, 0.1 ],
											"faces": {
												"north": { "texture": "#sawblade", "uv": [ 6.5, 5.25, 7.5, 6.25 ] },
												"east": { "texture": "#sawblade", "uv": [ 7.0, 5.0, 7.25, 6.0 ] },
												"south": { "texture": "#sawblade", "uv": [ 6.5, 5.25, 7.5, 6.25 ] },
												"west": { "texture": "#sawblade", "uv": [ 6.75, 5.0, 7.0, 6.0 ] },
												"up": { "texture": "#sawblade", "uv": [ 6.5, 5.75, 7.5, 6.0 ] },
												"down": { "texture": "#sawblade", "uv": [ 6.75, 5.75, 7.75, 6.0 ] }
											},
											"children": [
												{
													"name": "sawblade R",
													"from": [ -0.8, -0.7, 0.3 ],
													"to": [ 1.8, 1.9, 0.3 ],
													"rotationOrigin": [ -1.1, -1.1, 0.3 ],
													"rotationY": 10.0,
													"faces": {
														"north": { "texture": "#sawblade", "uv": [ 6.0, 4.55, 8.25, 6.45 ], "autoUv": false },
														"east": { "texture": "#sawblade", "uv": [ 1.75, 9.75, 2.0, 12.25 ] },
														"south": { "texture": "#sawblade", "uv": [ 6.0, 4.5, 8.2, 6.5 ], "autoUv": false },
														"west": { "texture": "#sawblade", "uv": [ 1.5, 9.75, 1.75, 12.25 ] },
														"up": { "texture": "#sawblade", "uv": [ 0.75, 10.75, 3.25, 11.0 ] },
														"down": { "texture": "#sawblade", "uv": [ 1.0, 10.75, 3.5, 11.0 ] }
													}
												}
											]
										}
									]
								}
							]
						}
					]
				},
				{
					"name": "Tail L",
					"from": [ 0.2772, -0.1147, 0.3 ],
					"to": [ 1.0772, 5.3853, 1.1 ],
					"rotationOrigin": [ 0.2772, -0.1147, 0.3 ],
					"rotationX": 45.0,
					"rotationY": -3.052,
					"rotationZ": 0.198,
					"faces": {
						"north": { "texture": "#crouched3", "uv": [ 0.125, 6.625, 0.28, 7.32 ], "autoUv": false },
						"east": { "texture": "#crouched3", "uv": [ 0.25, 6.625, 0.5, 7.32 ], "autoUv": false },
						"south": { "texture": "#crouched3", "uv": [ 0.0, 6.875, 0.25, 7.68 ], "autoUv": false },
						"west": { "texture": "#crouched3", "uv": [ 0.125, 6.625, 0.38, 8.425 ], "autoUv": false },
						"up": { "texture": "#crouched3", "uv": [ 0.375, 6.875, 0.525, 7.525 ], "autoUv": false },
						"down": { "texture": "#crouched3", "uv": [ 0.375, 7.0, 0.525, 7.45 ], "autoUv": false }
					},
					"children": [
						{
							"name": "Tail L2",
							"from": [ 0.3, 6.0, 0.01 ],
							"to": [ 1.1, 9.2, 0.79 ],
							"rotationOrigin": [ -0.2, 6.0, 0.0 ],
							"rotationZ": -69.0,
							"faces": {
								"north": { "texture": "#crouched3", "uv": [ 0.125, 6.625, 0.28, 7.32 ], "autoUv": false },
								"east": { "texture": "#crouched3", "uv": [ 0.25, 6.625, 0.5, 7.32 ], "autoUv": false },
								"south": { "texture": "#crouched3", "uv": [ 0.0, 6.875, 0.25, 7.68 ], "autoUv": false },
								"west": { "texture": "#crouched3", "uv": [ 0.22, 6.62, 0.48, 8.13 ], "autoUv": false },
								"up": { "texture": "#crouched3", "uv": [ 0.375, 6.875, 0.525, 7.525 ], "autoUv": false },
								"down": { "texture": "#crouched3", "uv": [ 0.375, 7.0, 0.525, 7.45 ], "autoUv": false }
							},
							"children": [
								{
									"name": "Saw Arm L",
									"from": [ 0.2, 3.0, 0.2 ],
									"to": [ 0.6, 4.8, 0.6 ],
									"rotationOrigin": [ 0.2, 3.0, 0.2 ],
									"rotationZ": 22.5,
									"faces": {
										"north": { "texture": "#sawblade", "uv": [ 5.5, 2.75, 5.75, 4.5 ] },
										"east": { "texture": "#sawblade", "uv": [ 5.5, 3.5, 5.75, 5.25 ] },
										"south": { "texture": "#sawblade", "uv": [ 5.0, 3.0, 5.25, 4.75 ] },
										"west": { "texture": "#sawblade", "uv": [ 5.75, 2.75, 6.0, 4.5 ] },
										"up": { "texture": "#sawblade", "uv": [ 5.5, 3.75, 5.75, 4.0 ] },
										"down": { "texture": "#sawblade", "uv": [ 5.0, 4.0, 5.25, 4.25 ] }
									},
									"children": [
										{
											"name": "sawblade base L",
											"from": [ -0.3, 1.1, 0.1 ],
											"to": [ 0.7, 2.1, 0.3 ],
											"rotationOrigin": [ 0.3, 1.6, 0.1 ],
											"faces": {
												"north": { "texture": "#sawblade", "uv": [ 6.75, 5.25, 7.75, 6.25 ] },
												"east": { "texture": "#sawblade", "uv": [ 5.25, 4.25, 5.5, 5.25 ] },
												"south": { "texture": "#sawblade", "uv": [ 6.75, 5.25, 7.75, 6.25 ] },
												"west": { "texture": "#sawblade", "uv": [ 7.0, 5.25, 7.25, 6.25 ] },
												"up": { "texture": "#sawblade", "uv": [ 6.75, 5.5, 7.75, 5.75 ] },
												"down": { "texture": "#sawblade", "uv": [ 6.75, 5.5, 7.75, 5.75 ] }
											},
											"children": [
												{
													"name": "sawblade L",
													"from": [ -0.8, -0.7, 0.1 ],
													"to": [ 1.8, 1.9, 0.1 ],
													"rotationOrigin": [ -0.8, -0.7, 0.1 ],
													"faces": {
														"north": { "texture": "#sawblade", "uv": [ 6.0, 4.55, 8.25, 6.45 ], "autoUv": false },
														"east": { "texture": "#sawblade", "uv": [ 1.75, 9.75, 2.0, 12.25 ] },
														"south": { "texture": "#sawblade", "uv": [ 6.0, 4.5, 8.2, 6.5 ], "autoUv": false },
														"west": { "texture": "#sawblade", "uv": [ 1.5, 9.75, 1.75, 12.25 ] },
														"up": { "texture": "#sawblade", "uv": [ 0.75, 10.75, 3.25, 11.0 ] },
														"down": { "texture": "#sawblade", "uv": [ 1.0, 10.75, 3.5, 11.0 ] }
													}
												}
											]
										}
									]
								}
							]
						}
					]
				}
			]
		},
		{
			"name": "Metal insect legL",
			"from": [ 6.53, 4.41, 8.0 ],
			"to": [ 7.13, 5.01, 11.6 ],
			"rotationOrigin": [ 6.533, 4.4148, 8.0 ],
			"rotationX": 1.72,
			"rotationY": 5.49,
			"rotationZ": 4.586,
			"faces": {
				"north": { "texture": "#crouched3", "uv": [ 0.5, 6.5, 1.0, 7.0 ] },
				"east": { "texture": "#crouched3", "uv": [ 0.125, 6.75, 1.02, 7.05 ], "autoUv": false },
				"south": { "texture": "#crouched3", "uv": [ 0.5, 7.0, 1.0, 7.5 ] },
				"west": { "texture": "#crouched3", "uv": [ 0.375, 6.875, 1.08, 7.08 ], "autoUv": false },
				"up": { "texture": "#crouched3", "uv": [ 0.25, 6.75, 0.555, 7.95 ], "autoUv": false },
				"down": { "texture": "#crouched3", "uv": [ 0.25, 6.875, 0.75, 8.08 ], "autoUv": false }
			},
			"children": [
				{
					"name": "Metal insect legL2",
					"from": [ 0.01, 0.3, 3.1 ],
					"to": [ 0.61, 0.9, 6.7 ],
					"rotationOrigin": [ 0.0, 0.3, 3.1 ],
					"rotationX": 90.0,
					"faces": {
						"north": { "texture": "#crouched3", "uv": [ 0.375, 6.625, 0.875, 7.125 ] },
						"east": { "texture": "#crouched3", "uv": [ 0.125, 6.75, 3.625, 7.25 ] },
						"south": { "texture": "#crouched3", "uv": [ 0.25, 7.0, 0.75, 7.5 ] },
						"west": { "texture": "#crouched3", "uv": [ 0.375, 6.875, 3.875, 7.375 ] },
						"up": { "texture": "#crouched3", "uv": [ 0.375, 6.625, 0.88, 10.45 ], "autoUv": false },
						"down": { "texture": "#crouched3", "uv": [ 0.25, 6.875, 0.75, 10.375 ] }
					},
					"children": [
						{
							"name": "Metal insect legL3",
							"from": [ 0.01, 0.0, 3.4 ],
							"to": [ 0.61, 0.6, 5.3 ],
							"rotationOrigin": [ -0.01, 0.0, 3.4 ],
							"rotationX": 22.5,
							"faces": {
								"north": { "texture": "#crouched3", "uv": [ 0.375, 6.625, 0.875, 7.125 ] },
								"east": { "texture": "#crouched3", "uv": [ 0.125, 6.75, 2.0, 7.25 ] },
								"south": { "texture": "#crouched3", "uv": [ 0.25, 7.0, 0.75, 7.5 ] },
								"west": { "texture": "#crouched3", "uv": [ 0.375, 6.875, 2.25, 7.375 ] },
								"up": { "texture": "#crouched3", "uv": [ 0.375, 6.7, 0.88, 10.12 ], "autoUv": false },
								"down": { "texture": "#crouched3", "uv": [ 0.25, 6.875, 0.75, 8.75 ] }
							},
							"children": [
								{
									"name": "Leg catcher 1 L",
									"from": [ 0.2, 0.1, 1.6 ],
									"to": [ 0.4, 0.3, 2.4 ],
									"rotationOrigin": [ 0.2, 0.1, 1.6 ],
									"rotationX": 22.5,
									"faces": {
										"north": { "texture": "#crouched3", "uv": [ 0.625, 6.875, 0.75, 7.0 ] },
										"east": { "texture": "#crouched3", "uv": [ 0.25, 7.0, 1.0, 7.125 ] },
										"south": { "texture": "#crouched3", "uv": [ 0.5, 7.25, 0.625, 7.375 ] },
										"west": { "texture": "#crouched3", "uv": [ 0.375, 7.0, 1.125, 7.125 ] },
										"up": { "texture": "#crouched3", "uv": [ 0.375, 6.875, 0.5, 7.625 ] },
										"down": { "texture": "#crouched3", "uv": [ 0.375, 6.875, 0.5, 7.625 ] }
									}
								},
								{
									"name": "Leg catcher 2 L",
									"from": [ 0.4, 0.3, 1.6 ],
									"to": [ 0.6, 0.5, 2.4 ],
									"rotationOrigin": [ 0.4, 0.3, 1.6 ],
									"rotationX": -22.5,
									"rotationY": -22.5,
									"faces": {
										"north": { "texture": "#crouched3", "uv": [ 0.625, 6.875, 0.75, 7.0 ] },
										"east": { "texture": "#crouched3", "uv": [ 0.25, 7.0, 1.0, 7.125 ] },
										"south": { "texture": "#crouched3", "uv": [ 0.5, 7.25, 0.625, 7.375 ] },
										"west": { "texture": "#crouched3", "uv": [ 0.375, 7.0, 1.125, 7.125 ] },
										"up": { "texture": "#crouched3", "uv": [ 0.375, 6.875, 0.5, 7.625 ] },
										"down": { "texture": "#crouched3", "uv": [ 0.375, 6.875, 0.5, 7.625 ] }
									}
								}
							]
						}
					]
				},
				{
					"name": "Shoulder insect L",
					"from": [ -0.23, 0.4271, -0.1689 ],
					"to": [ 0.77, 1.4271, 0.8311 ],
					"rotationOrigin": [ -0.2271, 0.4271, -0.1689 ],
					"rotationX": 25.29,
					"rotationY": -4.74,
					"rotationZ": -25.29,
					"faces": {
						"north": { "texture": "#crouched3", "uv": [ 0.0, 6.625, 0.5, 7.12 ], "autoUv": false },
						"east": { "texture": "#crouched3", "uv": [ 0.125, 6.375, 0.72, 6.98 ], "autoUv": false },
						"south": { "texture": "#crouched3", "uv": [ 0.0, 7.0, 0.395, 7.7 ], "autoUv": false },
						"west": { "texture": "#crouched3", "uv": [ 0.125, 6.75, 0.72, 7.35 ], "autoUv": false },
						"up": { "texture": "#crouched3", "uv": [ 0.25, 6.75, 0.65, 7.35 ], "autoUv": false },
						"down": { "texture": "#crouched3", "uv": [ 0.625, 6.875, 1.12, 7.38 ], "autoUv": false }
					}
				}
			]
		},
		{
			"name": "Metal insect legL4",
			"from": [ 7.53, 4.15, 8.0 ],
			"to": [ 8.13, 4.75, 11.6 ],
			"rotationOrigin": [ 7.5283, 4.1526, 8.0 ],
			"rotationX": -179.02,
			"rotationY": -0.51,
			"rotationZ": 176.41,
			"faces": {
				"north": { "texture": "#crouched3", "uv": [ 0.5, 6.5, 1.0, 7.0 ] },
				"east": { "texture": "#crouched3", "uv": [ 0.125, 6.75, 1.42, 7.05 ], "autoUv": false },
				"south": { "texture": "#crouched3", "uv": [ 0.5, 7.0, 1.0, 7.5 ] },
				"west": { "texture": "#crouched3", "uv": [ 0.005, 7.0, 1.105, 7.31 ], "autoUv": false },
				"up": { "texture": "#crouched3", "uv": [ 0.375, 6.5, 0.875, 7.6 ], "autoUv": false },
				"down": { "texture": "#crouched3", "uv": [ 0.25, 6.875, 0.55, 7.78 ], "autoUv": false }
			},
			"children": [
				{
					"name": "Metal insect legL5",
					"from": [ 0.01, 0.3, 3.1 ],
					"to": [ 0.61, 0.9, 6.7 ],
					"rotationOrigin": [ 0.0, 0.3, 3.1 ],
					"rotationX": 90.0,
					"faces": {
						"north": { "texture": "#crouched3", "uv": [ 0.375, 6.625, 0.875, 7.125 ] },
						"east": { "texture": "#crouched3", "uv": [ 0.125, 6.75, 3.625, 7.25 ] },
						"south": { "texture": "#crouched3", "uv": [ 0.25, 7.0, 0.75, 7.5 ] },
						"west": { "texture": "#crouched3", "uv": [ 0.375, 6.875, 3.875, 7.375 ] },
						"up": { "texture": "#crouched3", "uv": [ 0.375, 6.625, 0.88, 10.45 ], "autoUv": false },
						"down": { "texture": "#crouched3", "uv": [ 0.25, 6.875, 0.75, 10.375 ] }
					},
					"children": [
						{
							"name": "Metal insect legL6",
							"from": [ 0.01, 0.0, 3.4 ],
							"to": [ 0.61, 0.6, 5.3 ],
							"rotationOrigin": [ -0.01, 0.0, 3.4 ],
							"rotationX": 22.5,
							"faces": {
								"north": { "texture": "#crouched3", "uv": [ 0.375, 6.625, 0.875, 7.125 ] },
								"east": { "texture": "#crouched3", "uv": [ 0.125, 6.75, 2.0, 7.25 ] },
								"south": { "texture": "#crouched3", "uv": [ 0.25, 7.0, 0.75, 7.5 ] },
								"west": { "texture": "#crouched3", "uv": [ 0.375, 6.875, 2.25, 7.375 ] },
								"up": { "texture": "#crouched3", "uv": [ 0.375, 6.7, 0.88, 10.12 ], "autoUv": false },
								"down": { "texture": "#crouched3", "uv": [ 0.25, 6.875, 0.75, 8.75 ] }
							},
							"children": [
								{
									"name": "Leg catcher 1 R",
									"from": [ 0.2, 0.2, 1.4 ],
									"to": [ 0.4, 0.4, 2.4 ],
									"rotationOrigin": [ 0.2, 0.2, 1.4 ],
									"rotationX": 45.0,
									"faces": {
										"north": { "texture": "#crouched3", "uv": [ 0.75, 6.875, 0.875, 7.0 ] },
										"east": { "texture": "#crouched3", "uv": [ 0.25, 6.875, 1.25, 7.0 ] },
										"south": { "texture": "#crouched3", "uv": [ 0.625, 7.25, 0.75, 7.375 ] },
										"west": { "texture": "#crouched3", "uv": [ 0.125, 7.25, 1.125, 7.375 ] },
										"up": { "texture": "#crouched3", "uv": [ 0.5, 6.75, 0.625, 7.75 ] },
										"down": { "texture": "#crouched3", "uv": [ 0.625, 7.0, 0.75, 8.0 ] }
									}
								},
								{
									"name": "Leg catcher 2 R",
									"from": [ 0.2, 0.3, 1.4 ],
									"to": [ 0.4, 0.5, 2.4 ],
									"rotationOrigin": [ 0.2, 0.3, 1.4 ],
									"rotationX": -22.5,
									"rotationZ": -22.5,
									"faces": {
										"north": { "texture": "#crouched3", "uv": [ 0.75, 6.875, 0.875, 7.0 ] },
										"east": { "texture": "#crouched3", "uv": [ 0.25, 6.875, 1.25, 7.0 ] },
										"south": { "texture": "#crouched3", "uv": [ 0.625, 7.25, 0.75, 7.375 ] },
										"west": { "texture": "#crouched3", "uv": [ 0.125, 7.25, 1.125, 7.375 ] },
										"up": { "texture": "#crouched3", "uv": [ 0.5, 6.75, 0.625, 7.75 ] },
										"down": { "texture": "#crouched3", "uv": [ 0.625, 7.0, 0.75, 8.0 ] }
									}
								}
							]
						}
					]
				},
				{
					"name": "Shoulder insect R",
					"from": [ 0.97, 0.1675, 0.8922 ],
					"to": [ 1.97, 1.1675, 1.8922 ],
					"rotationOrigin": [ 0.9675, 0.1675, 0.8922 ],
					"rotationX": -154.711,
					"rotationY": -4.74,
					"rotationZ": 154.71,
					"faces": {
						"north": { "texture": "#crouched3", "uv": [ 0.0, 6.625, 0.5, 7.12 ], "autoUv": false },
						"east": { "texture": "#crouched3", "uv": [ 0.125, 6.375, 0.72, 6.98 ], "autoUv": false },
						"south": { "texture": "#crouched3", "uv": [ 0.0, 7.0, 0.395, 7.7 ], "autoUv": false },
						"west": { "texture": "#crouched3", "uv": [ 0.125, 6.75, 0.72, 7.35 ], "autoUv": false },
						"up": { "texture": "#crouched3", "uv": [ 0.25, 6.75, 0.65, 7.35 ], "autoUv": false },
						"down": { "texture": "#crouched3", "uv": [ 0.625, 6.875, 1.12, 7.38 ], "autoUv": false }
					}
				}
			]
		}
	]}