{
	"editor": {
		"allAngles": true,
		"entityTextureMode": false
	},
	"textureWidth": 64,
	"textureHeight": 64,
	"textureSizes": {
	},
	"textures": {
		"corrupt": "game:entity/locust/corrupt",
		"crouched3": "game:entity/drifter/crouched3",
		"skin": "rottingenimals:entity/wolf/wolf9"
	},
	"elements": [
		{
			"name": "head",
			"from": [ -7.1709, 10.2324, 4.9 ],
			"to": [ -2.1709, 16.2324, 11.1 ],
			"rotationOrigin": [ -3.1709, 13.2324, 7.9 ],
			"rotationX": -3.939,
			"rotationY": 0.694,
			"rotationZ": 20.024,
			"faces": {
				"north": { "texture": "#skin", "uv": [ 0.0, 58.0, 5.0, 64.0 ] },
				"east": { "texture": "#skin", "uv": [ 5.0, 58.0, 11.0, 64.0 ] },
				"south": { "texture": "#skin", "uv": [ 11.0, 58.0, 16.0, 64.0 ] },
				"west": { "texture": "#skin", "uv": [ 16.0, 58.0, 22.0, 64.0 ] },
				"up": { "texture": "#skin", "uv": [ 0.0, 52.0, 5.0, 58.0 ] },
				"down": { "texture": "#skin", "uv": [ 5.0, 52.0, 10.0, 58.0 ] }
			},
			"children": [
				{
					"name": "mouth up",
					"from": [ -4.0, 2.1, 1.5 ],
					"to": [ 2.0, 4.1, 4.5 ],
					"rotationOrigin": [ 1.0, 3.1, 3.0 ],
					"rotationZ": 7.0,
					"faces": {
						"north": { "texture": "#skin", "uv": [ 32.0, 62.0, 38.0, 64.0 ] },
						"south": { "texture": "#skin", "uv": [ 38.0, 62.0, 44.0, 64.0 ] },
						"west": { "texture": "#skin", "uv": [ 44.0, 62.0, 47.0, 64.0 ] },
						"up": { "texture": "#skin", "uv": [ 32.0, 59.0, 38.0, 62.0 ] },
						"down": { "texture": "#skin", "uv": [ 38.0, 59.0, 44.0, 62.0 ] }
					},
					"children": [
						{
							"name": "jaw",
							"from": [ 0.3, -0.8, 0.5 ],
							"to": [ 6.3, 0.2, 2.5 ],
							"rotationOrigin": [ 5.3, -0.3, 1.5 ],
							"rotationZ": 6.0,
							"faces": {
								"north": { "texture": "#skin", "uv": [ 50.0, 63.0, 56.0, 64.0 ] },
								"south": { "texture": "#skin", "uv": [ 56.0, 63.0, 62.0, 64.0 ] },
								"west": { "texture": "#skin", "uv": [ 62.0, 63.0, 64.0, 64.0 ] },
								"up": { "texture": "#skin", "uv": [ 50.0, 61.0, 56.0, 63.0 ] },
								"down": { "texture": "#skin", "uv": [ 56.0, 61.0, 62.0, 63.0 ] }
							},
							"children": [
								{
									"name": "tongue",
									"from": [ 1.5, 0.9, 0.5 ],
									"to": [ 2.7, 1.1, 1.5 ],
									"rotationOrigin": [ 1.5, 0.9, 0.5 ],
									"faces": {
										"north": { "texture": "#skin", "uv": [ 39.5, 60.0, 40.5, 60.5 ] },
										"east": { "texture": "#skin", "uv": [ 40.0, 60.0, 41.0, 60.5 ] },
										"south": { "texture": "#skin", "uv": [ 39.5, 60.0, 40.5, 60.5 ] },
										"west": { "texture": "#skin", "uv": [ 40.0, 60.0, 41.0, 60.5 ] },
										"up": { "texture": "#skin", "uv": [ 39.5, 59.5, 40.5, 60.5 ] },
										"down": { "texture": "#skin", "uv": [ 40.0, 59.5, 41.0, 60.5 ] }
									},
									"children": [
										{
											"name": "tongue2",
											"from": [ -0.8, 0.0, -0.2 ],
											"to": [ 0.4, 0.2, 0.6 ],
											"rotationOrigin": [ -0.8, 0.0, -0.2 ],
											"rotationY": -17.0,
											"faces": {
												"north": { "texture": "#skin", "uv": [ 39.5, 60.0, 40.5, 60.5 ] },
												"east": { "texture": "#skin", "uv": [ 40.0, 60.0, 40.5, 60.5 ] },
												"south": { "texture": "#skin", "uv": [ 39.5, 60.0, 40.5, 60.5 ] },
												"west": { "texture": "#skin", "uv": [ 40.0, 60.0, 40.5, 60.5 ] },
												"up": { "texture": "#skin", "uv": [ 39.5, 59.5, 40.5, 60.0 ] },
												"down": { "texture": "#skin", "uv": [ 40.0, 59.5, 41.0, 60.0 ] }
											},
											"children": [
												{
													"name": "tongue3",
													"from": [ -0.2497, 0.0, -0.1328 ],
													"to": [ 0.5503, 0.2, 0.4672 ],
													"rotationOrigin": [ -0.2497, 0.0, -0.1328 ],
													"rotationY": -30.0,
													"faces": {
														"north": { "texture": "#skin", "uv": [ 39.5, 60.0, 40.0, 60.5 ] },
														"east": { "texture": "#skin", "uv": [ 40.0, 60.0, 40.5, 60.5 ] },
														"south": { "texture": "#skin", "uv": [ 39.5, 60.0, 40.0, 60.5 ] },
														"west": { "texture": "#skin", "uv": [ 40.0, 60.0, 40.5, 60.5 ] },
														"up": { "texture": "#skin", "uv": [ 39.5, 59.5, 40.0, 60.0 ] },
														"down": { "texture": "#skin", "uv": [ 40.0, 59.5, 40.5, 60.0 ] }
													},
													"children": [
														{
															"name": "tongue4",
															"from": [ -0.2827, 0.0, 0.0099 ],
															"to": [ 0.2173, 0.2, 0.5099 ],
															"rotationOrigin": [ -0.2827, 0.0, 0.0099 ],
															"faces": {
																"north": { "texture": "#skin", "uv": [ 39.5, 60.0, 40.0, 60.5 ] },
																"east": { "texture": "#skin", "uv": [ 40.0, 60.0, 40.5, 60.5 ] },
																"south": { "texture": "#skin", "uv": [ 39.5, 60.0, 40.0, 60.5 ] },
																"west": { "texture": "#skin", "uv": [ 40.0, 60.0, 40.5, 60.5 ] },
																"up": { "texture": "#skin", "uv": [ 39.5, 59.5, 40.0, 60.0 ] },
																"down": { "texture": "#skin", "uv": [ 40.0, 59.5, 40.5, 60.0 ] }
															},
															"children": [
																{
																	"name": "tongue5",
																	"from": [ -0.2095, -0.3, 0.0781 ],
																	"to": [ 0.2905, -0.1, 0.5781 ],
																	"rotationOrigin": [ -0.2095, -0.3, 0.0781 ],
																	"rotationX": -28.585,
																	"rotationY": -8.047,
																	"rotationZ": 30.87,
																	"faces": {
																		"north": { "texture": "#skin", "uv": [ 39.5, 60.0, 40.0, 60.5 ] },
																		"east": { "texture": "#skin", "uv": [ 40.0, 60.0, 40.5, 60.5 ] },
																		"south": { "texture": "#skin", "uv": [ 39.5, 60.0, 40.0, 60.5 ] },
																		"west": { "texture": "#skin", "uv": [ 40.0, 60.0, 40.5, 60.5 ] },
																		"up": { "texture": "#skin", "uv": [ 39.5, 59.5, 40.0, 60.0 ] },
																		"down": { "texture": "#skin", "uv": [ 40.0, 59.5, 40.5, 60.0 ] }
																	},
																	"children": [
																		{
																			"name": "tongue6",
																			"from": [ -0.0664, -0.1414, -0.0252 ],
																			"to": [ 0.2336, 0.0586, 0.4748 ],
																			"rotationOrigin": [ -0.0664, -0.1414, 0.0748 ],
																			"rotationZ": 39.0,
																			"faces": {
																				"north": { "texture": "#skin", "uv": [ 39.5, 60.0, 40.0, 60.5 ] },
																				"east": { "texture": "#skin", "uv": [ 40.0, 60.0, 40.5, 60.5 ] },
																				"south": { "texture": "#skin", "uv": [ 39.5, 60.0, 40.0, 60.5 ] },
																				"west": { "texture": "#skin", "uv": [ 40.0, 60.0, 40.5, 60.5 ] },
																				"up": { "texture": "#skin", "uv": [ 39.5, 59.5, 40.0, 60.0 ] },
																				"down": { "texture": "#skin", "uv": [ 40.0, 59.5, 40.5, 60.0 ] }
																			},
																			"children": [
																				{
																					"name": "tongue7",
																					"from": [ -0.2225, -0.0049, -0.0216 ],
																					"to": [ 0.0775, 0.1951, 0.4784 ],
																					"rotationOrigin": [ -0.2225, -0.0049, 0.0784 ],
																					"faces": {
																						"north": { "texture": "#skin", "uv": [ 39.5, 60.0, 40.0, 60.5 ] },
																						"east": { "texture": "#skin", "uv": [ 40.0, 60.0, 40.5, 60.5 ] },
																						"south": { "texture": "#skin", "uv": [ 39.5, 60.0, 40.0, 60.5 ] },
																						"west": { "texture": "#skin", "uv": [ 40.0, 60.0, 40.5, 60.5 ] },
																						"up": { "texture": "#skin", "uv": [ 39.5, 59.5, 40.0, 60.0 ] },
																						"down": { "texture": "#skin", "uv": [ 40.0, 59.5, 40.5, 60.0 ] }
																					}
																				}
																			]
																		}
																	]
																}
															]
														}
													]
												}
											]
										}
									]
								},
								{
									"name": "jawspike",
									"from": [ 0.4, -0.2, 0.7 ],
									"to": [ 1.0, 0.4, 1.4 ],
									"rotationOrigin": [ 0.4, -0.2, 0.7 ],
									"rotationZ": -30.0,
									"faces": {
										"north": { "texture": "#crouched3", "uv": [ 35.5, 12.0, 34.0, 11.5 ], "autoUv": false },
										"east": { "texture": "#crouched3", "uv": [ 36.0, 12.5, 34.5, 11.0 ], "autoUv": false },
										"south": { "texture": "#crouched3", "uv": [ 35.5, 12.0, 34.0, 10.5 ], "autoUv": false },
										"west": { "texture": "#crouched3", "uv": [ 34.5, 12.0, 33.0, 10.5 ], "autoUv": false },
										"up": { "texture": "#crouched3", "uv": [ 35.5, 12.0, 34.0, 10.5 ], "autoUv": false },
										"down": { "texture": "#crouched3", "uv": [ 35.5, 12.0, 34.0, 10.5 ], "autoUv": false }
									},
									"children": [
										{
											"name": "jawspike2",
											"from": [ -0.1732, -0.1, 0.1 ],
											"to": [ 0.3268, 0.5, 0.6 ],
											"rotationOrigin": [ -0.1732, -0.1, 0.1 ],
											"rotationZ": -34.0,
											"faces": {
												"north": { "texture": "#crouched3", "uv": [ 35.5, 12.0, 34.0, 11.5 ], "autoUv": false },
												"east": { "texture": "#crouched3", "uv": [ 36.0, 12.5, 34.5, 11.0 ], "autoUv": false },
												"south": { "texture": "#crouched3", "uv": [ 35.5, 12.0, 34.0, 10.5 ], "autoUv": false },
												"west": { "texture": "#crouched3", "uv": [ 34.5, 12.0, 33.0, 10.5 ], "autoUv": false },
												"up": { "texture": "#crouched3", "uv": [ 35.5, 12.0, 34.0, 10.5 ], "autoUv": false },
												"down": { "texture": "#crouched3", "uv": [ 35.5, 12.0, 34.0, 10.5 ], "autoUv": false }
											},
											"children": [
												{
													"name": "jawspike3",
													"from": [ 0.0088, -0.8944, 0.0 ],
													"to": [ 0.5088, 0.0056, 0.5 ],
													"rotationOrigin": [ 0.0088, -0.8944, 0.0 ],
													"faces": {
														"north": { "texture": "#crouched3", "uv": [ 36.5, 12.0, 35.0, 11.5 ], "autoUv": false },
														"east": { "texture": "#crouched3", "uv": [ 37.5, 13.0, 36.0, 11.5 ], "autoUv": false },
														"south": { "texture": "#crouched3", "uv": [ 36.0, 12.0, 34.5, 10.5 ], "autoUv": false },
														"west": { "texture": "#crouched3", "uv": [ 37.0, 12.5, 35.5, 11.0 ], "autoUv": false },
														"up": { "texture": "#crouched3", "uv": [ 36.5, 12.0, 35.0, 10.5 ], "autoUv": false },
														"down": { "texture": "#crouched3", "uv": [ 37.0, 12.5, 35.5, 11.0 ], "autoUv": false }
													},
													"children": [
														{
															"name": "jwspiketip",
															"from": [ 0.3, 0.0, 0.0 ],
															"to": [ 0.7, 0.7, 0.4 ],
															"rotationOrigin": [ 0.3, 0.0, 0.0 ],
															"rotationY": 3.0,
															"rotationZ": 114.0,
															"faces": {
																"north": { "texture": "#crouched3", "uv": [ 36.0, 11.5, 36.5, 12.0 ] },
																"east": { "texture": "#crouched3", "uv": [ 36.5, 11.5, 37.0, 12.0 ] },
																"south": { "texture": "#crouched3", "uv": [ 35.0, 12.0, 35.5, 12.5 ] },
																"west": { "texture": "#crouched3", "uv": [ 34.5, 11.5, 35.0, 12.0 ] },
																"up": { "texture": "#crouched3", "uv": [ 34.0, 11.5, 34.5, 12.0 ] },
																"down": { "texture": "#crouched3", "uv": [ 36.0, 13.0, 36.5, 13.5 ] }
															}
														}
													]
												}
											]
										}
									]
								},
								{
									"name": "metal halfjaw",
									"from": [ 1.7, -1.2, -0.8 ],
									"to": [ 4.5, -0.8, -0.2 ],
									"rotationOrigin": [ 1.7, -1.2, -0.8 ],
									"rotationX": -30.0,
									"rotationY": -33.0,
									"rotationZ": 19.0,
									"faces": {
										"north": { "texture": "#crouched3", "uv": [ 3.0, 28.0, 5.5, 30.5 ], "autoUv": false },
										"east": { "texture": "#crouched3", "uv": [ 8.5, 32.5, 10.0, 34.0 ], "autoUv": false },
										"south": { "texture": "#crouched3", "uv": [ 7.5, 35.0, 10.0, 36.5 ], "autoUv": false },
										"west": { "texture": "#crouched3", "uv": [ 6.5, 35.5, 8.0, 37.0 ], "autoUv": false },
										"up": { "texture": "#crouched3", "uv": [ 4.5, 33.0, 7.0, 34.5 ], "autoUv": false },
										"down": { "texture": "#crouched3", "uv": [ 3.5, 31.0, 6.0, 32.5 ], "autoUv": false }
									},
									"children": [
										{
											"name": "metalhalfjaw next",
											"from": [ -0.9, 0.35, 0.15 ],
											"to": [ 0.1, 0.65, 0.65 ],
											"rotationOrigin": [ -0.8, 0.3, 0.1 ],
											"rotationY": 6.0,
											"rotationZ": -19.0,
											"faces": {
												"north": { "texture": "#crouched3", "uv": [ 3.5, 30.5, 4.5, 31.0 ] },
												"east": { "texture": "#crouched3", "uv": [ 3.0, 31.5, 3.5, 32.0 ] },
												"south": { "texture": "#crouched3", "uv": [ 3.0, 27.5, 4.0, 28.0 ] },
												"west": { "texture": "#crouched3", "uv": [ 5.5, 30.5, 6.0, 31.0 ] },
												"up": { "texture": "#crouched3", "uv": [ 9.5, 33.0, 10.5, 33.5 ] },
												"down": { "texture": "#crouched3", "uv": [ 8.5, 29.0, 9.5, 29.5 ] }
											},
											"children": [
												{
													"name": "metal halfjawnextnext",
													"from": [ -0.9, 0.05, 0.35 ],
													"to": [ 0.1, 0.25, 0.65 ],
													"rotationOrigin": [ -0.9, 0.0, 0.3 ],
													"rotationY": 17.0,
													"faces": {
														"north": { "texture": "#crouched3", "uv": [ 4.0, 28.0, 5.0, 28.5 ] },
														"east": { "texture": "#crouched3", "uv": [ 2.5, 29.5, 3.0, 30.0 ] },
														"south": { "texture": "#crouched3", "uv": [ 2.5, 30.0, 3.5, 30.5 ] },
														"west": { "texture": "#crouched3", "uv": [ 3.0, 29.0, 3.5, 29.5 ] },
														"up": { "texture": "#crouched3", "uv": [ 3.0, 29.5, 4.0, 30.0 ] },
														"down": { "texture": "#crouched3", "uv": [ 2.5, 30.0, 3.5, 30.5 ] }
													}
												},
												{
													"name": "metalhalfjawteeth2",
													"from": [ 0.3, 0.3, 0.0 ],
													"to": [ 0.6, 0.5, 0.3 ],
													"rotationOrigin": [ 0.3, 0.3, 0.0 ],
													"rotationX": 47.0,
													"rotationY": 6.0,
													"rotationZ": 119.0,
													"faces": {
														"north": { "texture": "#crouched3", "uv": [ 4.5, 31.0, 5.0, 31.5 ] },
														"east": { "texture": "#crouched3", "uv": [ 8.5, 32.0, 9.0, 32.5 ] },
														"south": { "texture": "#crouched3", "uv": [ 7.5, 33.5, 8.0, 34.0 ] },
														"west": { "texture": "#crouched3", "uv": [ 3.5, 32.0, 4.0, 32.5 ] },
														"up": { "texture": "#crouched3", "uv": [ 7.0, 28.0, 7.5, 28.5 ] },
														"down": { "texture": "#crouched3", "uv": [ 7.0, 27.5, 7.5, 28.0 ] }
													}
												},
												{
													"name": "metalhalfjawteeth3",
													"from": [ 0.4, 0.25, 0.3 ],
													"to": [ 0.7, 0.45, 0.6 ],
													"rotationOrigin": [ 0.4, 0.3, 0.3 ],
													"rotationX": 47.0,
													"rotationY": 66.0,
													"rotationZ": 152.0,
													"faces": {
														"north": { "texture": "#crouched3", "uv": [ 3.5, 30.5, 4.0, 31.0 ] },
														"east": { "texture": "#crouched3", "uv": [ 4.0, 30.5, 4.5, 31.0 ] },
														"south": { "texture": "#crouched3", "uv": [ 4.5, 30.0, 5.0, 30.5 ] },
														"west": { "texture": "#crouched3", "uv": [ 2.5, 32.0, 3.0, 32.5 ] },
														"up": { "texture": "#crouched3", "uv": [ 5.0, 29.0, 5.5, 29.5 ] },
														"down": { "texture": "#crouched3", "uv": [ 4.0, 29.5, 4.5, 30.0 ] }
													}
												}
											]
										},
										{
											"name": "metalteethhalfjaw1.1",
											"from": [ 0.3, 0.5, 0.0 ],
											"to": [ 0.9, 0.8, 0.3 ],
											"rotationOrigin": [ 0.3, 0.5, 0.0 ],
											"rotationX": 33.0,
											"rotationY": -53.0,
											"rotationZ": -30.0,
											"faces": {
												"north": { "texture": "#crouched3", "uv": [ 5.0, 31.0, 5.5, 31.5 ] },
												"east": { "texture": "#crouched3", "uv": [ 5.5, 27.0, 6.0, 27.5 ] },
												"south": { "texture": "#crouched3", "uv": [ 5.5, 28.0, 6.0, 28.5 ] },
												"west": { "texture": "#crouched3", "uv": [ 5.0, 28.5, 5.5, 29.0 ] },
												"up": { "texture": "#crouched3", "uv": [ 6.0, 28.0, 6.5, 28.5 ] },
												"down": { "texture": "#crouched3", "uv": [ 6.5, 27.5, 7.0, 28.0 ] }
											}
										},
										{
											"name": "metalteethhalfjaw1.3",
											"from": [ 1.4, -0.2, 0.2 ],
											"to": [ 2.0, 0.1, 0.5 ],
											"rotationOrigin": [ 1.4, -0.2, 0.2 ],
											"rotationX": -22.0,
											"rotationY": -53.0,
											"rotationZ": -30.0,
											"faces": {
												"north": { "texture": "#crouched3", "uv": [ 5.0, 31.0, 5.5, 31.5 ] },
												"east": { "texture": "#crouched3", "uv": [ 5.5, 27.0, 6.0, 27.5 ] },
												"south": { "texture": "#crouched3", "uv": [ 5.5, 28.0, 6.0, 28.5 ] },
												"west": { "texture": "#crouched3", "uv": [ 5.0, 28.5, 5.5, 29.0 ] },
												"up": { "texture": "#crouched3", "uv": [ 6.0, 28.0, 6.5, 28.5 ] },
												"down": { "texture": "#crouched3", "uv": [ 6.5, 27.5, 7.0, 28.0 ] }
											}
										},
										{
											"name": "metalteethhalfjaw1.5",
											"from": [ 1.3, 0.5, 0.0 ],
											"to": [ 1.9, 0.8, 0.3 ],
											"rotationOrigin": [ 1.3, 0.5, 0.0 ],
											"rotationX": 33.0,
											"rotationY": -53.0,
											"rotationZ": -30.0,
											"faces": {
												"north": { "texture": "#crouched3", "uv": [ 5.0, 31.0, 5.5, 31.5 ] },
												"east": { "texture": "#crouched3", "uv": [ 5.5, 27.0, 6.0, 27.5 ] },
												"south": { "texture": "#crouched3", "uv": [ 5.5, 28.0, 6.0, 28.5 ] },
												"west": { "texture": "#crouched3", "uv": [ 5.0, 28.5, 5.5, 29.0 ] },
												"up": { "texture": "#crouched3", "uv": [ 6.0, 28.0, 6.5, 28.5 ] },
												"down": { "texture": "#crouched3", "uv": [ 6.5, 27.5, 7.0, 28.0 ] }
											}
										}
									]
								},
								{
									"name": "metal halfjaw2",
									"from": [ 1.1, -0.4, 3.8 ],
									"to": [ 4.3, 0.2, 4.3 ],
									"rotationOrigin": [ 1.1, -0.4, 3.8 ],
									"rotationX": 78.0,
									"rotationY": -174.0,
									"rotationZ": -152.0,
									"faces": {
										"north": { "texture": "#crouched3", "uv": [ 3.0, 28.0, 5.5, 30.5 ], "autoUv": false },
										"east": { "texture": "#crouched3", "uv": [ 8.5, 32.5, 10.0, 34.0 ], "autoUv": false },
										"south": { "texture": "#crouched3", "uv": [ 7.5, 35.0, 10.0, 36.5 ], "autoUv": false },
										"west": { "texture": "#crouched3", "uv": [ 6.5, 35.5, 8.0, 37.0 ], "autoUv": false },
										"up": { "texture": "#crouched3", "uv": [ 4.5, 33.0, 7.0, 34.5 ], "autoUv": false },
										"down": { "texture": "#crouched3", "uv": [ 3.5, 31.0, 6.0, 32.5 ], "autoUv": false }
									},
									"children": [
										{
											"name": "metalhalfjaw next2",
											"from": [ -0.9, 0.35, 0.15 ],
											"to": [ 0.1, 0.75, 0.55 ],
											"rotationOrigin": [ -0.8, 0.3, 0.1 ],
											"rotationY": 6.0,
											"rotationZ": -19.0,
											"faces": {
												"north": { "texture": "#crouched3", "uv": [ 3.5, 30.5, 4.5, 31.0 ] },
												"east": { "texture": "#crouched3", "uv": [ 3.0, 31.5, 3.5, 32.0 ] },
												"south": { "texture": "#crouched3", "uv": [ 3.0, 27.5, 4.0, 28.0 ] },
												"west": { "texture": "#crouched3", "uv": [ 5.5, 30.5, 6.0, 31.0 ] },
												"up": { "texture": "#crouched3", "uv": [ 9.5, 33.0, 10.5, 33.5 ] },
												"down": { "texture": "#crouched3", "uv": [ 8.5, 29.0, 9.5, 29.5 ] }
											},
											"children": [
												{
													"name": "metal halfjawnextnext2",
													"from": [ -0.9, 0.05, 0.35 ],
													"to": [ 0.1, 0.35, 0.65 ],
													"rotationOrigin": [ -0.9, 0.0, 0.3 ],
													"rotationY": 17.0,
													"faces": {
														"north": { "texture": "#crouched3", "uv": [ 4.0, 28.0, 5.0, 28.5 ] },
														"east": { "texture": "#crouched3", "uv": [ 2.5, 29.5, 3.0, 30.0 ] },
														"south": { "texture": "#crouched3", "uv": [ 2.5, 30.0, 3.5, 30.5 ] },
														"west": { "texture": "#crouched3", "uv": [ 3.0, 29.0, 3.5, 29.5 ] },
														"up": { "texture": "#crouched3", "uv": [ 3.0, 29.5, 4.0, 30.0 ] },
														"down": { "texture": "#crouched3", "uv": [ 2.5, 30.0, 3.5, 30.5 ] }
													}
												},
												{
													"name": "metalhalfjawteeth4",
													"from": [ 0.3, 0.3, 0.0 ],
													"to": [ 0.6, 0.5, 0.3 ],
													"rotationOrigin": [ 0.3, 0.3, 0.0 ],
													"rotationX": 47.0,
													"rotationY": 6.0,
													"rotationZ": 119.0,
													"faces": {
														"north": { "texture": "#crouched3", "uv": [ 4.5, 31.0, 5.0, 31.5 ] },
														"east": { "texture": "#crouched3", "uv": [ 8.5, 32.0, 9.0, 32.5 ] },
														"south": { "texture": "#crouched3", "uv": [ 7.5, 33.5, 8.0, 34.0 ] },
														"west": { "texture": "#crouched3", "uv": [ 3.5, 32.0, 4.0, 32.5 ] },
														"up": { "texture": "#crouched3", "uv": [ 7.0, 28.0, 7.5, 28.5 ] },
														"down": { "texture": "#crouched3", "uv": [ 7.0, 27.5, 7.5, 28.0 ] }
													}
												},
												{
													"name": "metalhalfjawteeth5",
													"from": [ 0.4, 0.25, 0.3 ],
													"to": [ 0.7, 0.45, 0.6 ],
													"rotationOrigin": [ 0.4, 0.3, 0.3 ],
													"rotationX": 47.0,
													"rotationY": 66.0,
													"rotationZ": 152.0,
													"faces": {
														"north": { "texture": "#crouched3", "uv": [ 3.5, 30.5, 4.0, 31.0 ] },
														"east": { "texture": "#crouched3", "uv": [ 4.0, 30.5, 4.5, 31.0 ] },
														"south": { "texture": "#crouched3", "uv": [ 4.5, 30.0, 5.0, 30.5 ] },
														"west": { "texture": "#crouched3", "uv": [ 2.5, 32.0, 3.0, 32.5 ] },
														"up": { "texture": "#crouched3", "uv": [ 5.0, 29.0, 5.5, 29.5 ] },
														"down": { "texture": "#crouched3", "uv": [ 4.0, 29.5, 4.5, 30.0 ] }
													}
												}
											]
										},
										{
											"name": "metalteethhalfjaw1.2",
											"from": [ 0.3, 0.2, 0.0 ],
											"to": [ 0.9, 0.5, 0.3 ],
											"rotationOrigin": [ 0.3, 0.2, 0.0 ],
											"rotationX": 33.0,
											"rotationY": -53.0,
											"rotationZ": -30.0,
											"faces": {
												"north": { "texture": "#crouched3", "uv": [ 5.0, 31.0, 5.5, 31.5 ] },
												"east": { "texture": "#crouched3", "uv": [ 5.5, 27.0, 6.0, 27.5 ] },
												"south": { "texture": "#crouched3", "uv": [ 5.5, 28.0, 6.0, 28.5 ] },
												"west": { "texture": "#crouched3", "uv": [ 5.0, 28.5, 5.5, 29.0 ] },
												"up": { "texture": "#crouched3", "uv": [ 6.0, 28.0, 6.5, 28.5 ] },
												"down": { "texture": "#crouched3", "uv": [ 6.5, 27.5, 7.0, 28.0 ] }
											}
										},
										{
											"name": "metalteethhalfjaw1.4",
											"from": [ 1.3, 0.2, 0.0 ],
											"to": [ 1.9, 0.5, 0.3 ],
											"rotationOrigin": [ 1.3, 0.2, 0.0 ],
											"rotationX": 33.0,
											"rotationY": -53.0,
											"rotationZ": -30.0,
											"faces": {
												"north": { "texture": "#crouched3", "uv": [ 5.0, 31.0, 5.5, 31.5 ] },
												"east": { "texture": "#crouched3", "uv": [ 5.5, 27.0, 6.0, 27.5 ] },
												"south": { "texture": "#crouched3", "uv": [ 5.5, 28.0, 6.0, 28.5 ] },
												"west": { "texture": "#crouched3", "uv": [ 5.0, 28.5, 5.5, 29.0 ] },
												"up": { "texture": "#crouched3", "uv": [ 6.0, 28.0, 6.5, 28.5 ] },
												"down": { "texture": "#crouched3", "uv": [ 6.5, 27.5, 7.0, 28.0 ] }
											}
										}
									]
								}
							]
						},
						{
							"name": "teeth",
							"from": [ 0.0, -0.4, 0.0 ],
							"to": [ 0.5, 0.0, 0.5 ],
							"rotationOrigin": [ 0.0, -0.4, 0.0 ],
							"faces": {
								"north": { "texture": "#crouched3", "uv": [ 34.0, 10.0, 35.5, 11.5 ], "autoUv": false },
								"east": { "texture": "#crouched3", "uv": [ 34.0, 10.0, 35.5, 11.5 ], "autoUv": false },
								"south": { "texture": "#crouched3", "uv": [ 33.5, 9.0, 35.0, 10.5 ], "autoUv": false },
								"west": { "texture": "#crouched3", "uv": [ 34.5, 10.0, 36.0, 11.5 ], "autoUv": false },
								"up": { "texture": "#crouched3", "uv": [ 34.5, 10.0, 37.0, 12.5 ], "autoUv": false },
								"down": { "texture": "#crouched3", "uv": [ 34.5, 10.5, 36.0, 13.0 ], "autoUv": false }
							},
							"children": [
								{
									"name": "teeth2",
									"from": [ 0.0, -0.4, 0.0 ],
									"to": [ 0.4, 0.0, 0.3 ],
									"rotationOrigin": [ 0.0, -0.4, 0.0 ],
									"rotationY": 3.0,
									"faces": {
										"north": { "texture": "#crouched3", "uv": [ 33.5, 10.0, 36.0, 12.5 ], "autoUv": false },
										"east": { "texture": "#crouched3", "uv": [ 31.0, 9.0, 33.5, 11.5 ], "autoUv": false },
										"south": { "texture": "#crouched3", "uv": [ 34.0, 10.5, 37.5, 13.0 ], "autoUv": false },
										"west": { "texture": "#crouched3", "uv": [ 34.0, 10.5, 36.5, 12.0 ], "autoUv": false },
										"up": { "texture": "#crouched3", "uv": [ 34.0, 11.0, 36.5, 13.5 ], "autoUv": false },
										"down": { "texture": "#crouched3", "uv": [ 34.5, 10.5, 37.0, 13.0 ], "autoUv": false }
									},
									"children": [
										{
											"name": "teeth3",
											"from": [ 0.0, -0.4, 0.0 ],
											"to": [ 0.3, 0.0, 0.2 ],
											"rotationOrigin": [ 0.0, -0.4, 0.0 ],
											"rotationY": -3.0,
											"faces": {
												"north": { "texture": "#crouched3", "uv": [ 33.5, 10.0, 36.0, 11.5 ], "autoUv": false },
												"east": { "texture": "#crouched3", "uv": [ 34.5, 10.5, 37.0, 12.0 ], "autoUv": false },
												"south": { "texture": "#crouched3", "uv": [ 33.0, 10.5, 36.5, 13.0 ], "autoUv": false },
												"west": { "texture": "#crouched3", "uv": [ 35.0, 11.0, 36.5, 12.5 ], "autoUv": false },
												"up": { "texture": "#crouched3", "uv": [ 33.0, 10.5, 35.5, 13.0 ], "autoUv": false },
												"down": { "texture": "#crouched3", "uv": [ 33.5, 9.5, 36.0, 12.0 ], "autoUv": false }
											}
										}
									]
								}
							]
						},
						{
							"name": "rodteeth",
							"from": [ 2.0, -0.8, 0.0 ],
							"to": [ 2.4, 0.0, 0.4 ],
							"rotationOrigin": [ 2.0, -0.8, 0.0 ],
							"faces": {
								"north": { "texture": "#crouched3", "uv": [ 35.0, 12.0, 33.5, 10.5 ], "autoUv": false },
								"east": { "texture": "#crouched3", "uv": [ 36.0, 13.5, 34.5, 12.0 ], "autoUv": false },
								"south": { "texture": "#crouched3", "uv": [ 35.5, 12.0, 34.0, 9.5 ], "autoUv": false },
								"west": { "texture": "#crouched3", "uv": [ 36.0, 12.0, 34.5, 10.5 ], "autoUv": false },
								"up": { "texture": "#crouched3", "uv": [ 36.0, 12.5, 33.5, 11.0 ], "autoUv": false },
								"down": { "texture": "#crouched3", "uv": [ 36.0, 11.5, 34.5, 10.0 ], "autoUv": false }
							},
							"children": [
								{
									"name": "rodteeth2",
									"from": [ -0.2, -0.7, -0.3 ],
									"to": [ 0.15, 0.3, 0.05 ],
									"rotationOrigin": [ -0.2, -0.7, -0.3 ],
									"rotationX": 14.0,
									"rotationY": -19.0,
									"rotationZ": -19.0,
									"faces": {
										"north": { "texture": "#crouched3", "uv": [ 35.0, 12.0, 33.5, 10.5 ], "autoUv": false },
										"east": { "texture": "#crouched3", "uv": [ 36.0, 13.5, 34.5, 12.0 ], "autoUv": false },
										"south": { "texture": "#crouched3", "uv": [ 35.5, 12.0, 34.0, 9.5 ], "autoUv": false },
										"west": { "texture": "#crouched3", "uv": [ 36.0, 12.0, 34.5, 10.5 ], "autoUv": false },
										"up": { "texture": "#crouched3", "uv": [ 36.0, 12.5, 33.5, 11.0 ], "autoUv": false },
										"down": { "texture": "#crouched3", "uv": [ 36.0, 11.5, 34.5, 10.0 ], "autoUv": false }
									}
								}
							]
						},
						{
							"name": "rodteeth3",
							"from": [ 0.9, -0.8, -0.3 ],
							"to": [ 1.25, 0.2, 0.05 ],
							"rotationOrigin": [ 0.9, -0.8, -0.3 ],
							"rotationX": 14.0,
							"rotationY": -19.0,
							"rotationZ": -19.0,
							"faces": {
								"north": { "texture": "#crouched3", "uv": [ 35.0, 12.0, 33.5, 10.5 ], "autoUv": false },
								"east": { "texture": "#crouched3", "uv": [ 36.0, 13.5, 34.5, 12.0 ], "autoUv": false },
								"south": { "texture": "#crouched3", "uv": [ 35.5, 12.0, 34.0, 9.5 ], "autoUv": false },
								"west": { "texture": "#crouched3", "uv": [ 36.0, 12.0, 34.5, 10.5 ], "autoUv": false },
								"up": { "texture": "#crouched3", "uv": [ 36.0, 12.5, 33.5, 11.0 ], "autoUv": false },
								"down": { "texture": "#crouched3", "uv": [ 36.0, 11.5, 34.5, 10.0 ], "autoUv": false }
							}
						},
						{
							"name": "rodteeth4",
							"from": [ 2.0, -0.8, 2.6 ],
							"to": [ 2.4, 0.0, 3.0 ],
							"rotationOrigin": [ 2.0, -0.8, 2.6 ],
							"faces": {
								"north": { "texture": "#crouched3", "uv": [ 35.0, 12.0, 33.5, 10.5 ], "autoUv": false },
								"east": { "texture": "#crouched3", "uv": [ 36.0, 13.5, 34.5, 12.0 ], "autoUv": false },
								"south": { "texture": "#crouched3", "uv": [ 35.5, 12.0, 34.0, 9.5 ], "autoUv": false },
								"west": { "texture": "#crouched3", "uv": [ 36.0, 12.0, 34.5, 10.5 ], "autoUv": false },
								"up": { "texture": "#crouched3", "uv": [ 36.0, 12.5, 33.5, 11.0 ], "autoUv": false },
								"down": { "texture": "#crouched3", "uv": [ 36.0, 11.5, 34.5, 10.0 ], "autoUv": false }
							},
							"children": [
								{
									"name": "rodteeth5",
									"from": [ 0.4, -0.7, 0.7 ],
									"to": [ 0.75, 0.3, 1.05 ],
									"rotationOrigin": [ 0.4, -0.7, 0.7 ],
									"rotationX": -28.0,
									"rotationY": -55.0,
									"rotationZ": 14.0,
									"faces": {
										"north": { "texture": "#crouched3", "uv": [ 35.0, 12.0, 33.5, 10.5 ], "autoUv": false },
										"east": { "texture": "#crouched3", "uv": [ 36.0, 13.5, 34.5, 12.0 ], "autoUv": false },
										"south": { "texture": "#crouched3", "uv": [ 35.5, 12.0, 34.0, 9.5 ], "autoUv": false },
										"west": { "texture": "#crouched3", "uv": [ 36.0, 12.0, 34.5, 10.5 ], "autoUv": false },
										"up": { "texture": "#crouched3", "uv": [ 36.0, 12.5, 33.5, 11.0 ], "autoUv": false },
										"down": { "texture": "#crouched3", "uv": [ 36.0, 11.5, 34.5, 10.0 ], "autoUv": false }
									}
								}
							]
						},
						{
							"name": "rodteeth6",
							"from": [ 2.8, 0.0, 3.6 ],
							"to": [ 3.2, 0.8, 4.0 ],
							"rotationOrigin": [ 3.8, 0.0, 3.6 ],
							"rotationX": -75.0,
							"rotationY": -3.0,
							"rotationZ": -33.0,
							"faces": {
								"north": { "texture": "#crouched3", "uv": [ 35.0, 12.0, 33.5, 10.5 ], "autoUv": false },
								"east": { "texture": "#crouched3", "uv": [ 36.0, 13.5, 34.5, 12.0 ], "autoUv": false },
								"south": { "texture": "#crouched3", "uv": [ 35.5, 12.0, 34.0, 9.5 ], "autoUv": false },
								"west": { "texture": "#crouched3", "uv": [ 36.0, 12.0, 34.5, 10.5 ], "autoUv": false },
								"up": { "texture": "#crouched3", "uv": [ 36.0, 12.5, 33.5, 11.0 ], "autoUv": false },
								"down": { "texture": "#crouched3", "uv": [ 36.0, 11.5, 34.5, 10.0 ], "autoUv": false }
							},
							"children": [
								{
									"name": "rodteeth7",
									"from": [ 0.4, -0.7, 0.7 ],
									"to": [ 0.75, 0.3, 1.05 ],
									"rotationOrigin": [ 0.4, -0.7, 0.7 ],
									"rotationX": -28.0,
									"rotationY": -55.0,
									"rotationZ": 14.0,
									"faces": {
										"north": { "texture": "#crouched3", "uv": [ 35.0, 12.0, 33.5, 10.5 ], "autoUv": false },
										"east": { "texture": "#crouched3", "uv": [ 36.0, 13.5, 34.5, 12.0 ], "autoUv": false },
										"south": { "texture": "#crouched3", "uv": [ 35.5, 12.0, 34.0, 9.5 ], "autoUv": false },
										"west": { "texture": "#crouched3", "uv": [ 36.0, 12.0, 34.5, 10.5 ], "autoUv": false },
										"up": { "texture": "#crouched3", "uv": [ 36.0, 12.5, 33.5, 11.0 ], "autoUv": false },
										"down": { "texture": "#crouched3", "uv": [ 36.0, 11.5, 34.5, 10.0 ], "autoUv": false }
									}
								},
								{
									"name": "rodteeth8",
									"from": [ 0.4, -0.6, 1.0 ],
									"to": [ 0.75, 0.4, 1.35 ],
									"rotationOrigin": [ 0.4, -0.6, 1.0 ],
									"rotationX": -114.0,
									"rotationY": -53.0,
									"rotationZ": 14.0,
									"faces": {
										"north": { "texture": "#crouched3", "uv": [ 35.0, 12.0, 33.5, 10.5 ], "autoUv": false },
										"east": { "texture": "#crouched3", "uv": [ 36.0, 13.5, 34.5, 12.0 ], "autoUv": false },
										"south": { "texture": "#crouched3", "uv": [ 35.5, 12.0, 34.0, 9.5 ], "autoUv": false },
										"west": { "texture": "#crouched3", "uv": [ 36.0, 12.0, 34.5, 10.5 ], "autoUv": false },
										"up": { "texture": "#crouched3", "uv": [ 36.0, 12.5, 33.5, 11.0 ], "autoUv": false },
										"down": { "texture": "#crouched3", "uv": [ 36.0, 11.5, 34.5, 10.0 ], "autoUv": false }
									}
								}
							]
						},
						{
							"name": "rodteeth9",
							"from": [ 1.0, -0.8, 2.6 ],
							"to": [ 1.4, 0.0, 3.0 ],
							"rotationOrigin": [ 1.0, -0.8, 2.6 ],
							"rotationY": -25.0,
							"faces": {
								"north": { "texture": "#crouched3", "uv": [ 35.0, 12.0, 33.5, 10.5 ], "autoUv": false },
								"east": { "texture": "#crouched3", "uv": [ 36.0, 13.5, 34.5, 12.0 ], "autoUv": false },
								"south": { "texture": "#crouched3", "uv": [ 35.5, 12.0, 34.0, 9.5 ], "autoUv": false },
								"west": { "texture": "#crouched3", "uv": [ 36.0, 12.0, 34.5, 10.5 ], "autoUv": false },
								"up": { "texture": "#crouched3", "uv": [ 36.0, 12.5, 33.5, 11.0 ], "autoUv": false },
								"down": { "texture": "#crouched3", "uv": [ 36.0, 11.5, 34.5, 10.0 ], "autoUv": false }
							},
							"children": [
								{
									"name": "rodteeth10",
									"from": [ 0.4, -0.3, -0.1 ],
									"to": [ 0.75, 0.2, 0.25 ],
									"rotationOrigin": [ 0.4, -0.3, -0.1 ],
									"rotationX": -36.0,
									"rotationY": -86.0,
									"rotationZ": -58.0,
									"faces": {
										"north": { "texture": "#crouched3", "uv": [ 35.0, 12.0, 33.5, 10.5 ], "autoUv": false },
										"east": { "texture": "#crouched3", "uv": [ 36.0, 13.5, 34.5, 12.0 ], "autoUv": false },
										"south": { "texture": "#crouched3", "uv": [ 35.5, 12.0, 34.0, 9.5 ], "autoUv": false },
										"west": { "texture": "#crouched3", "uv": [ 36.0, 12.0, 34.5, 10.5 ], "autoUv": false },
										"up": { "texture": "#crouched3", "uv": [ 36.0, 12.5, 33.5, 11.0 ], "autoUv": false },
										"down": { "texture": "#crouched3", "uv": [ 36.0, 11.5, 34.5, 10.0 ], "autoUv": false }
									}
								}
							]
						}
					]
				},
				{
					"name": "right ear",
					"from": [ 3.0, 4.0, 0.0 ],
					"to": [ 4.0, 8.0, 2.0 ],
					"rotationOrigin": [ 3.5, 4.0, 1.0 ],
					"rotationX": -22.5,
					"faces": {
						"north": { "texture": "#skin", "uv": [ 25.0, 46.0, 26.0, 50.0 ] },
						"east": { "texture": "#skin", "uv": [ 26.0, 46.0, 28.0, 50.0 ] },
						"south": { "texture": "#skin", "uv": [ 28.0, 46.0, 29.0, 50.0 ] },
						"west": { "texture": "#skin", "uv": [ 29.0, 46.0, 31.0, 50.0 ] },
						"up": { "texture": "#skin", "uv": [ 25.0, 44.0, 26.0, 46.0 ] },
						"down": { "texture": "#skin", "uv": [ 26.0, 44.0, 27.0, 46.0 ] }
					},
					"children": [
						{
							"name": "rightearspike",
							"from": [ -0.5, 3.3, 0.5 ],
							"to": [ 1.5, 3.8, 1.0 ],
							"rotationOrigin": [ -0.5, 3.3, 0.5 ],
							"rotationY": -19.0,
							"faces": {
								"north": { "texture": "#crouched3", "uv": [ 3.5, 28.0, 5.5, 28.5 ] },
								"east": { "texture": "#crouched3", "uv": [ 3.0, 27.5, 3.5, 28.0 ] },
								"south": { "texture": "#crouched3", "uv": [ 2.5, 28.0, 4.5, 28.5 ] },
								"west": { "texture": "#crouched3", "uv": [ 3.0, 29.5, 3.5, 30.0 ] },
								"up": { "texture": "#crouched3", "uv": [ 4.5, 30.5, 6.5, 31.0 ] },
								"down": { "texture": "#crouched3", "uv": [ 5.0, 28.5, 7.0, 29.0 ] }
							},
							"children": [
								{
									"name": "end of spike in right ear",
									"from": [ -0.7, 0.2, 0.0 ],
									"to": [ 0.3, 0.5, 0.3 ],
									"rotationOrigin": [ -0.7, 0.2, 0.0 ],
									"rotationX": -28.0,
									"rotationY": -6.0,
									"rotationZ": -19.0,
									"faces": {
										"north": { "texture": "#crouched3", "uv": [ 2.0, 27.0, 3.0, 27.5 ] },
										"east": { "texture": "#crouched3", "uv": [ 2.5, 29.0, 3.0, 29.5 ] },
										"south": { "texture": "#crouched3", "uv": [ 2.0, 29.0, 3.0, 29.5 ] },
										"west": { "texture": "#crouched3", "uv": [ 2.5, 28.5, 3.0, 29.0 ] },
										"up": { "texture": "#crouched3", "uv": [ 2.5, 27.5, 3.5, 28.0 ] },
										"down": { "texture": "#crouched3", "uv": [ 2.5, 28.0, 3.5, 28.5 ] }
									}
								},
								{
									"name": "spike ear right ens",
									"from": [ 1.7, 0.0, 0.0 ],
									"to": [ 2.6, 0.3, 0.4 ],
									"rotationOrigin": [ 1.7, 0.0, 0.0 ],
									"rotationY": 30.0,
									"faces": {
										"north": { "texture": "#crouched3", "uv": [ 1.0, 27.0, 1.5, 27.5 ] },
										"east": { "texture": "#crouched3", "uv": [ 2.5, 27.5, 3.0, 28.0 ] },
										"south": { "texture": "#crouched3", "uv": [ 2.5, 28.0, 3.0, 28.5 ] },
										"west": { "texture": "#crouched3", "uv": [ 2.0, 28.0, 2.5, 28.5 ] },
										"up": { "texture": "#crouched3", "uv": [ 2.5, 32.0, 3.0, 32.5 ] },
										"down": { "texture": "#crouched3", "uv": [ 2.0, 27.5, 2.5, 28.0 ] }
									}
								},
								{
									"name": "spike ear right ens2",
									"from": [ 1.9, 0.2, 0.1 ],
									"to": [ 2.6, 0.4, 0.4 ],
									"rotationOrigin": [ 1.9, 0.2, 0.1 ],
									"rotationX": -39.0,
									"rotationY": -39.0,
									"faces": {
										"north": { "texture": "#crouched3", "uv": [ 1.0, 27.0, 1.5, 27.5 ] },
										"east": { "texture": "#crouched3", "uv": [ 2.5, 27.5, 3.0, 28.0 ] },
										"south": { "texture": "#crouched3", "uv": [ 2.5, 28.0, 3.0, 28.5 ] },
										"west": { "texture": "#crouched3", "uv": [ 2.0, 28.0, 2.5, 28.5 ] },
										"up": { "texture": "#crouched3", "uv": [ 2.5, 32.0, 3.0, 32.5 ] },
										"down": { "texture": "#crouched3", "uv": [ 2.0, 27.5, 2.5, 28.0 ] }
									}
								}
							]
						}
					]
				},
				{
					"name": "horn",
					"from": [ 4.9, 5.2, 5.1 ],
					"to": [ 7.5, 7.0, 6.6 ],
					"rotationOrigin": [ 4.9, 5.4, 5.1 ],
					"rotationX": 72.0,
					"rotationY": -144.0,
					"rotationZ": -22.0,
					"faces": {
						"north": { "texture": "#crouched3", "uv": [ 1.5, 28.5, 4.0, 30.0 ] },
						"east": { "texture": "#crouched3", "uv": [ 2.0, 27.0, 3.5, 28.5 ] },
						"south": { "texture": "#crouched3", "uv": [ 2.5, 27.5, 5.0, 29.0 ] },
						"west": { "texture": "#crouched3", "uv": [ 1.5, 28.5, 3.0, 30.0 ] },
						"up": { "texture": "#crouched3", "uv": [ 2.0, 28.0, 4.5, 29.5 ] },
						"down": { "texture": "#crouched3", "uv": [ 1.5, 29.5, 4.0, 31.0 ] }
					},
					"children": [
						{
							"name": "horn1",
							"from": [ -0.9, 0.6, 0.2 ],
							"to": [ 0.1, 1.7, 1.3 ],
							"rotationOrigin": [ -0.9, 0.6, 0.2 ],
							"faces": {
								"north": { "texture": "#crouched3", "uv": [ 1.5, 28.0, 2.5, 29.0 ] },
								"east": { "texture": "#crouched3", "uv": [ 1.0, 27.0, 2.0, 28.0 ] },
								"south": { "texture": "#crouched3", "uv": [ 2.5, 28.5, 3.5, 29.5 ] },
								"west": { "texture": "#crouched3", "uv": [ 2.5, 28.0, 3.5, 29.0 ] },
								"up": { "texture": "#crouched3", "uv": [ 2.5, 29.5, 3.5, 30.5 ] },
								"down": { "texture": "#crouched3", "uv": [ 2.0, 28.0, 3.0, 29.0 ] }
							},
							"children": [
								{
									"name": "horn2",
									"from": [ -0.7, 0.1, -0.1 ],
									"to": [ 0.3, 1.0, 0.8 ],
									"rotationOrigin": [ -0.7, 0.0, -0.2 ],
									"rotationX": -6.0,
									"rotationY": -11.0,
									"faces": {
										"north": { "texture": "#crouched3", "uv": [ 1.0, 28.5, 2.0, 29.0 ] },
										"east": { "texture": "#crouched3", "uv": [ 2.0, 27.5, 2.5, 28.0 ] },
										"south": { "texture": "#crouched3", "uv": [ 1.5, 30.5, 2.5, 31.0 ] },
										"west": { "texture": "#crouched3", "uv": [ 2.5, 29.0, 3.0, 29.5 ] },
										"up": { "texture": "#crouched3", "uv": [ 2.5, 28.0, 3.5, 28.5 ] },
										"down": { "texture": "#crouched3", "uv": [ 0.0, 28.5, 1.0, 29.0 ] }
									},
									"children": [
										{
											"name": "horn3",
											"from": [ -0.6, 0.0, 0.0 ],
											"to": [ 0.4, 0.7, 0.7 ],
											"rotationOrigin": [ -0.6, -0.1, 0.0 ],
											"rotationY": -14.0,
											"rotationZ": 11.0,
											"faces": {
												"north": { "texture": "#crouched3", "uv": [ 2.5, 28.0, 3.5, 28.5 ] },
												"east": { "texture": "#crouched3", "uv": [ 3.0, 28.0, 3.5, 28.5 ] },
												"south": { "texture": "#crouched3", "uv": [ 2.0, 28.5, 3.0, 29.0 ] },
												"west": { "texture": "#crouched3", "uv": [ 3.5, 29.0, 4.0, 29.5 ] },
												"up": { "texture": "#crouched3", "uv": [ 2.0, 30.0, 3.0, 30.5 ] },
												"down": { "texture": "#crouched3", "uv": [ 1.0, 28.0, 2.0, 28.5 ] }
											},
											"children": [
												{
													"name": "horn4",
													"from": [ -0.6, 0.1, 0.0 ],
													"to": [ 0.4, 0.6, 0.5 ],
													"rotationOrigin": [ -0.6, 0.1, 0.0 ],
													"rotationY": -8.0,
													"faces": {
														"north": { "texture": "#crouched3", "uv": [ 1.0, 28.5, 2.0, 29.0 ] },
														"east": { "texture": "#crouched3", "uv": [ 2.0, 29.0, 2.5, 29.5 ] },
														"south": { "texture": "#crouched3", "uv": [ 2.5, 28.5, 3.5, 29.0 ] },
														"west": { "texture": "#crouched3", "uv": [ 2.0, 28.0, 2.5, 28.5 ] },
														"up": { "texture": "#crouched3", "uv": [ 3.0, 27.5, 4.0, 28.0 ] },
														"down": { "texture": "#crouched3", "uv": [ 2.5, 29.5, 3.5, 30.0 ] }
													}
												}
											]
										}
									]
								}
							]
						}
					]
				},
				{
					"name": "Cube13",
					"from": [ -0.2, 4.5, 1.0 ],
					"to": [ 0.2, 4.9, 1.4 ],
					"rotationOrigin": [ -0.2, 4.5, 1.0 ],
					"faces": {
						"north": { "texture": "#corrupt", "uv": [ 60.0, 1.0, 61.0, 2.0 ], "glow": 196 },
						"east": { "texture": "#corrupt", "uv": [ 60.0, 1.0, 61.0, 2.0 ], "glow": 196 },
						"south": { "texture": "#corrupt", "uv": [ 61.0, 1.0, 62.0, 2.0 ], "glow": 196 },
						"west": { "texture": "#corrupt", "uv": [ 61.0, 1.0, 62.0, 2.0 ], "glow": 196 },
						"up": { "texture": "#corrupt", "uv": [ 60.0, 1.0, 61.0, 2.0 ], "glow": 196 },
						"down": { "texture": "#corrupt", "uv": [ 60.0, 1.0, 61.0, 2.0 ], "glow": 196 }
					}
				}
			]
		}
	]}