{
	"enabled": true,
	"ingredient": {	"type": "item",	"code": "game:ingot-legendary" },
	"name": "paxelhead-legendary-rough",
	"pattern": [
		[
			"__###____",
			"_#####___",
			"#######__",
			"#######__",
			"#######__",
			"#######__",
			"#######__",
			"_########",
			"_#_______"
		],
		[
			"__###____",
			"_#####___",
			"#######__",
			"#######__",
			"#######__",
			"#######__",
			"#######__",
			"_########",
			"_#_______"
		]
	],
	"output": {	"type": "item",	"code": "paxel:paxelhead-legendary-rough", "quantity": 1	}
}