[
	{
		"file": "spearexpantion:recipes/grid/bowbutchering/nomadbowibexalp.json",
		"op": "replace",
		"path": "/enabled",
		"value": true,
		"dependsOn": [{ "modid": "butchering" }]
	},
	{
		"file": "spearexpantion:recipes/grid/bowbutchering/nomadbowibexnub.json",
		"op": "replace",
		"path": "/enabled",
		"value": true,
		"dependsOn": [{ "modid": "butchering" }]
	},
	{
		"file": "spearexpantion:recipes/grid/bowbutchering/nomadbowturdag.json",
		"op": "replace",
		"path": "/enabled",
		"value": true,
		"dependsOn": [{ "modid": "butchering" }]
	},
	{
		"file": "spearexpantion:recipes/grid/bowbutchering/rangerbow.json",
		"op": "replace",
		"path": "/enabled",
		"value": true,
		"dependsOn": [{ "modid": "butchering" }]
	},
	{
		"file": "spearexpantion:recipes/grid/bowbutchering/rangerbow.json",
		"op": "replace",
		"path": "/enabled",
		"value": true,
		"dependsOn": [{ "modid": "butchering" }]
	},
	{
		"file": "spearexpantion:recipes/grid/bowbutchering/yagerbow.json",
		"op": "replace",
		"path": "/enabled",
		"value": true,
		"dependsOn": [{ "modid": "butchering" }]
	},
	{
		"file": "spearexpantion:recipes/grid/bowbutchering/yagermasterbowcaribou.json",
		"op": "replace",
		"path": "/enabled",
		"value": true,
		"dependsOn": [{ "modid": "butchering" }]
	},
	{
		"file": "spearexpantion:recipes/grid/bowbutchering/yagermasterbowelk.json",
		"op": "replace",
		"path": "/enabled",
		"value": true,
		"dependsOn": [{ "modid": "butchering" }]
	},
	{
		"file": "spearexpantion:recipes/grid/bowbutchering/yagermasterbowfallow.json",
		"op": "replace",
		"path": "/enabled",
		"value": true,
		"dependsOn": [{ "modid": "butchering" }]
	}
]