﻿[
  {
    "side": "Server",
    "dependsOn": [{ "modid": "combatoverhaul" }],
    "file": "game:itemtypes/tool/arroww",
    "op": "replace",
    "path": "/class",
    "value": "Item"
  },
  {
    "file": "game:itemtypes/tool/arroww",
    "op": "addmerge",
    "path": "/behaviors",
    "value": [{
      "name": "CombatOverhaul:Projectile",
      "properties": {
        "stats": {
          "AdditionalDurabilityCost": 0,
          "CollisionRadius": 0.05,
          "PenetrationDistance": 0.1,
          "DamageStatsByType": {
            "*-temporalit": {"DamageType": "SlashingAttack", "Damage": 7.1}
          },
          "SpeedThreshold": 0.3,
          "Knockback": 0.5,
          "EntityCode": "game:arrow-{material}",
          "HitSound": "game:sounds/player/projectilehit",
          "DurabilityDamage": 0,
          "DropChanceByType": {
            "*-temporalit": 0.999
          }
        }
      }
    }],
	"dependsOn": [{ "modid": "combatoverhaul" }]
	}
]