[
  {
    "file": "game:itemtypes/wearable/seraph/armor-temporalit",
    "op": "add",
    "path": "/behaviors",
    "value": [
      {
        "name": "CombatOverhaul:Armor",
		"propertiesByType": {
		  "armor-body-brigandine-temporalit": {
            "Layers": ["Outer"],
            "Zones": ["Torso", "Arms", "Hands"],
            "Resists": {"PiercingAttack": 11, "SlashingAttack": 14, "BluntAttack": 4},
            "FlatReduction": {"PiercingAttack": 1.5, "SlashingAttack": 0.5, "BluntAttack": 0.5},
            "PlayerStats": {"walkspeed": -0.05, "manipulationSpeed": -0.15, "steadyAim": -0.1, "healingeffectivness": -0.1, "hungerrate": 0.05}
          },
		  "armor-legs-brigandine-temporalit": {
            "Layers": ["Outer"],
            "Zones": ["Legs", "Feet"],
            "Resists": {"PiercingAttack": 1, "SlashingAttack": 14, "BluntAttack": 4},
            "FlatReduction": {"PiercingAttack": 1.5, "SlashingAttack": 0.5, "BluntAttack": 0.5},
            "PlayerStats": {"walkspeed": -0.1, "manipulationSpeed": 0, "steadyAim": 0, "healingeffectivness": -0.05, "hungerrate": 0.05}
          },
		  "armor-body-chain-temporalit": {
            "Layers": ["Middle"],
            "Zones": ["Torso", "Arms", "Hands"],
            "Resists": {"PiercingAttack": 4, "SlashingAttack": 11, "BluntAttack": 2},
            "FlatReduction": {},
            "PlayerStats": {"walkspeed": -0.02, "manipulationSpeed": -0.1, "steadyAim": -0.05, "healingeffectivness": -0.1, "hungerrate": 0.05}
          },
		  "armor-legs-chain-temporalit": {
            "Layers": ["Middle"],
            "Zones": ["Legs", "Feet"],
            "Resists": {"PiercingAttack": 4, "SlashingAttack": 11, "BluntAttack": 2},
            "FlatReduction": {},
            "PlayerStats": {"walkspeed": -0.05, "manipulationSpeed": 0, "steadyAim": 0, "healingeffectivness": -0.05, "hungerrate": 0.05}
          },
		  "armor-body-scale-temporalit": {
            "Layers": ["Outer", "Middle"],
            "Zones": ["Torso", "Arms", "Hands"],
            "Resists": {"PiercingAttack": 9, "SlashingAttack": 11, "BluntAttack": 2},
            "FlatReduction": {"PiercingAttack": 0.5, "SlashingAttack": 1.5, "BluntAttack": 0.5},
            "PlayerStats": {"walkspeed": -0.02, "manipulationSpeed": -0.1, "steadyAim": -0.05, "healingeffectivness": -0.1, "hungerrate": 0.05}
          },
		  "armor-legs-scale-temporalit": {
            "Layers": ["Outer", "Middle"],
            "Zones": ["Torso", "Arms", "Hands"],
            "Resists": {"PiercingAttack": 9, "SlashingAttack": 11, "BluntAttack": 2},
            "FlatReduction": {"PiercingAttack": 0.5, "SlashingAttack": 1.5, "BluntAttack": 0.5},
            "PlayerStats": {"walkspeed": -0.05, "manipulationSpeed": 0, "steadyAim": 0, "healingeffectivness": -0.05, "hungerrate": 0.05}
          },
		  "armor-body-plate-temporalit": {
            "Layers": ["Outer"],
            "Zones": ["Torso", "Arms", "Hands"],
            "Resists": {"PiercingAttack": 14, "SlashingAttack": 14, "BluntAttack": 6},
            "FlatReduction": {"PiercingAttack": 1.5, "SlashingAttack": 1.5, "BluntAttack": 0.5},
            "PlayerStats": {"walkspeed": -0.05, "manipulationSpeed": -0.2, "steadyAim": -0.1, "healingeffectivness": -0.1, "hungerrate": 0.05}
          },
		  "armor-legs-plate-temporalit": {
            "Layers": ["Outer"],
            "Zones": ["Legs", "Feet"],
            "Resists": {"PiercingAttack": 14, "SlashingAttack": 14, "BluntAttack": 6},
            "FlatReduction": {"PiercingAttack": 1.5, "SlashingAttack": 1.5, "BluntAttack": 0.5},
            "PlayerStats": {"walkspeed": -0.1, "manipulationSpeed": 0, "steadyAim": 0, "healingeffectivness": -0.05, "hungerrate": 0.05}
          }
		 }
	    }
	],
	"dependsOn": [{ "modid": "combatoverhaul" }]
},
  {
    "op": "add",
    "path": "/durabilityByType/armorr-head-brigandine-temporalit",
    "value": 7500,
    "file": "spearexpantion:itemtypes/wearable/temporalit-helmets",
	"dependsOn": [{ "modid": "combatoverhaul" }]
  },
  {
    "op": "add",
    "path": "/durabilityByType/armor-body-brigandine-temporalit",
    "value": 20400,
    "file": "itemtypes/wearable/seraph/armor-temporalit.json",
	"dependsOn": [{ "modid": "combatoverhaul" }]
  },
  {
    "op": "add",
    "path": "/durabilityByType/armor-legs-brigandine-temporalit",
    "value": 15600,
    "file": "itemtypes/wearable/seraph/armor-temporalit.json",
	"dependsOn": [{ "modid": "combatoverhaul" }]
  },
  {
    "op": "add",
    "path": "/durabilityByType/armorr-head-chain-temporalit",
    "value": 6000,
    "file": "spearexpantion:itemtypes/wearabletemporalit-helmets",
	"dependsOn": [{ "modid": "combatoverhaul" }]
  },
  {
    "op": "add",
    "path": "/durabilityByType/armor-body-chain-temporalit",
    "value": 18000,
    "file": "itemtypes/wearable/seraph/armor-temporalit.json",
	"dependsOn": [{ "modid": "combatoverhaul" }]
  },
  {
    "op": "add",
    "path": "/durabilityByType/armor-legs-chain-temporalit",
    "value": 12000,
    "file": "itemtypes/wearable/seraph/armor-temporalit.json",
	"dependsOn": [{ "modid": "combatoverhaul" }]
  },
  {
    "op": "add",
    "path": "/durabilityByType/armorr-head-scale-temporalit",
    "value": 10500,
    "file": "spearexpantion:itemtypes/wearabletemporalit-helmets",
	"dependsOn": [{ "modid": "combatoverhaul" }]
  },
  {
    "op": "add",
    "path": "/durabilityByType/armor-body-scale-temporalit",
    "value": 31500,
    "file": "itemtypes/wearable/seraph/armor-temporalit.json",
	"dependsOn": [{ "modid": "combatoverhaul" }]
  },
  {
    "op": "add",
    "path": "/durabilityByType/armor-legs-scale-temporalit",
    "value": 21000,
    "file": "itemtypes/wearable/seraph/armor-temporalit.json",
	"dependsOn": [{ "modid": "combatoverhaul" }]
  },
  {
    "op": "add",
    "path": "/durabilityByType/armorr-head-plate-temporalit",
    "value": 17500,
    "file": "spearexpantion:itemtypes/wearabletemporalit-helmets",
	"dependsOn": [{ "modid": "combatoverhaul" }]
  },
  {
    "op": "add",
    "path": "/durabilityByType/armor-body-plate-temporalit",
    "value": 48150,
    "file": "itemtypes/wearable/seraph/armor-temporalit.json",
	"dependsOn": [{ "modid": "combatoverhaul" }]
  },
  {
    "op": "add",
    "path": "/durabilityByType/armor-legs-plate-temporalit",
    "value": 33000,
    "file": "itemtypes/wearable/seraph/armor-temporalit.json",
	"dependsOn": [{ "modid": "combatoverhaul" }]
  },
  {
    "file": "game:itemtypes/temporal/temporalit-nighthelmet",
	"dependsOn": [{ "modid": "combatoverhaul" }],
    "op": "add",
    "path": "/behaviors",
    "value": [
      {
        "name": "CombatOverhaul:Armor",
       "propertiesByType": {
          "temporalitvisiondevice-temporalit": {
            "Layers": ["Outer"],
            "Zones": ["Head", "Neck", "Face"],
            "Resists": {"PiercingAttack": 12, "SlashingAttack": 12, "BluntAttack": 4},
            "FlatReduction": {"PiercingAttack": 1, "SlashingAttack": 1, "BluntAttack": 0},
            "PlayerStats": {"walkspeed": 0, "manipulationSpeed": 0, "steadyAim": -0.2, "healingeffectivness": -0.05, "hungerrate": 0.05}
          },
		  "temporalitvisiondevice-silverplated": {
            "Layers": ["Outer"],
            "Zones": ["Head", "Neck", "Face"],
            "Resists": {"PiercingAttack": 12, "SlashingAttack": 12, "BluntAttack": 4},
            "FlatReduction": {"PiercingAttack": 1, "SlashingAttack": 1, "BluntAttack": 0},
            "PlayerStats": {"walkspeed": 0, "manipulationSpeed": 0, "steadyAim": -0.2, "healingeffectivness": -0.05, "hungerrate": 0.05}
          },
		  "temporalitvisiondevice-goldplated": {
            "Layers": ["Outer"],
            "Zones": ["Head", "Neck", "Face"],
            "Resists": {"PiercingAttack": 12, "SlashingAttack": 12, "BluntAttack": 4},
            "FlatReduction": {"PiercingAttack": 1, "SlashingAttack": 1, "BluntAttack": 0},
            "PlayerStats": {"walkspeed": 0, "manipulationSpeed": 0, "steadyAim": -0.2, "healingeffectivness": -0.05, "hungerrate": 0.05}
          },
		  "temporalitvisiondevice-steel": {
            "Layers": ["Outer"],
            "Zones": ["Head", "Neck", "Face"],
            "Resists": {"PiercingAttack": 10, "SlashingAttack": 10, "BluntAttack": 3},
            "FlatReduction": {"PiercingAttack": 1, "SlashingAttack": 0, "BluntAttack": 0},
            "PlayerStats": {"walkspeed": 0, "manipulationSpeed": 0, "steadyAim": -0.2, "healingeffectivness": -0.05, "hungerrate": 0.05}
          },
		  "temporalitvisiondevice-steel": {
            "Layers": ["Outer"],
            "Zones": ["Head", "Neck", "Face"],
            "Resists": {"PiercingAttack": 10, "SlashingAttack": 10, "BluntAttack": 3},
            "FlatReduction": {"PiercingAttack": 1, "SlashingAttack": 0, "BluntAttack": 0},
            "PlayerStats": {"walkspeed": 0, "manipulationSpeed": 0, "steadyAim": -0.2, "healingeffectivness": -0.05, "hungerrate": 0.05}
          },
		  "temporalitvisiondevice-leather_reinforced": {
            "Layers": ["Outer"],
            "Zones": ["Head", "Neck", "Face"],
            "Resists": {"PiercingAttack": 1, "SlashingAttack": 3, "BluntAttack": 1},
            "FlatReduction": {},
            "PlayerStats": {"walkspeed": 0, "manipulationSpeed": 0, "steadyAim": -0.1, "healingeffectivness": -0.05, "hungerrate": 0.05}
          }
        }
      }
    ]
	},
	{
    "file": "spearexpantion:itemtypes/wearable/armorkast",
	"dependsOn": [{ "modid": "combatoverhaul" }],
    "op": "add",
    "path": "/behaviors",
    "value": [
		{
        "name": "CombatOverhaul:Armor",
		"propertiesByType": {
		  "armor-body-kastenbrust-temporalit": {
            "Layers": ["Outer"],
            "Zones": ["Torso", "Arms", "Hands"],
            "Resists": {"PiercingAttack": 14, "SlashingAttack": 14, "BluntAttack": 6},
            "FlatReduction": {"PiercingAttack": 1.5, "SlashingAttack": 1.5, "BluntAttack": 0.5},
            "PlayerStats": {"walkspeed": -0.05, "manipulationSpeed": -0.2, "steadyAim": -0.1, "healingeffectivness": -0.1, "hungerrate": 0.05}
          },
		  "armor-body-kastenbrust-steel": {
            "Layers": ["Outer"],
            "Zones": ["Torso", "Arms", "Hands"],
            "Resists": {"PiercingAttack": 12, "SlashingAttack": 12, "BluntAttack": 4},
            "FlatReduction": {"PiercingAttack": 1, "SlashingAttack": 1, "BluntAttack": 0},
            "PlayerStats": {"walkspeed": -0.05, "manipulationSpeed": -0.2, "steadyAim": -0.1, "healingeffectivness": -0.1, "hungerrate": 0.05}
          },
		  "armor-body-kastenbrust-iron": {
            "Layers": ["Outer"],
            "Zones": ["Torso", "Arms", "Hands"],
            "Resists": {"PiercingAttack": 10, "SlashingAttack": 10, "BluntAttack": 3},
            "FlatReduction": {"PiercingAttack": 1, "SlashingAttack": 0, "BluntAttack": 0},
            "PlayerStats": {"walkspeed": -0.05, "manipulationSpeed": -0.15, "steadyAim": -0.1, "healingeffectivness": -0.1, "hungerrate": 0.05}
          },
		  "armor-body-kastenbrust-meteoriciron": {
            "Layers": ["Outer"],
            "Zones": ["Torso", "Arms", "Hands"],
            "Resists": {"PiercingAttack": 10, "SlashingAttack": 10, "BluntAttack": 3},
            "FlatReduction": {"PiercingAttack": 1, "SlashingAttack": 0, "BluntAttack": 0},
            "PlayerStats": {"walkspeed": -0.05, "manipulationSpeed": -0.15, "steadyAim": -0.1, "healingeffectivness": -0.1, "hungerrate": 0.05}
          },
		  "armor-body-kastenbrust-blackbronze": {
            "Layers": ["Outer"],
            "Zones": ["Torso", "Arms", "Hands"],
            "Resists": {"PiercingAttack": 6, "SlashingAttack": 8, "BluntAttack": 2},
            "FlatReduction": {},
            "PlayerStats": {"walkspeed": -0.05, "manipulationSpeed": -0.15, "steadyAim": -0.1, "healingeffectivness": -0.1, "hungerrate": 0.05}
          },
		  "armor-body-kastenbrust-silver": {
            "Layers": ["Outer"],
            "Zones": ["Torso", "Arms", "Hands"],
            "Resists": {"PiercingAttack": 4, "SlashingAttack": 6, "BluntAttack": 4},
            "FlatReduction": {},
            "PlayerStats": {"walkspeed": -0.05, "manipulationSpeed": -0.2, "steadyAim": -0.1, "healingeffectivness": -0.1, "hungerrate": 0.05}
          },
		  "armor-body-kastenbrust-gold": {
            "Layers": ["Outer"],
            "Zones": ["Torso", "Arms", "Hands"],
            "Resists": {"PiercingAttack": 4, "SlashingAttack": 6, "BluntAttack": 4},
            "FlatReduction": {},
            "PlayerStats": {"walkspeed": -0.05, "manipulationSpeed": -0.2, "steadyAim": -0.1, "healingeffectivness": -0.1, "hungerrate": 0.05}
          }
	    }
	   }
	]
 },
 {
    "file": "spearexpantion:itemtypes/wearable/armorlamellar",
	"dependsOn": [{ "modid": "combatoverhaul" }],
    "op": "add",
    "path": "/behaviors",
    "value": [
		{
        "name": "CombatOverhaul:Armor",
		"propertiesByType": {
		  "armor-head-lamellar-iron": {
            "Layers": ["Outer"],
            "Zones": ["Head", "Neck", "Face"],
            "Resists": {"PiercingAttack": 7, "SlashingAttack": 9, "BluntAttack": 1},
            "FlatReduction": {},
            "PlayerStats": {"walkspeed": 0, "manipulationSpeed": 0, "steadyAim": 0.2, "healingeffectivness": -0.01, "hungerrate": 0.05}
          },
		 "armor-body-lamellar-iron": {
            "Layers": ["Outer"],
            "Zones": ["Torso", "Arms", "Hands"],
            "Resists": {"PiercingAttack": 7, "SlashingAttack": 9, "BluntAttack": 1},
            "FlatReduction": {},
            "PlayerStats": {"walkspeed": -0.01, "manipulationSpeed": -0.15, "steadyAim": 0.1, "healingeffectivness": -0.01, "hungerrate": 0.05}
          },
		  "armor-legs-lamellar-iron": {
            "Layers": ["Outer"],
            "Zones": ["Legs", "Feet"],
            "Resists": {"PiercingAttack": 7, "SlashingAttack": 9, "BluntAttack": 1},
            "FlatReduction": {},
            "PlayerStats": {"walkspeed": -0.01, "manipulationSpeed": 0, "steadyAim": 0, "healingeffectivness": -0.05, "hungerrate": 0.05}
          },
		  "armor-head-lamellar-meteoriciron": {
            "Layers": ["Outer"],
            "Zones": ["Head", "Neck", "Face"],
            "Resists": {"PiercingAttack": 7, "SlashingAttack": 9.7, "BluntAttack": 1},
            "FlatReduction": {},
            "PlayerStats": {"walkspeed": 0, "manipulationSpeed": 0, "steadyAim": 0.2, "healingeffectivness": -0.01, "hungerrate": 0.05}
          },
		 "armor-body-lamellar-meteoriciron": {
            "Layers": ["Outer"],
            "Zones": ["Torso", "Arms", "Hands"],
            "Resists": {"PiercingAttack": 7, "SlashingAttack": 9.7, "BluntAttack": 1},
            "FlatReduction": {},
            "PlayerStats": {"walkspeed": -0.01, "manipulationSpeed": -0.15, "steadyAim": 0.1, "healingeffectivness": -0.01, "hungerrate": 0.05}
          },
		  "armor-legs-lamellar-meteoriciron": {
            "Layers": ["Outer"],
            "Zones": ["Legs", "Feet"],
            "Resists": {"PiercingAttack": 7, "SlashingAttack": 9.7, "BluntAttack": 1},
            "FlatReduction": {},
            "PlayerStats": {"walkspeed": -0.01, "manipulationSpeed": 0, "steadyAim": 0, "healingeffectivness": -0.05, "hungerrate": 0.05}
          },
		  "armor-head-lamellar-steel": {
            "Layers": ["Outer"],
            "Zones": ["Head", "Neck", "Face"],
            "Resists": {"PiercingAttack": 8, "SlashingAttack": 11, "BluntAttack": 2},
            "FlatReduction": {"PiercingAttack": 1, "SlashingAttack": 0.5, "BluntAttack": 0},
            "PlayerStats": {"walkspeed": 0, "manipulationSpeed": 0, "steadyAim": 0.2, "healingeffectivness": -0.05, "hungerrate": 0.05}
          },
		  "armor-body-lamellar-steel": {
            "Layers": ["Outer"],
            "Zones": ["Head", "Neck", "Face"],
            "Resists": {"PiercingAttack": 8, "SlashingAttack": 11, "BluntAttack": 2},
            "FlatReduction": {"PiercingAttack": 1, "SlashingAttack": 0.5, "BluntAttack": 0},
            "PlayerStats": {"walkspeed": -0.01, "manipulationSpeed": 0, "steadyAim": 0, "healingeffectivness": -0.05, "hungerrate": 0.05}
          },
		  "armor-legs-lamellar-steel": {
            "Layers": ["Outer"],
            "Zones": ["Head", "Neck", "Face"],
            "Resists": {"PiercingAttack": 8, "SlashingAttack": 11, "BluntAttack": 2},
            "FlatReduction": {"PiercingAttack": 1, "SlashingAttack": 0.5, "BluntAttack": 0},
            "PlayerStats": {"walkspeed": -0.01, "manipulationSpeed": 0, "steadyAim": 0, "healingeffectivness": -0.05, "hungerrate": 0.05}
          },
		  "armor-head-lamellar-temporalit": {
            "Layers": ["Outer"],
            "Zones": ["Head", "Neck", "Face"],
            "Resists": {"PiercingAttack": 9, "SlashingAttack": 13, "BluntAttack": 3},
            "FlatReduction": {"PiercingAttack": 1, "SlashingAttack": 0.5, "BluntAttack": 0},
            "PlayerStats": {"walkspeed": 0, "manipulationSpeed": 0, "steadyAim": 0.2, "healingeffectivness": -0.05, "hungerrate": 0.05}
          },
		  "armor-body-lamellar-temporalit": {
            "Layers": ["Outer"],
            "Zones": ["Head", "Neck", "Face"],
            "Resists": {"PiercingAttack": 9, "SlashingAttack": 13, "BluntAttack": 3},
            "FlatReduction": {"PiercingAttack": 1, "SlashingAttack": 0.5, "BluntAttack": 0},
            "PlayerStats": {"walkspeed": -0.01, "manipulationSpeed": 0, "steadyAim": 0, "healingeffectivness": -0.05, "hungerrate": 0.05}
          },
		  "armor-legs-lamellar-temporalit": {
            "Layers": ["Outer"],
            "Zones": ["Head", "Neck", "Face"],
            "Resists": {"PiercingAttack": 9, "SlashingAttack": 13, "BluntAttack": 3},
            "FlatReduction": {"PiercingAttack": 1, "SlashingAttack": 0.5, "BluntAttack": 0},
            "PlayerStats": {"walkspeed": -0.01, "manipulationSpeed": 0, "steadyAim": 0, "healingeffectivness": -0.05, "hungerrate": 0.05}
          },
	    }
	   }
	]
 },
 {
    "file": "spearexpantion:itemtypes/wearable/temporalit-helmets",
    "op": "add",
    "path": "/behaviors",
    "value": [
      {
        "name": "CombatOverhaul:Armor",
        "propertiesByType": {
			"armorr-head-brigandine-temporalit": {
            "Layers": ["Outer"],
            "Zones": ["Head", "Neck", "Face"],
            "Resists": {"PiercingAttack": 11, "SlashingAttack": 14, "BluntAttack": 4},
            "FlatReduction": {"PiercingAttack": 1.5, "SlashingAttack": 0.5, "BluntAttack": 0.5},
            "PlayerStats": {"walkspeed": 0, "manipulationSpeed": 0, "steadyAim": -0.2, "healingeffectivness": -0.05, "hungerrate": 0.05}
          },
		  "armorr-head-chain-temporalit": {
            "Layers": ["Middle"],
            "Zones": ["Head", "Neck", "Face"],
            "Resists": {"PiercingAttack": 4, "SlashingAttack": 11, "BluntAttack": 2},
            "FlatReduction": {},
            "PlayerStats": {"walkspeed": 0, "manipulationSpeed": 0, "steadyAim": -0.1, "healingeffectivness": -0.05, "hungerrate": 0.05}
          },
		  "armorr-head-scale-temporalit": {
            "Layers": ["Outer", "Middle"],
            "Zones": ["Head", "Neck", "Face"],
            "Resists": {"PiercingAttack": 9, "SlashingAttack": 11, "BluntAttack": 2},
            "FlatReduction": {"PiercingAttack": 0.5, "SlashingAttack": 1.5, "BluntAttack": 0.5},
            "PlayerStats": {"walkspeed": 0, "manipulationSpeed": 0, "steadyAim": -0.1, "healingeffectivness": -0.05, "hungerrate": 0.05}
          },
		  "armorr-head-plate-temporalit": {
            "Layers": ["Outer"],
            "Zones": ["Head", "Neck", "Face"],
            "Resists": {"PiercingAttack": 14, "SlashingAttack": 14, "BluntAttack": 6},
            "FlatReduction": {"PiercingAttack": 1.5, "SlashingAttack": 1.5, "BluntAttack": 0.5},
            "PlayerStats": {"walkspeed": 0, "manipulationSpeed": 0, "steadyAim": -0.2, "healingeffectivness": -0.05, "hungerrate": 0.05}
          }
	    }
      }
    ],
	"dependsOn": [{ "modid": "combatoverhaul" }]
  },
]