[
  {
    "op": "add",
    "path": "/shapeByType/*-temporalit",
    "value": {
      "base": "item/tool/arrowhead-copper"
    },
    "file": "itemtypes/toolhead/arrowhead.json"
  },
  {
    "op": "remove",
    "path": "/variantgroups/0/states/2",
    "file": "itemtypes/toolhead/arrowhead.json"
  },
  {
    "op": "remove",
    "path": "/variantgroups/0/states/2",
    "file": "itemtypes/toolhead/arrowhead.json"
  },
  {
    "op": "remove",
    "path": "/variantgroups/0/states/2",
    "file": "itemtypes/toolhead/arrowhead.json"
  },
  {
    "op": "remove",
    "path": "/variantgroups/0/states/2",
    "file": "itemtypes/toolhead/arrowhead.json"
  },
  {
    "op": "remove",
    "path": "/variantgroups/0/states/2",
    "file": "itemtypes/toolhead/arrowhead.json"
  },
  {
    "op": "remove",
    "path": "/variantgroups/0/states/2",
    "file": "itemtypes/toolhead/arrowhead.json"
  },
  {
    "op": "remove",
    "path": "/variantgroups/0/states/2",
    "file": "itemtypes/toolhead/arrowhead.json"
  },
  {
    "op": "replace",
    "path": "/variantgroups/0/states/2",
    "value": "temporalit",
    "file": "itemtypes/toolhead/arrowhead.json"
  },
  {
    "op": "add",
    "path": "/variantgroups/0/states/3",
    "value": "tinbronze",
    "file": "itemtypes/toolhead/arrowhead.json"
  },
  {
    "op": "add",
    "path": "/variantgroups/0/states/4",
    "value": "bismuthbronze",
    "file": "itemtypes/toolhead/arrowhead.json"
  },
  {
    "op": "add",
    "path": "/variantgroups/0/states/5",
    "value": "blackbronze",
    "file": "itemtypes/toolhead/arrowhead.json"
  },
  {
    "op": "add",
    "path": "/variantgroups/0/states/6",
    "value": "gold",
    "file": "itemtypes/toolhead/arrowhead.json"
  },
  {
    "op": "add",
    "path": "/variantgroups/0/states/7",
    "value": "silver",
    "file": "itemtypes/toolhead/arrowhead.json"
  },
  {
    "op": "add",
    "path": "/variantgroups/0/states/8",
    "value": "iron",
    "file": "itemtypes/toolhead/arrowhead.json"
  },
  {
    "op": "add",
    "path": "/variantgroups/0/states/9",
    "value": "meteoriciron",
    "file": "itemtypes/toolhead/arrowhead.json"
  },
  {
    "op": "add",
    "path": "/variantgroups/0/states/10",
    "value": "steel",
    "file": "itemtypes/toolhead/arrowhead.json"
  },
  {
    "frompath": "/shapeByType/*",
    "op": "move",
    "path": "/hax",
    "file": "itemtypes/toolhead/arrowhead.json"
  },
  {
    "frompath": "/hax",
    "op": "move",
    "path": "/shapeByType/*",
    "file": "itemtypes/toolhead/arrowhead.json"
  }
]