[
  {
    "op": "remove",
    "path": "/ingredient/allowedVariants/3",
    "file": "recipes/smithing/poundercap.json"
  },
  {
    "op": "remove",
    "path": "/ingredient/allowedVariants/3",
    "file": "recipes/smithing/poundercap.json"
  },
  {
    "op": "replace",
    "path": "/ingredient/allowedVariants/3",
    "value": "temporalit",
    "file": "recipes/smithing/poundercap.json"
  },
  {
    "op": "add",
    "path": "/ingredient/allowedVariants/4",
    "value": "iron",
    "file": "recipes/smithing/poundercap.json"
  },
  {
    "op": "add",
    "path": "/ingredient/allowedVariants/5",
    "value": "meteoriciron",
    "file": "recipes/smithing/poundercap.json"
  },
  {
    "op": "add",
    "path": "/ingredient/allowedVariants/6",
    "value": "steel",
    "file": "recipes/smithing/poundercap.json"
  },
  {
    "op": "replace",
    "path": "/ingredient/code",
    "value": "game:ingot-*",
    "file": "recipes/smithing/poundercap.json"
  },
  {
    "op": "replace",
    "path": "/output/code",
    "value": "game:poundercap-{metal}",
    "file": "recipes/smithing/poundercap.json"
  }
]