[
  {
    "op": "add",
    "path": "/combustiblePropsByType/metallamellae-temporalit",
    "value": {
      "meltingPoint": 1750,
      "meltingDuration": 30,
      "smeltedRatio": 1,
      "smeltedStack": {
        "type": "item",
        "code": "ingot-temporalit",
        "stacksize": 1
      }
    },
    "file": "itemtypes/resource/metallamellae.json"
  },
  {
    "op": "add",
    "path": "/materialDensityByType/*-temporalit",
    "value": 9800,
    "file": "itemtypes/resource/metallamellae.json"
  }
]