[
  {
    "op": "remove",
    "path": "/ingredient/allowedVariants/1",
    "file": "recipes/smithing/saw.json"
  },
  {
    "op": "remove",
    "path": "/ingredient/allowedVariants/1",
    "file": "recipes/smithing/saw.json"
  },
  {
    "op": "remove",
    "path": "/ingredient/allowedVariants/1",
    "file": "recipes/smithing/saw.json"
  },
  {
    "op": "remove",
    "path": "/ingredient/allowedVariants/1",
    "file": "recipes/smithing/saw.json"
  },
  {
    "op": "remove",
    "path": "/ingredient/allowedVariants/1",
    "file": "recipes/smithing/saw.json"
  },
  {
    "op": "remove",
    "path": "/ingredient/allowedVariants/1",
    "file": "recipes/smithing/saw.json"
  },
  {
    "op": "remove",
    "path": "/ingredient/allowedVariants/1",
    "file": "recipes/smithing/saw.json"
  },
  {
    "op": "replace",
    "path": "/ingredient/allowedVariants/1",
    "value": "temporalit",
    "file": "recipes/smithing/saw.json"
  },
  {
    "op": "add",
    "path": "/ingredient/allowedVariants/2",
    "value": "tinbronze",
    "file": "recipes/smithing/saw.json"
  },
  {
    "op": "add",
    "path": "/ingredient/allowedVariants/3",
    "value": "bismuthbronze",
    "file": "recipes/smithing/saw.json"
  },
  {
    "op": "add",
    "path": "/ingredient/allowedVariants/4",
    "value": "blackbronze",
    "file": "recipes/smithing/saw.json"
  },
  {
    "op": "add",
    "path": "/ingredient/allowedVariants/5",
    "value": "gold",
    "file": "recipes/smithing/saw.json"
  },
  {
    "op": "add",
    "path": "/ingredient/allowedVariants/6",
    "value": "silver",
    "file": "recipes/smithing/saw.json"
  },
  {
    "op": "add",
    "path": "/ingredient/allowedVariants/7",
    "value": "iron",
    "file": "recipes/smithing/saw.json"
  },
  {
    "op": "add",
    "path": "/ingredient/allowedVariants/8",
    "value": "meteoriciron",
    "file": "recipes/smithing/saw.json"
  },
  {
    "op": "add",
    "path": "/ingredient/allowedVariants/9",
    "value": "steel",
    "file": "recipes/smithing/saw.json"
  },
  {
    "op": "replace",
    "path": "/ingredient/code",
    "value": "game:ingot-*",
    "file": "recipes/smithing/saw.json"
  },
  {
    "op": "replace",
    "path": "/output/code",
    "value": "game:sawblade-{metal}",
    "file": "recipes/smithing/saw.json"
  }
]