[
  {
    "op": "remove",
    "path": "/variantgroups/0/states/1",
    "file": "itemtypes/toolhead/sawblade.json"
  },
  {
    "op": "remove",
    "path": "/variantgroups/0/states/1",
    "file": "itemtypes/toolhead/sawblade.json"
  },
  {
    "op": "remove",
    "path": "/variantgroups/0/states/1",
    "file": "itemtypes/toolhead/sawblade.json"
  },
  {
    "op": "remove",
    "path": "/variantgroups/0/states/1",
    "file": "itemtypes/toolhead/sawblade.json"
  },
  {
    "op": "remove",
    "path": "/variantgroups/0/states/1",
    "file": "itemtypes/toolhead/sawblade.json"
  },
  {
    "op": "remove",
    "path": "/variantgroups/0/states/1",
    "file": "itemtypes/toolhead/sawblade.json"
  },
  {
    "op": "remove",
    "path": "/variantgroups/0/states/1",
    "file": "itemtypes/toolhead/sawblade.json"
  },
  {
    "op": "replace",
    "path": "/variantgroups/0/states/1",
    "value": "temporalit",
    "file": "itemtypes/toolhead/sawblade.json"
  },
  {
    "op": "add",
    "path": "/variantgroups/0/states/2",
    "value": "tinbronze",
    "file": "itemtypes/toolhead/sawblade.json"
  },
  {
    "op": "add",
    "path": "/variantgroups/0/states/3",
    "value": "bismuthbronze",
    "file": "itemtypes/toolhead/sawblade.json"
  },
  {
    "op": "add",
    "path": "/variantgroups/0/states/4",
    "value": "blackbronze",
    "file": "itemtypes/toolhead/sawblade.json"
  },
  {
    "op": "add",
    "path": "/variantgroups/0/states/5",
    "value": "gold",
    "file": "itemtypes/toolhead/sawblade.json"
  },
  {
    "op": "add",
    "path": "/variantgroups/0/states/6",
    "value": "silver",
    "file": "itemtypes/toolhead/sawblade.json"
  },
  {
    "op": "add",
    "path": "/variantgroups/0/states/7",
    "value": "iron",
    "file": "itemtypes/toolhead/sawblade.json"
  },
  {
    "op": "add",
    "path": "/variantgroups/0/states/8",
    "value": "meteoriciron",
    "file": "itemtypes/toolhead/sawblade.json"
  },
  {
    "op": "add",
    "path": "/variantgroups/0/states/9",
    "value": "steel",
    "file": "itemtypes/toolhead/sawblade.json"
  }
]