{
	"editor": {
		"allAngles": false,
		"entityTextureMode": false
	},
	"textureWidth": 16,
	"textureHeight": 16,
	"textureSizes": {
	},
	"textures": {
		"other": "game:block/clay/ceramic",
		"floor": "game:block/clay/ceramic-dark"
	},
	"elements": [
		{
			"name": "Basis",
			"from": [ 1.0, 0.0, 1.0 ],
			"to": [ 15.0, 1.0, 15.0 ],
			"rotationOrigin": [ 1.0, 0.0, 1.0 ],
			"faces": {
				"north": { "texture": "#other", "uv": [ 0.0, 12.0, 14.0, 13.0 ] },
				"east": { "texture": "#other", "uv": [ 2.0, 9.5, 16.0, 10.5 ] },
				"south": { "texture": "#other", "uv": [ 2.0, 14.0, 16.0, 15.0 ] },
				"west": { "texture": "#other", "uv": [ 2.0, 15.0, 16.0, 16.0 ] },
				"up": { "texture": "#floor", "uv": [ 0.0, 0.0, 14.0, 14.0 ] },
				"down": { "texture": "#other", "uv": [ 2.0, 2.0, 16.0, 16.0 ] }
			}
		},
		{
			"name": "Layer1",
			"from": [ 0.0, 0.0, 0.0 ],
			"to": [ 0.0, 0.0, 0.0 ],
			"rotationOrigin": [ 1.0, 1.0, 1.0 ],
			"faces": {
				"north": { "texture": "#other", "uv": [ 0.0, 0.0, 0.5, 0.5 ] },
				"east": { "texture": "#other", "uv": [ 0.0, 0.0, 0.5, 0.5 ] },
				"south": { "texture": "#other", "uv": [ 0.0, 0.0, 0.5, 0.5 ] },
				"west": { "texture": "#other", "uv": [ 0.0, 0.0, 0.5, 0.5 ] },
				"up": { "texture": "#other", "uv": [ 0.0, 0.0, 0.5, 0.5 ] },
				"down": { "texture": "#other", "uv": [ 0.0, 0.0, 0.5, 0.5 ] }
			},
			"children": [
				{
					"name": "Cube2",
					"from": [ 1.0, 1.0, 1.0 ],
					"to": [ 15.0, 2.0, 4.0 ],
					"rotationOrigin": [ 1.0, 1.0, 1.0 ],
					"faces": {
						"north": { "texture": "#other", "uv": [ 0.0, 2.0, 14.0, 3.0 ] },
						"east": { "texture": "#other", "uv": [ 12.0, 2.0, 15.0, 3.0 ] },
						"south": { "texture": "#other", "uv": [ 2.0, 3.0, 16.0, 4.0 ] },
						"west": { "texture": "#other", "uv": [ 13.0, 2.0, 16.0, 3.0 ] },
						"up": { "texture": "#other", "uv": [ 0.0, 0.0, 14.0, 3.0 ] },
						"down": { "texture": "#other", "uv": [ 1.5, 4.5, 15.5, 7.5 ] }
					}
				},
				{
					"name": "Cube3",
					"from": [ 1.0, 1.0, 13.0 ],
					"to": [ 15.0, 2.0, 15.0 ],
					"rotationOrigin": [ 1.0, 1.0, 13.0 ],
					"faces": {
						"north": { "texture": "#other", "uv": [ 0.0, 10.0, 14.0, 11.0 ] },
						"east": { "texture": "#other", "uv": [ 12.0, 2.0, 14.0, 3.0 ] },
						"south": { "texture": "#other", "uv": [ 2.0, 10.0, 16.0, 11.0 ] },
						"west": { "texture": "#other", "uv": [ 13.0, 2.0, 15.0, 3.0 ] },
						"up": { "texture": "#other", "uv": [ 0.0, 7.0, 14.0, 9.0 ] },
						"down": { "texture": "#other", "uv": [ 1.5, 7.0, 15.5, 9.0 ] }
					}
				},
				{
					"name": "Cube4",
					"from": [ 11.0, 1.0, 4.0 ],
					"to": [ 15.0, 2.0, 10.0 ],
					"rotationOrigin": [ 11.0, 1.0, 4.0 ],
					"faces": {
						"north": { "texture": "#other", "uv": [ 0.0, 10.0, 4.0, 11.0 ] },
						"east": { "texture": "#other", "uv": [ 10.0, 2.0, 16.0, 3.0 ] },
						"south": { "texture": "#other", "uv": [ 2.0, 10.0, 6.0, 11.0 ] },
						"west": { "texture": "#other", "uv": [ 10.0, 2.0, 16.0, 3.0 ] },
						"up": { "texture": "#other", "uv": [ 0.0, 7.0, 4.0, 13.0 ] },
						"down": { "texture": "#other", "uv": [ 1.5, 7.0, 5.5, 13.0 ] }
					}
				},
				{
					"name": "Cube5",
					"from": [ 12.0, 1.0, 10.0 ],
					"to": [ 15.0, 2.0, 11.0 ],
					"rotationOrigin": [ 12.0, 1.0, 10.0 ],
					"faces": {
						"north": { "texture": "#other", "uv": [ 0.0, 10.0, 3.0, 11.0 ] },
						"east": { "texture": "#other", "uv": [ 11.0, 2.0, 12.0, 3.0 ] },
						"south": { "texture": "#other", "uv": [ 2.0, 10.0, 5.0, 11.0 ] },
						"west": { "texture": "#other", "uv": [ 11.0, 2.0, 12.0, 3.0 ] },
						"up": { "texture": "#other", "uv": [ 0.0, 7.0, 3.0, 8.0 ] },
						"down": { "texture": "#other", "uv": [ 1.5, 7.0, 4.5, 8.0 ] }
					}
				},
				{
					"name": "Cube6",
					"from": [ 14.0, 1.0, 11.0 ],
					"to": [ 15.0, 2.0, 12.0 ],
					"rotationOrigin": [ 14.0, 1.0, 11.0 ],
					"faces": {
						"north": { "texture": "#other", "uv": [ 0.0, 10.0, 1.0, 11.0 ] },
						"east": { "texture": "#other", "uv": [ 11.0, 2.0, 12.0, 3.0 ] },
						"south": { "texture": "#other", "uv": [ 2.0, 10.0, 3.0, 11.0 ] },
						"west": { "texture": "#other", "uv": [ 11.0, 2.0, 12.0, 3.0 ] },
						"up": { "texture": "#other", "uv": [ 0.0, 7.0, 1.0, 8.0 ] },
						"down": { "texture": "#other", "uv": [ 1.5, 7.0, 2.5, 8.0 ] }
					}
				},
				{
					"name": "Cube7",
					"from": [ 4.0, 1.0, 12.0 ],
					"to": [ 15.0, 2.0, 13.0 ],
					"rotationOrigin": [ 4.0, 1.0, 12.0 ],
					"faces": {
						"north": { "texture": "#other", "uv": [ 0.0, 10.0, 11.0, 11.0 ] },
						"east": { "texture": "#other", "uv": [ 11.0, 2.0, 12.0, 3.0 ] },
						"south": { "texture": "#other", "uv": [ 2.0, 10.0, 13.0, 11.0 ] },
						"west": { "texture": "#other", "uv": [ 11.0, 2.0, 12.0, 3.0 ] },
						"up": { "texture": "#other", "uv": [ 0.0, 7.0, 11.0, 8.0 ] },
						"down": { "texture": "#other", "uv": [ 1.5, 7.0, 12.5, 8.0 ] }
					}
				},
				{
					"name": "Cube8",
					"from": [ 1.0, 1.0, 5.0 ],
					"to": [ 3.0, 2.0, 6.0 ],
					"rotationOrigin": [ 1.0, 1.0, 5.0 ],
					"faces": {
						"north": { "texture": "#other", "uv": [ 0.0, 10.0, 2.0, 11.0 ] },
						"east": { "texture": "#other", "uv": [ 11.0, 2.0, 12.0, 3.0 ] },
						"south": { "texture": "#other", "uv": [ 2.0, 10.0, 4.0, 11.0 ] },
						"west": { "texture": "#other", "uv": [ 11.0, 2.0, 12.0, 3.0 ] },
						"up": { "texture": "#other", "uv": [ 0.0, 7.0, 2.0, 8.0 ] },
						"down": { "texture": "#other", "uv": [ 1.5, 7.0, 3.5, 8.0 ] }
					}
				},
				{
					"name": "Cube9",
					"from": [ 1.0, 1.0, 6.0 ],
					"to": [ 3.0, 2.0, 7.0 ],
					"rotationOrigin": [ 1.0, 1.0, 6.0 ],
					"faces": {
						"north": { "texture": "#other", "uv": [ 0.0, 10.0, 2.0, 11.0 ] },
						"east": { "texture": "#other", "uv": [ 11.0, 2.0, 12.0, 3.0 ] },
						"south": { "texture": "#other", "uv": [ 2.0, 10.0, 4.0, 11.0 ] },
						"west": { "texture": "#other", "uv": [ 11.0, 2.0, 12.0, 3.0 ] },
						"up": { "texture": "#other", "uv": [ 0.0, 7.0, 2.0, 8.0 ] },
						"down": { "texture": "#other", "uv": [ 1.5, 7.0, 3.5, 8.0 ] }
					}
				},
				{
					"name": "Cube10",
					"from": [ 1.0, 1.0, 7.0 ],
					"to": [ 2.0, 2.0, 11.0 ],
					"rotationOrigin": [ 1.0, 1.0, 7.0 ],
					"faces": {
						"north": { "texture": "#other", "uv": [ 0.0, 10.0, 1.0, 11.0 ] },
						"east": { "texture": "#other", "uv": [ 11.0, 2.0, 15.0, 3.0 ] },
						"south": { "texture": "#other", "uv": [ 2.0, 10.0, 3.0, 11.0 ] },
						"west": { "texture": "#other", "uv": [ 11.0, 2.0, 15.0, 3.0 ] },
						"up": { "texture": "#other", "uv": [ 0.0, 7.0, 1.0, 11.0 ] },
						"down": { "texture": "#other", "uv": [ 1.5, 7.0, 2.5, 11.0 ] }
					}
				},
				{
					"name": "Cube11",
					"from": [ 1.0, 1.0, 11.0 ],
					"to": [ 3.0, 2.0, 12.0 ],
					"rotationOrigin": [ 1.0, 1.0, 11.0 ],
					"faces": {
						"north": { "texture": "#other", "uv": [ 0.0, 10.0, 2.0, 11.0 ] },
						"east": { "texture": "#other", "uv": [ 11.0, 2.0, 12.0, 3.0 ] },
						"south": { "texture": "#other", "uv": [ 2.0, 10.0, 4.0, 11.0 ] },
						"west": { "texture": "#other", "uv": [ 11.0, 2.0, 12.0, 3.0 ] },
						"up": { "texture": "#other", "uv": [ 0.0, 7.0, 2.0, 8.0 ] },
						"down": { "texture": "#other", "uv": [ 1.5, 7.0, 3.5, 8.0 ] }
					}
				},
				{
					"name": "Cube12",
					"from": [ 1.0, 1.0, 12.0 ],
					"to": [ 3.0, 2.0, 13.0 ],
					"rotationOrigin": [ 1.0, 1.0, 12.0 ],
					"faces": {
						"north": { "texture": "#other", "uv": [ 0.0, 10.0, 2.0, 11.0 ] },
						"east": { "texture": "#other", "uv": [ 11.0, 2.0, 12.0, 3.0 ] },
						"south": { "texture": "#other", "uv": [ 2.0, 10.0, 4.0, 11.0 ] },
						"west": { "texture": "#other", "uv": [ 11.0, 2.0, 12.0, 3.0 ] },
						"up": { "texture": "#other", "uv": [ 0.0, 7.0, 2.0, 8.0 ] },
						"down": { "texture": "#other", "uv": [ 1.5, 7.0, 3.5, 8.0 ] }
					}
				},
				{
					"name": "Cube13",
					"from": [ 1.0, 1.0, 4.0 ],
					"to": [ 5.0, 2.0, 5.0 ],
					"rotationOrigin": [ 1.0, 1.0, 4.0 ],
					"faces": {
						"north": { "texture": "#other", "uv": [ 0.0, 10.0, 4.0, 11.0 ] },
						"east": { "texture": "#other", "uv": [ 11.0, 2.0, 12.0, 3.0 ] },
						"south": { "texture": "#other", "uv": [ 2.0, 10.0, 6.0, 11.0 ] },
						"west": { "texture": "#other", "uv": [ 11.0, 2.0, 12.0, 3.0 ] },
						"up": { "texture": "#other", "uv": [ 0.0, 7.0, 4.0, 8.0 ] },
						"down": { "texture": "#other", "uv": [ 1.5, 7.0, 5.5, 8.0 ] }
					}
				},
				{
					"name": "Cube14",
					"from": [ 8.0, 1.0, 4.0 ],
					"to": [ 11.0, 2.0, 5.0 ],
					"rotationOrigin": [ 8.0, 1.0, 4.0 ],
					"faces": {
						"north": { "texture": "#other", "uv": [ 0.0, 10.0, 3.0, 11.0 ] },
						"east": { "texture": "#other", "uv": [ 11.0, 2.0, 12.0, 3.0 ] },
						"south": { "texture": "#other", "uv": [ 2.0, 10.0, 5.0, 11.0 ] },
						"west": { "texture": "#other", "uv": [ 11.0, 2.0, 12.0, 3.0 ] },
						"up": { "texture": "#other", "uv": [ 0.0, 7.0, 3.0, 8.0 ] },
						"down": { "texture": "#other", "uv": [ 1.5, 7.0, 4.5, 8.0 ] }
					}
				},
				{
					"name": "Cube15",
					"from": [ 9.0, 1.0, 5.0 ],
					"to": [ 11.0, 2.0, 6.0 ],
					"rotationOrigin": [ 9.0, 1.0, 5.0 ],
					"faces": {
						"north": { "texture": "#other", "uv": [ 0.0, 10.0, 2.0, 11.0 ] },
						"east": { "texture": "#other", "uv": [ 11.0, 2.0, 12.0, 3.0 ] },
						"south": { "texture": "#other", "uv": [ 2.0, 10.0, 4.0, 11.0 ] },
						"west": { "texture": "#other", "uv": [ 11.0, 2.0, 12.0, 3.0 ] },
						"up": { "texture": "#other", "uv": [ 0.0, 7.0, 2.0, 8.0 ] },
						"down": { "texture": "#other", "uv": [ 1.5, 7.0, 3.5, 8.0 ] }
					}
				},
				{
					"name": "Cube16",
					"from": [ 10.0, 1.0, 6.0 ],
					"to": [ 11.0, 2.0, 7.0 ],
					"rotationOrigin": [ 10.0, 1.0, 6.0 ],
					"faces": {
						"north": { "texture": "#other", "uv": [ 0.0, 10.0, 1.0, 11.0 ] },
						"east": { "texture": "#other", "uv": [ 11.0, 2.0, 12.0, 3.0 ] },
						"south": { "texture": "#other", "uv": [ 2.0, 10.0, 3.0, 11.0 ] },
						"west": { "texture": "#other", "uv": [ 11.0, 2.0, 12.0, 3.0 ] },
						"up": { "texture": "#other", "uv": [ 0.0, 7.0, 1.0, 8.0 ] },
						"down": { "texture": "#other", "uv": [ 1.5, 7.0, 2.5, 8.0 ] }
					}
				}
			]
		},
		{
			"name": "Layer2",
			"from": [ 0.0, 0.0, 0.0 ],
			"to": [ 0.0, 0.0, 0.0 ],
			"rotationOrigin": [ 1.0, 2.0, 1.0 ],
			"faces": {
				"north": { "texture": "#other", "uv": [ 0.0, 0.0, 0.5, 0.5 ] },
				"east": { "texture": "#other", "uv": [ 0.0, 0.0, 0.5, 0.5 ] },
				"south": { "texture": "#other", "uv": [ 0.0, 0.0, 0.5, 0.5 ] },
				"west": { "texture": "#other", "uv": [ 0.0, 0.0, 0.5, 0.5 ] },
				"up": { "texture": "#other", "uv": [ 0.0, 0.0, 0.5, 0.5 ] },
				"down": { "texture": "#other", "uv": [ 0.0, 0.0, 0.5, 0.5 ] }
			},
			"children": [
				{
					"name": "Cube17",
					"from": [ 1.0, 2.0, 1.0 ],
					"to": [ 15.0, 3.0, 4.0 ],
					"rotationOrigin": [ 1.0, 2.0, 1.0 ],
					"faces": {
						"north": { "texture": "#other", "uv": [ 0.0, 2.0, 14.0, 3.0 ] },
						"east": { "texture": "#other", "uv": [ 12.0, 2.0, 15.0, 3.0 ] },
						"south": { "texture": "#other", "uv": [ 2.0, 3.0, 16.0, 4.0 ] },
						"west": { "texture": "#other", "uv": [ 13.0, 2.0, 16.0, 3.0 ] },
						"up": { "texture": "#other", "uv": [ 0.0, 0.0, 14.0, 3.0 ] },
						"down": { "texture": "#other", "uv": [ 1.5, 4.5, 15.5, 7.5 ] }
					}
				},
				{
					"name": "Cube18",
					"from": [ 1.0, 2.0, 13.0 ],
					"to": [ 15.0, 3.0, 15.0 ],
					"rotationOrigin": [ 1.0, 2.0, 13.0 ],
					"faces": {
						"north": { "texture": "#other", "uv": [ 0.0, 10.0, 14.0, 11.0 ] },
						"east": { "texture": "#other", "uv": [ 12.0, 2.0, 14.0, 3.0 ] },
						"south": { "texture": "#other", "uv": [ 2.0, 10.0, 16.0, 11.0 ] },
						"west": { "texture": "#other", "uv": [ 13.0, 2.0, 15.0, 3.0 ] },
						"up": { "texture": "#other", "uv": [ 0.0, 7.0, 14.0, 9.0 ] },
						"down": { "texture": "#other", "uv": [ 1.5, 7.0, 15.5, 9.0 ] }
					}
				},
				{
					"name": "Cube19",
					"from": [ 11.0, 2.0, 4.0 ],
					"to": [ 15.0, 3.0, 10.0 ],
					"rotationOrigin": [ 11.0, 2.0, 4.0 ],
					"faces": {
						"north": { "texture": "#other", "uv": [ 0.0, 10.0, 4.0, 11.0 ] },
						"east": { "texture": "#other", "uv": [ 10.0, 2.0, 16.0, 3.0 ] },
						"south": { "texture": "#other", "uv": [ 2.0, 10.0, 6.0, 11.0 ] },
						"west": { "texture": "#other", "uv": [ 10.0, 2.0, 16.0, 3.0 ] },
						"up": { "texture": "#other", "uv": [ 0.0, 7.0, 4.0, 13.0 ] },
						"down": { "texture": "#other", "uv": [ 1.5, 7.0, 5.5, 13.0 ] }
					}
				},
				{
					"name": "Cube20",
					"from": [ 12.0, 2.0, 10.0 ],
					"to": [ 15.0, 3.0, 11.0 ],
					"rotationOrigin": [ 12.0, 2.0, 10.0 ],
					"faces": {
						"north": { "texture": "#other", "uv": [ 0.0, 10.0, 3.0, 11.0 ] },
						"east": { "texture": "#other", "uv": [ 11.0, 2.0, 12.0, 3.0 ] },
						"south": { "texture": "#other", "uv": [ 2.0, 10.0, 5.0, 11.0 ] },
						"west": { "texture": "#other", "uv": [ 11.0, 2.0, 12.0, 3.0 ] },
						"up": { "texture": "#other", "uv": [ 0.0, 7.0, 3.0, 8.0 ] },
						"down": { "texture": "#other", "uv": [ 1.5, 7.0, 4.5, 8.0 ] }
					}
				},
				{
					"name": "Cube21",
					"from": [ 14.0, 2.0, 11.0 ],
					"to": [ 15.0, 3.0, 12.0 ],
					"rotationOrigin": [ 14.0, 2.0, 11.0 ],
					"faces": {
						"north": { "texture": "#other", "uv": [ 0.0, 10.0, 1.0, 11.0 ] },
						"east": { "texture": "#other", "uv": [ 11.0, 2.0, 12.0, 3.0 ] },
						"south": { "texture": "#other", "uv": [ 2.0, 10.0, 3.0, 11.0 ] },
						"west": { "texture": "#other", "uv": [ 11.0, 2.0, 12.0, 3.0 ] },
						"up": { "texture": "#other", "uv": [ 0.0, 7.0, 1.0, 8.0 ] },
						"down": { "texture": "#other", "uv": [ 1.5, 7.0, 2.5, 8.0 ] }
					}
				},
				{
					"name": "Cube22",
					"from": [ 4.0, 2.0, 12.0 ],
					"to": [ 15.0, 3.0, 13.0 ],
					"rotationOrigin": [ 4.0, 2.0, 12.0 ],
					"faces": {
						"north": { "texture": "#other", "uv": [ 0.0, 10.0, 11.0, 11.0 ] },
						"east": { "texture": "#other", "uv": [ 11.0, 2.0, 12.0, 3.0 ] },
						"south": { "texture": "#other", "uv": [ 2.0, 10.0, 13.0, 11.0 ] },
						"west": { "texture": "#other", "uv": [ 11.0, 2.0, 12.0, 3.0 ] },
						"up": { "texture": "#other", "uv": [ 0.0, 7.0, 11.0, 8.0 ] },
						"down": { "texture": "#other", "uv": [ 1.5, 7.0, 12.5, 8.0 ] }
					}
				},
				{
					"name": "Cube23",
					"from": [ 1.0, 2.0, 5.0 ],
					"to": [ 3.0, 3.0, 6.0 ],
					"rotationOrigin": [ 1.0, 2.0, 5.0 ],
					"faces": {
						"north": { "texture": "#other", "uv": [ 0.0, 10.0, 2.0, 11.0 ] },
						"east": { "texture": "#other", "uv": [ 11.0, 2.0, 12.0, 3.0 ] },
						"south": { "texture": "#other", "uv": [ 2.0, 10.0, 4.0, 11.0 ] },
						"west": { "texture": "#other", "uv": [ 11.0, 2.0, 12.0, 3.0 ] },
						"up": { "texture": "#other", "uv": [ 0.0, 7.0, 2.0, 8.0 ] },
						"down": { "texture": "#other", "uv": [ 1.5, 7.0, 3.5, 8.0 ] }
					}
				},
				{
					"name": "Cube24",
					"from": [ 1.0, 2.0, 6.0 ],
					"to": [ 3.0, 3.0, 7.0 ],
					"rotationOrigin": [ 1.0, 2.0, 6.0 ],
					"faces": {
						"north": { "texture": "#other", "uv": [ 0.0, 10.0, 2.0, 11.0 ] },
						"east": { "texture": "#other", "uv": [ 11.0, 2.0, 12.0, 3.0 ] },
						"south": { "texture": "#other", "uv": [ 2.0, 10.0, 4.0, 11.0 ] },
						"west": { "texture": "#other", "uv": [ 11.0, 2.0, 12.0, 3.0 ] },
						"up": { "texture": "#other", "uv": [ 0.0, 7.0, 2.0, 8.0 ] },
						"down": { "texture": "#other", "uv": [ 1.5, 7.0, 3.5, 8.0 ] }
					}
				},
				{
					"name": "Cube25",
					"from": [ 1.0, 2.0, 7.0 ],
					"to": [ 2.0, 3.0, 11.0 ],
					"rotationOrigin": [ 1.0, 2.0, 7.0 ],
					"faces": {
						"north": { "texture": "#other", "uv": [ 0.0, 10.0, 1.0, 11.0 ] },
						"east": { "texture": "#other", "uv": [ 11.0, 2.0, 15.0, 3.0 ] },
						"south": { "texture": "#other", "uv": [ 2.0, 10.0, 3.0, 11.0 ] },
						"west": { "texture": "#other", "uv": [ 11.0, 2.0, 15.0, 3.0 ] },
						"up": { "texture": "#other", "uv": [ 0.0, 7.0, 1.0, 11.0 ] },
						"down": { "texture": "#other", "uv": [ 1.5, 7.0, 2.5, 11.0 ] }
					}
				},
				{
					"name": "Cube26",
					"from": [ 1.0, 2.0, 11.0 ],
					"to": [ 3.0, 3.0, 12.0 ],
					"rotationOrigin": [ 1.0, 2.0, 11.0 ],
					"faces": {
						"north": { "texture": "#other", "uv": [ 0.0, 10.0, 2.0, 11.0 ] },
						"east": { "texture": "#other", "uv": [ 11.0, 2.0, 12.0, 3.0 ] },
						"south": { "texture": "#other", "uv": [ 2.0, 10.0, 4.0, 11.0 ] },
						"west": { "texture": "#other", "uv": [ 11.0, 2.0, 12.0, 3.0 ] },
						"up": { "texture": "#other", "uv": [ 0.0, 7.0, 2.0, 8.0 ] },
						"down": { "texture": "#other", "uv": [ 1.5, 7.0, 3.5, 8.0 ] }
					}
				},
				{
					"name": "Cube27",
					"from": [ 1.0, 2.0, 12.0 ],
					"to": [ 3.0, 3.0, 13.0 ],
					"rotationOrigin": [ 1.0, 2.0, 12.0 ],
					"faces": {
						"north": { "texture": "#other", "uv": [ 0.0, 10.0, 2.0, 11.0 ] },
						"east": { "texture": "#other", "uv": [ 11.0, 2.0, 12.0, 3.0 ] },
						"south": { "texture": "#other", "uv": [ 2.0, 10.0, 4.0, 11.0 ] },
						"west": { "texture": "#other", "uv": [ 11.0, 2.0, 12.0, 3.0 ] },
						"up": { "texture": "#other", "uv": [ 0.0, 7.0, 2.0, 8.0 ] },
						"down": { "texture": "#other", "uv": [ 1.5, 7.0, 3.5, 8.0 ] }
					}
				},
				{
					"name": "Cube28",
					"from": [ 1.0, 2.0, 4.0 ],
					"to": [ 5.0, 3.0, 5.0 ],
					"rotationOrigin": [ 1.0, 2.0, 4.0 ],
					"faces": {
						"north": { "texture": "#other", "uv": [ 0.0, 10.0, 4.0, 11.0 ] },
						"east": { "texture": "#other", "uv": [ 11.0, 2.0, 12.0, 3.0 ] },
						"south": { "texture": "#other", "uv": [ 2.0, 10.0, 6.0, 11.0 ] },
						"west": { "texture": "#other", "uv": [ 11.0, 2.0, 12.0, 3.0 ] },
						"up": { "texture": "#other", "uv": [ 0.0, 7.0, 4.0, 8.0 ] },
						"down": { "texture": "#other", "uv": [ 1.5, 7.0, 5.5, 8.0 ] }
					}
				},
				{
					"name": "Cube29",
					"from": [ 8.0, 2.0, 4.0 ],
					"to": [ 11.0, 3.0, 5.0 ],
					"rotationOrigin": [ 8.0, 2.0, 4.0 ],
					"faces": {
						"north": { "texture": "#other", "uv": [ 0.0, 10.0, 3.0, 11.0 ] },
						"east": { "texture": "#other", "uv": [ 11.0, 2.0, 12.0, 3.0 ] },
						"south": { "texture": "#other", "uv": [ 2.0, 10.0, 5.0, 11.0 ] },
						"west": { "texture": "#other", "uv": [ 11.0, 2.0, 12.0, 3.0 ] },
						"up": { "texture": "#other", "uv": [ 0.0, 7.0, 3.0, 8.0 ] },
						"down": { "texture": "#other", "uv": [ 1.5, 7.0, 4.5, 8.0 ] }
					}
				},
				{
					"name": "Cube30",
					"from": [ 9.0, 2.0, 5.0 ],
					"to": [ 11.0, 3.0, 6.0 ],
					"rotationOrigin": [ 9.0, 2.0, 5.0 ],
					"faces": {
						"north": { "texture": "#other", "uv": [ 0.0, 10.0, 2.0, 11.0 ] },
						"east": { "texture": "#other", "uv": [ 11.0, 2.0, 12.0, 3.0 ] },
						"south": { "texture": "#other", "uv": [ 2.0, 10.0, 4.0, 11.0 ] },
						"west": { "texture": "#other", "uv": [ 11.0, 2.0, 12.0, 3.0 ] },
						"up": { "texture": "#other", "uv": [ 0.0, 7.0, 2.0, 8.0 ] },
						"down": { "texture": "#other", "uv": [ 1.5, 7.0, 3.5, 8.0 ] }
					}
				},
				{
					"name": "Cube31",
					"from": [ 10.0, 2.0, 6.0 ],
					"to": [ 11.0, 3.0, 7.0 ],
					"rotationOrigin": [ 10.0, 2.0, 6.0 ],
					"faces": {
						"north": { "texture": "#other", "uv": [ 0.0, 10.0, 1.0, 11.0 ] },
						"east": { "texture": "#other", "uv": [ 11.0, 2.0, 12.0, 3.0 ] },
						"south": { "texture": "#other", "uv": [ 2.0, 10.0, 3.0, 11.0 ] },
						"west": { "texture": "#other", "uv": [ 11.0, 2.0, 12.0, 3.0 ] },
						"up": { "texture": "#other", "uv": [ 0.0, 7.0, 1.0, 8.0 ] },
						"down": { "texture": "#other", "uv": [ 1.5, 7.0, 2.5, 8.0 ] }
					}
				}
			]
		}
	]}