{
	"code": "bartkahead",
	"creativeinventory": { "general": ["*"], "items": ["*"] , "expantion": ["*"] },
	"variantgroups": [
		{ "code": "material", "states": ["tinbronze", "bismuthbronze", "blackbronze", "iron", "meteoriciron", "steel", "temporalit"] }
	],
	maxstacksize: 4,
		shape: { base: "spearexpantion:shapes/item/toolhead/bartkahead" },
		texturesByType: {
				"*-tinbronze": {
			"iron": {"base": "game:block/metal/ingot/tinbronze" },
		"plain": { base: "game:block/transparent" },
		"wood": { base: "game:block/transparent" },
		},
			"*-bismuthbronze": {
			"iron": {"base": "game:block/metal/ingot/bismuthbronze" },
		"plain": { base: "game:block/transparent" },
		"wood": { base: "game:block/transparent" },
		},
			"*-blackbronze": {
			"iron": {"base": "game:block/metal/ingot/blackbronze" },
		"plain": { base: "game:block/transparent" },
		"wood": { base: "game:block/transparent" },
		},
			"*-iron": {
			"iron": {"base": "game:block/metal/ingot/iron" },
		"plain": { base: "game:block/transparent" },
		"wood": { base: "game:block/transparent" },
		},
			"*-meteoriciron": {
			"iron": {"base": "game:block/metal/ingot/meteoriciron" },
		"plain": { base: "game:block/transparent" },
		"wood": { base: "game:block/transparent" },
		},
			"*-steel": {
			"iron": {"base": "game:block/metal/ingot/steel" },
		"plain": { base: "game:block/transparent" },
		"wood": { base: "game:block/transparent" },
		},
		"*-temporalit": {
			"iron": {"base": "game:block/metal/ingot/temporalit" },
		"plain": { base: "game:block/transparent" },
		"wood": { base: "game:block/transparent" },
		}
	},
	guiTransform: {
		translation: { x: 11.2, y: -4, z: 101.2 },
		rotation: { x: -52, y: -131, z: -180 },
		origin: { x: 1.03, y: 0.44, z: 0.2 },
		scale: 3.26
	},
	fpHandTransform: {
		translation: { x: -0.5, y: -0.2, z: 0 },
		rotation: { x: 26, y: 15, z: 90 },
		origin: { x: 1, y: 0.4, z: 0.5 },
		scale: 3.4
	},
	groundTransform: {
		translation: { x: 0, y: -0.12, z: 0 },
		rotation: { x: 0, y: 0, z: 0 },
		origin: { x: 0.5, y: 0, z: 0.5 },
		scale: 3.6
	},
	tpHandTransform: {
		translation: { x: -0.4, y: -0.06, z: -0.2 },
		rotation: { x: 90, y: 52, z: 0 },
		origin: { x: 0.55, y: 0.5, z: 0.5 },
		scale: 1
	}
}