{
	"code": "khopeshhead",
	"creativeinventory": { "general": ["*"], "items": ["*"] , "expantion": ["*"] },
	"variantgroups": [
		{ "code": "material", "states": ["tinbronze", "bismuthbronze", "blackbronze", "iron", "meteoriciron", "steel", "temporalit"] }
	],
	maxstacksize: 4,
		shape: { base: "spearexpantion:shapes/item/toolhead/khopeshhead" },
		texturesByType: {
				"*-tinbronze": {
			"iron": {"base": "game:block/metal/ingot/tinbronze" },
		"larch": { base: "game:block/transparent" },
		},
			"*-bismuthbronze": {
			"iron": {"base": "game:block/metal/ingot/bismuthbronze" },
		"larch": { base: "game:block/transparent" },
		},
			"*-blackbronze": {
			"iron": {"base": "game:block/metal/ingot/blackbronze" },
		"larch": { base: "game:block/transparent" },
		},
			"*-iron": {
			"iron": {"base": "game:block/metal/ingot/iron" },
		"larch": { base: "game:block/transparent" },
		},
			"*-meteoriciron": {
			"iron": {"base": "game:block/metal/ingot/meteoriciron" },
		"larch": { base: "game:block/transparent" },
		},
			"*-steel": {
			"iron": {"base": "game:block/metal/ingot/steel" },
		"larch": { base: "game:block/transparent" },
		},
		"*-temporalit": {
			"iron": {"base": "game:block/metal/ingot/temporalit" },
		"larch": { base: "game:block/transparent" },
		}
	},
	guiTransform: {
		translation: { x: 0, y: 7, z: 0 },
		rotation: { x: -63, y: 52, z: -180 },
		origin: { x: 0.81, y: 0, z: 0.57 },
		scale: 1.58
	},
	groundTransform: {
		translation: { x: 0, y: 0, z: 0 },
		rotation: { x: 0, y: 0, z: 0 },
		origin: { x: 0.5, y: 0, z: 0.5 },
		scale: 3.8
	},
	tpHandTransform: {
		translation: { x: -1, y: -0.48, z: -0.14 },
		rotation: { x: 83, y: 12, z: 7 },
		origin: { x: 0.55, y: 0.5, z: 0.5 },
		scale: 0.8
	}
}