{
	"code": "odachihead",
	"creativeinventory": { "general": ["*"], "items": ["*"] , "expantion": ["*"] },
	"variantgroups": [
		{ "code": "material", "states": ["iron", "meteoriciron", "steel", "temporalit"] }
	],
maxstacksize: 6,
		shape: { "base": "spearexpantion:shapes/item/toolhead/odachihead" },
		texturesByType: {
			"*-iron": {
			"iron": { "base": "game:block/metal/ingot/iron" },
		"normal": { "base": "game:block/transparent" },
		"normal1": { "base": "game:block/transparent" },
		"acacia": { "base": "game:block/transparent" },
		},
			"*-meteoriciron": {
			"iron": { "base": "game:block/metal/ingot/meteoriciron" },
		"normal": { "base": "game:block/transparent" },
		"normal1": { "base": "game:block/transparent" },
		"acacia": { "base": "game:block/transparent" },
		},
			"*-steel": {
			"iron": { "base": "game:block/metal/ingot/steel" },
		"normal": { "base": "game:block/transparent" },
		"normal1": { "base": "game:block/transparent" },
		"acacia": { "base": "game:block/transparent" },
		},
		"*-temporalit": {
			"iron": { "base": "game:block/metal/ingot/temporalit" },
		"normal": { "base": "game:block/transparent" },
		"normal1": { "base": "game:block/transparent" },
		"acacia": { "base": "game:block/transparent" },
		}
	},
	guiTransform: {
		translation: { x: 17, y: 3, z: 3 },
		rotation: { x: -74, y: -136, z: 0 },
		origin: { x: 1.6, y: 0.6, z: 0 },
		scale: 0.61
	},
	tpHandTransform: {
		translation: { x: -0.8, y: -0.76, z: -1.34 },
		rotation: { x: -90, y: 0, z: 0 },
		origin: { x: 0.6, y: 0.5, z: 0.5 },
		scale: 0.57
	},
	tpHandTransform: {
		translation: { x: -0.8, y: -0.76, z: -1.34 },
		rotation: { x: -90, y: 0, z: 0 },
		origin: { x: 0.6, y: 0.5, z: 0.5 },
		scale: 0.57
	},
	groundTransform: {
		translation: { x: 0, y: 0.34, z: 0 },
		rotation: { x: 0, y: 0, z: 0 },
		origin: { x: 0.81, y: 0.45, z: 0.42 },
		scale: 2.43
	},
}