{
	"code": "pikehead",
	"creativeinventory": { "general": ["*"], "items": ["*"] , "expantion": ["*"] },
	"variantgroups": [
		{ "code": "material", "states": ["tinbronze", "bismuthbronze", "blackbronze","iron", "meteoriciron","steel","temporalit"] }
	],
	maxstacksize: 4,
			shape: { "base": "spearexpantion:shapes/item/toolhead/pikehead" },
		texturesByType: {
				"*-tinbronze": {
			"steel3": {"base": "game:block/metal/ingot/tinbronze" },
		"string": { base: "game:block/transparent" },
		"handle": { base: "game:block/transparent" },
		},
			"*-bismuthbronze": {
			"steel3": {"base": "game:block/metal/ingot/bismuthbronze" },
		"string": { base: "game:block/transparent" },
		"handle": { base: "game:block/transparent" },
		},
			"*-blackbronze": {
			"steel3": {"base": "game:block/metal/ingot/blackbronze" },
		"string": { base: "game:block/transparent" },
		"handle": { base: "game:block/transparent" },
		},
			"*-iron": {
			"steel3": {"base": "game:block/metal/ingot/iron" },
		"string": { base: "game:block/transparent" },
		"handle": { base: "game:block/transparent" },
		},
			"*-meteoriciron": {
			"steel3": {"base": "game:block/metal/ingot/meteoriciron" },
		"string": { base: "game:block/transparent" },
		"handle": { base: "game:block/transparent" },
		},
			"*-steel": {
			"steel3": {"base": "game:block/metal/ingot/steel" },
		"string": { base: "game:block/transparent" },
		"handle": { base: "game:block/transparent" },
		},
			"*-temporalit": {
			"steel3": {"base": "game:block/metal/ingot/temporalit" },
		"string": { base: "game:block/transparent" },
		"handle": { base: "game:block/transparent" },
		}
	},
	guiTransform: {
		translation: { x: -1.8, y: 11.2, z: 101.2 },
		rotation: { x: -52, y: -131, z: -180 },
		origin: { x: 1.03, y: 0.44, z: 0.2 },
		scale: 2.78
	},
	fpHandTransform: {
		translation: { x: -0.5, y: -0.2, z: 0 },
		rotation: { x: 26, y: 15, z: 90 },
		origin: { x: 1, y: 0.4, z: 0.5 },
		scale: 3.4
	},
	groundTransform: {
		translation: { x: 0, y: 0.05, z: 0 },
		rotation: { x: 74, y: 0, z: 0 },
		origin: { x: 0.5, y: 0, z: 0.5 },
		scale: 3.4
	},
	tpHandTransform: {
		translation: { x: -0.1, y: -0.76, z: -0.04 },
		rotation: { x: 89, y: -31, z: 1 },
		origin: { x: 0.55, y: 0.5, z: 0.5 },
		scale: 0.97
	}
}