{
	"code": "pitcforkhead",
	"creativeinventory": { "general": ["*"], "items": ["*"] , "expantion": ["*"] },
	"variantgroups": [
		{ "code": "material", "states": ["copper", "tinbronze", "bismuthbronze", "blackbronze", "iron", "meteoriciron", "steel", "temporalit"] }
	],
maxstacksize: 4,
		shape: { "base": "spearexpantion:shapes/item/tool/villagers/pitchfork" },
		texturesByType: {
			"*-copper": {
			"metal": {"base": "game:block/metal/ingot/copper" },
		"string": { base: "game:block/transparent" },
		"handle": { base: "game:block/transparent" },
		},
			"*-tinbronze": {
			"metal": {"base": "game:block/metal/ingot/tinbronze" },
		"string": { base: "game:block/transparent" },
		"handle": { base: "game:block/transparent" },
		},
			"*-bismuthbronze": {
			"metal": {"base": "game:block/metal/ingot/bismuthbronze" },
		"string": { base: "game:block/transparent" },
		"handle": { base: "game:block/transparent" },
		},
		"*-blackbronze": {
			"metal": {"base": "game:block/metal/ingot/blackbronze" },
		"string": { base: "game:block/transparent" },
		"handle": { base: "game:block/transparent" },
		},
			"*-iron": {
			"metal": {"base": "game:block/metal/ingot/iron" },
		"string": { base: "game:block/transparent" },
		"handle": { base: "game:block/transparent" },
		},
			"*-meteoriciron": {
			"metal": {"base": "game:block/metal/ingot/meteoriciron" },
		"string": { base: "game:block/transparent" },
		"handle": { base: "game:block/transparent" },
		},
			"*-steel": {
			"metal": {"base": "game:block/metal/ingot/steel" },
		"string": { base: "game:block/transparent" },
		"handle": { base: "game:block/transparent" },
		},
			"*-temporalit": {
			"metal": {"base": "game:block/metal/ingot/temporalit" },
		"string": { base: "game:block/transparent" },
		"handle": { base: "game:block/transparent" },
		}
	},
	guiTransform: {
		translation: { x: -5.5, y: 16, z: 97 },
		rotation: { x: -49, y: -170, z: -138 },
		origin: { x: 1.9299, y: 0.24, z: 0.2 },
		scale: 2.67
	},
	fpHandTransform: {
		translation: { x: -0.5, y: -0.2, z: 0 },
		rotation: { x: 26, y: 15, z: 90 },
		origin: { x: 1, y: 0.4, z: 0.5 },
		scale: 3.4
	},
	groundTransform: {
		translation: { x: 0, y: 0.3, z: 0 },
		rotation: { x: 0, y: 0, z: 0 },
		origin: { x: 0.81, y: 0.45, z: 0.42 },
		scale: 3.5
	},
	tpHandTransform: {
		translation: { x: 0.34, y: -1.16, z: -0.04 },
		rotation: { x: 91, y: -29, z: 0 },
		scale: 1
	}
}