{
	"code": "spearhead",
	"creativeinventory": { "general": ["*"], "items": ["*"] , "expantion": ["*"] },
	"variantgroups": [
		{ "code": "material", "states": ["iron", "meteoriciron", "steel", "temporalit"] }
	],
maxstacksize: 4,
		shape: { "base": "spearexpantion:shapes/item/toolhead/spearhead" },
		texturesByType: {
			"*-iron": {
			"iron": {"base": "game:block/metal/ingot/iron" },
		"string": { base: "game:block/transparent" },
		"handle": { base: "game:block/transparent" },
		},
			"*-meteoriciron": {
			"iron": {"base": "game:block/metal/ingot/meteoriciron" },
		"string": { base: "game:block/transparent" },
		"handle": { base: "game:block/transparent" },
		},
			"*-steel": {
			"iron": {"base": "game:block/metal/ingot/steel" },
		"string": { base: "game:block/transparent" },
		"handle": { base: "game:block/transparent" },
		},
		"*-temporalit": {
			"iron": {"base": "game:block/metal/ingot/temporalit" },
		"string": { base: "game:block/transparent" },
		"handle": { base: "game:block/transparent" },
		}
	},
	guiTransform: {
		translation: { x: -6.6, y: -10, z: 97 },
		rotation: { x: 1, y: -170, z: -138 },
		origin: { x: 1.43, y: 0.24, z: 0.2 },
		scale: 2.67
	},
	fpHandTransform: {
		translation: { x: -0.5, y: -0.2, z: 0 },
		rotation: { x: 26, y: 15, z: 90 },
		origin: { x: 1, y: 0.4, z: 0.5 },
		scale: 3.4
	},
	groundTransform: {
		translation: { x: 0, y: 0.3, z: 0 },
		rotation: { x: 0, y: 0, z: 0 },
		origin: { x: 0.81, y: 0.45, z: 0.42 },
		scale: 3.5
	},
	tpHandTransform: {
		translation: { x: 0.04, y: -0.76, z: -0.04 },
		rotation: { x: 91, y: -29, z: 0 },
		scale: 1
	}
}