[
    {
        "op": "replace",
        "path": "/server/behaviors/9/dropsByType/*-surface",
        "value": [
          {
            "type": "item",
            "code": "gear-temporal",
            "quantity": {
              "avg": 0.02666,
              "var": 0
            }
          },
          {
            "type": "item",
            "code": "gear-rusty",
            "dropModbyStat": "rustyGearDropRate",
            "quantity": {
              "avg": 0.01,
              "var": 0
            }
          },
          {
            "type": "item",
            "code": "flaxfibers",
            "quantity": {
              "avg": 0.2,
              "var": 0
            }
          },
          {
            "type": "item",
            "code": "usefuldrifterloot:gearpiece",
            "quantity": {
              "avg": 1,
              "var": 0.725
            }
          },
          {
            "type": "item",
            "code": "game:metalbit-molybdochalkos",
            "quantity": {
              "avg": 0.46,
              "var": 0
            }
          },
          {
            "type": "item",
            "code": "game:arrow-crude",
            "quantity": {
              "avg": 0.3,
              "var": 0
            }
          }
        ],
        "file": "entities/land/bowtorn.json"
    },
    {
        "op": "replace",
        "path": "/server/behaviors/9/dropsByType/*-deep",
        "value": [
          {
            "type": "item",
            "code": "gear-temporal",
            "quantity": {
              "avg": 0.033325,
              "var": 0
            }
          },
          {
            "type": "item",
            "code": "gear-rusty",
            "dropModbyStat": "rustyGearDropRate",
            "quantity": {
              "avg": 0.03,
              "var": 0
            }
          },
          {
            "type": "item",
            "code": "flaxfibers",
            "quantity": {
              "avg": 0.4,
              "var": 0
            }
          },
          {
            "type": "block",
            "code": "game:metal-scraps",
            "quantity": {
              "avg": 0.1,
              "var": 0
            }
          },
          {
            "type": "item",
            "code": "usefuldrifterloot:gearpiece",
            "quantity": {
              "avg": 2,
              "var": 0.3
            }
          },
          {
            "type": "item",
            "code": "game:metalbit-molybdochalkos",
            "quantity": {
              "avg": 0.7,
              "var": 0
            }
          },
		  {
            "type": "item",
            "code": "game:arrow-crude",
            "quantity": {
              "avg": 0.45,
              "var": 0
            }
          },
		  {
            "type": "item",
            "code": "game:arrow-flint",
            "quantity": {
              "avg": 0.05,
              "var": 0
            }
          }
        ],
        "file": "entities/land/bowtorn.json"
    },
    {
        "op": "replace",
        "path": "/server/behaviors/9/dropsByType/*-tainted",
        "value": [
              {
                "type": "item",
                "code": "gear-temporal",
                "quantity": { "avg": 0.03999, "var": 0 }
              },
              {
                "type": "item",
                "code": "gear-rusty",
                "dropModbyStat": "rustyGearDropRate",
                "quantity": { "avg": 0.07, "var": 0 }
              },
              {
                "type": "item",
                "code": "flaxfibers",
                "quantity": { "avg": 0.6, "var": 0 }
              },
              {
                "type": "item",
                "code": "usefuldrifterloot:gearpiece",
                "quantity": {
                  "avg": 4,
                  "var": 0.025
                }
              },
              {
                "type": "item",
                "code": "game:metalbit-molybdochalkos",
                "quantity": {
                  "avg": 0.92,
                  "var": 0
                }
              },
			  {
				"type": "item",
				"code": "game:arrow-crude",
				"quantity": {
				  "avg": 0.75,
				  "var": 0
				}
			  },
			  {
				"type": "item",
				"code": "game:arrow-flint",
				"quantity": {
				  "avg": 0.2,
				  "var": 0
				}
			  }
        ],
        "file": "entities/land/bowtorn.json"
    },
    {
        "op": "replace",
        "path": "/server/behaviors/9/dropsByType/*-corrupt",
        "value": [
              {
                "type": "item",
                "code": "gear-temporal",
                "quantity": { "avg": 0.046655, "var": 0 }
              },
              {
                "type": "item",
                "code": "gear-rusty",
                "dropModbyStat": "rustyGearDropRate",
                "quantity": { "avg": 0.1, "var": 0 }
              },
              {
                "type": "item",
                "code": "flaxfibers",
                "quantity": { "avg": 0.8, "var": 0 }
              },
              {
                "type": "item",
                "code": "usefuldrifterloot:gearpiece",
                "quantity": {
                  "avg": 5,
                  "var": 0.4625
                }
              },
              {
                "type": "item",
                "code": "game:metalbit-molybdochalkos",
                "quantity": {
                  "avg": 1,
                  "var": 0.15
                }
              },
			  {
				"type": "item",
				"code": "game:arrow-flint",
				"quantity": {
				  "avg": 0.75,
				  "var": 0
				}
			  }
        ],
        "file": "entities/land/bowtorn.json"
    },
    {
        "op": "replace",
        "path": "/server/behaviors/9/dropsByType/*-nightmare",
        "value": [
              {
                "type": "item",
                "code": "gear-temporal",
                "quantity": { "avg": 0.05332, "var": 0 }
              },
              {
                "type": "item",
                "code": "gear-rusty",
                "dropModbyStat": "rustyGearDropRate",
                "quantity": { "avg": 0.2, "var": 0 }
              },
              {
                "type": "item",
                "code": "flaxfibers",
                "quantity": { "avg": 1, "var": 0 }
              },
              {
                "type": "item",
                "code": "usefuldrifterloot:gearpiece",
                "quantity": {
                  "avg": 6,
                  "var": 0.9
                }
              },
              {
                "type": "item",
                "code": "game:metalbit-molybdochalkos",
                "quantity": {
                  "avg": 1,
                  "var": 0.38
                }
              },
			  {
				"type": "item",
				"code": "game:arrow-flint",
				"quantity": {
				  "avg": 1,
				  "var": 0
				}
			  },
			  {
				"type": "item",
				"code": "game:arrow-copper",
				"quantity": {
				  "avg": 0.25,
				  "var": 0
				}
			  }
        ],
        "file": "entities/land/bowtorn.json"
    },
    {
        "op": "replace",
        "path": "/server/behaviors/9/dropsByType/*-gearfoot",
        "value": [
              {
                "type": "item",
                "code": "gear-temporal",
                "quantity": { "avg": 1, "var": 0.4 }
              },
              {
                "type": "item",
                "code": "gear-rusty",
                "dropModbyStat": "rustyGearDropRate",
                "quantity": { "avg": 5, "var": 2.5 }
              },
              {
                "type": "item",
                "code": "flaxfibers",
                "quantity": { "avg": 2, "var": 0 }
              },
              {
                "type": "item",
                "code": "game:metalbit-molybdochalkos",
                "quantity": {
                  "avg": 2,
                  "var": 0.875
                }
              },
			  {
				"type": "item",
				"code": "game:arrow-flint",
				"quantity": {
				  "avg": 2,
				  "var": 0
				}
			  },
			  {
				"type": "item",
				"code": "game:arrow-copper",
				"quantity": {
				  "avg": 1,
				  "var": 0
				}
			  },
			  {
				"type": "item",
				"code": "game:arrow-tinbronze",
				"quantity": {
				  "avg": 0.5,
				  "var": 0
				}
			  },
			  {
				"type": "item",
				"code": "stackrandomizer-alljonas",
				"quantity": { "avg": 0.4, "var": 0 }
			}
        ],
        "file": "entities/land/bowtorn.json"
    },
    {
        "op": "addmerge",
        "path": "/client/behaviors/4/quantitySlots",
        "value": 8,
        "file": "entities/land/bowtorn.json"
    }
]