[
    {
        "ingredientPattern": "HSI,NMN,_P_",
		"enabled": true,
        "ingredients": {
            "H": { "type": "item", "code": "game:hammer-*", "isTool": true, "toolDurabilityCost": 300 },
            "S": { "type": "item", "code": "game:solderbar-*", "quantity": 4 },
			"I": { "type": "item", "code": "game:solderingiron", "isTool": true, "toolDurabilityCost": 300 },
			"M": { "type": "block", "code": "4xplatemoldcore-fired", "quantity": 1 },
			"P": { "type": "item", "code": "game:metalplate-iron", "quantity": 1 },
			"N": { "type": "item", "code": "game:metalnailsandstrips-*", "quantity": 2 }
        },
        "width": 3,
        "height": 3,
		"shapeless": false,
        "output": { "type": "block", "code": "platemold-burned-fourplate-north", "quantity": 1 }
    }
]