[
    {
        "ingredientPattern": "TMT,TTT,TTT",
        "recipeGroup": 1,
        "ingredients": {
            "T": {
				"type": "item",
				"code": "chainring-*",
                "name": "metal",
                "allowedVariants": [
                    "copper",
                    "tinbronze",
                    "bismuthbronze",
                    "blackbronze",
                    "iron",
                    "meteoriciron",
                    "steel",
                    "gold",
                    "silver"
                ],
                "quantity": 2
            },
			"M": { 
				"type": "item", 
				"code": "game:hammer-*", 
				"isTool": true, 
				"toolDurabilityCost": 100 
				}
        },
        "width": 3,
        "height": 3,
        "name": "chains for body armor",
        "output": {
            "type": "item",
            "code": "game:metalchain-{metal}"
        }
    }
]