{
	code: "expandedbow",
	variantgroups: [
		{ code: "type", states: ["ranger", "yager" ] },
	],
	class: "ItemBow",
	maxstacksize: 1,
	durabilityByType: {
		"*-ranger": 850,
		"*-yager": 755
	},
	shape: {
		base: "spearexpantion:item/tool/bow/{type}",
		alternates: [
			{ base: "spearexpantion:item/tool/bow/{type}-charge1" },
			{ base: "spearexpantion:item/tool/bow/{type}-charge2" },
			{ base: "spearexpantion:item/tool/bow/{type}-charge3" }
		]
	},
	texturesByType: {
		
		"*-ranger": {
			"blackbronze": {"base" : "game:item/tool/material/blackbronze" },
			"feather": {"base" : "game:item/tool/material/feather" },
		},
		"*-yager": {
			"iron": {"base" : "game:item/tool/material/iron" },
			"feather2": {"base" : "game:item/tool/material/feather2" },
		}
	},
	tool: "bow",
	creativeinventory: { "general": ["*"], "items": ["*"], "tools": ["*"] , "expantion": ["*"] },
	attributes: {
		antlerMountable: true,
		onAntlerMountTransformByType: {
		"*-ranger": {
			translation: { x: -0.93, y: 0, z: -0.05 },
			rotation: { x: 137, y: 0, z: 90 },
			scale: 1.12
			},
		"*-yager": {
			translation: { x: -0.84, y: 0, z: 0 },
			rotation: { x: -40, y: 0, z: 90 },
			scale: 0.95
			}
		},
		heldItemPitchFollow: 1,
		aimAnimationByType: {
			"*-ranger": "bowaimlong",
			"*-yager": "bowaimrecurve",
			"*": "bowaim",
		},
		damageByType: {
			"*-ranger": 4.25,
			"*-yager": 4.75
		},
		accuracyBonusByType: {
			"*-ranger": 0.4,
			"*-yager": 0.3	
		},
		toolrackTransformByType: {
			"*-ranger": {
				rotation: { x: 2, y: 5, z: 0 },
				translation: { x: 0.2, y: 0.95 },
				scale: 1.76
			},
			"*-yager": {
				rotation: { x: 2, y: 5, z: 0 },
				translation: { y: 0.63 },
				scale: 1.25
			}
		},
		groundStorageTransformByType: {
			"*-ranger": {
			translation: { x: -0.45, y: 0.51, z: -0.3 },
			rotation: { x: 28, y: 125, z: -90 },
			scale: 1.12
		},
			"*-yager":{
			translation: { x: -0.2, y: -0, z: 0.44 },
			rotation: { x: 9, y: -117, z: -111 },
			scale: 0.83
			}
		}
	},
	behaviors: [{
		name: "GroundStorable",
		properties: {
			layout: 'WallHalves',
			wallOffY:2,
			},
			sprintKey: true,
			selectionBox: { x1: 0, y1: 0, z1: 0, x2: 1, y2: 0.1, z2: 1 },
			collisionBox: { x1: 0, y1: 0, z1: 0, x2: 0, y2: 0, z2: 0 },
		}],
	fpHandTransformByType: {
		"*-yager": {
			translation: { x: 0, y: 0.5, z: 0 },
			rotation: { x: 4, y: 1, z: 84 },
			origin: { x: 0.5, y: 0, z: 0.5 },
			scale: 2.42
		},
		"*-ranger": {
			translation: { x: 0, y: 0.5, z: 0 },
			rotation: { x: 4, y: 1, z: 84 },
			origin: { x: 0.5, y: 0, z: 0.5 },
			scale: 3.41
		},
		"*": {
			translation: { x: 0, y: 0.5, z: 0 },
			rotation: { x: 4, y: 1, z: 84 },
			origin: { x: 0.5, y: 0, z: 0.5 },
			scale: 2.91
		}
	},
	guiTransformByType: {
		"*-ranger": {
			translation: { x: 0, y: 0, z: 0 },
			rotation: { x: -135, y: 25, z: 41 },
			origin: { x: 0.47, y: 0, z: 0.59 },
			scale: 1.35
		},
		"*-yager": {
			translation: { x: 0, y: 0, z: 0 },
			rotation: { x: -129, y: 25, z: 41 },
			origin: { x: 0.47, y: 0, z: 0.55 },
			scale: 1.36
		},
		"*": {
			translation: { x: 0, y: 0, z: 0 },
			rotation: { x: -129, y: 25, z: 41 },
			origin: { x: 0.47, y: 0, z: 0.55 },
			scale: 1.64
		}
	},
	groundTransformByType: {
		"*-ranger": {
			translation: { x: 0, y: 0.04, z: 0 },
			rotation: { x: 0, y: 0, z: 0 },
			origin: { x: 0.5, y: 0, z: 0.5 },
			scale: 7
		},
		"*-yager":{
			translation: { x: 0, y: 0.03, z: 0 },
			rotation: { x: 0, y: 0, z: 0 },
			origin: { x: 0.5, y: 0, z: 0.5 },
			scale: 4.8
		}
	},
	tpHandTransformByType: {
		"*-yager": {
			translation: { x: -0.56, y: 0.01, z: -0.54 },
			rotation: { x: 107, y: 11, z: 10 },
			origin: { x: 0.5, y: 0, z: 0.5 },
			scale: 0.93
		},
		"*-ranger": {
			translation: { x: -0.4199, y: -0, z: -0.39 },
			rotation: { x: 107, y: 11, z: 10 },
			origin: { x: 0.5, y: 0, z: 0.5 },
			scale: 1.29
		},
		"*": {
			translation: { x: -0.48, y: 0, z: -0.44 },
			rotation: { x: 107, y: 11, z: 10 },
			origin: { x: 0.5, y: 0, z: 0.5 },
			scale: 1.15
		}
	}
}