{
	code: "hornybow",
	variantgroups: [
		{ code: "type", states: ["nomad", "yagermaster" ] },
		{ code: "color", states: ["plain", "poor", "purple", "red", "white", "yellow", "pink", "orange", "green", "gray", "blue", "black"] },
	],
	class: "ItemBow",
	maxstacksize: 1,
	durabilityByType: {
		"*-nomad-*": 1100,
		"*-yagermaster-*": 1500
	},
	shape: {
		base: "spearexpantion:item/tool/bow/{type}",
		alternates: [
			{ base: "spearexpantion:item/tool/bow/{type}-charge1" },
			{ base: "spearexpantion:item/tool/bow/{type}-charge2" },
			{ base: "spearexpantion:item/tool/bow/{type}-charge3" }
		]
	},
	texturesByType: {
		
		"*-nomad-plain": {
			"lead": {"base" : "game:block/metal/ingot/lead" },
			"feather": {"base" : "game:item/tool/material/feather" },
			"wood": {"base" : "game:item/tool/material/wood" },
			"plain2": {"base" : "game:block/leather/plain" },
		},
		"*-nomad-poor": {
			"lead": {"base" : "game:block/metal/ingot/lead" },
			"feather": {"base" : "game:item/tool/material/feather" },
			"wood": {"base" : "game:item/tool/material/wood" },
			"plain2": {"base" : "game:block/leather/poor" },
		},
		"*-nomad-purple": {
			"lead": {"base" : "game:block/metal/ingot/lead" },
			"feather": {"base" : "game:item/tool/material/feather" },
			"wood": {"base" : "game:item/tool/material/wood" },
			"plain2": {"base" : "game:block/leather/purple" },
		},
		"*-nomad-red": {
			"lead": {"base" : "game:block/metal/ingot/lead" },
			"feather": {"base" : "game:item/tool/material/feather" },
			"wood": {"base" : "game:item/tool/material/wood" },
			"plain2": {"base" : "game:block/leather/red" },
		},
		"*-nomad-white": {
			"lead": {"base" : "game:block/metal/ingot/lead" },
			"feather": {"base" : "game:item/tool/material/feather" },
			"wood": {"base" : "game:item/tool/material/wood" },
			"plain2": {"base" : "game:block/leather/white" },
		},
		"*-nomad-yellow": {
			"lead": {"base" : "game:block/metal/ingot/lead" },
			"feather": {"base" : "game:item/tool/material/feather" },
			"wood": {"base" : "game:item/tool/material/wood" },
			"plain2": {"base" : "game:block/leather/yellow" },
		},
		"*-nomad-pink": {
			"lead": {"base" : "game:block/metal/ingot/lead" },
			"feather": {"base" : "game:item/tool/material/feather" },
			"wood": {"base" : "game:item/tool/material/wood" },
			"plain2": {"base" : "game:block/leather/pink" },
		},
		"*-nomad-orange": {
			"lead": {"base" : "game:block/metal/ingot/lead" },
			"feather": {"base" : "game:item/tool/material/feather" },
			"wood": {"base" : "game:item/tool/material/wood" },
			"plain2": {"base" : "game:block/leather/orange" },
		},
		"*-nomad-green": {
			"lead": {"base" : "game:block/metal/ingot/lead" },
			"feather": {"base" : "game:item/tool/material/feather" },
			"wood": {"base" : "game:item/tool/material/wood" },
			"plain2": {"base" : "game:block/leather/green" },
		},
		"*-nomad-gray": {
			"lead": {"base" : "game:block/metal/ingot/lead" },
			"feather": {"base" : "game:item/tool/material/feather" },
			"wood": {"base" : "game:item/tool/material/wood" },
			"plain2": {"base" : "game:block/leather/gray" },
		},
		"*-nomad-blue": {
			"lead": {"base" : "game:block/metal/ingot/lead" },
			"feather": {"base" : "game:item/tool/material/feather" },
			"wood": {"base" : "game:item/tool/material/wood" },
			"plain2": {"base" : "game:block/leather/blue" },
		},
		"*-nomad-black": {
			"lead": {"base" : "game:block/metal/ingot/lead" },
			"feather": {"base" : "game:item/tool/material/feather" },
			"wood": {"base" : "game:item/tool/material/wood" },
			"plain2": {"base" : "game:block/leather/black" },
		},
		"*-yagermaster-plain": {
			"silver": {"base" : "game:item/tool/material/silver" },
			"feather": {"base" : "game:item/tool/material/feather" },
			"wood": {"base" : "game:item/tool/material/wood" },
			"leather": {"base" : "game:block/leather/plain" },
		},
		"*-yagermaster-poor": {
			"silver": {"base" : "game:item/tool/material/silver" },
			"feather": {"base" : "game:item/tool/material/feather" },
			"wood": {"base" : "game:item/tool/material/wood" },
			"leather": {"base" : "game:block/leather/poor" },
		},
		"*-yagermaster-purple": {
			"silver": {"base" : "game:item/tool/material/silver" },
			"feather": {"base" : "game:item/tool/material/feather" },
			"wood": {"base" : "game:item/tool/material/wood" },
			"leather": {"base" : "game:block/leather/purple" },
		},
		"*-yagermaster-red": {
			"silver": {"base" : "game:item/tool/material/silver" },
			"feather": {"base" : "game:item/tool/material/feather" },
			"wood": {"base" : "game:item/tool/material/wood" },
			"leather": {"base" : "game:block/leather/red" },
		},
		"*-yagermaster-white": {
			"silver": {"base" : "game:item/tool/material/silver" },
			"feather": {"base" : "game:item/tool/material/feather" },
			"wood": {"base" : "game:item/tool/material/wood" },
			"leather": {"base" : "game:block/leather/white" },
		},
		"*-yagermaster-yellow": {
			"silver": {"base" : "game:item/tool/material/silver" },
			"feather": {"base" : "game:item/tool/material/feather" },
			"wood": {"base" : "game:item/tool/material/wood" },
			"leather": {"base" : "game:block/leather/yellow" },
		},
		"*-yagermaster-pink": {
			"silver": {"base" : "game:item/tool/material/silver" },
			"feather": {"base" : "game:item/tool/material/feather" },
			"wood": {"base" : "game:item/tool/material/wood" },
			"leather": {"base" : "game:block/leather/pink" },
		},
		"*-yagermaster-orange": {
			"silver": {"base" : "game:item/tool/material/silver" },
			"feather": {"base" : "game:item/tool/material/feather" },
			"wood": {"base" : "game:item/tool/material/wood" },
			"leather": {"base" : "game:block/leather/orange" },
		},
		"*-yagermaster-green": {
			"silver": {"base" : "game:item/tool/material/silver" },
			"feather": {"base" : "game:item/tool/material/feather" },
			"wood": {"base" : "game:item/tool/material/wood" },
			"leather": {"base" : "game:block/leather/green" },
		},
		"*-yagermaster-gray": {
			"silver": {"base" : "game:item/tool/material/silver" },
			"feather": {"base" : "game:item/tool/material/feather" },
			"wood": {"base" : "game:item/tool/material/wood" },
			"leather": {"base" : "game:block/leather/gray" },
		},
		"*-yagermaster-blue": {
			"silver": {"base" : "game:item/tool/material/silver" },
			"feather": {"base" : "game:item/tool/material/feather" },
			"wood": {"base" : "game:item/tool/material/wood" },
			"leather": {"base" : "game:block/leather/blue" },
		},
		"*-yagermaster-black": {
			"silver": {"base" : "game:item/tool/material/silver" },
			"feather": {"base" : "game:item/tool/material/feather" },
			"wood": {"base" : "game:item/tool/material/wood" },
			"leather": {"base" : "game:block/leather/black" },
		}
	},
	tool: "bow",
	creativeinventory: { "general": ["*"], "items": ["*"], "tools": ["*"] , "expantion": ["*"] },
	attributes: {
		antlerMountable: true,
		onAntlerMountTransformByType: {
		"*-nomad-*": {
			translation: { x: -0.93, y: 0, z: -0.05 },
			rotation: { x: 137, y: 0, z: 90 },
			scale: 1.12
			},
		"*-yagermaster-*": {
			translation: { x: -0.84, y: 0, z: 0 },
			rotation: { x: -40, y: 0, z: 90 },
			scale: 0.95
			}
		},
		heldItemPitchFollow: 1,
		aimAnimationByType: {
			"*-nomad-*": "bowaimlong",
			"*-yagermaster-*": "bowaimrecurve",
			"*": "bowaim",
		},
		damageByType: {
			"*-nomad-*": 5.3,
			"*-yagermaster-*": 6
		},
		accuracyBonusByType: {
			"*-nomad-*": 0.7,
			"*-yagermaster-*": 0.6	
		},
		toolrackTransformByType: {
			"*-nomad-*": {
				rotation: { x: 2, y: 5, z: 0 },
				translation: { x: 0.2, y: 0.95 },
				scale: 1.76
			},
			"*-yagermaster-*": {
				rotation: { x: 2, y: 5, z: 0 },
				translation: { y: 0.63 },
				scale: 1.25
			}
		},
		groundStorageTransformByType: {
			"*-nomad-*": {
			translation: { x: -0.45, y: 0.59, z: -0.3 },
			rotation: { x: 28, y: 125, z: -90 },
			scale: 1.12
		},
			"*-yagermaster-*":{
			translation: { x: -0.2, y: -0.06, z: 0.44 },
			rotation: { x: 9, y: -117, z: -111 },
			scale: 0.83
			}
		}
	},
	behaviors: [{
		name: "GroundStorable",
		properties: {
			layout: 'WallHalves',
			wallOffY:2,
			},
			sprintKey: true,
			selectionBox: { x1: 0, y1: 0, z1: 0, x2: 1, y2: 0.1, z2: 1 },
			collisionBox: { x1: 0, y1: 0, z1: 0, x2: 0, y2: 0, z2: 0 },
		}],
	fpHandTransformByType: {
		"*-yagermaster-*": {
			translation: { x: 0, y: 0.5, z: 0 },
			rotation: { x: 4, y: 1, z: 84 },
			origin: { x: 0.5, y: 0, z: 0.5 },
			scale: 2.42
		},
		"*-nomad-*": {
			translation: { x: 0, y: 0.5, z: 0 },
			rotation: { x: 4, y: 1, z: 84 },
			origin: { x: 0.5, y: 0, z: 0.5 },
			scale: 3.41
		},
		"*": {
			translation: { x: 0, y: 0.5, z: 0 },
			rotation: { x: 4, y: 1, z: 84 },
			origin: { x: 0.5, y: 0, z: 0.5 },
			scale: 2.91
		}
	},
	guiTransformByType: {
		"*-nomad-*": {
			translation: { x: 0, y: 0, z: 0 },
			rotation: { x: -135, y: 25, z: 41 },
			origin: { x: 0.47, y: 0, z: 0.59 },
			scale: 1.35
		},
		"*-yagermaster-*": {
			translation: { x: 0, y: 0, z: 0 },
			rotation: { x: -129, y: 25, z: 41 },
			origin: { x: 0.47, y: 0, z: 0.55 },
			scale: 1.36
		},
		"*": {
			translation: { x: 0, y: 0, z: 0 },
			rotation: { x: -129, y: 25, z: 41 },
			origin: { x: 0.47, y: 0, z: 0.55 },
			scale: 1.64
		}
	},
	groundTransformByType: {
		"*-nomad-*": {
			translation: { x: 0, y: 0.04, z: 0 },
			rotation: { x: 0, y: 0, z: 0 },
			origin: { x: 0.5, y: 0, z: 0.5 },
			scale: 7
		},
		"*-yagermaster-*":{
			translation: { x: 0, y: 0.03, z: 0 },
			rotation: { x: 0, y: 0, z: 0 },
			origin: { x: 0.5, y: 0, z: 0.5 },
			scale: 4.8
		}
	},
	tpHandTransformByType: {
		"*-yagermaster-*": {
			translation: { x: -0.56, y: 0.01, z: -0.54 },
			rotation: { x: 107, y: 11, z: 10 },
			origin: { x: 0.5, y: 0, z: 0.5 },
			scale: 0.93
		},
		"*-nomad-*": {
			translation: { x: -0.4199, y: -0, z: -0.39 },
			rotation: { x: 107, y: 11, z: 10 },
			origin: { x: 0.5, y: 0, z: 0.5 },
			scale: 1.29
		},
		"*": {
			translation: { x: -0.48, y: 0, z: -0.44 },
			rotation: { x: 107, y: 11, z: 10 },
			origin: { x: 0.5, y: 0, z: 0.5 },
			scale: 1.15
		}
	}
}