{
	code: "mace",
	damagedby: ["blockbreaking", "attacking"],
	class: "Item",
	variantgroups: [
		{ code: "type", states: ["common", "flanged", "warpick"] },
		{ code: "metal", states: ["blackbronze", "gold", "silver", "iron", "meteoriciron", "steel", "temporalit" ] }
	],
	shapeByType: {
		"mace-common-*": { "base": "spearexpantion:item/tool/maces/mace" },
		"mace-flanged-*": { "base": "spearexpantion:item/tool/maces/mace-flanged" },
		"mace-warpick-*": { "base": "spearexpantion:item/tool/maces/warpick" }
	},
	heldTpHitAnimation: "breaktool",
	textures: {
		"iron": { "base": "game:block/metal/ingot/{metal}" }
	},
	attackRange: 2.2,
	attributes: {
		antlerMountable: true,
		onAntlerMountTransformByType: {
			"mace-common-*": {
				translation: { x: -0.03, y: 0.2, z: 0.1 },
				rotation: { x: -141, y: 0, z: -90 },
				scale: 0.81
			},
			"mace-flanged-*": {
				translation: { x: -0.62, y: 0.2, z: -0.2 },
				rotation: { x: 137, y: -180, z: -90 },
				scale: 0.52
			},
			"mace-warpick-*": {
				translation: { x: -0.62, y: 0.2, z: -0.2 },
				rotation: { x: 137, y: -180, z: -90 },
				scale: 0.52
			}
		},
		heldItemPitchFollow: 0.9,
		rackable: true,
		toolrackTransformByType: {
			"mace-flanged-*": {
				translation: { x: -0, y: 0.54, z: 0 },
				rotation: { x: 180, y: 0, z: 0 },
				origin: { x: 0.5, y: 0, z: 0.5 },
				scale: 1.01
			},
			"mace-warpick-*": {
				translation: { x: -0, y: 0.54, z: 0 },
				rotation: { x: 180, y: 0, z: 0 },
				origin: { x: 0.5, y: 0, z: 0.5 },
				scale: 1.01
			},
			"mace-common-*": {
				translation: { x: -0.1, y: 0.5, z: 0 },
				origin: { x: 0.5, y: 0, z: 0.5 },
				scale: 1.46
			}
		},
		groundStorageTransformByType: {
			"mace-common-*": {
				translation: { x: 0, y: 0.01, z: -0.125 },
				rotation: { x: 26, y: 88, z: -90 },
				scale: 0.82
			},
			"mace-flanged-*": {
				translation: { x: 0, y: -0.07, z: -0.2 },
				rotation: { x: 26, y: 88, z: -87 },
				scale: 0.56
			},
			"mace-warpick-*": {
				translation: { x: 0, y: -0.07, z: -0.2 },
				rotation: { x: 26, y: 88, z: -87 },
				scale: 0.56
			}
		}
	},
	behaviors: [{ 
		name: "GroundStorable",
		properties: {
			layout: 'WallHalves',
			wallOffYByType: {
				"mace-common-*": 2,
				"mace-flanged-*": 2,
				"mace-warpick-*": 2
			},
			sprintKey: true,
			selectionBox: { x1: 0, y1: 0, z1: 0, x2: 1, y2: 0.1, z2: 1 },
			collisionBox: { x1: 0, y1: 0, z1: 0, x2: 0, y2: 0, z2: 0 },
		}
	}, { name: "AnimationAuthoritative" }],
	durabilitybytype: {
		"mace-common-blackbronze": 800,
		"mace-common-iron": 1000,
		"mace-common-meteoriciron": 1150,
		"mace-common-steel": 2350,
		"mace-common-silver": 350,
		"mace-common-gold": 300,
		"mace-common-temporalit": 3350,
		"mace-flanged-blackbronze": 750,
		"mace-flanged-iron": 900,
		"mace-flanged-meteoriciron": 1050,
		"mace-flanged-steel": 2250,
		"mace-flanged-silver": 300,
		"mace-flanged-gold": 250,
		"mace-flanged-temporalit": 3250,
		"mace-warpick-blackbronze": 800,
		"mace-warpick-iron": 1000,
		"mace-warpick-meteoriciron": 1150,
		"mace-warpick-steel": 2350,
		"mace-warpick-silver": 350,
		"mace-warpick-gold": 300,
		"mace-warpick-temporalit": 3350
	},
	attackpowerbytype: {
		"mace-common-blackbronze": 4.6,
		"mace-common-iron": 4.9,
		"mace-common-meteoriciron": 5.15,
		"mace-common-steel": 5.20,
		"mace-common-silver": 5.25,
		"mace-common-gold": 5.25,
		"mace-common-temporalit": 6.20,
		"mace-flanged-blackbronze": 4.7,
		"mace-flanged-iron": 5,
		"mace-flanged-meteoriciron": 5.25,
		"mace-flanged-steel": 5.27,
		"mace-flanged-silver": 5.5,
		"mace-flanged-gold": 5.5,
		"mace-flanged-temporalit": 6.27,
		"mace-warpick-blackbronze": 4.7,
		"mace-warpick-iron": 5,
		"mace-warpick-meteoriciron": 5.25,
		"mace-warpick-steel": 5.27,
		"mace-warpick-solver": 5.5,
		"mace-warpick-gold": 5.5,
		"mace-warpick-steel": 6.27
	},
	tooltierbytype: {
		"*-common-blackbronze": 4,
		"*-common-iron": 4,
		"*-common-meteoriciron": 5,
		"*-common-steel": 5,
		"*-common-gold": 5,
		"*-common-silver": 5,
		"*-common-temporalit": 6,
		"*-flanged-blackbronze": 4,
		"*-flanged-iron": 5,
		"*-flanged-meteoriciron": 5,
		"*-flanged-steel": 5,
		"*-flanged-gold": 5,
		"*-flanged-silver": 5,
		"*-flanged-temporalit": 6,
		"*-warpick-blackbronze": 4,
		"*-warpick-iron": 5,
		"*-warpick-meteoriciron": 5,
		"*-warpick-steel": 5,
		"*-warpick-gold": 5,
		"*-warpick-silver": 5,
		"*-warpick-temporalit": 5
	},
	creativeinventory: { "general": ["*"], "items": ["*"], "tools": ["*"], "expantion": ["*"] },
	guiTransformByType: {
		"mace-common-*": {
			translation: { x: 0, y: 0, z: 0 },
			rotation: { x: -63, y: -50, z: -180 },
			origin: { x: 0.81, y: 0, z: 0.57 },
			scale: 1.58
		},
		"mace-flanged-*": {
			translation: { x: 0, y: 0, z: 0 },
			rotation: { x: -63, y: -50, z: -180 },
			origin: { x: 0.81, y: 0, z: 0.57 },
			scale: 1.58
		},
		"mace-warpick-*": {
			translation: { x: 0, y: 0, z: 0 },
			rotation: { x: -63, y: -50, z: -180 },
			origin: { x: 0.81, y: 0, z: 0.57 },
			scale: 1.58
		}
	},
	groundTransformByType: {
		"mace-common-*": {
			translation: { x: 0, y: 0, z: 0 },
			rotation: { x: -20, y: 0, z: 3 },
			origin: { x: 0.5, y: 0, z: 0.5 },
			scale: 3.96
		},
		"mace-flanged-*": {
			translation: { x: 0, y: 0.1, z: 0 },
			rotation: { x: 90, y: 0, z: 3 },
			origin: { x: 0.5, y: 0.5, z: 0.5299 },
			scale: 2.78
		},
		"mace-warpick-*": {
			translation: { x: 0, y: 0.1, z: 0 },
			rotation: { x: 90, y: 0, z: 3 },
			origin: { x: 0.5, y: 0.5, z: 0.5299 },
			scale: 2.78
		}
	},
	tpHandTransformByType: {
		"mace-common-*": {
			translation: { x: -1.28, y: 0.095, z: -0.56 },
			rotation: { x: 87, y: -180, z: -180 },
			origin: { x: 0.5, y: 0, z: 0.5 },
			scale: 0.8
		},
		"mace-flanged-*": {
			translation: { x: -2.08, y: 0.095, z: -0.8 },
			rotation: { x: 87, y: -180, z: -180 },
			origin: { x: 0.5, y: 0, z: 0.5 },
			scale: 0.59
		},
		"mace-warpick-*": {
			translation: { x: -2.08, y: 0.095, z: -0.8 },
			rotation: { x: 87, y: -180, z: -180 },
			origin: { x: 0.5, y: 0, z: 0.5 },
			scale: 0.59
		}
	}
}