{
	code: "pike",
	class: "ItemSpear",
	damagedby: ["attacking"],
	tool: "spear",
	behaviors: [{ 
		name: "GroundStorable",
		properties: {
			layout: 'WallHalves',
			wallOffY: 2,
			sprintKey: true,
			selectionBox: { x1: 0, y1: 0, z1: 0, x2: 1, y2: 0.1, z2: 1 },
			collisionBox: { x1: 0, y1: 0, z1: 0, x2: 0, y2: 0, z2: 0 }
		}
		}, { name: "AnimationAuthoritative" }],
	variantgroups: [
		{ code: "material", "states": ["tinbronze", "bismuthbronze", "blackbronze","iron", "meteoriciron","steel", "temporalit"] }
	],
	shape: { "base":"spearexpantion:shapes/item/tool/spear/pike" },
	heldTpIdleAnimation: "spearidle",
	heldRightReadyAnimation: "spearidle",
	heldTpHitAnimation: "spearhit",
	texturesByType: {
		"*-tinbronze": {
			"steel3": {"base": "game:block/metal/ingot/{material}" }
		},
		"*-bismuthbronze": {
			"steel3": {"base": "game:block/metal/ingot/{material}" }
		},
		"*-blackbronze": {
			"steel3": {"base": "game:block/metal/ingot/{material}" }
		},
		"*-iron": {
			"steel3": {"base" : "game:item/tool/material/{material}" },
		},
		"*-meteoriciron": {
			"steel3": {"base" : "game:item/tool/shield/metal/{material}" },
		},
		"*-steel": {
			"steel3": {"base" : "game:item/tool/shield/metal/{material}" }
		},
		"*-temporalit": {
			"steel3": {"base" : "game:block/metal/ingot/{material}" }
		}
	},
	"maxstacksize": 1 ,
	attackRange: 4,
	attackpowerbytype: {
		"*-bismuthbronze": 3.75,
		"*-tinbronze": 4,
		"*-blackbronze": 4.5,
		"*-steel": 6,
		"*-iron": 5,
		"*-meteoriciron": 5.5,
		"*-temporalit": 7
		},
		tooltierbytype: {
		"*-bismuthbronze": 3,
		"*-tinbronze": 3,
		"*-blackbronze": 3,
		"*-steel": 5,
		"*-iron": 4,
		"*-meteoriciron": 4,
		"*-temporalit": 6
	},
	damageTypeByType: {
		"*": "PiercingAttack",
	},
	attributes: {
		heldItemPitchFollow: 1,
		groundStorageTransformByType: {
			"pike-bismuthbronze": {
				translation: { x: -0.39, y: 0.78, z: 0.235 },
				rotation: { x: 13, y: 0, z: 90 },
				scale: 0.82
				},
				"pike-tinbronze": {
				translation: { x: -0.39, y: 0.78, z: 0.235 },
				rotation: { x: 13, y: 0, z: 90 },
				scale: 0.82
				},
				"pike-blackbronze": {
				translation: { x: -0.39, y: 0.78, z: 0.235 },
				rotation: { x: 16, y: 1, z: 90 },
				scale: 0.85
				},
			"pike-steel": {
				translation: { x: -0.39, y: 0.78, z: 0.235 },
				rotation: { x: 16, y: 1, z: 90 },
				scale: 0.85
				},
			"pike-iron": {
				translation: { x: -0.39, y: 0.78, z: 0.235 },
				rotation: { x: 16, y: 1, z: 90 },
				scale: 0.85
			},
			"pike-meteoriciron": {
			translation: { x: -0.39, y: 0.78, z: 0.235 },
				rotation: { x: 16, y: 1, z: 90 },
				scale: 0.85
			},
			"pike-temporalit": {
				translation: { x: -0.39, y: 0.78, z: 0.235 },
				rotation: { x: 16, y: 1, z: 90 },
				scale: 0.85
				}
		},
	"__comment": "Thrown damage",
		damageByType: {
			"*-tinbronze": 7,
			"*-bismuthbronze": 8,
			"*-blackbronze": 9,
			"*-steel": 12.50,
			"*-iron": 10.50,
			"*-meteoriciron": 11,
			"*-temporalit": 13.50
		},
		spearEntityCode: "spearexpantion:pike-{material}",
		handbook: {
			groupBy: ["pike-*"]
		},
		toolrackTransformByType: {
			"pike-tinbronze": {
				translation: { x: -0.14, y: 0.05, z: 0.5 },
				rotation: { x: 89, y: 1, z: -1 }
			},
			"pike-bismuthbronze": {
				translation: { x: -0.14, y: 0.05, z: 0.5 },
				rotation: { x: 89, y: 1, z: -1 }
			},
			"pike-blackbronze": {
				translation: { x: -0.14, y: 0.05, z: 0.5 },
				rotation: { x: 89, y: 1, z: -1 }
			},
			"pike-steel": {
				translation: { x: -0.14, y: 0.05, z: 0.5 },
				rotation: { x: 89, y: 1, z: -1 }
			},
			"pike-iron": {
				translation: { x: -0.14, y: 0.05, z: 0.5 },
				rotation: { x: 89, y: 1, z: -1 }
			},
			"pike-meteoriciron": {
				translation: { x: -0.35, y: 0.05, z: 0.5 },
				rotation: { x: 89, y: 1, z: -1 }
			},
			"pike-temporalit": {
				translation: { x: -0.35, y: 0.05, z: 0.5 },
				rotation: { x: 89, y: 1, z: -1 }
			}
		}
	},
	durabilitybytype: {
		"*-tinbronze": 500,
		"*-bismuthbronze": 450,
		"*-blackbronze": 600,
		"*-steel": 1140,
		"*-iron": 840,
		"*-meteoriciron": 914,
		"*-temporalit": 1540
	},
	creativeinventory: { "general": ["*"], "items": ["*"], "tools": ["*"] , "expantion": ["*"] },
	guiTransformByType: {
		"*-tinbronze": {
			translation: { x: 0, y: 0, z: 0 },
			rotation: { x: -180, y: 128, z: 38 },
			origin: { x: 1.29, y: 0, z: 0.5 },
			scale: 2.26
		},
		"*-bismuthbronze": {
			translation: { x: 0, y: 0, z: 0 },
			rotation: { x: -180, y: 128, z: 38 },
			origin: { x: 1.29, y: 0, z: 0.5 },
			scale: 2.26
		},
		"*-blackbronze": {
			translation: { x: 0, y: 0, z: 0 },
			rotation: { x: -180, y: 128, z: 38 },
			origin: { x: 1.29, y: 0, z: 0.5 },
			scale: 2.26
		},
		"*-steel": {
			translation: { x: 0, y: 0, z: 0 },
			rotation: { x: -180, y: 128, z: 38 },
			origin: { x: 1.29, y: 0, z: 0.5 },
			scale: 2.26
		},
		"*-iron": {
			translation: { x: 0, y: 0, z: 0 },
			rotation: { x: -180, y: 128, z: 38 },
			origin: { x: 1.29, y: 0, z: 0.5 },
			scale: 2.26
		},
		"*-meteoriciron": {
			translation: { x: 0, y: 0, z: 0 },
			rotation: { x: -175, y: 140, z: 38 },
			origin: { x: 1.19, y: 0, z: 0.6 },
			scale: 2.26
		},
		"*-temporalit": {
			translation: { x: 0, y: 0, z: 0 },
			rotation: { x: -180, y: 128, z: 38 },
			origin: { x: 1.29, y: 0, z: 0.5 },
			scale: 2.26
		}
	},
	groundTransform: {
		translation: { x: 0, y: 0.05, z: 0 },
		rotation: { x: 74, y: 0, z: 0 },
		origin: { x: 0.5, y: 0, z: 0.5 },
		scale: 4.46
	},
		fpHandTransformByType: {
			"*-tinbronze": {
		translation: { x: 0.35, y: 0, z: 0 },
		rotation: { x: 180, y: 79, z: -160 },
		scale: 2.07
		},
		"*-bismuthbronze": {
		translation: { x: 0.35, y: 0, z: 0 },
		rotation: { x: 180, y: 79, z: -160 },
		scale: 2.07
		},
		"*-blackbronze": {
		translation: { x: 0.35, y: 0, z: 0 },
		rotation: { x: 180, y: 79, z: -160 },
		scale: 2.07
		},
		"*-steel": {
		translation: { x: 0.35, y: 0, z: 0 },
		rotation: { x: 180, y: 79, z: -160 },
		scale: 2.07
		},
		"*-iron": {
		translation: { x: 0.35, y: 0, z: 0 },
		rotation: { x: 180, y: 79, z: -160 },
		scale: 2.07
		},
		"*-meteoriciron": {
		translation: { x: 0.35, y: 0, z: 0 },
		rotation: { x: 180, y: 79, z: -160 },
		scale: 2.07
		},
		"*-temporalit": {
		translation: { x: 0.35, y: 0, z: 0 },
		rotation: { x: 180, y: 79, z: -160 },
		scale: 2.07
		}
	},
	tpHandTransformByType: {
		"*-tinbronze": {
			translation: { x: -1.1, y: 0.03, z: -0.56 },
			rotation: { x: -90, y: 0, z: 0 },
			origin: { x: 0.5, y: 0, z: 0.5 },
			scale: 0.83
		},
		"*-bismuthbronze": {
			translation: { x: -1.1, y: 0.03, z: -0.56 },
			rotation: { x: -90, y: 0, z: 0 },
			origin: { x: 0.5, y: 0, z: 0.5 },
			scale: 0.83
		},
		"*-blackbronze": {
			translation: { x: -1.1, y: 0.03, z: -0.56 },
			rotation: { x: -90, y: 0, z: 0 },
			origin: { x: 0.5, y: 0, z: 0.5 },
			scale: 0.83
		},
			"*-steel": {
			translation: { x: -1.1, y: 0.03, z: -0.56 },
			rotation: { x: -90, y: 0, z: 0 },
			origin: { x: 0.5, y: 0, z: 0.5 },
			scale: 0.83
		},
		"*-iron": {
			translation: { x: -1.1, y: 0.03, z: -0.56 },
			rotation: { x: -90, y: 0, z: 0 },
			origin: { x: 0.5, y: 0, z: 0.5 },
			scale: 0.83
		},
		"*-meteoriciron": {
			translation: { x: -1.1, y: 0.03, z: -0.56 },
			rotation: { x: -90, y: 0, z: 0 },
			origin: { x: 0.5, y: 0, z: 0.5 },
			scale: 0.83
		},
		"*-temporalit": {
			translation: { x: -1.1, y: 0.03, z: -0.56 },
			rotation: { x: -90, y: 0, z: 0 },
			origin: { x: 0.5, y: 0, z: 0.5 },
			scale: 0.83
		}
	}
}