{
	"code": "throwknife",
	"class": "EntityProjectile",
	"hitboxSize": { x: 0.125, y: 0.125 },
	"variantgroups":  [
		{ "code": "metal", "states": [ "copper", "tinbronze", "iron" ] },
		],
		"attributes": {
		"isProjectile": true
	},
	"client": {
		"renderer": "Shape",
		"shape": { "base": "qolcrafts:entity/throwknife" },
		"textures": {
	  "copper": { "base": "game:item/tool/material/{metal}" }
	},
	"behaviors": [
			{ 
				"code": "passivephysics", 
				"groundDragFactor": 1,
				"airDragFactor": 0.25,
				"gravityFactor": 0.75
			}, 
			{ "code": "interpolateposition" }
		],
	},
	"server": {
		"behaviors": [
			{ 
				"code": "passivephysics", 
				"groundDragFactor": 1,
				"airDragFactor": 0.25,
				"gravityFactor": 0.75
			}, 
			{ "code": "despawn", "minSeconds": 600 }
		]
	},
	"sounds": { }
}