[
	{
	"ingredientPattern": "KMS,MBM,_M_",
	"ingredients": {
		"M": { "type": "item", "code": "game:metalplate-copper", "quantity": 1 },
		"B": { "type": "item", "code": "game:backpack-sturdy" },
		"S": { "type": "item", "code": "game:solderingiron", "isTool": true },
		"K": { "type": "item", "code": "game:knife-*", "isTool": true }
	},
	"width": 3,
	"height": 3,
	"name": "backpacksturdy",
	"output": { "type": "item", "code": "backpacksturdy-copper"  }
	},
	{
	"ingredientPattern": "KMS,MBM,_M_",
	"ingredients": {
		"M": { "type": "item", "code": "game:metalplate-tinbronze", "quantity": 1 },
		"B": { "type": "item", "code": "backpacksturdy-copper" },
		"S": { "type": "item", "code": "game:solderingiron", "isTool": true },
		"K": { "type": "item", "code": "game:knife-*", "isTool": true }
	},
	"width": 3,
	"height": 3,
	"name": "backpacksturdy",
	"output": { "type": "item", "code": "backpacksturdy-tinbronze"  }
	},
	{
	"ingredientPattern": "KMS,MBM,_M_",
	"ingredients": {
		"M": { "type": "item", "code": "game:metalplate-iron", "quantity": 1 },
		"B": { "type": "item", "code": "backpacksturdy-tinbronze" },
		"S": { "type": "item", "code": "game:solderingiron", "isTool": true },
		"K": { "type": "item", "code": "game:knife-*", "isTool": true }
	},
	"width": 3,
	"height": 3,
	"name": "backpacksturdy",
	"output": { "type": "item", "code": "backpacksturdy-iron"  }
	},
	{
	"ingredientPattern": "KMS,MBM,_M_",
	"ingredients": {
		"M": { "type": "item", "code": "game:metalplate-steel", "quantity": 1 },
		"B": { "type": "item", "code": "backpacksturdy-iron" },
		"S": { "type": "item", "code": "game:solderingiron", "isTool": true },
		"K": { "type": "item", "code": "game:knife-*", "isTool": true }
	},
	"width": 3,
	"height": 3,
	"name": "backpacksturdy",
	"output": { "type": "item", "code": "backpacksturdy-steel"  }
	}

]