[
	{
	"ingredientPattern": "HMS,_С_,___",
	"ingredients": {
		"M": { "type": "item", "code": "game:metalplate-copper", "quantity": 1 },
		"С": { "type": "block", "code": "game:chest-east" },
		"S": { "type": "item", "code": "game:solderingiron", "isTool": true },
		"H": { "type": "item", "code": "game:hammer-*", "isTool": true }
	},
	"width": 3,
	"height": 3,
	"output": { "type": "block", "code": "metalchest-east","attributes": { "type": "copper" }  },
	},
	{
	"ingredientPattern": "HMS,_C_,___",
	"ingredients": {
		"M": { "type": "item", "code": "game:metalplate-tinbronze", "quantity": 1 },
		"C": { "type": "block", "code": "game:chest-east" },
		"S": { "type": "item", "code": "game:solderingiron", "isTool": true },
		"H": { "type": "item", "code": "game:hammer-*", "isTool": true }
	},
	"width": 3,
	"height": 3,
	"output": { "type": "block", "code": "metalchest-east","attributes": { "type": "tinbronze" }  },
	},
	{
	"ingredientPattern": "HMS,_C_,___",
	"ingredients": {
		"M": { "type": "item", "code": "game:metalplate-iron", "quantity": 1 },
		"C": { "type": "block", "code": "game:chest-east" },
		"S": { "type": "item", "code": "game:solderingiron", "isTool": true },
		"H": { "type": "item", "code": "game:hammer-*", "isTool": true }
	},
	"width": 3,
	"height": 3,
	"output": { "type": "block", "code": "metalchest-east","attributes": { "type": "iron" }  },
	},
	{
	"ingredientPattern": "HMS,_C_,___",
	"ingredients": {
		"M": { "type": "item", "code": "game:metalplate-steel", "quantity": 1 },
		"C": { "type": "block", "code": "game:chest-east" },
		"S": { "type": "item", "code": "game:solderingiron", "isTool": true },
		"H": { "type": "item", "code": "game:hammer-*", "isTool": true }
	},
	"width": 3,
	"height": 3,
	"output": { "type": "block", "code": "metalchest-east","attributes": { "type": "steel" }  },
	}

]