[
	{
	"ingredientPattern": "GGG,GCG,GGG",
	"ingredients": {
		"G": {"type": "block", "code": "game:gravel-*", "name": "material", "allowedVariants": ["andesite", "chalk", "chert", "conglomerate", "limestone", "claystone", "granite", "sandstone", "shale", "basalt", "peridotite", "phyllite", "slate", "bauxite", "suevite", "whitemarble", "greenmarble", "redmarble", "kimberlite"] },
		"C": {"type": "item", "code": "game:clay-red", }
	},
		"width": 3,
		"height": 3,
		"output": { "type": "item", "code": "game:clay-fire", "quantity": 1  }
},
{
	"ingredientPattern": "GGG,GCG,GGG",
	"ingredients": {
		"G": {"type": "block", "code": "game:gravel-*", "name": "material", "allowedVariants": ["andesite", "chalk", "chert", "conglomerate", "limestone", "claystone", "granite", "sandstone", "shale", "basalt", "peridotite", "phyllite", "slate", "bauxite", "suevite", "whitemarble", "greenmarble", "redmarble", "kimberlite"] }, 
		"C": {"type": "item", "code": "game:clay-blue", }
	},
		"width": 3,
		"height": 3,
		"output": { "type": "item", "code": "game:clay-fire", "quantity": 1  }
	}
]