[
{
	"ingredientPattern": "DDD,D_D,DDD",
	"ingredients": {
		"D": {"type": "item", "code": "game:drygrass", "quantity": 2 }
	},
		"width": 3,
		"height": 3,
		"output": { "type": "block", "code": "drygrassbasketchest-east","attributes": { "type": "normal" }  }
},
{
	"ingredientPattern": "DSD,SCS,DSD",
	"ingredients": {
		"D": {"type": "item", "code": "game:drygrass", "quantity": 2 },
		"S": {"type": "item", "code": "game:Stick", "quantity": 2 },
		"C": {"type": "item", "code": "game:clay-*", "quantity": 1 }
	},
		"width": 3,
		"height": 3,
		"output": { "type": "block", "code": "drygrassbasketchest-east","attributes": { "type": "dense" }  }
}
]