[
	{
		"ingredientPattern": "H	S",
		"ingredients": {
			"H": { "type": "item", "code": "hammerwood", "isTool": true  },
			"S": { "type": "item", "name": "game:ore", "code": "game:ore-poor-*" }
		},
		"width": 1,
		"height": 2,
		"output": { "type": "item", "code": "game:nugget-nativecopper", "quantity": 1  }
	},
	{
		"ingredientPattern": "H	S",
		"ingredients": {
			"H": { "type": "item", "code": "hammerwood", "isTool": true  },
			"S": { "type": "item", "name": "game:ore", "code": "game:ore-medium-*" }
		},
		"width": 1,
		"height": 2,
		"output": { "type": "item", "code": "game:nugget-nativecopper", "quantity": 1  }
	},
	{
		"ingredientPattern": "H	S",
		"ingredients": {
			"H": { "type": "item", "code": "hammerwood", "isTool": true  },
			"S": { "type": "item", "name": "game:ore", "code": "game:ore-rich-*" }
		},
		"width": 1,
		"height": 2,
		"output": { "type": "item", "code": "game:nugget-nativecopper", "quantity": 1  }
	},
	{
		"ingredientPattern": "H	S",
		"ingredients": {
			"H": { "type": "item", "code": "hammerwood", "isTool": true  },
			"S": { "type": "item", "name": "game:ore", "code": "game:ore-bountiful-*" }
		},
		"width": 1,
		"height": 2,
		"output": { "type": "item", "code": "game:nugget-nativecopper", "quantity": 1  }
	},


	{
		"ingredientPattern": "H	S",
		"ingredients": {
			"H": { "type": "item", "code": "hammerwood", "isTool": true  },
			"S": { "type": "item", "name": "game:ore", "code": "crystalizedgame:ore-poor-*" }
		},
		"width": 1,
		"height": 2,
		"output": { "type": "item", "code": "game:nugget-nativecopper", "quantity": 1  }
	},
	{
		"ingredientPattern": "H	S",
		"ingredients": {
			"H": { "type": "item", "code": "hammerwood", "isTool": true  },
			"S": { "type": "item", "name": "game:ore", "code": "crystalizedgame:ore-medium-*" }
		},
		"width": 1,
		"height": 2,
		"output": { "type": "item", "code": "game:nugget-nativecopper", "quantity": 1  }
	},
	{
		"ingredientPattern": "H	S",
		"ingredients": {
			"H": { "type": "item", "code": "hammerwood", "isTool": true  },
			"S": { "type": "item", "name": "game:ore", "code": "crystalizedgame:ore-rich-*" }
		},
		"width": 1,
		"height": 2,
		"output": { "type": "item", "code": "game:nugget-nativecopper", "quantity": 1  }
	},
	{
		"ingredientPattern": "H	S",
		"ingredients": {
			"H": { "type": "item", "code": "hammerwood", "isTool": true  },
			"S": { "type": "item", "name": "game:ore", "code": "crystalizedgame:ore-bountiful-*" }
		},
		"width": 1,
		"height": 2,
		"output": { "type": "item", "code": "game:nugget-nativecopper", "quantity": 1  }
	}
]
