[
{
	"ingredientPattern": "KH",
	"ingredients": {
		"K": {"type": "item", "code": "game:knife-*", "isTool": true },
		"H": {"type": "item", "code": "game:hide-raw-small"}
	},
		"width": 1,
		"height": 2,
		"output": { "type": "item", "code": "piceofhide", "quantity": 4  }
},
{
	"ingredientPattern": "KH",
	"ingredients": {
		"K": {"type": "item", "code": "game:knife-*", "isTool": true },
		"H": {"type": "item", "code": "game:hide-raw-medium"}
	},
		"width": 1,
		"height": 2,
		"output": { "type": "item", "code": "piceofhide", "quantity": 8  }
},
{
	"ingredientPattern": "KH",
	"ingredients": {
		"K": {"type": "item", "code": "game:knife-*", "isTool": true },
		"H": {"type": "item", "code": "game:hide-raw-large"}
	},
		"width": 1,
		"height": 2,
		"output": { "type": "item", "code": "piceofhide", "quantity": 16  }
},
{
	"ingredientPattern": "KH",
	"ingredients": {
		"K": {"type": "item", "code": "game:knife-*", "isTool": true },
		"H": {"type": "item", "code": "game:hide-raw-huge"}
	},
		"width": 1,
		"height": 2,
		"output": { "type": "item", "code": "piceofhide", "quantity": 32  }
}
]


	