{
	"ingredientPattern": "_S_,SCS,_S_",
	"ingredients": {
		"S": {"type": "item", "code": "game:stone-*", "quantity": 2, "name": "material", "allowedVariants": ["andesite", "chalk", "chert", "conglomerate", "limestone", "claystone", "granite", "sandstone", "shale", "basalt", "peridotite", "phyllite", "slate", "bauxite", "suevite", "whitemarble", "greenmarble", "redmarble", "kimberlite"] },
		"C": {"type": "item", "code": "game:clay-*", "quantity": 16 },
	},
		"width": 3,
		"height": 3,
		"output": { "type": "block", "code": "game:rock-{material}", "quantity": 1  }
}