[
	{
	"ingredientPattern": "HMS,_P_,_P_",
	"ingredients": {
		"M": { "type": "item", "code": "game:metalplate-copper", "quantity": 1 },
		"P": { "type": "block", "code": "spikes-wood" },
		"S": { "type": "item", "code": "game:solderingiron", "isTool": true },
		"H": { "type": "item", "code": "game:hammer-*", "isTool": true }
	},
	"width": 3,
	"height": 3,
	"output": { "type": "block", "code": "spikes-copper", "quantity": 2  }
	},
	{
	"ingredientPattern": "HMS,_P_,_P_",
	"ingredients": {
		"M": { "type": "item", "code": "game:metalplate-tinbronze", "quantity": 1 },
		"P": { "type": "block", "code": "spikes-wood" },
		"S": { "type": "item", "code": "game:solderingiron", "isTool": true },
		"H": { "type": "item", "code": "game:hammer-*", "isTool": true }
	},
	"width": 3,
	"height": 3,
	"output": { "type": "block", "code": "spikes-tinbronze", "quantity": 2   }
	},
	{
	"ingredientPattern": "HMS,_P_,_P_",
	"ingredients": {
		"M": { "type": "item", "code": "game:metalplate-iron", "quantity": 1 },
		"P": { "type": "block", "code": "spikes-wood" },
		"S": { "type": "item", "code": "game:solderingiron", "isTool": true },
		"H": { "type": "item", "code": "game:hammer-*", "isTool": true }
	},
	"width": 3,
	"height": 3,
	"output": { "type": "block", "code": "spikes-iron", "quantity": 2   }
	},
	{
	"ingredientPattern": "HMS,_P_,_P_",
	"ingredients": {
		"M": { "type": "item", "code": "game:metalplate-steel", "quantity": 1 },
		"P": { "type": "block", "code": "spikes-wood" },
		"S": { "type": "item", "code": "game:solderingiron", "isTool": true },
		"H": { "type": "item", "code": "game:hammer-*", "isTool": true }
	},
	"width": 3,
	"height": 3,
	"output": { "type": "block", "code": "spikes-steel", "quantity": 2   }
	},
	{
	"ingredientPattern": "SSS,_R_,SSS",
	"ingredients": {
		"S": { "type": "item", "code": "game:stick", "quantity": 1 },
		"R": { "type": "item", "code": "game:rope" }
	},
	"width": 3,
	"height": 3,
	"output": { "type": "block", "code": "spikes-wood", "quantity": 2   }
	}

]