{
	code: "metalbits_stable",
	shape: { base: "spearexpantion:item/material/metalbits" },
	textures: { "normal4": { "base": "game:block/metal/corroded/normal1" } },
	heldTpIdleAnimation: "holdbothhands",
	creativeinventory: { "general": ["*"], "items": ["*"], "decayingcreatures": ["*"] },
	maxstacksize: 32,
	materialDensity: 258,
	attributes: {
		heldItemPitchFollow: 0.9,
		groundStorageTransform: {
			translation: { x: 0, y: -0.3, z: 0 },
			rotation: { x: 0, y: 1, z: 0 },
			origin: { x: 0.5, y: 0.5, z: 0.61 },
			scale: 0.38
		},
	},
		behaviors: [{
		name: "GroundStorable",
		properties: {
			layout: 'Quadrants'
			},
			collisionBox: { x1: 0, y1: 0, z1: 0, x2: 1, y2: 0.25, z2: 1 }
		}],
	guiTransform: {
		translation: { x: -1, y: 8.8, z: -1 },
		rotation: { x: 114, y: -84, z: -57 },
		origin: { x: 0.46, y: 0.2, z: 0.5 },
		scale: 1.75
	},
	tpHandTransform: {
		translation: { x: -2, y: -0.4, z: -1.4 },
		rotation: { x: -68, y: 1, z: -125 },
		origin: { x: 0.5, y: 0.1, z: 0.5 }
	},
	groundTransform: {
		translation: { x: 0, y: 0.2, z: 0 },
		rotation: { x: 1, y: 30, z: 1 },
		origin: { x: 0.5, y: 0.5, z: 0.61 },
		scale: 1.94
	}
}