[
    {
        "ingredientPattern": "HSI,MPM,N_N",
		"enabled": true,
        "ingredients": {
            "H": { "type": "item", "code": "game:hammer-*", "isTool": true, "toolDurabilityCost": 5 },
            "S": { "type": "item", "code": "game:solderbar-*", "quantity": 2 },
			"I": { "type": "item", "code": "game:solderingiron", "isTool": true, "toolDurabilityCost": 5 },
			"M": { "type": "block", "code": "game:ingotmold-burned", "quantity": 4 },
			"P": { "type": "item", "code": "game:metalplate-iron", "quantity": 2 },
			"N": { "type": "item", "code": "game:metalnailsandstrips-*", "quantity": 2 }
        },
        "width": 3,
        "height": 3,
		"shapeless": false,
        "output": { "type": "block", "code": "molds:ingotmold-burned-normal", "quantity": 1 }
    },
	{
        "ingredientPattern": "HSI,MPM,_N_",
		"enabled": true,
        "ingredients": {
            "H": { "type": "item", "code": "game:hammer-*", "isTool": true, "toolDurabilityCost": 5 },
            "S": { "type": "item", "code": "game:solderbar-*", "quantity": 2 },
			"I": { "type": "item", "code": "game:solderingiron", "isTool": true, "toolDurabilityCost": 5 },
			"M": { "type": "block", "code": "molds:ingotmold-burned-mini"},
			"P": { "type": "item", "code": "game:metalplate-iron", "quantity": 1 },
			"N": { "type": "item", "code": "game:metalnailsandstrips-*", "quantity": 2 }
        },
        "width": 3,
        "height": 3,
		"shapeless": false,
        "output": { "type": "block", "code": "molds:ingotmold-burned-normal", "quantity": 1 }
    }
]