[
  {
    "file": "game:recipes/cooking/meatystew",
    "side": "server",
    "op": "add",
    "path": "/ingredients/4/validStacks/-",
    "value": {
      "type": "item",
      "code": "floralzonesmediterraneanregion:pickledvegetable-cynaracardunculusscolymuspetals",
      "shapeElement": "bowl/vegetable"
    }
  },
   {
    "file": "game:recipes/cooking/vegetablestew",
    "side": "server",
    "op": "add",
    "path": "/ingredients/0/validStacks/-",
    "value": {
      "type": "item",
      "code": "floralzonesmediterraneanregion:pickledvegetable-cynaracardunculusscolymuspetals",
      "shapeElement": "bowl/vegetable 1"
    }
  },
   {
    "file": "game:recipes/cooking/vegetablestew",
    "side": "server",
    "op": "add",
    "path": "/ingredients/1/validStacks/-",
    "value": {
      "type": "item",
      "code": "floralzonesmediterraneanregion:pickledvegetable-cynaracardunculusscolymuspetals",
      "shapeElement": "bowl/vegetable 1"
    }
  },
   {
    "file": "game:recipes/cooking/vegetablestew",
    "side": "server",
    "op": "add",
    "path": "/ingredients/2/validStacks/-",
    "value": {
      "type": "item",
      "code": "floralzonesmediterraneanregion:pickledvegetable-cynaracardunculusscolymuspetals",
      "shapeElement": "bowl/vegetable 1"
    }
  },
   {
    "file": "game:recipes/cooking/vegetablestew",
    "side": "server",
    "op": "add",
    "path": "/ingredients/3/validStacks/-",
    "value": {
      "type": "item",
      "code": "floralzonesmediterraneanregion:pickledvegetable-cynaracardunculusscolymuspetals",
      "shapeElement": "bowl/vegetable 1"
    }
  },
  {
    "file": "game:blocktypes/clay/pot",
    "side": "server",
    "op": "add",
    "path": "/attributesByType/claypot-cooked/textureMapping/pickledvegetable-cynaracardunculusscolymuspetals",
    "value": [ "vegetable", "group10" ]
  }
]
