{"GameVersion":"1.20.0-rc.6","SizeX":5,"SizeY":7,"SizeZ":5,"BlockCodes":{"3920":"game:crackedrock-granite","5107":"game:gravel-granite","9320":"game:metalblock-corroded-plain-rusty-iron","9321":"game:metalblock-corroded-riveted-rusty-iron","1322":"game:metalblock-new-plain-blackbronze","9365":"game:metalblock-corroded-plain-steel","6179":"game:rock-granite","456":"game:chiseledblock","8606":"game:clutter"},"ItemCodes":{},"Indices":[0,1024,2048,3072,4096,1048576,1049600,1050624,1051648,1052672,2097152,2098176,2099200,2100224,2101248,3146752,3147776,3148800,4195328,4196352,4197376,1,1025,2049,3073,4097,1048577,1049601,1050625,1051649,1052673,2097153,2098177,2099201,2100225,2101249,3145729,3146753,3147777,3148801,3149825,4194305,4195329,4196353,4197377,4198401,5244929,2,1026,2050,3074,4098,1048578,1049602,1050626,1051650,1052674,2097154,2098178,2099202,2100226,2101250,3145730,3146754,3147778,3148802,3149826,4194306,4195330,4196354,4197378,4198402,5244930,6293506,3,1027,2051,3075,4099,1048579,1049603,1050627,1051651,1052675,2098179,2099203,2100227,2101251,3146755,3147779,3148803,3149827,4195331,4196355,4197379,4198403,4,1028,2052,3076,4100,1049604,1050628,1051652,1052676,2098180,2099204,2100228,2101252,3147780,3148804,4196356,4197380],"BlockIds":[6179,6179,6179,6179,6179,6179,6179,6179,6179,6179,6179,6179,6179,6179,6179,6179,6179,6179,5107,5107,5107,6179,6179,6179,6179,6179,6179,6179,6179,6179,6179,6179,6179,6179,6179,6179,6179,6179,6179,6179,6179,5107,456,456,456,5107,456,6179,6179,8606,6179,6179,6179,6179,8606,6179,6179,6179,6179,8606,6179,6179,6179,6179,8606,6179,6179,5107,456,8606,456,5107,456,456,6179,6179,6179,6179,6179,6179,6179,6179,6179,6179,6179,6179,6179,6179,6179,6179,6179,6179,456,456,456,5107,6179,6179,6179,6179,6179,6179,6179,6179,6179,6179,6179,6179,6179,6179,6179,5107,5107],"DecorIndices":[],"DecorIds":[],"BlockEntities":{"4195329":"!<d@[F*O)1#64c-E,TfC*<6'>!<d@[F*]Ff#64o6@VfsmCI<#NAIW-_Bldj%ARo7dDe!Pj$#O*mATDKnCi][Y!!#h+!!)U(!!$[X!!!$*A7]7hE`-gtz!=3^aFCB9*Df,QJ\"TSo8@s)7!Bk29(znFlp5n2gW#FFO=Aq\"k',n36rh3<'#tGl7X'\\=Wf_>/(+!I,=qb?N1&gHG9IB^Ae1hoQpSZoR?n_\\@hpa]_qio]\"\\:0SDOA4gtr+Upq6[Ogt_tSrr3&dfY7F3r8.SDpn%TTqS*\"9$>\"'gFAlmaAO158!'^_qF(o/r;f?JdA,uZp#S1ujA7\\&CD/XK;;f?JdA,uZp\"USXSDe!QX@;TQU$Q!5p@;0OP@<?($BjkgTF^]00Bln'#EruCB!!!Q1!!!Q1!!!Q1!!!","4196353":"!<d@[F*O)1#64c-E,TfC*<6'>!<d@[F*]Ig#64o6@VfsmCI<#NAIW-_Bldj%ARo7dDe!Pj$#O*mATDKnCi]^Z!!#h+!!)U(!!$[X!!$^Y!!!$*A7]7hE`-gtz!=3^aFCB9*Df,QJ\"TSo8@s)7!Bk28rznFlp5n2gW#FFO=Aq\"k',E'FB=GeX9p4T>H#]`.tfoQpSZYWW!-[!r+t\\A&%-O<4MeZ9J?SYTEkhnG`Rr$>\"'gFAlmaAO158!'^_qF(o/r;f?JdA,uZp#S1ujA7\\&CD/XK;;f?JdA,uZp\"USXSDe!QX@;TQU$Q!5p@;0OP@<?($BjkgTF^]00Bln'#Es)IC!!!Q1!!!Q1!!!Q1!!!Q1!!!","4197377":"!<d@[F*O)1#64c-E,TfC*<6'>!<d@[F*]Lh#64o6@VfsmCI<#NAIW-_Bldj%ARo7dDe!Pj$#O*mATDKnCi][Y!!#h+!!)U(!!$[X!!!$*A7]7hE`-gtz!=3^aFCB9*Df,QJ\"TSo8@s)7!Bk29'zn9Y-8q\"Fc=GlIf[:`f\\QdX;,R;I9I_2Lbbg<dt+hYT3`+E$#,CdU*\":G(0OKq#(3VYTEl/[XS;@R%FBB])Mfr\\=WfGn/h_uepd_epqHgqgtr/!rr2uDnim3$oR?l/r8.J[$>\"'gFAlmaAO158!'^_qF(o/r;f?JdA,uZp#S1ujA7\\&CD/XK;;f?JdA,uZp\"USXSDe!QX@;TQU$Q!5p@;0OP@<?($BjkgTF^]00Bln'#EruCB!!!Q1!!!Q1!!!Q1!!!","5244929":"!<d@[F*O)1#64c-E,TfC*WQ0?!<d@[F*]Ig#64o6@VfsmCI<#NAIW-_Bldj%ARo7dDe!Pj$Zg3(G@Pc)DeWa'!rr<$s7,OXh;qoBhW.B2$P@#lDfor.;f6Mt6ZljVBk28fz_!h=5i%P-@k3r?]n,NFr$#O*mATDKnCi]XX!!$[X!!\"JP!!!$*A7]7hE`-gtz!=3^aFCB9*Df,QJ\"TSo8@s)7!Bk29'!!!#Tj]qoCeu\\u0j@o[3lFd4*nK.a<o&Tjing4BUo3VK9p1=>DpQ#;mq3D&\"qTf.[rRM!frpKi:ngOQgp29q\\q4@Y:rRh1SngX[DrRq:engsjVrS7JBnh't3rS@STnh1\"CrSIS\\$>\"'gFAlmaAO158!!!92F(o/r;f?JdA,uZ1#S1ujA7\\&CD/XK;;f?JdA,uZ1\"USXSDe!QX@;TQU$Q!5p@;0OP@<?($BjkgTF^]00Bln'#Erl=A!!!Q1!!!Q1!!!","2050":"!<d@[F*O,2#64c-E,TfC)#sX:!<d@[F*]Ig#64o6@VfsmCI<#NAHu^]F`__:EWlSfH#R='CggjbATBA2B4YU.\":&scFCB9&=9&=$!!EUFATMNNDJ*csgCMCj\":&scFCB9&=o\\O&!!rsADes6$@ru9m!!E[MAT2'lE`7'gFCbFP!!!-,De<U&ATV#S!!!!%#B+3dF(KGrz\":&jWAohO*=o\\O&!!!","1050626":"!<d@[F*O,2#64c-E,TfC)?9a;!<d@[F*]Ig#64o6@VfsmCI<#NAHu^]F`__:EWlSfH#R='CggjbATBA2B4YU.\":&scFCB9&=9&=$!!EUFATMNNDJ*csgCMCj\":&scFCB9&=o\\O&!!rsADes6$@ru9m!!E[MAT2'lE`7'gFCbFP!!!-,De<U&ATV#S!!!!%#B+3dF(KGrz\":&jWAohO*=o\\O&!!!","2099202":"!<d@[F*O,2#64c-E,TfC)ZTj<!<d@[F*]Ig#64o6@VfsmCI<#NAHu^]F`__:EWlSfH#R='CggjbATBA2B4YU/\":&scFCB9&=9&=$!!EUFATMNNDJ*csgCMCj\":&scFCB9&=o\\O&!!rsADes6$@ru9m!!E[MAT2'lE`7'gFCbFP!!!-,De<U&ATV#S!!!!%#B+3dF(KGrz\":&jWAohO*=o\\O&!!!","3147778":"!<d@[F*O,2#64c-E,TfC)uos=!<d@[F*]Ig#64o6@VfsmCI<#NAHu^]F`__:EWlSfH#R='CggjbATBA2B4YU0\":&scFCB9&=9&=$!!EUFATMNNDJ*csgCMCj\":&scFCB9&=o\\O&!!rsADes6$@ru9m!!E[MAT2'lE`7'gFCbFP!!!-,De<U&ATV#S!!!!%#B+3dF(KGrz\":&jWAohO*=o\\O&!!!","4195330":"!<d@[F*O,2#64c-E,TfC*<6'>!<d@[F*]Ff#64o6@VfsmCI<#NAIW-_Bldj%ARo7dDe!Pj$#O*mATDKnCi]^Z!!#h+!!)U(!!$[X!!$^Y!!!$*A7]7hE`-gtz!=3^aFCB9*Df,QJ\"TSo8@s)7!Bk29\"znFlp50L#Sgo_SX(1q`n)r;QlW'Rp/A355IQ1k,LYn2gWgY^Z\\lGeF+<=J#WTHG9IBGb4uW\\A&'gn36rtoXt7koNqXcf\"V4Qp7DBRqS*\"9$>\"'gFAlmaAO158!'^_qF(o/r;f?JdA,uZp#S1ujA7\\&CD/XK;;f?JdA,uZp\"USXSDe!QX@;TQU$Q!5p@;0OP@<?($BjkgTF^]00Bln'#Es)IC!!!Q1!!!Q1!!!Q1!!!Q1!!!","4196354":"!<d@[F*O,2#64c-E,TfC*<6'>!<d@[F*]Ig#64o6@VfsmCI<#NAHu^]F`__:EWlSfH#R='CggjbATBA2B4YU.\":&scFCB9&=9&=$!!EUFATMNNDJ*csgCMCj\":&scFCB9&=o\\O&!!rsADes6$@ru9m!!E[MAT2'lE`7'gFCbFP!!!-,De<U&ATV#S!!!!%#B+3dF(KGrz\":&jWAohO*=o\\O&!!!","4197378":"!<d@[F*O,2#64c-E,TfC*<6'>!<d@[F*]Lh#64o6@VfsmCI<#NAIW-_Bldj%ARo7dDe!Pj$#O*mATDKnCi]^Z!!#h+!!)U(!!$[X!!$^Y!!!$*A7]7hE`-gtz!=3^aFCB9*Df,QJ\"TSo8@s)7!Bk28tzn9Y-8q\"Fc=q#(6/n37#joR?l!31g60)SZ:14T>HA>/(+!pn%QII,=qbrr3#]R_Jjdgtr.t]\"\\:4g:mXUqS*(!r8.J[$>\"'gFAlmaAO158!'^_qF(o/r;f?JdA,uZp#S1ujA7\\&CD/XK;;f?JdA,uZp\"USXSDe!QX@;TQU$Q!5p@;0OP@<?($BjkgTF^]00Bln'#Es)IC!!!Q1!!!Q1!!!Q1!!!Q1!!!","5244930":"!<d@[F*O,2#64c-E,TfC*WQ0?!<d@[F*]Ig#64o6@VfsmCI<#NAIW-_Bldj%ARo7dDe!Pj$#O*mATDKnCi][Y!!$[X!!\"JP!!&90!!!$*A7]7hE`-gtz!=3^aFCB9*Df,QJ\"TSo8@s)7!Bk29&zn.5R\"'(>l4\"#9lg%)N$!!!<6U!Ug\"B&+]fe!\"T&p&,uVAi=Q&%'&`gf'NG02)RTU.'NkI!)S#mr'O:ae)SH.Qmbn-Is6p\"d-)CU)-)gmm-*7.Wo$@@Xim@`:rnmb^$>\"'gFAlmaAO158!!ii:F(o/r;f?JdA,uZ9#S1ujA7\\&CD/XK;;f?JdA,uZ9\"USXSDe!QX@;TQU$Q!5p@;0OP@<?($BjkgTF^]00Bln'#EruCB!!!Q1!!!Q1!!!Q1!!!","6293506":"!<d@[F*O,2#64c-E,TfC*rl9@!<d@[F*]Ig#64o6@VfsmCI<#NAIW-_Bldj%ARo7dDe!Pj$Zg3(G@Pc)DeWa'!<<*\"&-25#$P@#lDfor.;f6Mt6ZljVBk28c!!!!\"nF-Dc$#O*mATDKnCi]UW!!$[X!!!$*A7]7hE`-gtz!=3^aFCB9*Df,QJ\"TSo8@s)7!Bk28cz!:^$p$>\"'gFAlmaAO158!!!92F(o/r;f?JdA,uZ1#S1ujA7\\&CD/XK;;f?JdA,uZ1\"USXSDe!QX@;TQU$Q!5p@;0OP@<?($BjkgTF^]00Bln'#Erc7@!!!Q1!!!","4195331":"!<d@[F*O/3#64c-E,TfC*<6'>!<d@[F*]Ff#64o6@VfsmCI<#NAIW-_Bldj%ARo7dDe!Pj$#O*mATDKnCi][Y!!#h+!!)U(!!$[X!!!$*A7]7hE`-gtz!=3^aFCB9*Df,QJ\"TSo8@s)7!Bk28sznFlp5n:(IhGeF*-I/<oZ*<-)u(r$'fI,+e>55t]D31g62>/('s4Pp.WIfBE/=J#TSr8.P;pqHicq#(6Wrr3!)$>\"'gFAlmaAO158!'^_qF(o/r;f?JdA,uZp#S1ujA7\\&CD/XK;;f?JdA,uZp\"USXSDe!QX@;TQU$Q!5p@;0OP@<?($BjkgTF^]00Bln'#EruCB!!!Q1!!!Q1!!!Q1!!!","4196355":"!<d@[F*O/3#64c-E,TfC*<6'>!<d@[F*]Ig#64o6@VfsmCI<#NAIW-_Bldj%ARo7dDe!Pj$#O*mATDKnCi]^Z!!#h+!!)U(!!$[X!!$^Y!!!$*A7]7hE`-gtz!=3^aFCB9*Df,QJ\"TSo8@s)7!Bk29(znFlp5E;]dp0`M79E'F?`<;us\\FC,(2et2s)HN*u$n3$f.o_S[1ZsNgS[_2[^r8.Orrqul]n/h\\pP!9!2R_JmeT)SfUZ9J?S]\"\\71rr3#CoNqXCp:ULnnim0AqS*(!p4!)1pn%Qm$>\"'gFAlmaAO158!'^_qF(o/r;f?JdA,uZp#S1ujA7\\&CD/XK;;f?JdA,uZp\"USXSDe!QX@;TQU$Q!5p@;0OP@<?($BjkgTF^]00Bln'#Es)IC!!!Q1!!!Q1!!!Q1!!!Q1!!!","4197379":"!<d@[F*O/3#64c-E,TfC*<6'>!<d@[F*]Lh#64o6@VfsmCI<#NAIW-_Bldj%ARo7dDe!Pj$#O*mATDKnCi][Y!!#h+!!)U(!!$[X!!!$*A7]7hE`-gtz!=3^aFCB9*Df,Pg!<<K4@s)7!Bk28sznFlp5E-hS8q#:B10HUA3&jHH5FF=/I'Rp,\";Ek0@1k,PEE$#)@FC,%/p4!+_E]jEbnim/2n9k?$n/h\\poNqV)$>\"'gFAlmaAO158!'^_qF(o/r;f?JdA,uZp#S1ujA7\\&CD/XK;;f?JdA,uZp\"USXSDe!QX@;TQU$Q!5p@;0OP@<?($BjkgTF^]00Bln'#EruCB!!!Q1!!!Q1!!\",A!!!"},"Entities":[],"ReplaceMode":2,"EntranceRotation":-1,"OriginalPos":{"X":516247,"Z":513068,"InternalY":25}}