[
{
		ingredientPattern: "H__,C__,MS_",
		ingredients: {
			"M": { type: "item", code: "spearexpantion:metalstrings"},
			"H": { type: "item", code: "game:hammer-*", "isTool": true, "toolDurabilityCost": 5},
			"C": { type: "item", code: "game:chisel-*", "isTool": true, "toolDurabilityCost": 20},
			"S": { type: "item", code: "game:saw-*", "isTool": true, "toolDurabilityCost": 10}
		},
		width: 3,
		height: 3,
		shapeless: false,
		output: { type: "item", code: "spearexpantion:metalbits_rusty", quantity: 2  }
	},
	{
		ingredientPattern: "H__,C__,MS_",
		ingredients: {
			"M": { type: "item", code: "spearexpantion:metalstringswithpearl"},
			"H": { type: "item", code: "game:hammer-*", "isTool": true, "toolDurabilityCost": 5},
			"C": { type: "item", code: "game:chisel-*", "isTool": true, "toolDurabilityCost": 20},
			"S": { type: "item", code: "game:saw-*", "isTool": true, "toolDurabilityCost": 10}
		},
		width: 3,
		height: 3,
		shapeless: false,
		output: { type: "item", code: "spearexpantion:metalbits_rusty", quantity: 4  }
	}
]