[
    {
        "ingredientPattern": "H,B",
        "ingredients": {
            "H": {
                "type": "item",
                "code": "game:axehead-*",
                "name": "metal",
                "allowedVariants": [ "copper", "tinbronze", "bismuthbronze", "blackbronze", "gold", "silver", "iron", "meteoriciron", "steel" ]
            },
            "B": {
                "type": "item",
                "code": "game:bone"
            }
        },
        "width": 1,
        "height": 2,
        "output": {
            "type": "item",
            "code": "axe-bonified-{metal}", "quantity": 1
        }
    }
]