[
    {
        "ingredientPattern": "H,B",
        "ingredients": {
            "H": {
                "type": "item",
                "code": "game:spearhead-*",
                "name": "metal",
                "allowedVariants": [ "granite", "andesite", "basalt", "obsidian", "peridotite", "chert", "flint", "copper", "tinbronze", "bismuthbronze", "blackbronze" ]
            },
            "B": {
                "type": "item",
                "code": "game:bone"
            }
        },
        "width": 1,
        "height": 2,
        "output": {
            "type": "item",
            "code": "spear-bonified-{metal}", "quantity": 1
        }
    }
]