{
	"ingredient": { "type": "item", "code": "game:clay-*", "name": "type", "allowedVariants": ["blue", "fire", "red" ] },
	"pattern": [[
		"##############",
        "##############",
        "##############",
        "##############",
        "##############",
        "##############",
        "##############",
        "##############",
        "##############",
        "##############",
        "##############",
        "##############",
        "##############",
        "##############"
	],
	[
        "##############",
        "####___###___#",
        "####_#_###_#_#",
        "####___###___#",
        "#___###___####",
        "#_#_###_#_####",
        "#___###___####",
        "####___###___#",
		"####_#_###_#_#",
		"####___###___#",
        "#___###___####",
        "#_#_###_#_####",
        "#___###___####",
	    "##############"
		
	]],
	"name": "Chain Ring Mold",
	"output": { "type": "block", "code": "chainringmold-raw-chainring-north"  }
}