{
	"ingredient": { "type": "item", "code": "game:clay-*", "name": "type", "allowedVariants": ["blue", "fire", "red"] },
	"pattern": [[
		"##############",
		"##############",
		"##############",
		"##############",
		"##############",
		"##############",
		"##############",
		"##############",
		"##############",
		"##############",
		"##############",
		"##############",
		"##############",
		"##############"
	],
	[
		"##############",
		"##__##__##__##",
		"##__##__##__##",
		"##__##__##__##",
		"##__##__##__##",
		"##__##__##__##",
		"##__##__##__##",
		"##############",
		"##############",
		"##_##_##_##_##",
		"##_##_##_##_##",
		"##_##_##_##_##",
		"##_##_##_##_##",
		"##############"
	]
],
	"name": "Nails and Strips Mold",
	"output": { "type": "block", "code": "nailsandstripsmold-raw-nailsandstrips-north"  }
}