{
	"ingredient": { "type": "item", "code": "game:clay-*", "name": "type", "allowedVariants": ["blue", "fire", "red"] },
	"pattern": [[
		"##############",
		"##############",
		"##############",
		"##############",
		"##############",
		"##############",
		"##############",
		"##############",
		"##############",
		"##############",
		"##############",
		"##############",
		"##############",
		"##############"
	],
	[
		"##############",
		"##############",
		"##############",
		"####_####_####",
		"####_####_####",
		"####______####",
		"######__######",
		"######__######",
		"######__######",
		"######__######",
		"######__######",
		"######__######",
		"##############",
		"##############"
	]
],
	"name": "Wrench Mold",
	"output": { "type": "block", "code": "wrenchmold-raw-wrench-north"  }
}