{
	code: "racoonminion",
	class: "EntityLocust",
	canClimb: true,
	canClimbAnywhere: true,
	climbTouchDistance: 0.1,
	rotateModelOnClimb: true,
	fallDamageMultiplier: 0.0,
	hitboxSize: { x: 0.65, y: 0.6 },
	deadHitboxSize: { x: 0.65, y: 0.5 },
	eyeHeight: 0.4,
	attributes: {
		spawnDamageParticles: true,
		spawnCloserDuringLowStability: true,
		isMechanical: true,
	},
	drops: [
			{
				type: "block", 
				code: "game:metal-scraps", 
				quantity: { avg: 0.1, var: 1 } 
			},
			{
				type: "item",
				code: "game:rot",
				quantity: { avg: 1, var: 1 }
			}
		],
	client: {
		renderer: "Shape",
		shape: { base: "rottingenimals:entity/special/minionracoon" },
		size: 1.4,
		behaviors: [
			{ code: "repulseagents" }, 
			{ code: "controlledphysics", stepHeight: 1.1251 }, 
			{ code: "floatupwhenstuck", onlyWhenDead: true },
			{ code: "interpolateposition" },
			{ code: "harvestable" }
		],
		animations: [
			{
				code: "hurt",
				animation: "hurt",
				animationSpeed: 2.2,
				weight: 5,
				blendMode: "AddAverage"
			},
			{
				code: "die",
				animation: "death", 
				animationSpeed: 1.25,
				weight: 10,
				blendMode: "Average",
				triggeredBy: { onControls: ["dead"] }
			},
			{ 
				code: "idle", 
				animation: "idle",
				blendMode: "Average", 
				triggeredBy: { defaultAnim: true },
			}
		]
	},
	server: {
		behaviors: [
			{ code: "repulseagents" }, 
			{ code: "controlledphysics", stepHeight: 1.1251 },
			{ code: "health", 
				currenthealthByType: {
					"*": 37
				},
				maxhealthByType: {
					"*": 37
				}
			},
			{ code: "deaddecay", hoursToDecay: 20, decayedBlock: "carcass-small" },
			{ code: "floatupwhenstuck", onlyWhenDead: true },
			{ code: "harvestable", drops: [
			{
				type: "item",
				code: "game:gear-rusty",
				dropModbyStat: "rustyGearDropRate",
				quantity: { avg: 0.1, var: 0 }
			}
		]
		},
			{ code: "despawn", minPlayerDistance: 60, minSecondsByType: { "*": 2000 } },
			{
				code: "emotionstates",
				states: [ 
					{ code: "fleeondamage", duration: 10, chance: 0.01, slot: 0, priority: 1, accumType: "max" }
				]
			},
			{
				code: "taskai",
				aitasks: [
					{
						code: "meleeattack",
						entityCodes: ["player"],
						priority: 3,
						damageByType: {
							"*": 8.5,
						},
						damageTierByType: {
							"*": 3,
						},
						mincooldown: 1500,
						maxcooldown: 1500,
						damageTypeByType: {
							"*": "SlashingAttack"
						},
						damagePlayerAtMs: 500,
						attackDurationMs: 800,
						animation: "attack",
						animationSpeed: 1.8,
						soundByType: {
							"*": "game:creature/drifter-hit"
						},
						soundStartMs: 1000
					},
					{
						code: "stayclosetoentity",
						priority: 2,
						entityCodes: ["player"],
						movespeed: 0.08,
						maxDistance: 7,
						onlyIfLowerId: true,
						searchRange: 16,
						animation: "run",
						animationSpeed: 6.5
					},
					{
						code: "seekentity",
						entityCodes: ["player"],
						priority: 1.5,
						mincooldown: 500,
						maxcooldown: 1000,
						movespeed: 0.05,
						seekingRange: 15,
						maxFollowTime: 20,
						animationSpeed: 7,
						sound: "rottingenimals:creature/raccoon/aggro",
						alarmHerd: true,
						leapAtTarget: true,
						leapAnimation: "attack",
						animation: "idle"
					},
					{
						code: "wander",
						priority: 1.3,
						priorityForCancel: 1.3,
						movespeed: 0.052,
						animationSpeed: 4,
						animation: "run",
						teleportWhenOutOfRange: true,
						teleportInGameHours: 1,
						maxDistanceToSpawn: 10
					},
					{
						code: "idle",
						priority: 1.2,
						priorityForCancel: 1.25,
						minduration: 2500,
						maxduration: 2500,
						mincooldown: 6000,
						maxcooldown: 20000,
						animation: "idle",
						animationSpeed: 1.25
					},
					{
						code: "wander",
						priority: 1.1,
						priorityForCancel: 1.1,
						movespeed: 0.002,
						animationSpeed: 1.5,
						animation: "walk",
						preferredLightLevel: 7
					}
				]
			}
		],
	},
	sounds: {
		hurt: "rottingenimals:creature/racoon/hurt",
		death: "rottingenimals:creature/racoon/death",
		idle: "game:creature/locust/idle"
	},
	idleSoundChance: 0.05
}