{
	code: "decayingbear",
	class: "EntityAgent",
	canClimbByType: {
		"*": true
	},
collisionBoxSizeByType: {
		"*": { x: 1.6, y: 1.3 }
	},
	deadCollisionBoxSizeByType: {
		"*": { x: 1.2, y: 0.75}
	},	
	selectionBoxSizeByType: {
		"*": { x: 2.1, y: 2.9 }
	},
	deadSelectionBoxSizeByType: {
		"*": { x: 1.7, y: 1.5 }
	},	
	knockbackResistanceByType: {
		"*": 1
	},
	eyeHeight: 1,
	swimmingEyeHeight: 1.2,
	drops: [	
					{
						type: "block", 
						code: "game:metal-scraps", 
						quantity: { avg: 10, var: 1 } 
					},
					{
						type: "block", 
						code: "game:metal-parts", 
						quantity: { avg: 8, var: 1 } 
					},
					{
						type: "item",
						code: "game:rot",
						quantity: { avg: 40, var: 1 }
					},
					{
						type: "item", 
						code: "game:gear-temporal", 
						quantity: { avg: 1, var: 1 } 
					}
				],
	attributes: {
		killedByInfoText: "deadcreature-vile",
		isMechanical: true,
		glitchAffected: true,
		glitchFlicker: true,
		reckless: true,
		extraSplashParticlesMul: 4,
		spawnCloserDuringLowStability: true,
		onDeathStabilityRecovery: 0.3,
		basketCatchable: true,
		trapChance: 0.0,
		trapDestroyChance: 0.9,
		guiTransform: {
			translation: { x: 0, y: 0, z: 0 },
			rotation: { x: 180, y: -115, z: 6 },
			origin: { x: 0.5, y: 0.74, z: 0.5 }
		},
		tpHandTransform: {
			translation: { x: -0.7, y: -0.8, z: -0.6 },
			rotation: { x: 1, y: 172, z: 26 },
			scale: 0.44
		},
		fpHandTransform: {
			translation: { x: 0.05, y: -0.3, z: 0.5 },
			rotation: { x: -8, y: -84, z: -31 },
		},
		groundTransform: {
			translation: { x: 0, y: 0.1, z: 0 }
		}
	},
	client: {
		renderer: "Shape",
		shape: { base: "rottingenimals:entity/land/bear" },
		sizeByType: {
			"*": 1.4,
		},
		behaviors: [
			{ code: "repulseagents" }, 
			{ code: "controlledphysics", stepHeightByType: 
			{
				"*": 3.1251
			}
			}, 
			{ code: "floatupwhenstuck", onlyWhenDead: true },
			{ code: "interpolateposition" },
			{ code: "harvestable" },
			{ code: "despawn", minPlayerDistance: 32, belowLightLevel: 0, minSeconds: 500, afterDays: 30 },
		],
		animations: [
			{
				code: "hurt",
				animation: "hurt", 
				animationSpeed: 2.2,
				weight: 10,
				blendMode: "AddAverage" 
			},
			{
				code: "die",
				animation: "die", 
				animationSpeed: 1.25,
				weight: 10,
				blendMode: "Average",
				triggeredBy: { onControls: ["dead"] }
			},
			{ 
				code: "idle", 
				animation: "idle",
				blendMode: "AddAverage",
				easeOutSpeed: 4,
				animationSpeedByType: {
					"*": 0.4
				},
				triggeredBy: { defaultAnim: true },
			},
			{
				code: "sleep", 
				animation: "sleep",
				easeInSpeed: 4,
				easeOutSpeed: 4,
				weight: 1.25,
				blendMode: "Average", 
			},
			{
				code: "sit", 
				animation: "sit",
				easeInSpeed: 4,
				easeOutSpeed: 3,
				animationSpeedByType: {
					"*": 0.4
				},
				supressDefaultAnimation: true,
				blendMode: "Average", 
			},
			{
				code: "stand",
				animation: "stand",
				easeOutSpeed: 2,
				weight: 1,
				blendMode: "Average", 
			},
			{
				code: "lie",
				animation: "lie",
				animationSpeedByType: {
					"*": 0.2
				},
				blendMode: "Average", 
			},
			{
				code: "walk",
				animation: "walk",
				supressDefaultAnimation: true,
				blendMode: "AddAverage"
			}
		]
	},
	server: {
		attributes: {
			pathfinder: {
				minTurnAnglePerSec: 350,
				maxTurnAnglePerSec: 650
			}
		},
		behaviors: [
			{ code: "repulseagents" }, 
			{ code: "controlledphysics", stepHeightByType: 
			{
				"*": 3.1251
			}
			}, 
			{ code: "despawn", minPlayerDistance: 16, belowLightLevel: 0, minSeconds: 300, afterDays: 21 },
			{ code: "health", 
				maxhealthByType: {
					"*": 80
				}
			},
			{ code: "deaddecay", hoursToDecay: 86, decayedBlock: "carcass-large" },
			{ code: "floatupwhenstuck", onlyWhenDead: true },
						{ code: "harvestable", drops: [
					{
						type: "item", 
						code: "game:gear-rusty", 
						quantity: { avg: 10, var: 1 } 
					},
					{
						type: "item",
						code: "game:stackrandomizer-alljonas",
						quantity: { avg: 3, var: 2 }
					},
					{
						type: "item",
						code: "rottingenimals:bearhead",
						quantity: { avg: 0.15, var: 0 }
					},
					{
						type: "item",
						code: "spearexpantion:metalstrings",
						quantity: { avg: 0, var: 0 }
					}
				]
			},
			{ code: "breathe" },
			{ 
				code: "emotionstates",
				states: [
					{ code: "fleeondamage", 
							duration: 30, 
							chanceByType: {
								"*": 0.03
							}, 
							slot: 2, 
							priority: 5, 
							accumType: "max", 
							whenHealthRelBelow: 0.3 },
					{ 
						code: "saturated", 
						duration: 1200, chance: 1, slot: 0, priority: 1, accumType: "sum",
						belowTempDuration: 600,
						belowTempThreshold: -5
					},
					{ code: "aggressiveondamage", duration: 30, chance: 1, slot: 2, priority: 2, accumType: "noaccum" },
					{ code: "alarmherdondamage", chance: 1, slot: 1, priority: 1, accumType: "max" },
				],
			},
			{ 
				code: "taskai",
				aitasks: [
					{
						code: "meleeattack",
						entityCodesByType: {
							"*": ["player", "chicken-*", "hare-*", "fox-*", "raccoon-*", "pig-*", "sheep-*", "deer-*"]
						},
						priority: 1.5,
						damageByType: {
							"*": 20
						},
						damageTier: 3,
						damageType: "SlashingAttack",
						damage: 20,
						minDist: 2,
						minVerDist: 1.5,
						slot: 1,
						mincooldown: 1500, 
						maxcooldown: 1500, 
						attackDurationMs: 800,
						damagePlayerAtMs: 500,
						animation: "Attack",
						animationSpeed: 1,
						sound: "rottingenimals:creature/bear/attack"
					},
					{
						code: "meleeattack",
						entityCodes: ["player"],
						priority: 2,
						damageTier: 3,
						damageByType: {
							"*": 20
						},
						damageType: "SlashingAttack",
						damage: 20,
						minDist: 2.5,
						minVerDist: 1.5,
						slot: 1,
						mincooldown: 1500, 
						maxcooldown: 1500, 
						attackDurationMs: 800,
						damagePlayerAtMs: 500,
						animation: "Attack",
						animationSpeed: 1,
						sound: "rottingenimals:creature/bear/attack",
						whenInEmotionState: "aggressiveondamage"
					},
					{
						code: "fleeentity",
						entityCodes: ["player"],
						priority: 0.7,
						seekingRange: 20,
						animation: "Run",
						sound: "rottingenimals:creature/bear/flee",
						whenInEmotionState: "fleeondamage",
						"__comment": "Move and anim speeds tuned to male versions only",
						animationSpeedByType: {
							"*": 1.8
						},
						movespeedByType: {
							"*": 0.06
						}
					},
					{
						code: "seekentity",
						"__comment": "Empty entity codes list means it will not actively seek creatures, but will still execute retaliatory attacks",
						entityCodesByType: {
							"*": ["player", "wolf-male", "wolf-female", "hyena-male", "hyena-female", "bear-*", "chicken-*", "hare-*", "fox-*", "raccoon-*", "pig-*", "sheep-*"]
						},
						priority: 1.8,
						extraTargetDistance: 0.5,
						seekingRange: 20,
						animation: "Run",
						sound: "rottingenimals:creature/bear/aggro",
						whenNotInEmotionState: "saturated",
						animationSpeedByType: {
							"*": 1.8,
						},
						movespeedByType: {
							"*": 0.06
						}
					},
					{
						code: "fleeentity",
						entityCodesByType: {
							"*": []
						},
						priority: 1.5,
						seekingRange: 5,
						animation: "Run",
						animationSpeedByType: {
							"*": 1.8
						},
						movespeedByType: {
							"*": 0.06
						}
					},					
					{
						code: "seekentity",
						entityCodes: ["player"],
						priority: 2,
						seekingRange: 30,
						animation: "Run",
						leapAtTarget: true,
						leapAnimation: null,
						leapChance: 0.02,
						sound: "rottingenimals:creature/bear/aggro",
						whenInEmotionState: "aggressiveondamage",
						animationSpeedByType: {
							"*": 1.8
						},
						movespeedByType: {
							"*": 0.06
						}
					},
					{
						code: "getoutofwater",
						priority: 1.4,
						movespeedByType: {
							"*": 0.035,
						},
						animation: "Swim",
						animationSpeedByType: {
							"*": 0.8,
						}
					},
					{
						code: "idle",
						priority: 1.3,
						priorityForCancel: 1.35,
						minduration: 200000,
						maxduration: 800000,
						mincooldown: 10000,
						maxcooldown: 30000,
						animation: "Sleep",
						animationSpeed: 0.3,
						whenNotInEmotionState: "aggressiveondamage",
						duringDayTimeFrames: [ { fromHour: 10, toHour: 18 }, { fromHour: 1, toHour: 3 } ],
						stopOnNearbyEntityCodes: ["player"],
						stopRange: 10,
						stopOnHurt: true
					},					
					{
						code: "idle",
						priority: 1.2,
						priorityForCancel: 1.35,
						minduration: 4667,
						maxduration: 4667,
						mincooldown: 80000,
						maxcooldown: 500000,
						animation: "Stand",
						whenNotInEmotionState: "aggressiveondamage",
						animationSpeed: 0.5
					},
					{
						code: "idle",
						priority: 1.1,
						priorityForCancel: 1.35,
						minduration: 2500,
						maxduration: 2500,
						mincooldown: 6000,
						maxcooldown: 20000,
						animation: "Stand",
						whenNotInEmotionState: "aggressiveondamage",
						animationSpeed: 1.25
					},
					{
						code: "wander", 
						priority: 1.0, 
						priorityForCancel: 1.35,
						animation: "Walk",
						preferredLightLevel: 20,
						animationSpeedByType: {
							"*": 0.8
						},
						movespeedByType: {
							"*": 0.019
						},
					},
					{
						code: "idle",
						priority: 0.9,
						priorityForCancel: 1.35,
						minduration: 5000,
						maxduration: 30000,
						mincooldown: 2000,
						maxcooldown: 120000,
						animation: "Sit",
						supressDefaultAnimation: true,
						whenNotInEmotionState: "aggressiveondamage",
						stopOnNearbyEntityCodes: ["player"],
						stopRange: 5
					},
					{
						code: "idle",
						priority: 0.6,
						priorityForCancel: 1.35,
						minduration: 5000,
						maxduration: 30000,
						mincooldown: 2000,
						maxcooldown: 120000,
						animation: "Lie",
						whenNotInEmotionState: "aggressiveondamage",
						stopOnNearbyEntityCodes: ["player"],
						stopRange: 5
					},
					{ 
						code: "lookaround", 
						turnSpeedMul: 0.2,
						priority: 0.5
					}
				]
			},
		],
		spawnconditionsByType: {
			"*": {
				worldgen: {
					TriesPerChunk: { avg: 0.0015, var: 0 },
					groupSize: { dist: "verynarrowgaussian", avg: 1, var: 1 },
					insideBlockCodes: ["game:air", "game:soil-*","game:gravel-*", "game:tallgrass-*", "game:snowlayer-1", "game:sand-*", "game:loosestones-*","game:forestfloor-*"],
					maxY: 1.6,
					minForest: 0.1,
				},
				runtime: {
					group: "hostile",
					chance: 0.00004,
					"__comment": "Make them spawn away from artifical light so they don't spawn inside farmland",
					maxLightLevel: 7,
					minLightLevel: 0,
					lightLevelType: "onlyBlockLight",					
					groupSize: { avg: 1, var: 2 },
					insideBlockCodes: ["game:air", "game:soil-*","game:gravel-*", "game:tallgrass-*", "game:snowlayer-1", "game:sand-*", "game:loosestones-*","game:forestfloor-*"],
					maxY: 1.6,
				}
			}
		}
	},
	sounds: {
		hurt: "rottingenimals:creature/bear/hurt",
		death: "rottingenimals:creature/bear/flee",
		idle: "rottingenimals:creature/bear/growl*"
	},
	idleSoundChance: 0.05
}