{
	"code": "decayingmoose",
	"class": "EntityAgent",
	"hitBoxSizeByType": {
		"*": {	"x": 1.1,"y": 1.9}
	},
	"deadhitBoxSizeByType": {
		"*": {	"x": 1.5,"y": 0.6}
	},
	"eyeHeightByType": {
		"*": 1.9
	},
	"fallDamageMultiplier": 0.535,
	"drops": [
					{
						type: "block", 
						code: "game:metal-scraps", 
						quantity: { avg: 10, var: 1 } 
					},
					{
						type: "block", 
						code: "game:metal-parts", 
						quantity: { avg: 8, var: 1 } 
					},
					{
						type: "item",
						code: "game:rot",
						quantity: { avg: 40, var: 1 }
					},
					{
						type: "item", 
						code: "game:gear-temporal", 
						quantity: { avg: 2, var: 1 } 
					}
				],
	"attributes": {
		spawnCloserDuringLowStability: true,
		isMechanical: true,
		spawnDamageParticles: true,
		basketCatchable: true,
		trapChance: 0.0,
		trapDestroyChance: 0.3,
		"killedByInfoText": "deadcreature-vile",
		creatureDiet: {
			foodTags: ["meat"]
		},
	},
	"client": {
		"renderer": "Shape",
		"shapeByType": {
			"*": { "base": "rottingenimals:entity/land/moose" }
		},
		"behaviors": [
			{ "code": "repulseagents" },
			{ "code": "controlledphysics", "stepHeight": 3.1251 },
			{ "code": "interpolateposition" },
			{ "code": "floatupwhenstuck", "onlyWhenDead": true },
			{ "code": "harvestable" },
			{ "code": "despawn", "minPlayerDistance": 60, "belowLightLevel": 0, "minSeconds": 3000 }
		],
		"animations": [
			{
				"code": "attack",
				"animation": "Attack",
				"animationSpeed": 2.2,
				"weight": 10,
				"blendMode": "AddAverage"
			},
			{
				"code": "charge",
				"animation": "Charge",
				"animationSpeed": 2.2,
				"weight": 10,
				"blendMode": "AddAverage"
			},
			{
				"code": "roar",
				"animation": "Roar",
				"animationSpeed": 2.2,
				"weight": 10,
				"blendMode": "AddAverage"
			},
			{
				"code": "hurt",
				"animation": "Hurt",
				"animationSpeed": 2.2,
				"weight": 10,
				"blendMode": "AddAverage"
			},
			{
				"code": "die",
				"animation": "Die",
				"easeInSpeed": 3,
				"animationSpeed": 0.8,
				"weight": 10,
				"blendMode": "Average",
				"triggeredBy": { "onControls": [ "dead" ] }
			},
			{
				"code": "idle",
				"animation": "Idle",
				"blendMode": "AddAverage",
				"easeOutSpeed": 4,
				"triggeredBy": { "defaultAnim": true }
			},
			{
				"code": "sleep",
				"animation": "Sleep",
				"easeInSpeed": 4,
				"easeOutSpeed": 4,
				"blendMode": "Average"
			},
			{
				"code": "sit",
				"animation": "Sit",
				"easeInSpeed": 4,
				"easeOutSpeed": 4,
				"blendMode": "Average"
			},
			{
				"code": "eat",
				"animation": "Eat",
				"easeInSpeed": 4,
				"easeOutSpeed": 4,
				"blendMode": "Average"
			},
			{
				"code": "swim",
				"animation": "Swim",
				"supressDefaultAnimation": true,
				"blendMode": "Average"
			},
			{
				"code": "walk",
				"animation": "Walk",
				"supressDefaultAnimation": true,
				"blendMode": "AddAverage"
			},
			{
				"code": "run",
				"animation": "Run",
				"supressDefaultAnimation": true,
				"blendMode": "AddAverage"
			},
			{
				"code": "stot",
				"animation": "Stot",
				"supressDefaultAnimation": true,
				"blendMode": "AddAverage"
			},
			{
				"code": "gallop",
				"animation": "Gallop",
				"supressDefaultAnimation": true,
				"blendMode": "AddAverage"
			}	
		]
	},
	"server": {
		"attributes": {
			"pathfinder": {
				"minTurnAnglePerSec": 90,
				"maxTurnAnglePerSec": 180
			}
		},
		"behaviors": [
			{ "code": "repulseagents" },
			{
				"code": "controlledphysics",
				"stepHeight": 3.1251
			},
			{
				"code": "despawn",
				"minPlayerDistance": 30,
				"belowLightLevel": 0,
				"minSeconds": 2000
			},
			{
				"code": "health",
				"currenthealthByType": {
					"*": 97
				},
				"maxhealthByType": {
					"*": 97
				}
			},
			{
				"code": "deaddecay",
				"hoursToDecay": 86,
				"decayedBlockByType": {
					"*": "carcass-large"
				}
			},
			{
				"code": "floatupwhenstuck",
				"onlyWhenDead": true
			},
			{
				"code": "harvestable", drops: [
					{
						type: "item", 
						code: "game:gear-rusty", 
						quantity: { avg: 10, var: 1 } 
					},
					{
						type: "item",
						code: "game:stackrandomizer-alljonas",
						quantity: { avg: 3.1, var: 3 }
					},
					{
						type: "item",
						code: "rottingenimals:moosehead",
						quantity: { avg: 0.15, var: 0 }
					},
					{
						type: "item",
						code: "spearexpantion:metalstrings",
						quantity: { avg: 0, var: 0 }
					}
				]
			},
			{ "code": "breathe" },
			{
				"code": "emotionstates",
				"states": [
					{
						"code": "fleeondamage",
						"duration": 10,
						"chance": 0,
						"slot": 0,
						"priority": 0,
						"accumType": "max"
					},
					{
						"code": "saturated",
						"duration": 20,
						"chance": 1,
						"slot": 0,
						"priority": 1,
						"accumType": "sum"
					}
				]
			},
			{
				"code": "emotionstates",
				"states": [
					{
						"code": "fleeondamage",
						"duration": 60,
						"chanceByType": {
							"*": 0.09
						},
						"slot": 0,
						"priority": 5,
						"accumType": "max",
						"whenHealthRelBelow": 0.1
					},
					{
						"code": "aggressiveondamage",
						"duration": 3000,
						"chanceByType": {
							"*": 1
						},
						"slot": 0,
						"priority": 2,
						"accumType": "noaccum"
					},
					{
						"code": "alarmherdondamage",
						"chance": 1,
						"slot": 1,
						"priority": 1,
						"accumType": "max"
					},
					{
						"code": "saturated",
						"duration": 20,
						"chance": 1,
						"slot": 0,
						"priority": 1,
						"accumType": "sum"
					}
				]
			},
			{
				"code": "taskai",
				"aitasks": [
					{
						"code": "meleeattack",
						"animation": "Attack",
						"entityCodes": [ "player", "wolf-male", "wolf-female", "hyena-male", "hyena-female", "bear-*", "chicken-*", "hare-*", "fox-*", "raccoon-*", "pig-*", "sheep-*" ],
						"priority": 3,
						"damageByType": {
							"*": 22.5,
						},
						"damageTier": 3,
						"damageType": "PiercingAttack",
						"slot": 1,
						"mincooldown": 1500,
						"maxcooldown": 1500,
						"attackDurationMs": 1250,
						"damagePlayerAtMs": 500,
						"animationSpeed": 2.5,
						"sound": "game:creature/hooved/generic/sniff*"
					},
					{
						"code": "seekentity",
						"animation": "Charge",
						"enabledByType": {
							"*": true
						},
						"entityCodes": [ "player", "wolf-male", "wolf-female", "hyena-male", "hyena-female", "bear-*", "chicken-*", "hare-*", "fox-*", "raccoon-*", "pig-*", "sheep-*" ],
						"priority": 1.6,
						"mincooldown": 600,
						"maxcooldown": 650,
						"movespeed": 0.046,
						"seekingRange": 20,
						"animationSpeed": 1,
						"sound": "game:creature/hooved/generic/sniff*",
						"whenNotInEmotionState": "fleeondamage"
					},
					{
						"code": "getoutofwater",
						"animation": "Swim",
						"priority": 1.4,
						"movespeedByType": {
							"*": 0.085
						},
						"animationSpeedByType": {
							"*": 1
						}
					},
					{
						"code": "idle",
						"animation": "Idle",
						"priority": 0.9,
						"minduration": 6000,
						"maxduration": 45000,
						"mincooldown": 6000,
						"maxcooldown": 120000,
						"priorityForCancel": 1.28,
						"stopOnNearbyEntityCodes": [ "player", "wolf-male", "wolf-female", "hyena-male", "hyena-female", "bear-*", "chicken-rooster", "chicken-hen", "chicken-baby", "hare-*", "deer-*-baby", "deer-pudu-*-adult", "deer-water-*-adult", "deer-pampas-*-adult", "deer-redbrocket-*-adult" ],
						"stopRange": 10,
						"stopOnHurt": true,
						"soundByType": {
							"*": "game:creature/hooved/generic/sniff*"
						}
					},
					{
						"code": "idle",
						"animation": "Sleep",
						"priority": 1.38,
						"minduration": 200000,
						"maxduration": 800000,
						"mincooldown": 10000,
						"maxcooldown": 30000,
						"priorityForCancel": 1.38,
						"whenNotInEmotionState": "aggressiveondamage",
						"duringDayTimeFrames": [
							{
								"fromHour": 18,
								"toHour": 10
							}
						],
						"stopOnNearbyEntityCodes": [ "player", "wolf-male", "wolf-female", "hyena-male", "hyena-female", "bear-*", "chicken-rooster", "chicken-hen", "chicken-baby", "hare-*", "deer-*-baby", "deer-pudu-*-adult", "deer-water-*-adult", "deer-pampas-*-adult", "deer-redbrocket-*-adult" ],
						"stopRange": 8,
						"stopOnHurt": true
					},
					{
						"code": "idle",
						"animation": "Sit",
						"priority": 0.9,
						"minduration": 6000,
						"maxduration": 45000,
						"mincooldown": 6000,
						"maxcooldown": 120000,
						"priorityForCancel": 1.28,
						"stopOnNearbyEntityCodes": [ "player", "wolf-male", "wolf-female", "hyena-male", "hyena-female", "bear-*", "chicken-rooster", "chicken-hen", "chicken-baby", "hare-*", "deer-*-baby", "deer-pudu-*-adult", "deer-water-*-adult", "deer-pampas-*-adult", "deer-redbrocket-*-adult" ],
						"stopRange": 10,
						"stopOnHurt": true
					},
					{
						"code": "idle",
						"animation": "Roar",
						"priority": 1.0,
						"priorityForCancel": 1.35,
						"minduration": 4667,
						"maxduration": 4667,
						"chance": 0.1,
						"mincooldown": 8000,
						"maxcooldown": 50000,
						"animationSpeed": 1.0,
						"soundByType": {
							"*": "game:creature/hooved/generic/sniff*"
						},
						"soundRangeByType": {
							"*": 80
						}
					},
					{
						"code": "idle",
						"animation": "Eat",
						"priority": 1.2,
						"priorityForCancel": 1.35,
						"minduration": 2667,
						"maxduration": 2667,
						"mincooldown": 6000,
						"maxcooldown": 20000,
						"animationSpeed": 1.5
					},
					{
						"code": "wander",
						"animation": "Walk",
						"priority": 1.0,
						"priorityForCancel": 1.35,
						"movespeedByType": {
							"*": 0.015
						},
						"animationSpeedByType": {
							"*": 0.8					
						},
						"preferredLightLevel": 12
					},
					{
						"code": "seekfoodandeat",
						"movespeedByType": {
							"*": 0.015
						},
						"priority": 1.25,
						"eatSound": "game:creature/animal-eat-small",
						"eatTime": 1.5,
						"eatItemCategories": ["protein"],
						"eatSound": "game:creature/animal-eat1",
						"eatTime": 1.5,
						"animation": "Walk",
						"eatAnimation": "Eat",
						"mincooldownHours": 1,
						"maxcooldownHours": 2
					},
					{
						"code": "lookaround",
						"priority": 0.5
					}
				]
			},
			{
				"code": "antlergrowth",
				"enabledByType": {"*": false },
				"variants": ["01", "02", "03", "04", "05", "06", "07", "08"],
				"beginGrowMonth": 10,
				
				"c1": "Amount of months until full growth. Must be less than 9 months (including grown and she duration)",
				"growDurationMonths": 3,
				
				"c2": "Amount of months the antler can be at full growth until shedding",
				"grownDurationMonths": 1,
				
				"c3": "Amount of months the antler can shed. Higher values allows players to find them for longers. A value of 0 will make antlers never drop",
				"shedDurationMonths": 0.5
			}
		],
		"spawnconditions": {
			"runtime": {
				"group": "hostile",
				"chance": 0.0002,
				"minLightLevel": 0,
				"maxLightLevel": 7,
				"groupSize": { avg: 1, var: 0 },
				"insideBlockCodes": [ "game:air", "game:soil-*","game:gravel-*", "game:tallgrass-*", "game:snowlayer-1", "game:sand-*", "game:loosestones-*","game:forestfloor-*"]
			}
		},
		"spawnconditionsByType": {
			"*": {
				"climate": {
					"minTemp": -25,
					"maxTemp": 25,
					"minForestOrShrubs": 0.35,
					"maxForest": 0.95,
					"maxShrubs": 0.95,
					"minY": 0.5,
					"maxY": 1.5					
				},
				"worldgen": {
					"triesPerChunk": { "avg": 0.0009, "var": 0 }
				}
			}
		}
	},
	"soundsByType": {
		"*":{
			"hurt": "rottingenimals:creature/moose/roar*",
			"death": "rottingenimals:creature/moose/bugle*",
			"idle": "rottingenimals:creature/moose/bellow*"
		}
	},
	"idleSoundChance": 0.05
}