{
	code: "sawsquirrel",
	class: "EntityLocust",
	canClimb: true,
	canClimbAnywhere: true,
	climbTouchDistance: 0.1,
	rotateModelOnClimb: true,
	fallDamageMultiplier: 0.0,
	hitboxSize: { x: 0.65, y: 0.6 },
	deadHitboxSize: { x: 0.65, y: 0.5 },
	eyeHeight: 0.4,
	attributes: {
		spawnDamageParticles: true,
		spawnCloserDuringLowStability: true,
		isMechanical: true,
	},
	drops: [
			{
				type: "block", 
				code: "game:metal-scraps", 
				quantity: { avg: 2, var: 1 } 
			},
			{
				type: "block",
				code: "game:metal-parts",
				quantity: { avg: 0.5, var: 0.25 }
			},
			{
				type: "block",
				code: "game:metal-scraps",
				quantity: { avg: 0.75, var: 0.5 }
			},
			{
				type: "item",
				code: "game:rot",
				quantity: { avg: 5, var: 1 }
			},
			{
				type: "item", 
				code: "game:gear-temporal", 
				quantity: { avg: 1, var: 0 } 
			}
		],
	client: {
		renderer: "Shape",
		shape: { base: "rottingenimals:entity/land/squirrel1" },
		size: 1.4,
		behaviors: [
			{ code: "repulseagents" }, 
			{ code: "controlledphysics", stepHeight: 1.1251 }, 
			{ code: "floatupwhenstuck", onlyWhenDead: true },
			{ code: "interpolateposition" },
			{ code: "harvestable" }
		],
		animations: [
			{
				code: "hurt",
				animation: "hurt",
				animationSpeed: 2.2,
				weight: 5,
				blendMode: "AddAverage"
			},
			{
				code: "die",
				animation: "die", 
				animationSpeed: 1.25,
				weight: 10,
				blendMode: "Average",
				triggeredBy: { onControls: ["dead"] }
			},
			{ 
				code: "idle", 
				animation: "idle",
				blendMode: "Average", 
				triggeredBy: { defaultAnim: true },
			}
		]
	},
	server: {
		behaviors: [
			{ code: "repulseagents" }, 
			{ code: "controlledphysics", stepHeight: 1.1251 },
			{ code: "health", 
				currenthealthByType: {
					"*": 75
				},
				maxhealthByType: {
					"*": 75
				}
			},
			{ code: "deaddecay", hoursToDecay: 20, decayedBlock: "carcass-small" },
			{ code: "floatupwhenstuck", onlyWhenDead: true },
			{ code: "harvestable", drops: [
			{
				type: "item",
				code: "game:gear-rusty",
				dropModbyStat: "rustyGearDropRate",
				quantity: { avg: 3, var: 0 }
			},
			{
				type: "item",
				code: "game:stackrandomizer-alljonas",
				quantity: { avg: 2, var: 1 }
			},
			{
				type: "item",
				code: "rottingenimals:squirrelcharm",
				quantity: { avg: 0.13, var: 0 }
			},
			{
				type: "item",
				code: "spearexpantion:metalstrings",
				quantity: { avg: 0, var: 0 }
			}
		]
		},
			{ code: "despawn", minPlayerDistance: 60, minSecondsByType: { "*": 1000 } },
			{
				code: "emotionstates",
				states: [ 
					{ code: "fleeondamage", duration: 10, chance: 0.01, slot: 0, priority: 1, accumType: "max" }
				]
			},
			{
				code: "taskai",
				aitasks: [
					{
						code: "meleeattack",
						entityCodes: ["player"],
						priority: 3,
						damageByType: {
							"*": 16,
						},
						damageTierByType: {
							"*": 3,
						},
						mincooldown: 1500,
						maxcooldown: 1500,
						damageTypeByType: {
							"*": "SlashingAttack"
						},
						damagePlayerAtMs: 500,
						attackDurationMs: 800,
						animation: "attack",
						animationSpeed: 1.8,
						soundByType: {
							"*": "game:creature/locust/saw"
						},
						soundStartMs: 1000
					},
					{
						code: "stayclosetoentity",
						priority: 3,
						entityCode: "locust",
						movespeed: 0.08,
						maxDistance: 7,
						onlyIfLowerId: true,
						searchRange: 16,
						animation: "run",
						animationSpeed: 6.5
					},
					{
						code: "seekentity",
						entityCodes: ["player"],
						priority: 1.5,
						mincooldown: 500,
						maxcooldown: 1000,
						movespeed: 0.025,
						seekingRange: 15,
						maxFollowTime: 20,
						animationSpeed: 7,
						alarmHerd: true,
						leapAtTarget: true,
						leapAnimation: "jump",
						animation: "rundrill"
					},
					{
						code: "wander",
						priority: 1.3,
						priorityForCancel: 1.3,
						movespeed: 0.016,
						animationSpeed: 4,
						animation: "run",
						teleportWhenOutOfRange: true,
						teleportInGameHours: 1,
						maxDistanceToSpawn: 10
					},
					{
						code: "idle",
						priority: 1.2,
						priorityForCancel: 1.35,
						minduration: 10000,
						maxduration: 30000,
						mincooldown: 30000,
						maxcooldown: 60000,
						animation: "sleep",
						animationSpeed: 1.75
					},
					{
						code: "idle",
						priority: 1.2,
						priorityForCancel: 1.35,
						minduration: 2500,
						maxduration: 2500,
						mincooldown: 6000,
						maxcooldown: 20000,
						animation: "lookleft",
						animationSpeed: 1.25
					},
					{
						code: "idle",
						priority: 1.2,
						priorityForCancel: 1.35,
						minduration: 2500,
						maxduration: 2500,
						mincooldown: 6000,
						maxcooldown: 20000,
						animation: "lookright",
						animationSpeed: 1.25
					},
					{
						code: "idle",
						priority: 1.2,
						priorityForCancel: 1.35,
						minduration: 2500,
						maxduration: 2500,
						mincooldown: 6000,
						maxcooldown: 20000,
						animation: "idletwitch",
						animationSpeed: 1.25
					},
					{
						code: "idle",
						priority: 1.2,
						priorityForCancel: 1.25,
						minduration: 2500,
						maxduration: 2500,
						mincooldown: 6000,
						maxcooldown: 20000,
						animation: "idlecalm",
						animationSpeed: 1.25
					},
					{
						code: "wander",
						priority: 1.1,
						priorityForCancel: 1.22,
						movespeed: 0.006,
						animationSpeed: 1.8,
						animation: "run",
						preferredLightLevel: 7
					},
					{
						code: "wander",
						priority: 1.1,
						priorityForCancel: 1.1,
						movespeed: 0.001,
						animationSpeed: 1.5,
						animation: "walk",
						preferredLightLevel: 7
					},
					{
						code: "lookaround",
						priority: 0.5,
						animation: "breathecalm",
						animationSpeed: 1.25
					}
				]
			}
		],
		spawnconditionsByType: {
			"*": {
				worldgen: {
				TriesPerChunk: { avg: 0.06, var: 0 },
				groupSize: { dist: "verynarrowgaussian", avg: 2, var: 3 },
				insideBlockCodes: ["game:air", "game:soil-*","game:gravel-*", "game:tallgrass-*", "game:snowlayer-1", "game:sand-*", "game:loosestones-*","game:forestfloor-*"],
				companions: ["rottingwolf"]
				},
				runtime: {
					group: "hostile",
					maxQuantity: 3,
					minLightLevel: 0,
					minRain: 0.25,
					minForest: 0.1,
					chance: 0.0012,
					lightLevelType: "MaxTimeOfDayLight",
					groupSize:{ dist: "invexp", avg: 3, var: 0 },
					insideBlockCodes: ["game:air", "game:soil-*","game:gravel-*", "game:tallgrass-*", "game:snowlayer-1", "game:sand-*", "game:loosestones-*","game:forestfloor-*"],
					maxY: 0.53,
				}
			}
		}
	},
	sounds: {
		hurt: "rottingenimals:creature/squirrel/hurt",
		death: "rottingenimals:creature/squirrel/death",
		idle: "game:creature/locust/idle"
	},
	idleSoundChance: 0.05
}