{
	"enabled": true,
	"ingredient": { "type": "item", "code": "game:clay-*"},
	"pattern": [[
		"##############",
		"##############",
		"##############",
		"##############",
		"##############",
		"##############",
		"##############",
		"##############",
		"##############",
		"##############",
		"##############",
		"##############",
		"##############",
		"##############",
	],
	[
		"##############",
		"###_###_###_##",
		"##___#___#___#",
		"##_#_#_#_#_#_#",
		"##############",
		"###_###_###_##",
		"##___#___#___#",
		"##_#_#_#_#_#_#",
		"##############",
		"##_#_#_#_#_#_#",
		"##___#___#___#",
		"###_###_###_##",
		"##############",
		"##############",
	]],
	"name": "Arrow Mold",
	"output": { "type": "block", "code": "molds:toolmold-raw-arrow"  }
}