{
	"enabled": true,
	"ingredient": { "type": "item", "code": "game:clay-*" },
	"pattern": [[
		"##############",
		"##############",
		"##############",
		"##############",
		"##############",
		"##############",
		"##############",
		"##############",
		"##############",
		"##############",
		"##############",
		"##############",
		"##############",
		"##############",
	],
	[
		"##############",
		"##___#####_###",
		"##___#####_###",
		"##___#####_###",
		"##___#####_###",
		"##___####___##",
		"##___####___##",
		"##___####___##",
		"##___####___##",
		"###_#####___##",
		"###_#####___##",
		"###_#####___##",
		"###_#####___##",
		"##############",
	]],
	"name": "Chisel Mold",
	"output": { "type": "block", "code": "molds:toolmold-raw-chisel"  }
}