{
	"enabled": true,
	"ingredient": { "type": "item", "code": "game:clay-*"},
	"pattern": [[
			"##############",
            "##############",
            "##############",
            "##############",
            "##############",
            "##############",
            "##############",
            "##############",
            "##############",
            "##############",
            "##############",
            "##############",
            "##############",
            "##############"
	],
	[
        "##############",
        "##_##_##_##_##",
        "#_#__#__#__#_#",
        "##_##_##_##_##",
        "##_##_##_##_##",
        "#_#__#__#__#_#",
        "##_##_##_##_##",
        "##_##_##_##_##",
		"#_#__#__#__#_#",
		"##_##_##_##_##",
        "##_##_##_##_##",
        "#_#__#__#__#_#",
        "##_##_##_##_##",
	    "##############"
		
	]],
	"name": "Ring Mold",
	"output": { "type": "block", "code": "molds:toolmold-raw-ring"  }
}