{
	"enabled": true,
	"ingredient": { "type": "item", "code": "game:clay-*"},
	"pattern": [[
		"##############",
		"##############",
		"##############",
		"##############",
		"##############",
		"##############",
		"##############",
		"##############",
		"##############",
		"##############",
		"##############",
		"##############",
		"##############",
		"##############",
	],
	[
		"##############",
		"######_#######",
		"#####___######",
		"#####___######",
		"####_____#####",
		"####__#__#####",
		"####__#__#####",
		"###__###__####",
		"###__###__####",
		"###_#####_####",
		"##__#####__###",
		"##___###___###",
		"##___###___###",
		"##############",
	]],
	"name": "Spear Mold",
	"output": { "type": "block", "code": "molds:toolmold-raw-spear"  }
}