{
  "version": 0,
  "file": "MandikorsMods/PaxelConfig.json",
  "patches": {},
  "settings": [
    {
      "type": "separator",
      "title": "PaxelRecipeSettings",
      "text": "PaxelRecipeSettingsText",
      "collapsible": true
    },
    {
      "code": "RecipeEnabled/andesite",
      "comment": "RecipeEnabledAndesiteComment",
      "type": "boolean",
      "default": true
    },
    {
      "code": "RecipeEnabled/basalt",
      "comment": "RecipeEnabledBasaltComment",
      "type": "boolean",
      "default": true
    },
    {
      "code": "RecipeEnabled/chert",
      "comment": "RecipeEnabledChertComment",
      "type": "boolean",
      "default": true
    },
    {
      "code": "RecipeEnabled/granite",
      "comment": "RecipeEnabledGraniteComment",
      "type": "boolean",
      "default": true
    },
    {
      "code": "RecipeEnabled/peridotite",
      "comment": "RecipeEnabledPeridotiteComment",
      "type": "boolean",
      "default": true
    },
    {
      "code": "RecipeEnabled/flint",
      "comment": "RecipeEnabledFlintComment",
      "type": "boolean",
      "default": true
    },
    {
      "code": "RecipeEnabled/obsidian",
      "comment": "RecipeEnabledObsidianComment",
      "type": "boolean",
      "default": true
    },
    {
      "code": "RecipeEnabled/copper",
      "comment": "RecipeEnabledCopperComment",
      "type": "boolean",
      "default": true
    },
    {
      "code": "RecipeEnabled/tinbronze",
      "comment": "RecipeEnabledTinbronzeComment",
      "type": "boolean",
      "default": true
    },
    {
      "code": "RecipeEnabled/bismuthbronze",
      "comment": "RecipeEnabledBismuthbronzeComment",
      "type": "boolean",
      "default": true
    },
    {
      "code": "RecipeEnabled/blackbronze",
      "comment": "RecipeEnabledBlackbronzeComment",
      "type": "boolean",
      "default": true
    },
    {
      "code": "RecipeEnabled/silver",
      "comment": "RecipeEnabledSilverComment",
      "type": "boolean",
      "default": true
    },
    {
      "code": "RecipeEnabled/gold",
      "comment": "RecipeEnabledGoldComment",
      "type": "boolean",
      "default": true
    },
    {
      "code": "RecipeEnabled/electrum",
      "comment": "RecipeEnabledElectrumComment",
      "type": "boolean",
      "default": true
    },
    {
      "code": "RecipeEnabled/cupronickel",
      "comment": "RecipeEnabledCupronickelComment",
      "type": "boolean",
      "default": true
    },
    {
      "code": "RecipeEnabled/iron",
      "comment": "RecipeEnabledIronComment",
      "type": "boolean",
      "default": true
    },
    {
      "code": "RecipeEnabled/meteoriciron",
      "comment": "RecipeEnabledMeteoricironComment",
      "type": "boolean",
      "default": true
    },
    {
      "code": "RecipeEnabled/steel",
      "comment": "RecipeEnabledSteelComment",
      "type": "boolean",
      "default": true
    },
    {
      "code": "RecipeEnabled/platinum",
      "comment": "RecipeEnabledPlatinumComment",
      "type": "boolean",
      "default": true
    },
    {
      "code": "RecipeEnabled/uranium",
      "comment": "RecipeEnabledUraniumComment",
      "type": "boolean",
      "default": true
    },
    {
      "code": "RecipeEnabled/diorite",
      "comment": "RecipeEnabledDioriteComment",
      "type": "boolean",
      "default": true
    },
    {
      "code": "RecipeEnabled/gabbro",
      "comment": "RecipeEnabledGabbroComment",
      "type": "boolean",
      "default": true
    },
    {
      "code": "RecipeEnabled/quartzite",
      "comment": "RecipeEnabledQuartziteComment",
      "type": "boolean",
      "default": true
    },
    {
      "code": "RecipeEnabled/stainlesssteel",
      "comment": "RecipeEnabledStainlessSteelComment",
      "type": "boolean",
      "default": true
    },
    {
      "code": "RecipeEnabled/titanium",
      "comment": "RecipeEnabledTitaniumComment",
      "type": "boolean",
      "default": true
    },
    {
      "code": "RecipeEnabled/legendary",
      "comment": "RecipeEnabledLegendaryComment",
      "type": "boolean",
      "default": true
    },
    {
      "type": "separator",
      "title": "PaxelLootSettings",
      "text": "PaxelLootSettingsText",
      "collapsible": true
    },
    {
      "code": "LootEnabled/ruins",
      "type": "boolean",
      "default": true
    },
    {
      "code": "LootEnabled/crackedvessel",
      "type": "boolean",
      "default": true
    },
    {
      "code": "LootEnabled/primitivesurvival",
      "type": "boolean",
      "default": true
    },
    {
      "code": "LootEnabled/battletowers",
      "type": "boolean",
      "default": true
    },
    {
      "type": "separator",
      "title": "PaxelTraderSettings",
      "text": "PaxelTraderSettingsText",
      "collapsible": true
    },
    {
      "code": "TraderEnabled/buildmaterials",
      "type": "boolean",
      "default": true
    },
    {
      "code": "TraderEnabled/survivalgoods",
      "type": "boolean",
      "default": true
    },
    {
      "code": "TraderEnabled/treasurehunter",
      "type": "boolean",
      "default": true
    },
    {
      "type": "separator",
      "title": "PaxelModDependenceSettings",
      "text": "PaxelModDependenceSettingsText",
      "collapsible": true
    },
    {
      "code": "ModDependence/necessaries",
      "type": "boolean",
      "default": true
    },
    {
      "code": "ModDependence/helvehammerextensions",
      "type": "boolean",
      "default": true
    },
    {
      "code": "ModDependence/toolsextended",
      "type": "boolean",
      "default": true
    },
    {
      "code": "ModDependence/canjewelry",
      "type": "boolean",
      "default": true
    },
    {
      "code": "ModDependence/krpgenchantment",
      "type": "boolean",
      "default": true
    }
  ]
}