{
	"code": "metalchest",
	"class": "BlockGenericTypedContainer",
	"entityclass": "GenericTypedContainer",
	"attributes": {
		"humanoidTraversalCost": 100,
		"reinforcable": true,
		"partialAttachable": true,
		"inventoryClassName": "chest",
		"types": ["copper", "tinbronze", "iron", "steel"],
		"collisionSelectionBoxes": {
			"copper": [{ x1: 0.125, y1: 0, z1: 0.1875, x2: 0.875, y2: 0.4875, z2: 0.75 }],
			"tinbronze": [{ x1: 0.125, y1: 0, z1: 0.1875, x2: 0.875, y2: 0.4875, z2: 0.75 }],
			"iron": [{ x1: 0.125, y1: 0, z1: 0.1875, x2: 0.875, y2: 0.4875, z2: 0.75 }],
			"steel": [{ x1: 0.125, y1: 0, z1: 0.1875, x2: 0.875, y2: 0.4875, z2: 0.75 }]
		},
		"rotatatableInterval": {
			"copper": "22.5degnot45deg",
			"tinbronze": "22.5deg",
			"iron": "22.5deg",
			"steel": "22.5degnot45deg",
		},
		"drop": {
			"copper": true,
			"tinbronze": true,
			"iron": true,
			"steel": true,
		},
		"quantitySlots": {
			"copper": 22,
			"tinbronze": 26,
			"iron": 30,
			"steel": 34,
		},
		"dialogTitleLangCode": {
			"copper": "chestcontents",
			"tinbronze": "chestcontents",
			"iron": "chestcontents",
			"steel": "chestcontents",
		},
		"storageType": {
			"copper": 189,
			"tinbronze": 189,
			"iron": 189,
			"steel": 189,

		},
		"retrieveOnly": {
			"copper": false,
			"tinbronze": false,
			"iron": false,
			"steel": false,
		},
		"shape": {
			"copper": "block/chests",
			"tinbronze": "block/chests",
			"iron": "block/chests",
			"steel": "block/chests",
		},
		"typedOpenSound": {
			"copper": "game:sounds/block/largechestopen",
			"tinbronze": "game:sounds/block/largechestopen",
			"iron": "game:sounds/block/largechestopen",
			"steel": "game:sounds/block/largechestopen",
		},
		"typedCloseSound": {
			"copper": "game:sounds/block/largechestclose",
			"tinbronze": "game:sounds/block/largechestclose",
			"iron": "game:sounds/block/largechestclose",
			"steel": "game:sounds/block/largechestclose",
		},
		"variantByGroup": "side",
		"variantByGroupInventory": null
	},
	"behaviors": [
		{ "name": "Lockable" }, 
		{ "name": "Container"}, 
		{ "name": "BoatableGenericTypedContainer" }
	],
	"entityBehaviors": [{ "name": "Animatable" }],
	"variantgroups": [
		{ "code":"side", "loadFromProperties": "abstract/horizontalorientation" }
	],
	"creativeinventory": {  },
	"creativeinventoryStacksByType": {
		"*-east": [
			{
				"tabs": [ "general", "decorative","qolcrafts" ],
				"stacks": [
					{ "type": "block", "code": "metalchest-east", "attributes": { "type": "copper" } },
					{ "type": "block", "code": "metalchest-east", "attributes": { "type": "tinbronze" } },
					{ "type": "block", "code": "metalchest-east", "attributes": { "type": "iron" } },
					{ "type": "block", "code": "metalchest-east", "attributes": { "type": "steel" } },
				]
			}
		]
	},
	"heldTpIdleAnimation": "holdunderarm",
	"shapeInventory": { "base": "block/chests", "rotateY": 270 },
	"shapeByType": {
		"*-north": { "base": "block/chests", "rotateY": 0 },
		"*-east": { "base": "block/chests", "rotateY": 270 },
		"*-west": { "base": "block/chests", "rotateY": 90 },
		"*-south": { "base": "block/chests", "rotateY": 180 },
	},
	"textures": {
		"copper-sides2": { "base": "game:block/wood/trunk/sides" },
		"copper-lid": { "base": "game:block/metal/plate/copper" },
		"copper-accessories": { "base": "game:block/metal/plate/copper" },
		
		"tinbronze-sides2": { "base": "game:block/wood/trunk/sides" },
		"tinbronze-lid": { "base": "game:block/metal/plate/tinbronze" },
		"tinbronze-accessories": { "base": "game:block/metal/plate/tinbronze" },
		
		"iron-sides2": { "base": "game:block/wood/trunk/sides" },
		"iron-lid": { "base": "game:block/metal/plate/iron" },
    	"iron-accessories": { "base": "game:block/metal/plate/iron" },
		
		"steel-sides2": { "base": "game:block/wood/trunk/sides" },
		"steel-lid": { "base": "game:block/metal/plate/steel" },
		"steel-accessories": { "base": "game:block/metal/plate/steel" }
	},
	"blockmaterial": "Wood",
	"replaceable": 900,
	"resistance": 3,
	"lightAbsorption": 0,
	"sideAo": { "all": false },
	"sidesolid": {
		"all": false
	},
	"sideopaque": {
		"all": false
	},
	"collisionbox": {
		x1: 0.0625, y1: 0, z1: 0.0625, x2: 0.9375, y2: 0.8125, z2: 0.9375
	},
	"selectionbox": {
		x1: 0.0625, y1: 0, z1: 0.0625, x2: 0.9375, y2: 0.8125, z2: 0.9375
	},
	"combustibleProps": {
		"burnTemperature": 600,
		"burnDuration": 35,
	},
	"sounds": {
		"place": "game:block/planks",
		"hit": "game:block/planks",
		"break": "game:block/planks",
		"walk": "game:walk/wood"
	},
	"materialDensity": 600,
	"tpHandTransform": {
		"translation": { x: -0.9, y: -0.5, z: -0.3 },
		"rotation": { x: 0, y: 90, z: -102 },
		"scale": 0.56
	},
	"guiTransform": {
		"origin": { x: 0.5, y: 0.4, z: 0.5 },
		"scale": 1.16
	}
}