{
	"code": "drygrassbasketchest",
	"class": "BlockGenericTypedContainer",
	"entityclass": "GenericTypedContainer",
	"attributes": {
		"inventoryClassName": "basket",
		"defaultType": "reed",
		"openSound": "game:sounds/block/basketopen",
		"closeSound": "game:sounds/block/basketclose",
		"types": ["normal", "dense"],
		"drop": {
			"normal": true,
			"dense": true
		},
		"quantitySlots": {
			"normal": 8,
			"dense": 10
		},
		"dialogTitleLangCode": {
			"normal": "basketcontents",
			"dense": "basketcontents"
		},
		"storageType": {
			"normal": 189,
			"dense": 189
		},
		"retrieveOnly": {
			"normal": false,
			"dense": false
		},
		"attachableCategoryCode": {
			"normal": "basket",
			"dense": "basket"
		},
		"shape": {
			"normal": "game:block/reed/basket-normal",
			"dense": "game:block/vines/basket-normal"
		},
		"creatureContainedShape": {
			"normal": "game:block/reed/basket-full",
			"dense": "game:block/vines/basket-full"
		},
		"variantByGroup": "side",
		"variantByGroupInventory": null
	},
	"behaviors": [
		{"name": "BoatableGenericTypedContainer" },
		{"name": "Lockable" }, 
		{"name": "CreatureContainer" }, 
		{"name": "Container"}, 
		{"name": "HorizontalOrientable", "properties": {  "dropBlockFace": "east" }}
	],
	"entityBehaviors": [{ "name": "Animatable" }],
	"variantgroups": [
		{ "code": "side", "loadFromProperties": "abstract/horizontalorientation" }
	],
	"creativeinventory": {  },
	"creativeinventoryStacksByType": {
		"*-east": [
			{
				"tabs": [ "general", "decorative","qolcrafts" ],
				"stacks": [
					{ "type": "block", "code": "drygrassbasketchest-east", "attributes": { "type": "normal" } },
					{ "type": "block", "code": "drygrassbasketchest-east", "attributes": { "type": "dense" } },
				]
			},
		]
	},
	"heldTpIdleAnimation": "holdunderarm",
	"shapeInventory": { "base": "game:block/reed/basket-normal", rotateY: 270 },
	"shapeByType": {
		"*-north": { "base": "game:block/reed/basket-normal", rotateY: 0 },
		"*-east": { "base": "game:block/reed/basket-normal", rotateY: 270 },
		"*-west": { "base": "game:block/reed/basket-normal", rotateY: 90 },
		"*-south": { "base": "game:block/reed/basket-normal", rotateY: 180 },
	},

	"_comment": "Must declare textures so they get added to the block texture atlas",
	"textures": {
		"normal-sidesWE": { "base": "block/drygrassbasket/normal-westeast" },
		"normal-sidesSN": { "base": "block/drygrassbasket/normal-northsouth" },
		"normal-lid": { "base": "block/drygrassbasket/normal-lid" },

		"dense-sidesWE": { "base": "block/drygrassbasket/dense-westeast" },
		"dense-sidesSN": { "base": "block/drygrassbasket/dense-northsouth" },
		"dense-lid": { "base": "block/drygrassbasket/dense-lid" },

	},
	"blockmaterial": "Wood",
	"replaceable": 900,
	"resistance": 2,
	"lightAbsorption": 0,
	"sideAo": { "all": false },
	"sidesolid": {
		"all": false
	},
	"sideopaque": {
		"all": false
	},
	"collisionbox": {
		x1: 0.125, y1: 0, z1: 0.125, x2: 0.8125, y2: 0.5, z2: 0.875,
		"rotateYByType": {
			"*-north": 270,
			"*-east": 180,
			"*-south": 90,
			"*-west": 0
		}
	},
	"selectionbox": {
		x1: 0.125, y1: 0, z1: 0.125, x2: 0.8125, y2: 0.5, z2: 0.875,
		"rotateYByType": {
			"*-north": 270,
			"*-east": 180,
			"*-south": 90,
			"*-west": 0
		}
	},
	"sounds": {
		"place": "block/planks",
		"walk": "walk/wood"
	},
	"materialDensity": 600,
	"tpHandTransform": {
		"translation": { x: -0.9, y: -0.5, z: -0.3 },
		"rotation": { x: 0, y: 90, z: -102 },
		"scale": 0.56
	},
	"guiTransform": {
		"origin": { x: 0.5, y: 0.3, z: 0.5 },
		"scale": 1.3
	}
}