{
	"code": "grasspeatpile",
	"class": "BlockPeatPile",
	"entityClass": "PeatPile",
	"shape": {
		"base": "game:block/basic/invisible"
	},
	"textures": {
		"sides": { "base": "block/soil/peat" },
		"peat": { "base": "block/soil/peat" }
	},
	"attributes": {
		"mapColorCode": "land"
	},
	"sidesolid": { "all": false },
	"sideopaque": { "all": false },
	"blockmaterial": "Soil",
	"creativeinventory": { "general": [""] },
	"replaceable": 400,
	"resistance": 3,
	"lightAbsorption": 0
}