{
	"code": "spikes",
	"class": "BlockDamageOnTouch",
	"creativeinventory": { "general": ["*"], "qolcrafts": ["*"] },
	"drawtype": "json",
	"variantgroups": [
		{ "code":"type", "states": ["wood", "copper", "tinbronze", "iron", "steel"] },
	],
	"blockmaterialByType": {
		"*-wood": "Wood",
		"*-copper": "Metal",
		"*-tinbronze": "Metal",
		"*-iron": "Metal",
		"*-steel": "Metal",
	},
	"attributesByType": {
		"*-wood": {
				"fallIntoDamageMul": 10,
				"sprintIntoDamage": 1,
			},
		"*-copper": {
				"fallIntoDamageMul": 15,
				"sprintIntoDamage": 2,
			},
			"*-tinbronze": {
				"fallIntoDamageMul": 20,
				"sprintIntoDamage": 3,
			},
			"*-iron": {
				"fallIntoDamageMul": 25,
				"sprintIntoDamage": 4,
			},
			"*-steel": {
				"fallIntoDamageMul": 30,
				"sprintIntoDamage": 5,
			}
	},
	"shapeByType": {
		"*-wood": {"base": "block/spikes" },
		"*-copper": {"base": "block/spikes" },
		"*-tinbronze": {"base": "block/spikes" },
		"*-iron": {"base": "block/spikes" },
		"*-steel": {"base": "block/spikes" }		
	},
	"texturesByType": {
		"*-wood": {
			"oak": { "base": "game:block/wood/oak", },
			"rope": { "base": "game:item/resource/rope", }
			},
		"*-copper": {
			"oak": { "base": "game:block/metal/plate/copper", },
			"rope": { "base": "game:item/resource/rope", }
		},
		"*-tinbronze": {
			"oak": { "base": "game:block/metal/plate/tinbronze", },
			"rope": { "base": "game:item/resource/rope", }
		},
		"*-iron": {
			"oak": { "base": "game:block/metal/plate/iron", },
			"rope": { "base": "game:item/resource/rope", }
		},
		"*-steel": {
			"oak": { "base": "game:block/metal/plate/steel", },
			"rope": { "base": "game:item/resource/rope", }
		}
	},
	"doNotRenderAtLod2": true,
	"walkspeedmultiplier": 0.20,
	"lightAbsorption": 0,
	"sidesolid": { "all": false },
	"sideopaque": { "all": false },
	"replaceable": 300,
	"resistance": 2,
	"materialDensity": 300,
	"collisionbox": { x1: 0.125, y1: 0, z1: 0.125, x2: 0.875, y2: 0.125, z2: 0.875 },
	"selectionBox": { x1: 0.125, y1: 0, z1: 0.125, x2: 0.875, y2: 0.875, z2: 0.875 },
	
}