{
	code: "armorr",
	class: "ItemWearable",
	heldTpIdleAnimation: "holdunderarm",
	variantgroups: [
		{ code: "bodypart",  states: ["head"] },
		{ code: "construction",  states: [
			"brigandine","chain","scale","plate"
		]},
		{ code: "material", states: [
			"temporalit"
		]},
	],
	allowedVariants: [
		"armorr-head-*-temporalit",
	],
	shapeByType: {
		"armorr-head-*-temporalit": { "base": "game:entity/humanoid/seraph/armor/{construction}/{bodypart}-{material}" }
	},
	texturesByType: {
		"*": {
			"seraph": { base: "game:block/transparent" },
			"material": {
				baseByType: {
					"*": "game:entity/humanoid/serapharmor/{construction}/{material}"
				}
			}
		}
	},
	storageFlags: 128,
	attributes: {
		visibleDamageEffect: true,
		wearableAttachment: true,
		clothescategoryByType: {
			"armorr-head-*-temporalit": "armorhead"
		},
		disableElementsByType: {
			"armorr-head-*-temporalit": ["hidehat", "Hood", "hoodupperover", "Hair tile upper part", "ponytailhigh", "ponytaillow", "Hair", "hair-uncovered", "sidehigh", "sidelow", "bangs"],
		},
		defaultProtLoss: {
			perTierRelativeProtectionLoss: [0.03, 0.15],
			perTierFlatDamageReductionLoss: [0.1, 0.2],
		},
		protectionModifiersByType: {
			"armorr-head-brigandine-temporalit": {
				"relativeProtection": 0.89,
				"flatDamageReduction": 1.9,
				"protectionTier": 5
			},
			"armorr-head-chain-temporalit": {
				"relativeProtection": 0.87,
				"flatDamageReduction": 1.85,
				"protectionTier": 5
			},
			"armorr-head-scale-temporalit": {
				"relativeProtection": 0.93,
				"flatDamageReduction": 2.12,
				"protectionTier": 5
			},
			"armorr-head-plate-temporalit": {
				"relativeProtection": 0.98,
				"flatDamageReduction": 3,
				"highDamageTierResistant": true,
				"protectionTier": 5
			}
		},
		statModifiersByType: {
			"armorr-*-brigandine-*": {
				rangedWeaponsAcc: -0.07,
				rangedWeaponsSpeed: -0.14,
				walkSpeed: -0.05,
				healingeffectivness: -0.17,
				hungerrate: 0.12
			},
			"armorr-*-chain-*": {
				rangedWeaponsAcc: -0.03,
				rangedWeaponsSpeed: -0.06,
				walkSpeed: -0.03,
				healingeffectivness: -0.1,
				hungerrate: 0.075
			},
			"armorr-*-scale-*": {
				rangedWeaponsAcc: -0.1,
				rangedWeaponsSpeed: -0.2,
				walkSpeed: -0.07,
				healingeffectivness: -0.17,
				hungerrate: 0.12
			},
			"armorr-*-plate-*": {
				rangedWeaponsAcc: -0.1,
				rangedWeaponsSpeed: -0.2,
				walkSpeed: -0.14,
				healingeffectivness: -0.3334,
				hungerrate: 0.24
			}
		}
	},
	creativeinventory: { "general": ["*"], "items": ["*"], "clothing": ["*"], "expantion": ["*"] },
	renderAlphaTest: 0.25,
	durabilityByType: {
		"armorr-head-brigandine-temporalit": 4000,
		"armorr-head-chain-temporalit": 3500,
		"armorr-head-scale-temporalit": 5300,
		"armorr-head-brigandine-temporalit": 7300,
	},
	
	fpHandTransformByType: {
		"armorr-*-*": {
			translation: { x: 0.4, y: -1.9, z: -0.5 },
			rotation: { x: 163, y: -111, z: -180 },
			origin: { x: 0.5, y: 1.7, z: 0.5 },
			scale: 2.15
		}
	},
	tpHandTransformByType: {
		"armorr-*-*": {
			translation: { x: -0.82, y: -2.2, z: -0.5 },
			rotation: { x: 18, y: 169, z: 30 },
			origin: { x: 0.5, y: 1.7, z: 0.5 },
			scale: 0.64
		}
	},
	guiTransformByType: {
		"armorr-*-*": {
			translation: { x: 0, y: 0, z: 0 },
			rotation: { x: -26, y: -46, z: -180 },
			origin: { x: 0.6, y: 1.72, z: 0.5 },
			scale: 2
		}
	},
	groundTransformByType: {
		"armorr-*-*": {
			translation: { x: 0, y: 0, z: 0 },
			rotation: { x: 0, y: 0, z: 0 },
			origin: { x: 0.34, y: 1.71, z: 0.5 },
			scale: 3.1
		}
	},

}