{
	"editor": {
		"allAngles": false,
		"entityTextureMode": false
	},
	"textureWidth": 8,
	"textureHeight": 8,
	"textureSizes": {
		"string": [16,16],
		"aged": [16,16],
		"arrow": [8,8],
		"feather2": [16,16],
		"bone": [16,16],
		"stick": [16,16],
		"beeswax": [8,8],
		"leather": [16,16]
	},
	"textures": {
		"bone": "game:block/creature/bone",
		"leather": "game:block/leather/plain",
		"feather": "game:item/tool/material/feather",
		"handle": "game:item/tool/material/handle",
		"linen": "game:item/tool/material/linen",
		"silver": "game:item/tool/material/silver",
		"string": "game:item/tool/material/string",
		"wood": "game:item/tool/material/wood"
	},
	"elements": [
		{
			"name": "origin",
			"from": [ 8.0, 0.0, 8.0 ],
			"to": [ 8.0, 0.0, 8.0 ],
			"rotationOrigin": [ 8.0, 0.0, 8.0 ],
			"faces": {
			},
			"children": [
				{
					"name": "BowGrip",
					"from": [ -1.9, -0.5, -0.5 ],
					"to": [ 1.6, 0.5, 0.5 ],
					"rotationOrigin": [ 0.0, 0.0, -0.5 ],
					"faces": {
						"north": { "texture": "#leather", "uv": [ 2.25, 2.25, 5.75, 3.25 ] },
						"east": { "texture": "#leather", "uv": [ 3.5, 3.0, 4.5, 4.0 ] },
						"south": { "texture": "#leather", "uv": [ 3.75, 3.25, 7.25, 4.25 ] },
						"west": { "texture": "#leather", "uv": [ 5.25, 4.25, 6.25, 5.25 ] },
						"up": { "texture": "#leather", "uv": [ 4.0, 4.5, 7.5, 5.5 ] },
						"down": { "texture": "#leather", "uv": [ 3.75, 3.75, 7.25, 4.75 ] }
					},
					"children": [
						{
							"name": "BowLimbDown",
							"from": [ -5.9, 0.1, 0.1 ],
							"to": [ 0.1, 0.9, 0.9 ],
							"rotationOrigin": [ 0.1, 0.4, 0.4 ],
							"rotationY": 10.0,
							"faces": {
								"north": { "texture": "#bone", "uv": [ 1.0, 1.5, 7.0, 2.0 ] },
								"south": { "texture": "#bone", "uv": [ 0.0, 2.5, 6.0, 3.0 ] },
								"west": { "texture": "#bone", "uv": [ 1.0, 1.0, 1.5, 1.5 ] },
								"up": { "texture": "#bone", "uv": [ 1.0, 1.0, 7.0, 1.5 ] },
								"down": { "texture": "#bone", "uv": [ 1.5, 2.0, 7.5, 2.5 ] }
							},
							"children": [
								{
									"name": "BowMiddleDown",
									"from": [ -2.5, 0.05, 1.85 ],
									"to": [ 0.7, 0.75, 2.55 ],
									"rotationOrigin": [ -2.5, 0.1, 1.8 ],
									"rotationY": 35.0,
									"faces": {
										"north": { "texture": "#bone", "uv": [ 0.0, 0.0, 3.0, 0.5 ] },
										"east": { "texture": "#bone", "uv": [ 0.0, 0.0, 0.5, 0.5 ] },
										"south": { "texture": "#bone", "uv": [ 0.0, 0.0, 3.0, 0.5 ] },
										"west": { "texture": "#bone", "uv": [ 0.0, 0.0, 0.5, 0.5 ] },
										"up": { "texture": "#bone", "uv": [ 0.0, 0.0, 3.0, 0.5 ] },
										"down": { "texture": "#bone", "uv": [ 0.0, 0.0, 3.0, 0.5 ] }
									},
									"children": [
										{
											"name": "BowTipDown",
											"from": [ -3.93, 0.05, 0.06 ],
											"to": [ 0.07, 0.65, 0.66 ],
											"rotationOrigin": [ 0.47, 0.35, 0.36 ],
											"rotationY": 10.0,
											"faces": {
												"north": { "texture": "#bone", "uv": [ 1.0, 3.0, 5.0, 3.5 ] },
												"east": { "texture": "#bone", "uv": [ 1.5, 2.0, 2.0, 2.5 ] },
												"south": { "texture": "#bone", "uv": [ 0.5, 2.5, 4.5, 3.0 ] },
												"west": { "texture": "#bone", "uv": [ 1.0, 1.0, 1.5, 1.5 ] },
												"up": { "texture": "#bone", "uv": [ 0.5, 4.0, 4.5, 4.5 ] },
												"down": { "texture": "#bone", "uv": [ 0.5, 3.5, 4.5, 4.0 ] }
											},
											"children": [
												{
													"name": "BowStringDown1",
													"from": [ 0.6, 0.2, 0.5 ],
													"to": [ 8.8, 0.4, 0.7 ],
													"rotationOrigin": [ 0.6, 0.3, 0.6 ],
													"rotationY": -70.0,
													"faces": {
														"north": { "texture": "#string", "uv": [ 0.0, 0.0, 8.0, 0.25 ] },
														"east": { "texture": "#string", "uv": [ 2.75, 0.0, 3.0, 0.25 ] },
														"south": { "texture": "#string", "uv": [ 0.0, 0.0, 8.0, 0.25 ] },
														"west": { "texture": "#string", "uv": [ 3.25, 0.0, 3.5, 0.25 ] },
														"up": { "texture": "#string", "uv": [ 0.0, 0.0, 8.0, 0.25 ] },
														"down": { "texture": "#string", "uv": [ 0.0, 0.0, 8.0, 0.25 ] }
													},
													"children": [
														{
															"name": "BowStringDown2",
															"from": [ 8.2, 0.0, 0.0 ],
															"to": [ 11.2, 0.2, 0.2 ],
															"rotationOrigin": [ 8.2, 0.0, 0.0 ],
															"faces": {
																"north": { "texture": "#string", "uv": [ 2.0, 0.0, 5.0, 0.5 ] },
																"east": { "texture": "#string", "uv": [ 3.0, 0.0, 3.5, 0.5 ] },
																"south": { "texture": "#string", "uv": [ 3.0, 0.0, 6.0, 0.5 ] },
																"west": { "texture": "#string", "uv": [ 3.5, 0.0, 4.0, 0.5 ] },
																"up": { "texture": "#string", "uv": [ 2.0, 0.0, 5.0, 0.5 ] },
																"down": { "texture": "#string", "uv": [ 1.0, 0.0, 4.0, 0.5 ] }
															},
															"children": [
																{
																	"name": "BowNock",
																	"from": [ 2.4, -0.1, -0.29 ],
																	"to": [ 4.4, 0.3, 0.11 ],
																	"rotationOrigin": [ 3.3956, 0.1, -0.1318 ],
																	"rotationY": 15.0,
																	"faces": {
																		"north": { "texture": "#leather", "uv": [ 2.5, 2.0, 4.5, 2.5 ] },
																		"east": { "texture": "#leather", "uv": [ 4.0, 1.0, 4.5, 1.5 ] },
																		"south": { "texture": "#leather", "uv": [ 2.0, 1.0, 4.0, 1.5 ] },
																		"west": { "texture": "#leather", "uv": [ 1.5, 1.0, 2.0, 1.5 ] },
																		"up": { "texture": "#leather", "uv": [ 4.5, 0.5, 6.5, 1.0 ] },
																		"down": { "texture": "#leather", "uv": [ 4.0, 1.0, 6.0, 1.5 ] }
																	},
																	"children": [
																		{
																			"name": "BowNockStripe",
																			"from": [ 0.1, -0.01, -0.01 ],
																			"to": [ 0.2, 0.41, 0.41 ],
																			"rotationOrigin": [ 0.1, 0.0, 0.0 ],
																			"faces": {
																				"north": { "texture": "#string", "uv": [ 0.0, 0.0, 0.5, 0.5 ] },
																				"east": { "texture": "#string", "uv": [ 0.0, 0.0, 0.5, 0.5 ] },
																				"south": { "texture": "#string", "uv": [ 0.0, 0.0, 0.5, 0.5 ] },
																				"west": { "texture": "#string", "uv": [ 0.0, 0.0, 0.5, 0.5 ] },
																				"up": { "texture": "#string", "uv": [ 0.0, 0.0, 0.5, 0.5 ] },
																				"down": { "texture": "#string", "uv": [ 0.0, 0.0, 0.5, 0.5 ] }
																			}
																		},
																		{
																			"name": "BowNockStripe2",
																			"from": [ 1.8, -0.01, -0.01 ],
																			"to": [ 1.9, 0.41, 0.41 ],
																			"rotationOrigin": [ 1.8, 0.0, 0.0 ],
																			"faces": {
																				"north": { "texture": "#string", "uv": [ 0.0, 0.0, 0.5, 0.5 ] },
																				"east": { "texture": "#string", "uv": [ 0.0, 0.0, 0.5, 0.5 ] },
																				"south": { "texture": "#string", "uv": [ 0.0, 0.0, 0.5, 0.5 ] },
																				"west": { "texture": "#string", "uv": [ 0.0, 0.0, 0.5, 0.5 ] },
																				"up": { "texture": "#string", "uv": [ 0.0, 0.0, 0.5, 0.5 ] },
																				"down": { "texture": "#string", "uv": [ 0.0, 0.0, 0.5, 0.5 ] }
																			}
																		},
																		{
																			"name": "BowNockStripe3",
																			"from": [ 0.95, -0.01, -0.01 ],
																			"to": [ 1.05, 0.41, 0.41 ],
																			"rotationOrigin": [ 1.0, 0.0, 0.0 ],
																			"faces": {
																				"north": { "texture": "#string", "uv": [ 0.0, 0.0, 0.5, 0.5 ] },
																				"east": { "texture": "#string", "uv": [ 0.0, 0.0, 0.5, 0.5 ] },
																				"south": { "texture": "#string", "uv": [ 0.0, 0.0, 0.5, 0.5 ] },
																				"west": { "texture": "#string", "uv": [ 0.0, 0.0, 0.5, 0.5 ] },
																				"up": { "texture": "#string", "uv": [ 0.0, 0.0, 0.5, 0.5 ] },
																				"down": { "texture": "#string", "uv": [ 0.0, 0.0, 0.5, 0.5 ] }
																			}
																		},
																		{
																			"name": "Arrow",
																			"from": [ 0.6, 0.3, 0.0 ],
																			"to": [ 14.6, 0.9, 0.6 ],
																			"rotationOrigin": [ 0.6, 0.3, 0.0 ],
																			"rotationY": 90.0,
																			"faces": {
																				"north": { "texture": "#wood", "uv": [ 0.0, 2.5, 8.0, 3.0 ], "autoUv": false },
																				"east": { "texture": "#wood", "uv": [ 0.0, 0.0, 0.5, 0.5 ] },
																				"south": { "texture": "#wood", "uv": [ 0.0, 2.5, 8.0, 3.0 ], "autoUv": false },
																				"west": { "texture": "#wood", "uv": [ 0.0, 0.0, 0.5, 0.5 ] },
																				"up": { "texture": "#wood", "uv": [ 0.0, 3.0, 8.0, 3.5 ], "autoUv": false },
																				"down": { "texture": "#wood", "uv": [ 0.0, 2.5, 7.0, 3.0 ], "autoUv": false }
																			},
																			"children": [
																				{
																					"name": "Feather",
																					"from": [ 0.0, 1.8, 0.3 ],
																					"to": [ 4.0, 4.8, 0.3 ],
																					"rotationOrigin": [ 0.0, 1.8, 0.3 ],
																					"rotationX": -180.0,
																					"faces": {
																						"north": { "texture": "#feather", "uv": [ 3.0, 5.15, 4.7, 7.75 ], "rotation": 90, "autoUv": false },
																						"east": { "texture": "#feather", "uv": [ 0.0, 0.0, 0.25, 3.0 ] },
																						"south": { "texture": "#feather", "uv": [ 0.5, 5.0, 1.5, 8.0 ], "autoUv": false },
																						"west": { "texture": "#feather", "uv": [ 0.0, 0.0, 0.25, 3.0 ] },
																						"up": { "texture": "#feather", "uv": [ 0.25, 6.75, 2.25, 7.0 ], "autoUv": false },
																						"down": { "texture": "#feather", "uv": [ 0.0, 4.75, 3.0, 5.0 ], "autoUv": false }
																					}
																				},
																				{
																					"name": "Feather2",
																					"from": [ 0.0, 0.2, 1.7 ],
																					"to": [ 4.0, 3.2, 1.7 ],
																					"rotationOrigin": [ 0.0, 0.2, 1.7 ],
																					"rotationX": -90.0,
																					"faces": {
																						"north": { "texture": "#feather", "uv": [ 3.0, 5.15, 4.7, 7.75 ], "rotation": 90, "autoUv": false },
																						"east": { "texture": "#feather", "uv": [ 0.0, 0.0, 0.25, 3.0 ] },
																						"south": { "texture": "#feather", "uv": [ 0.5, 5.0, 1.5, 8.0 ], "autoUv": false },
																						"west": { "texture": "#feather", "uv": [ 0.0, 0.0, 0.25, 3.0 ] },
																						"up": { "texture": "#feather", "uv": [ 0.25, 6.75, 2.25, 7.0 ], "autoUv": false },
																						"down": { "texture": "#feather", "uv": [ 0.0, 4.75, 3.0, 5.0 ], "autoUv": false }
																					}
																				},
																				{
																					"name": "ArrowBody",
																					"from": [ 11.9, 0.4, -0.2 ],
																					"to": [ 14.9, 1.4, 0.0 ],
																					"rotationOrigin": [ 11.9, 0.4, -0.2 ],
																					"rotationX": 90.0,
																					"faces": {
																						"north": { "texture": "#silver", "uv": [ 0.0, 0.0, 3.0, 1.0 ] },
																						"east": { "texture": "#silver", "uv": [ 0.125, 0.0, 0.25, 1.0 ] },
																						"south": { "texture": "#silver", "uv": [ 0.0, 0.0, 3.0, 1.0 ] },
																						"west": { "texture": "#silver", "uv": [ 0.0, 0.0, 0.125, 1.0 ] },
																						"up": { "texture": "#silver", "uv": [ 0.0, 0.0, 3.0, 0.25 ] },
																						"down": { "texture": "#silver", "uv": [ 0.0, 0.0, 3.0, 0.25 ] }
																					},
																					"children": [
																						{
																							"name": "ArrowWing",
																							"from": [ 1.0, -0.5, 0.05 ],
																							"to": [ 3.0, 0.0, 0.15 ],
																							"rotationOrigin": [ 1.0, -0.5, 0.0 ],
																							"rotationZ": 15.0,
																							"faces": {
																								"north": { "texture": "#silver", "uv": [ 0.0, 0.0, 2.0, 0.5 ] },
																								"east": { "texture": "#silver", "uv": [ 0.0, 0.0, 0.125, 0.5 ] },
																								"south": { "texture": "#silver", "uv": [ 0.0, 0.0, 2.0, 0.5 ] },
																								"west": { "texture": "#silver", "uv": [ 0.0, 0.0, 0.125, 0.5 ] },
																								"up": { "texture": "#silver", "uv": [ 1.0, 0.0, 3.0, 0.25 ] },
																								"down": { "texture": "#silver", "uv": [ 0.0, 0.0, 2.0, 0.5 ] }
																							}
																						},
																						{
																							"name": "ArrowWingUp",
																							"from": [ 0.9, 1.0, 0.05 ],
																							"to": [ 2.9, 1.5, 0.15 ],
																							"rotationOrigin": [ 0.9, 1.0, 0.0 ],
																							"rotationZ": -15.0,
																							"faces": {
																								"north": { "texture": "#silver", "uv": [ 0.0, 0.0, 2.0, 0.5 ] },
																								"east": { "texture": "#silver", "uv": [ 0.0, 0.0, 0.125, 0.5 ] },
																								"south": { "texture": "#silver", "uv": [ 0.0, 0.0, 2.0, 0.5 ] },
																								"west": { "texture": "#silver", "uv": [ 0.0, 0.0, 0.125, 0.5 ] },
																								"up": { "texture": "#silver", "uv": [ 1.0, 0.0, 3.0, 0.25 ] },
																								"down": { "texture": "#silver", "uv": [ 0.0, 0.0, 2.0, 0.25 ] }
																							}
																						},
																						{
																							"name": "Cube2",
																							"from": [ 3.0, 0.25, 0.0 ],
																							"to": [ 3.5, 0.75, 0.2 ],
																							"rotationOrigin": [ 3.0, 0.2, 0.0 ],
																							"faces": {
																								"north": { "texture": "#silver", "uv": [ 0.0, 0.0, 0.5, 0.5 ] },
																								"east": { "texture": "#silver", "uv": [ 0.0, 0.0, 0.125, 0.5 ] },
																								"south": { "texture": "#silver", "uv": [ 0.0, 0.0, 0.5, 0.5 ] },
																								"west": { "texture": "#silver", "uv": [ 0.0, 0.0, 0.125, 0.5 ] },
																								"up": { "texture": "#silver", "uv": [ 0.0, 0.0, 0.5, 0.25 ] },
																								"down": { "texture": "#silver", "uv": [ 0.0, 0.0, 0.5, 0.5 ] }
																							}
																						}
																					]
																				}
																			]
																		}
																	]
																}
															]
														}
													]
												},
												{
													"name": "BowNotchDown",
													"from": [ 0.5, -0.2, -0.1 ],
													"to": [ 1.1, 0.8, 0.7 ],
													"rotationOrigin": [ 0.5, 0.3, 0.3 ],
													"faces": {
														"north": { "texture": "#string", "uv": [ 2.0, 0.75, 2.5, 1.75 ] },
														"east": { "texture": "#string", "uv": [ 2.5, 0.5, 3.25, 1.5 ] },
														"south": { "texture": "#string", "uv": [ 2.0, 0.25, 2.5, 1.25 ] },
														"west": { "texture": "#string", "uv": [ 1.5, 0.5, 2.25, 1.5 ] },
														"up": { "texture": "#string", "uv": [ 1.5, 0.25, 2.0, 1.0 ] },
														"down": { "texture": "#string", "uv": [ 1.0, 0.75, 1.5, 1.5 ] }
													}
												},
												{
													"name": "RecurveDown",
													"from": [ -1.8, 0.1, 0.1 ],
													"to": [ 0.2, 0.5, 0.5 ],
													"rotationOrigin": [ 0.2, 0.3, 0.3 ],
													"rotationY": 22.5,
													"faces": {
														"north": { "texture": "#bone", "uv": [ 0.0, 0.0, 2.0, 0.5 ] },
														"east": { "texture": "#bone", "uv": [ 0.0, 0.0, 0.5, 0.5 ] },
														"south": { "texture": "#bone", "uv": [ 0.0, 0.0, 2.0, 0.5 ] },
														"west": { "texture": "#bone", "uv": [ 0.0, 0.0, 0.5, 0.5 ] },
														"up": { "texture": "#bone", "uv": [ 0.0, 0.0, 2.0, 0.5 ] },
														"down": { "texture": "#bone", "uv": [ 0.0, 0.0, 2.0, 0.5 ] }
													}
												},
												{
													"name": "hornpart1.1",
													"from": [ 2.1, 0.2, 0.1 ],
													"to": [ 2.5, 1.3, 0.5 ],
													"rotationOrigin": [ 2.1, 0.2, 0.1 ],
													"rotationX": -22.5,
													"rotationZ": 45.0,
													"faces": {
														"north": { "texture": "#bone", "uv": [ 0.0, 0.0, 0.5, 1.0 ] },
														"east": { "texture": "#bone", "uv": [ 0.0, 0.0, 0.5, 1.0 ] },
														"south": { "texture": "#bone", "uv": [ 0.0, 0.0, 0.5, 1.0 ] },
														"west": { "texture": "#bone", "uv": [ 0.0, 0.0, 0.5, 1.0 ] },
														"up": { "texture": "#bone", "uv": [ 0.0, 0.0, 0.5, 0.5 ] },
														"down": { "texture": "#bone", "uv": [ 0.0, 0.0, 0.5, 0.5 ] }
													},
													"children": [
														{
															"name": "hornpart1.2",
															"from": [ 0.0872, 0.9357, 0.0831 ],
															"to": [ 0.3872, 2.0357, 0.3831 ],
															"rotationOrigin": [ 0.0872, 0.9357, 0.0831 ],
															"rotationX": -16.325,
															"rotationY": -15.7,
															"rotationZ": -2.266,
															"faces": {
																"north": { "texture": "#bone", "uv": [ 0.0, 0.0, 0.5, 1.0 ] },
																"east": { "texture": "#bone", "uv": [ 0.0, 0.0, 0.5, 1.0 ] },
																"south": { "texture": "#bone", "uv": [ 0.0, 0.0, 0.5, 1.0 ] },
																"west": { "texture": "#bone", "uv": [ 0.0, 0.0, 0.5, 1.0 ] },
																"up": { "texture": "#bone", "uv": [ 0.0, 0.0, 0.5, 0.5 ] },
																"down": { "texture": "#bone", "uv": [ 0.0, 0.0, 0.5, 0.5 ] }
															}
														},
														{
															"name": "hornpart1.3",
															"from": [ 0.0872, 0.9357, 0.0831 ],
															"to": [ 0.3872, 2.0357, 0.3831 ],
															"rotationOrigin": [ 0.0872, 0.9357, 0.0831 ],
															"rotationX": 22.5,
															"rotationZ": -22.5,
															"faces": {
																"north": { "texture": "#bone", "uv": [ 0.0, 0.0, 0.5, 1.0 ] },
																"east": { "texture": "#bone", "uv": [ 0.0, 0.0, 0.5, 1.0 ] },
																"south": { "texture": "#bone", "uv": [ 0.0, 0.0, 0.5, 1.0 ] },
																"west": { "texture": "#bone", "uv": [ 0.0, 0.0, 0.5, 1.0 ] },
																"up": { "texture": "#bone", "uv": [ 0.0, 0.0, 0.5, 0.5 ] },
																"down": { "texture": "#bone", "uv": [ 0.0, 0.0, 0.5, 0.5 ] }
															}
														}
													]
												},
												{
													"name": "hornpart1.4",
													"from": [ 3.6, 0.4, 0.4 ],
													"to": [ 4.0, 1.5, 0.8 ],
													"rotationOrigin": [ 3.6, 0.4, 0.4 ],
													"rotationX": 157.5,
													"rotationZ": 45.0,
													"faces": {
														"north": { "texture": "#bone", "uv": [ 0.0, 0.0, 0.5, 1.0 ] },
														"east": { "texture": "#bone", "uv": [ 0.0, 0.0, 0.5, 1.0 ] },
														"south": { "texture": "#bone", "uv": [ 0.0, 0.0, 0.5, 1.0 ] },
														"west": { "texture": "#bone", "uv": [ 0.0, 0.0, 0.5, 1.0 ] },
														"up": { "texture": "#bone", "uv": [ 0.0, 0.0, 0.5, 0.5 ] },
														"down": { "texture": "#bone", "uv": [ 0.0, 0.0, 0.5, 0.5 ] }
													},
													"children": [
														{
															"name": "hornpart1.5",
															"from": [ 0.0872, 0.9357, 0.0831 ],
															"to": [ 0.3872, 2.0357, 0.3831 ],
															"rotationOrigin": [ 0.0872, 0.9357, 0.0831 ],
															"rotationX": -16.325,
															"rotationY": -15.7,
															"rotationZ": -2.266,
															"faces": {
																"north": { "texture": "#bone", "uv": [ 0.0, 0.0, 0.5, 1.0 ] },
																"east": { "texture": "#bone", "uv": [ 0.0, 0.0, 0.5, 1.0 ] },
																"south": { "texture": "#bone", "uv": [ 0.0, 0.0, 0.5, 1.0 ] },
																"west": { "texture": "#bone", "uv": [ 0.0, 0.0, 0.5, 1.0 ] },
																"up": { "texture": "#bone", "uv": [ 0.0, 0.0, 0.5, 0.5 ] },
																"down": { "texture": "#bone", "uv": [ 0.0, 0.0, 0.5, 0.5 ] }
															}
														}
													]
												}
											]
										},
										{
											"name": "hornpart2.1",
											"from": [ 2.5, 0.2, 0.05 ],
											"to": [ 3.1, 1.8, 0.65 ],
											"rotationOrigin": [ 2.5, 0.2, 0.0 ],
											"rotationZ": 45.0,
											"faces": {
												"north": { "texture": "#bone", "uv": [ 0.0, 0.0, 0.5, 1.5 ] },
												"east": { "texture": "#bone", "uv": [ 0.0, 0.0, 0.5, 1.5 ] },
												"south": { "texture": "#bone", "uv": [ 0.0, 0.0, 0.5, 1.5 ] },
												"west": { "texture": "#bone", "uv": [ 0.0, 0.0, 0.5, 1.5 ] },
												"up": { "texture": "#bone", "uv": [ 0.0, 0.0, 0.5, 0.5 ] },
												"down": { "texture": "#bone", "uv": [ 0.0, 0.0, 0.5, 0.5 ] }
											},
											"children": [
												{
													"name": "hornpart2.2",
													"from": [ 0.0, 1.4142, 0.1 ],
													"to": [ 0.5, 3.0142, 0.6 ],
													"rotationOrigin": [ 0.0, 1.4142, 0.05 ],
													"rotationX": 16.325,
													"rotationY": 15.7,
													"rotationZ": -2.266,
													"faces": {
														"north": { "texture": "#bone", "uv": [ 0.0, 0.0, 0.5, 1.5 ] },
														"east": { "texture": "#bone", "uv": [ 0.0, 0.0, 0.5, 1.5 ] },
														"south": { "texture": "#bone", "uv": [ 0.0, 0.0, 0.5, 1.5 ] },
														"west": { "texture": "#bone", "uv": [ 0.0, 0.0, 0.5, 1.5 ] },
														"up": { "texture": "#bone", "uv": [ 0.0, 0.0, 0.5, 0.5 ] },
														"down": { "texture": "#bone", "uv": [ 0.0, 0.0, 0.5, 0.5 ] }
													},
													"children": [
														{
															"name": "hornpart2.3",
															"from": [ 0.0489, 0.9411, -0.0448 ],
															"to": [ 0.4489, 2.5411, 0.3552 ],
															"rotationOrigin": [ 0.0489, 0.9411, -0.0948 ],
															"rotationX": 16.325,
															"rotationY": 15.7,
															"rotationZ": -2.266,
															"faces": {
																"north": { "texture": "#bone", "uv": [ 0.0, 0.0, 0.5, 1.5 ] },
																"east": { "texture": "#bone", "uv": [ 0.0, 0.0, 0.5, 1.5 ] },
																"south": { "texture": "#bone", "uv": [ 0.0, 0.0, 0.5, 1.5 ] },
																"west": { "texture": "#bone", "uv": [ 0.0, 0.0, 0.5, 1.5 ] },
																"up": { "texture": "#bone", "uv": [ 0.0, 0.0, 0.5, 0.5 ] },
																"down": { "texture": "#bone", "uv": [ 0.0, 0.0, 0.5, 0.5 ] }
															},
															"children": [
																{
																	"name": "hornpart2.4",
																	"from": [ 0.0, 0.0, 0.5657 ],
																	"to": [ 0.3, 1.3, 0.8657 ],
																	"rotationOrigin": [ 0.0, 0.0, 0.5157 ],
																	"rotationX": 59.639,
																	"rotationY": 40.789,
																	"rotationZ": -114.059,
																	"faces": {
																		"north": { "texture": "#bone", "uv": [ 0.0, 0.0, 0.5, 1.0 ] },
																		"east": { "texture": "#bone", "uv": [ 0.0, 0.0, 0.5, 1.0 ] },
																		"south": { "texture": "#bone", "uv": [ 0.0, 0.0, 0.5, 1.0 ] },
																		"west": { "texture": "#bone", "uv": [ 0.0, 0.0, 0.5, 1.0 ] },
																		"up": { "texture": "#bone", "uv": [ 0.0, 0.0, 0.5, 0.5 ] },
																		"down": { "texture": "#bone", "uv": [ 0.0, 0.0, 0.5, 0.5 ] }
																	},
																	"children": [
																		{
																			"name": "hornpart2.5",
																			"from": [ 0.0218, 0.8704, 0.0448 ],
																			"to": [ 0.2218, 1.5704, 0.2448 ],
																			"rotationOrigin": [ 0.0218, 0.8704, -0.0052 ],
																			"faces": {
																				"north": { "texture": "#bone", "uv": [ 0.0, 0.0, 0.5, 0.5 ] },
																				"east": { "texture": "#bone", "uv": [ 0.0, 0.0, 0.5, 0.5 ] },
																				"south": { "texture": "#bone", "uv": [ 0.0, 0.0, 0.5, 0.5 ] },
																				"west": { "texture": "#bone", "uv": [ 0.0, 0.0, 0.5, 0.5 ] },
																				"up": { "texture": "#bone", "uv": [ 0.0, 0.0, 0.5, 0.5 ] },
																				"down": { "texture": "#bone", "uv": [ 0.0, 0.0, 0.5, 0.5 ] }
																			}
																		}
																	]
																}
															]
														}
													]
												}
											]
										}
									]
								}
							]
						},
						{
							"name": "FrontBowArm",
							"from": [ 0.1, 0.1, -0.6 ],
							"to": [ 3.4, 0.9, 0.1 ],
							"rotationOrigin": [ 0.1, 0.1, -0.6 ],
							"faces": {
								"north": { "texture": "#leather", "uv": [ 0.0, 0.0, 3.0, 0.5 ] },
								"east": { "texture": "#leather", "uv": [ 0.0, 0.0, 0.5, 0.5 ] },
								"south": { "texture": "#leather", "uv": [ 0.0, 0.0, 3.0, 0.5 ] },
								"west": { "texture": "#leather", "uv": [ 0.0, 0.0, 0.5, 0.5 ] },
								"up": { "texture": "#leather", "uv": [ 0.0, 0.0, 3.0, 0.5 ] },
								"down": { "texture": "#leather", "uv": [ 0.0, 0.0, 3.0, 0.5 ] }
							},
							"children": [
								{
									"name": "LowerFrontBowArm1",
									"from": [ -0.1, 0.1, 0.6 ],
									"to": [ 3.9, 0.7, 1.3 ],
									"rotationOrigin": [ 0.0, 0.1, 0.6 ],
									"rotationY": 167.0,
									"faces": {
										"north": { "texture": "#bone", "uv": [ 0.0, 0.0, 4.0, 0.5 ] },
										"east": { "texture": "#bone", "uv": [ 0.0, 0.0, 0.5, 0.5 ] },
										"south": { "texture": "#bone", "uv": [ 0.0, 0.0, 4.0, 0.5 ] },
										"west": { "texture": "#bone", "uv": [ 0.0, 0.0, 0.5, 0.5 ] },
										"up": { "texture": "#bone", "uv": [ 0.0, 0.0, 4.0, 0.5 ] },
										"down": { "texture": "#bone", "uv": [ 0.0, 0.0, 4.0, 0.5 ] }
									},
									"children": [
										{
											"name": "LowerFrontBowArm3",
											"from": [ 4.4, 0.15, 0.21 ],
											"to": [ 6.4, 0.45, 0.81 ],
											"rotationOrigin": [ 4.5, 0.1, -0.5874 ],
											"rotationY": -30.0,
											"faces": {
												"north": { "texture": "#bone", "uv": [ 0.0, 0.0, 2.0, 0.5 ] },
												"east": { "texture": "#bone", "uv": [ 0.0, 0.0, 0.5, 0.5 ] },
												"south": { "texture": "#bone", "uv": [ 0.0, 0.0, 2.0, 0.5 ] },
												"west": { "texture": "#bone", "uv": [ 0.0, 0.0, 0.5, 0.5 ] },
												"up": { "texture": "#bone", "uv": [ 0.0, 0.0, 2.0, 0.5 ] },
												"down": { "texture": "#bone", "uv": [ 0.0, 0.0, 2.0, 0.5 ] }
											},
											"children": [
												{
													"name": "LowerFrontBowArm4",
													"from": [ 2.24, 0.05, 0.39 ],
													"to": [ 3.64, 0.25, 0.69 ],
													"rotationOrigin": [ 2.3367, -0.05, -0.4036 ],
													"rotationY": -22.5,
													"faces": {
														"north": { "texture": "#bone", "uv": [ 0.0, 0.0, 1.0, 0.5 ] },
														"east": { "texture": "#bone", "uv": [ 0.0, 0.0, 0.5, 0.5 ] },
														"south": { "texture": "#bone", "uv": [ 0.0, 0.0, 1.0, 0.5 ] },
														"west": { "texture": "#bone", "uv": [ 0.0, 0.0, 0.5, 0.5 ] },
														"up": { "texture": "#bone", "uv": [ 0.0, 0.0, 1.0, 0.5 ] },
														"down": { "texture": "#bone", "uv": [ 0.0, 0.0, 1.0, 0.5 ] }
													}
												},
												{
													"name": "FrontBowNothchDown",
													"from": [ 1.3, -0.05, -0.1 ],
													"to": [ 1.7, 0.35, 0.7 ],
													"rotationOrigin": [ 1.3, 0.0, -0.1 ],
													"faces": {
														"north": { "texture": "#string", "uv": [ 0.0, 0.0, 0.5, 0.5 ] },
														"east": { "texture": "#string", "uv": [ 0.0, 0.0, 0.5, 0.5 ] },
														"south": { "texture": "#string", "uv": [ 0.0, 0.0, 0.5, 0.5 ] },
														"west": { "texture": "#string", "uv": [ 0.0, 0.0, 0.5, 0.5 ] },
														"up": { "texture": "#string", "uv": [ 0.0, 0.0, 0.5, 0.5 ] },
														"down": { "texture": "#string", "uv": [ 0.0, 0.0, 0.5, 0.5 ] }
													},
													"children": [
														{
															"name": "FrontBowLoverString",
															"from": [ 0.1, 0.1, 0.1 ],
															"to": [ 9.5, 0.3, 0.3 ],
															"rotationOrigin": [ 0.1, 0.1, 0.1 ],
															"rotationY": 101.3,
															"faces": {
																"north": { "texture": "#string", "uv": [ 0.0, 0.0, 9.0, 0.5 ] },
																"east": { "texture": "#string", "uv": [ 0.0, 0.0, 0.5, 0.5 ] },
																"south": { "texture": "#string", "uv": [ 0.0, 0.0, 9.0, 0.5 ] },
																"west": { "texture": "#string", "uv": [ 0.0, 0.0, 0.5, 0.5 ] },
																"up": { "texture": "#string", "uv": [ 0.0, 0.0, 9.0, 0.5 ] },
																"down": { "texture": "#string", "uv": [ 0.0, 0.0, 9.0, 0.5 ] }
															}
														}
													]
												}
											]
										},
										{
											"name": "FrontHorn",
											"from": [ 2.9, 0.4, 0.1 ],
											"to": [ 3.4, 1.8, 0.6 ],
											"rotationOrigin": [ 2.9, 0.4, 0.0 ],
											"rotationZ": -45.0,
											"faces": {
												"north": { "texture": "#bone", "uv": [ 0.0, 0.0, 0.5, 1.0 ] },
												"east": { "texture": "#bone", "uv": [ 0.0, 0.0, 0.5, 1.0 ] },
												"south": { "texture": "#bone", "uv": [ 0.0, 0.0, 0.5, 1.0 ] },
												"west": { "texture": "#bone", "uv": [ 0.0, 0.0, 0.5, 1.0 ] },
												"up": { "texture": "#bone", "uv": [ 0.0, 0.0, 0.5, 0.5 ] },
												"down": { "texture": "#bone", "uv": [ 0.0, 0.0, 0.5, 0.5 ] }
											}
										},
										{
											"name": "FrontHorn2",
											"from": [ 3.6, 1.1, 0.2 ],
											"to": [ 4.0, 2.5, 0.6 ],
											"rotationOrigin": [ 3.6, 1.1, 0.1 ],
											"rotationX": 22.5,
											"rotationZ": -45.0,
											"faces": {
												"north": { "texture": "#bone", "uv": [ 0.0, 0.0, 0.5, 1.0 ] },
												"east": { "texture": "#bone", "uv": [ 0.0, 0.0, 0.5, 1.0 ] },
												"south": { "texture": "#bone", "uv": [ 0.0, 0.0, 0.5, 1.0 ] },
												"west": { "texture": "#bone", "uv": [ 0.0, 0.0, 0.5, 1.0 ] },
												"up": { "texture": "#bone", "uv": [ 0.0, 0.0, 0.5, 0.5 ] },
												"down": { "texture": "#bone", "uv": [ 0.0, 0.0, 0.5, 0.5 ] }
											}
										},
										{
											"name": "FrontHorn3",
											"from": [ 4.65, 1.9, 0.55 ],
											"to": [ 4.95, 3.3, 0.85 ],
											"rotationOrigin": [ 4.6, 1.9, 0.4 ],
											"rotationX": 22.5,
											"rotationY": -22.5,
											"rotationZ": -45.0,
											"faces": {
												"north": { "texture": "#bone", "uv": [ 0.0, 0.0, 0.5, 1.0 ] },
												"east": { "texture": "#bone", "uv": [ 0.0, 0.0, 0.5, 1.0 ] },
												"south": { "texture": "#bone", "uv": [ 0.0, 0.0, 0.5, 1.0 ] },
												"west": { "texture": "#bone", "uv": [ 0.0, 0.0, 0.5, 1.0 ] },
												"up": { "texture": "#bone", "uv": [ 0.0, 0.0, 0.5, 0.5 ] },
												"down": { "texture": "#bone", "uv": [ 0.0, 0.0, 0.5, 0.5 ] }
											}
										}
									]
								},
								{
									"name": "UpperFrontBowArm1",
									"from": [ 3.2, 0.1, 0.6 ],
									"to": [ 7.2, 0.7, 1.3 ],
									"rotationOrigin": [ 3.3, 0.4, 0.6 ],
									"rotationX": -180.0,
									"rotationY": -13.0,
									"faces": {
										"north": { "texture": "#bone", "uv": [ 0.0, 0.0, 4.0, 0.5 ] },
										"east": { "texture": "#bone", "uv": [ 0.0, 0.0, 0.5, 0.5 ] },
										"south": { "texture": "#bone", "uv": [ 0.0, 0.0, 4.0, 0.5 ] },
										"west": { "texture": "#bone", "uv": [ 0.0, 0.0, 0.5, 0.5 ] },
										"up": { "texture": "#bone", "uv": [ 0.0, 0.0, 4.0, 0.5 ] },
										"down": { "texture": "#bone", "uv": [ 0.0, 0.0, 4.0, 0.5 ] }
									},
									"children": [
										{
											"name": "UpperdFrontBowArm3",
											"from": [ 4.41, 0.15, 0.11 ],
											"to": [ 6.41, 0.45, 0.71 ],
											"rotationOrigin": [ 4.4113, 0.1, -0.689 ],
											"rotationY": -30.0,
											"faces": {
												"north": { "texture": "#bone", "uv": [ 0.0, 0.0, 2.0, 0.5 ] },
												"east": { "texture": "#bone", "uv": [ 0.0, 0.0, 0.5, 0.5 ] },
												"south": { "texture": "#bone", "uv": [ 0.0, 0.0, 2.0, 0.5 ] },
												"west": { "texture": "#bone", "uv": [ 0.0, 0.0, 0.5, 0.5 ] },
												"up": { "texture": "#bone", "uv": [ 0.0, 0.0, 2.0, 0.5 ] },
												"down": { "texture": "#bone", "uv": [ 0.0, 0.0, 2.0, 0.5 ] }
											},
											"children": [
												{
													"name": "UpperdFrontBowArm4",
													"from": [ 1.98, 0.05, 0.3 ],
													"to": [ 3.38, 0.25, 0.6 ],
													"rotationOrigin": [ 1.9839, -0.05, -0.5035 ],
													"rotationY": -7.0,
													"faces": {
														"north": { "texture": "#bone", "uv": [ 0.0, 0.0, 1.0, 0.5 ] },
														"east": { "texture": "#bone", "uv": [ 0.0, 0.0, 0.5, 0.5 ] },
														"south": { "texture": "#bone", "uv": [ 0.0, 0.0, 1.0, 0.5 ] },
														"west": { "texture": "#bone", "uv": [ 0.0, 0.0, 0.5, 0.5 ] },
														"up": { "texture": "#bone", "uv": [ 0.0, 0.0, 1.0, 0.5 ] },
														"down": { "texture": "#bone", "uv": [ 0.0, 0.0, 1.0, 0.5 ] }
													}
												},
												{
													"name": "FrontBowNothcUp",
													"from": [ 1.4, -0.05, -0.1 ],
													"to": [ 1.8, 0.35, 0.7 ],
													"rotationOrigin": [ 1.4, -0.1, -0.1 ],
													"faces": {
														"north": { "texture": "#string", "uv": [ 0.0, 0.0, 0.5, 0.5 ] },
														"east": { "texture": "#string", "uv": [ 0.0, 0.0, 0.5, 0.5 ] },
														"south": { "texture": "#string", "uv": [ 0.0, 0.0, 0.5, 0.5 ] },
														"west": { "texture": "#string", "uv": [ 0.0, 0.0, 0.5, 0.5 ] },
														"up": { "texture": "#string", "uv": [ 0.0, 0.0, 0.5, 0.5 ] },
														"down": { "texture": "#string", "uv": [ 0.0, 0.0, 0.5, 0.5 ] }
													},
													"children": [
														{
															"name": "FrontBowUpperString",
															"from": [ 0.1, 0.1, 0.1 ],
															"to": [ 9.6, 0.3, 0.3 ],
															"rotationOrigin": [ 0.1, 0.1, 0.1 ],
															"rotationY": 101.3,
															"faces": {
																"north": { "texture": "#string", "uv": [ 0.0, 0.0, 9.5, 0.5 ] },
																"east": { "texture": "#string", "uv": [ 0.0, 0.0, 0.5, 0.5 ] },
																"south": { "texture": "#string", "uv": [ 0.0, 0.0, 9.5, 0.5 ] },
																"west": { "texture": "#string", "uv": [ 0.0, 0.0, 0.5, 0.5 ] },
																"up": { "texture": "#string", "uv": [ 0.0, 0.0, 9.5, 0.5 ] },
																"down": { "texture": "#string", "uv": [ 0.0, 0.0, 9.5, 0.5 ] }
															}
														}
													]
												},
												{
													"name": "UpperdFrontBowArm5",
													"from": [ 1.38, 0.05, 0.3 ],
													"to": [ 1.98, 0.25, 0.6 ],
													"rotationOrigin": [ 1.3839, -0.05, -0.5035 ],
													"rotationY": 22.5,
													"rotationZ": -22.5,
													"faces": {
														"north": { "texture": "#bone", "uv": [ 0.0, 0.0, 0.5, 0.5 ] },
														"east": { "texture": "#bone", "uv": [ 0.0, 0.0, 0.5, 0.5 ] },
														"south": { "texture": "#bone", "uv": [ 0.0, 0.0, 0.5, 0.5 ] },
														"west": { "texture": "#bone", "uv": [ 0.0, 0.0, 0.5, 0.5 ] },
														"up": { "texture": "#bone", "uv": [ 0.0, 0.0, 0.5, 0.5 ] },
														"down": { "texture": "#bone", "uv": [ 0.0, 0.0, 0.5, 0.5 ] }
													}
												}
											]
										},
										{
											"name": "FrontHornUp",
											"from": [ 0.6, 0.1, 0.4 ],
											"to": [ 1.1, 0.6, 3.0 ],
											"rotationOrigin": [ 0.6, 0.0, 0.4 ],
											"rotationY": 45.0,
											"faces": {
												"north": { "texture": "#bone", "uv": [ 0.0, 0.0, 0.5, 0.5 ] },
												"east": { "texture": "#bone", "uv": [ 0.0, 0.0, 2.5, 0.5 ] },
												"south": { "texture": "#bone", "uv": [ 0.0, 0.0, 0.5, 0.5 ] },
												"west": { "texture": "#bone", "uv": [ 0.0, 0.0, 2.5, 0.5 ] },
												"up": { "texture": "#bone", "uv": [ 0.0, 0.0, 0.5, 2.5 ] },
												"down": { "texture": "#bone", "uv": [ 0.0, 0.0, 0.5, 2.5 ] }
											},
											"children": [
												{
													"name": "FrontHornUp1",
													"from": [ 0.15, 0.05, 2.1 ],
													"to": [ 0.53, 0.45, 3.5 ],
													"rotationOrigin": [ 0.1, 0.0, 2.1 ],
													"rotationY": -22.5,
													"faces": {
														"north": { "texture": "#bone", "uv": [ 0.0, 0.0, 0.5, 0.5 ] },
														"east": { "texture": "#bone", "uv": [ 0.0, 0.0, 1.0, 0.5 ] },
														"south": { "texture": "#bone", "uv": [ 0.0, 0.0, 0.5, 0.5 ] },
														"west": { "texture": "#bone", "uv": [ 0.0, 0.0, 1.0, 0.5 ] },
														"up": { "texture": "#bone", "uv": [ 0.0, 0.0, 0.5, 1.0 ] },
														"down": { "texture": "#bone", "uv": [ 0.0, 0.0, 0.5, 1.0 ] }
													}
												},
												{
													"name": "FrontHornUp2",
													"from": [ 0.15, 0.05, 1.6 ],
													"to": [ 0.53, 0.45, 3.0 ],
													"rotationOrigin": [ 0.1, 0.0, 1.6 ],
													"rotationY": 45.0,
													"faces": {
														"north": { "texture": "#bone", "uv": [ 0.0, 0.0, 0.5, 0.5 ] },
														"east": { "texture": "#bone", "uv": [ 0.0, 0.0, 1.0, 0.5 ] },
														"south": { "texture": "#bone", "uv": [ 0.0, 0.0, 0.5, 0.5 ] },
														"west": { "texture": "#bone", "uv": [ 0.0, 0.0, 1.0, 0.5 ] },
														"up": { "texture": "#bone", "uv": [ 0.0, 0.0, 0.5, 1.0 ] },
														"down": { "texture": "#bone", "uv": [ 0.0, 0.0, 0.5, 1.0 ] }
													}
												}
											]
										}
									]
								},
								{
									"name": "FrontBowHandleStripe1",
									"from": [ 0.4, -0.05, -0.05 ],
									"to": [ 0.6, 0.85, 0.65 ],
									"rotationOrigin": [ 0.4, -0.1, 0.0 ],
									"faces": {
										"north": { "texture": "#string", "uv": [ 0.0, 0.0, 0.5, 0.5 ] },
										"east": { "texture": "#string", "uv": [ 0.0, 0.0, 0.5, 0.5 ] },
										"south": { "texture": "#string", "uv": [ 0.0, 0.0, 0.5, 0.5 ] },
										"west": { "texture": "#string", "uv": [ 0.0, 0.0, 0.5, 0.5 ] },
										"up": { "texture": "#string", "uv": [ 0.0, 0.0, 0.5, 0.5 ] },
										"down": { "texture": "#string", "uv": [ 0.0, 0.0, 0.5, 0.5 ] }
									}
								},
								{
									"name": "FrontBowHandleStripe2",
									"from": [ 2.7, -0.05, -0.05 ],
									"to": [ 2.9, 0.85, 0.65 ],
									"rotationOrigin": [ 2.7, -0.1, 0.0 ],
									"faces": {
										"north": { "texture": "#string", "uv": [ 0.0, 0.0, 0.5, 0.5 ] },
										"east": { "texture": "#string", "uv": [ 0.0, 0.0, 0.5, 0.5 ] },
										"south": { "texture": "#string", "uv": [ 0.0, 0.0, 0.5, 0.5 ] },
										"west": { "texture": "#string", "uv": [ 0.0, 0.0, 0.5, 0.5 ] },
										"up": { "texture": "#string", "uv": [ 0.0, 0.0, 0.5, 0.5 ] },
										"down": { "texture": "#string", "uv": [ 0.0, 0.0, 0.5, 0.5 ] }
									}
								},
								{
									"name": "FrontBowHandleStripe3",
									"from": [ 0.4, 0.17, -0.04 ],
									"to": [ 0.6, 2.67, 0.66 ],
									"rotationOrigin": [ 0.4, 0.1, 0.0 ],
									"rotationZ": -73.0,
									"faces": {
										"north": { "texture": "#string", "uv": [ 0.0, 0.0, 0.5, 2.5 ] },
										"east": { "texture": "#string", "uv": [ 0.0, 0.0, 0.5, 2.5 ] },
										"south": { "texture": "#string", "uv": [ 0.0, 0.0, 0.5, 2.5 ] },
										"west": { "texture": "#string", "uv": [ 0.0, 0.0, 0.5, 2.5 ] },
										"up": { "texture": "#string", "uv": [ 0.0, 0.0, 0.5, 0.5 ] },
										"down": { "texture": "#string", "uv": [ 0.0, 0.0, 0.5, 0.5 ] }
									}
								},
								{
									"name": "FrontBowHandleStripe4",
									"from": [ 2.9, -0.03, -0.045 ],
									"to": [ 3.1, 2.47, 0.655 ],
									"rotationOrigin": [ 2.9, -0.1, 0.0 ],
									"rotationZ": 73.0,
									"faces": {
										"north": { "texture": "#string", "uv": [ 0.0, 0.0, 0.5, 2.5 ] },
										"east": { "texture": "#string", "uv": [ 0.0, 0.0, 0.5, 2.5 ] },
										"south": { "texture": "#string", "uv": [ 0.0, 0.0, 0.5, 2.5 ] },
										"west": { "texture": "#string", "uv": [ 0.0, 0.0, 0.5, 2.5 ] },
										"up": { "texture": "#string", "uv": [ 0.0, 0.0, 0.5, 0.5 ] },
										"down": { "texture": "#string", "uv": [ 0.0, 0.0, 0.5, 0.5 ] }
									}
								},
								{
									"name": "FrontBowHandleStripe5",
									"from": [ 1.7, -0.05, -0.01 ],
									"to": [ 1.9, 0.85, 0.69 ],
									"rotationOrigin": [ 1.7, -0.1, 0.0 ],
									"faces": {
										"north": { "texture": "#string", "uv": [ 0.0, 0.0, 0.5, 0.5 ] },
										"east": { "texture": "#string", "uv": [ 0.0, 0.0, 0.5, 0.5 ] },
										"south": { "texture": "#string", "uv": [ 0.0, 0.0, 0.5, 0.5 ] },
										"west": { "texture": "#string", "uv": [ 0.0, 0.0, 0.5, 0.5 ] },
										"up": { "texture": "#string", "uv": [ 0.0, 0.0, 0.5, 0.5 ] },
										"down": { "texture": "#string", "uv": [ 0.0, 0.0, 0.5, 0.5 ] }
									}
								}
							]
						},
						{
							"name": "Padding1",
							"from": [ -0.2, 0.8, 0.4 ],
							"to": [ 0.1, 1.1, 0.7 ],
							"rotationOrigin": [ -0.2, 0.8, 0.4 ],
							"faces": {
								"north": { "texture": "#linen", "uv": [ 0.0, 0.0, 0.25, 0.25 ] },
								"east": { "texture": "#linen", "uv": [ 0.0, 0.0, 0.25, 0.25 ] },
								"south": { "texture": "#linen", "uv": [ 0.0, 0.0, 0.25, 0.25 ] },
								"west": { "texture": "#linen", "uv": [ 0.0, 0.0, 0.25, 0.25 ] },
								"up": { "texture": "#linen", "uv": [ 0.0, 0.0, 0.25, 0.25 ] },
								"down": { "texture": "#linen", "uv": [ 0.0, 0.0, 0.5, 0.5 ] }
							}
						},
						{
							"name": "Padding2",
							"from": [ -0.3, 0.7, 0.6 ],
							"to": [ 0.0, 1.0, 0.9 ],
							"rotationOrigin": [ -0.3, 0.7, 0.6 ],
							"faces": {
								"north": { "texture": "#linen", "uv": [ 0.0, 0.0, 0.25, 0.25 ] },
								"east": { "texture": "#linen", "uv": [ 0.0, 0.0, 0.25, 0.25 ] },
								"south": { "texture": "#linen", "uv": [ 0.0, 0.0, 0.25, 0.25 ] },
								"west": { "texture": "#linen", "uv": [ 0.0, 0.0, 0.25, 0.25 ] },
								"up": { "texture": "#linen", "uv": [ 0.0, 0.0, 0.25, 0.25 ] },
								"down": { "texture": "#linen", "uv": [ 0.0, 0.0, 0.25, 0.25 ] }
							}
						},
						{
							"name": "Padding3",
							"from": [ -0.2, 0.5, 0.8 ],
							"to": [ 0.1, 0.8, 1.1 ],
							"rotationOrigin": [ -0.2, 0.5, 0.8 ],
							"faces": {
								"north": { "texture": "#linen", "uv": [ 0.0, 0.0, 0.25, 0.25 ] },
								"east": { "texture": "#linen", "uv": [ 0.0, 0.0, 0.25, 0.25 ] },
								"south": { "texture": "#linen", "uv": [ 0.0, 0.0, 0.25, 0.25 ] },
								"west": { "texture": "#linen", "uv": [ 0.0, 0.0, 0.25, 0.25 ] },
								"up": { "texture": "#linen", "uv": [ 0.0, 0.0, 0.25, 0.25 ] },
								"down": { "texture": "#linen", "uv": [ 0.0, 0.0, 0.25, 0.25 ] }
							}
						},
						{
							"name": "Padding4",
							"from": [ -0.1, 0.2, 0.8 ],
							"to": [ 0.2, 0.5, 1.1 ],
							"rotationOrigin": [ -0.1, 0.2, 0.8 ],
							"faces": {
								"north": { "texture": "#linen", "uv": [ 0.0, 0.0, 0.25, 0.25 ] },
								"east": { "texture": "#linen", "uv": [ 0.0, 0.0, 0.25, 0.25 ] },
								"south": { "texture": "#linen", "uv": [ 0.0, 0.0, 0.25, 0.25 ] },
								"west": { "texture": "#linen", "uv": [ 0.0, 0.0, 0.25, 0.25 ] },
								"up": { "texture": "#linen", "uv": [ 0.0, 0.0, 0.25, 0.25 ] },
								"down": { "texture": "#linen", "uv": [ 0.0, 0.0, 0.25, 0.25 ] }
							}
						},
						{
							"name": "Padding5",
							"from": [ -0.1, 0.85, 0.1 ],
							"to": [ 0.2, 1.15, 0.4 ],
							"rotationOrigin": [ -0.1, 0.8, 0.1 ],
							"faces": {
								"north": { "texture": "#linen", "uv": [ 0.0, 0.0, 0.25, 0.25 ] },
								"east": { "texture": "#linen", "uv": [ 0.0, 0.0, 0.25, 0.25 ] },
								"south": { "texture": "#linen", "uv": [ 0.0, 0.0, 0.25, 0.25 ] },
								"west": { "texture": "#linen", "uv": [ 0.0, 0.0, 0.25, 0.25 ] },
								"up": { "texture": "#linen", "uv": [ 0.0, 0.0, 0.25, 0.25 ] },
								"down": { "texture": "#linen", "uv": [ 0.0, 0.0, 0.25, 0.25 ] }
							}
						},
						{
							"name": "Padding6",
							"from": [ -0.1, 0.75, -0.1 ],
							"to": [ 0.2, 1.05, 0.2 ],
							"rotationOrigin": [ -0.1, 0.7, -0.1 ],
							"faces": {
								"north": { "texture": "#linen", "uv": [ 0.0, 0.0, 0.25, 0.25 ] },
								"east": { "texture": "#linen", "uv": [ 0.0, 0.0, 0.25, 0.25 ] },
								"south": { "texture": "#linen", "uv": [ 0.0, 0.0, 0.25, 0.25 ] },
								"west": { "texture": "#linen", "uv": [ 0.0, 0.0, 0.25, 0.25 ] },
								"up": { "texture": "#linen", "uv": [ 0.0, 0.0, 0.25, 0.25 ] },
								"down": { "texture": "#linen", "uv": [ 0.0, 0.0, 0.25, 0.25 ] }
							}
						},
						{
							"name": "Padding7",
							"from": [ -0.1, -0.1, 0.71 ],
							"to": [ 0.2, 0.2, 1.01 ],
							"rotationOrigin": [ -0.1, -0.1, 0.7 ],
							"faces": {
								"north": { "texture": "#linen", "uv": [ 0.0, 0.0, 0.25, 0.25 ] },
								"east": { "texture": "#linen", "uv": [ 0.0, 0.0, 0.25, 0.25 ] },
								"south": { "texture": "#linen", "uv": [ 0.0, 0.0, 0.25, 0.25 ] },
								"west": { "texture": "#linen", "uv": [ 0.0, 0.0, 0.25, 0.25 ] },
								"up": { "texture": "#linen", "uv": [ 0.0, 0.0, 0.25, 0.25 ] },
								"down": { "texture": "#linen", "uv": [ 0.0, 0.0, 0.25, 0.25 ] }
							}
						},
						{
							"name": "Padding8",
							"from": [ -0.01, -0.2, 0.41 ],
							"to": [ 0.29, 0.1, 0.71 ],
							"rotationOrigin": [ 0.0, -0.2, 0.4 ],
							"faces": {
								"north": { "texture": "#linen", "uv": [ 0.0, 0.0, 0.25, 0.25 ] },
								"east": { "texture": "#linen", "uv": [ 0.0, 0.0, 0.25, 0.25 ] },
								"south": { "texture": "#linen", "uv": [ 0.0, 0.0, 0.25, 0.25 ] },
								"west": { "texture": "#linen", "uv": [ 0.0, 0.0, 0.25, 0.25 ] },
								"up": { "texture": "#linen", "uv": [ 0.0, 0.0, 0.25, 0.25 ] },
								"down": { "texture": "#linen", "uv": [ 0.0, 0.0, 0.25, 0.25 ] }
							}
						},
						{
							"name": "Padding9",
							"from": [ -0.11, -0.1, 0.21 ],
							"to": [ 0.19, 0.2, 0.51 ],
							"rotationOrigin": [ -0.1, -0.1, 0.2 ],
							"faces": {
								"north": { "texture": "#linen", "uv": [ 0.0, 0.0, 0.25, 0.25 ] },
								"east": { "texture": "#linen", "uv": [ 0.0, 0.0, 0.25, 0.25 ] },
								"south": { "texture": "#linen", "uv": [ 0.0, 0.0, 0.25, 0.25 ] },
								"west": { "texture": "#linen", "uv": [ 0.0, 0.0, 0.25, 0.25 ] },
								"up": { "texture": "#linen", "uv": [ 0.0, 0.0, 0.25, 0.25 ] },
								"down": { "texture": "#linen", "uv": [ 0.0, 0.0, 0.25, 0.25 ] }
							}
						},
						{
							"name": "Padding10",
							"from": [ -0.21, -0.1, -0.09 ],
							"to": [ 0.09, 0.2, 0.21 ],
							"rotationOrigin": [ -0.2, -0.1, -0.1 ],
							"faces": {
								"north": { "texture": "#linen", "uv": [ 0.0, 0.0, 0.25, 0.25 ] },
								"east": { "texture": "#linen", "uv": [ 0.0, 0.0, 0.25, 0.25 ] },
								"south": { "texture": "#linen", "uv": [ 0.0, 0.0, 0.25, 0.25 ] },
								"west": { "texture": "#linen", "uv": [ 0.0, 0.0, 0.25, 0.25 ] },
								"up": { "texture": "#linen", "uv": [ 0.0, 0.0, 0.25, 0.25 ] },
								"down": { "texture": "#linen", "uv": [ 0.0, 0.0, 0.25, 0.25 ] }
							}
						},
						{
							"name": "Padding11",
							"from": [ -0.1, 0.55, -0.1 ],
							"to": [ 0.2, 0.85, 0.2 ],
							"rotationOrigin": [ -0.1, 0.5, -0.1 ],
							"faces": {
								"north": { "texture": "#linen", "uv": [ 0.0, 0.0, 0.25, 0.25 ] },
								"east": { "texture": "#linen", "uv": [ 0.0, 0.0, 0.25, 0.25 ] },
								"south": { "texture": "#linen", "uv": [ 0.0, 0.0, 0.25, 0.25 ] },
								"west": { "texture": "#linen", "uv": [ 0.0, 0.0, 0.25, 0.25 ] },
								"up": { "texture": "#linen", "uv": [ 0.0, 0.0, 0.25, 0.25 ] },
								"down": { "texture": "#linen", "uv": [ 0.0, 0.0, 0.25, 0.25 ] }
							}
						},
						{
							"name": "Padding12",
							"from": [ -0.2, 0.25, -0.1 ],
							"to": [ 0.1, 0.55, 0.2 ],
							"rotationOrigin": [ -0.2, 0.2, -0.1 ],
							"faces": {
								"north": { "texture": "#linen", "uv": [ 0.0, 0.0, 0.25, 0.25 ] },
								"east": { "texture": "#linen", "uv": [ 0.0, 0.0, 0.25, 0.25 ] },
								"south": { "texture": "#linen", "uv": [ 0.0, 0.0, 0.25, 0.25 ] },
								"west": { "texture": "#linen", "uv": [ 0.0, 0.0, 0.25, 0.25 ] },
								"up": { "texture": "#linen", "uv": [ 0.0, 0.0, 0.25, 0.25 ] },
								"down": { "texture": "#linen", "uv": [ 0.0, 0.0, 0.25, 0.25 ] }
							}
						},
						{
							"name": "Padding13",
							"from": [ -0.3, 0.05, -0.1 ],
							"to": [ 0.0, 0.35, 0.2 ],
							"rotationOrigin": [ -0.3, 0.0, -0.1 ],
							"faces": {
								"north": { "texture": "#linen", "uv": [ 0.0, 0.0, 0.25, 0.25 ] },
								"east": { "texture": "#linen", "uv": [ 0.0, 0.0, 0.25, 0.25 ] },
								"south": { "texture": "#linen", "uv": [ 0.0, 0.0, 0.25, 0.25 ] },
								"west": { "texture": "#linen", "uv": [ 0.0, 0.0, 0.25, 0.25 ] },
								"up": { "texture": "#linen", "uv": [ 0.0, 0.0, 0.25, 0.25 ] },
								"down": { "texture": "#linen", "uv": [ 0.0, 0.0, 0.25, 0.25 ] }
							}
						},
						{
							"name": "Padding14",
							"from": [ 3.3, 0.95, 0.1 ],
							"to": [ 3.6, 1.25, 0.4 ],
							"rotationOrigin": [ 3.3, 0.9, 0.1 ],
							"faces": {
								"north": { "texture": "#linen", "uv": [ 0.0, 0.0, 0.25, 0.25 ] },
								"east": { "texture": "#linen", "uv": [ 0.0, 0.0, 0.25, 0.25 ] },
								"south": { "texture": "#linen", "uv": [ 0.0, 0.0, 0.25, 0.25 ] },
								"west": { "texture": "#linen", "uv": [ 0.0, 0.0, 0.25, 0.25 ] },
								"up": { "texture": "#linen", "uv": [ 0.0, 0.0, 0.25, 0.25 ] },
								"down": { "texture": "#linen", "uv": [ 0.0, 0.0, 0.25, 0.25 ] }
							}
						},
						{
							"name": "Padding15",
							"from": [ 3.4, 0.75, -0.1 ],
							"to": [ 3.7, 1.05, 0.2 ],
							"rotationOrigin": [ 3.4, 0.7, -0.1 ],
							"faces": {
								"north": { "texture": "#linen", "uv": [ 0.0, 0.0, 0.25, 0.25 ] },
								"east": { "texture": "#linen", "uv": [ 0.0, 0.0, 0.25, 0.25 ] },
								"south": { "texture": "#linen", "uv": [ 0.0, 0.0, 0.25, 0.25 ] },
								"west": { "texture": "#linen", "uv": [ 0.0, 0.0, 0.25, 0.25 ] },
								"up": { "texture": "#linen", "uv": [ 0.0, 0.0, 0.25, 0.25 ] },
								"down": { "texture": "#linen", "uv": [ 0.0, 0.0, 0.25, 0.25 ] }
							}
						},
						{
							"name": "Padding16",
							"from": [ 3.4, 0.85, 0.4 ],
							"to": [ 3.7, 1.15, 0.7 ],
							"rotationOrigin": [ 3.4, 0.8, 0.4 ],
							"faces": {
								"north": { "texture": "#linen", "uv": [ 0.0, 0.0, 0.25, 0.25 ] },
								"east": { "texture": "#linen", "uv": [ 0.0, 0.0, 0.25, 0.25 ] },
								"south": { "texture": "#linen", "uv": [ 0.0, 0.0, 0.25, 0.25 ] },
								"west": { "texture": "#linen", "uv": [ 0.0, 0.0, 0.25, 0.25 ] },
								"up": { "texture": "#linen", "uv": [ 0.0, 0.0, 0.25, 0.25 ] },
								"down": { "texture": "#linen", "uv": [ 0.0, 0.0, 0.25, 0.25 ] }
							}
						},
						{
							"name": "Padding17",
							"from": [ 3.3, 0.95, 0.7 ],
							"to": [ 3.6, 1.25, 1.0 ],
							"rotationOrigin": [ 3.3, 0.9, 0.7 ],
							"faces": {
								"north": { "texture": "#linen", "uv": [ 0.0, 0.0, 0.25, 0.25 ] },
								"east": { "texture": "#linen", "uv": [ 0.0, 0.0, 0.25, 0.25 ] },
								"south": { "texture": "#linen", "uv": [ 0.0, 0.0, 0.25, 0.25 ] },
								"west": { "texture": "#linen", "uv": [ 0.0, 0.0, 0.25, 0.25 ] },
								"up": { "texture": "#linen", "uv": [ 0.0, 0.0, 0.25, 0.25 ] },
								"down": { "texture": "#linen", "uv": [ 0.0, 0.0, 0.25, 0.25 ] }
							}
						},
						{
							"name": "Padding18",
							"from": [ 3.3, 0.75, 0.8 ],
							"to": [ 3.6, 1.05, 1.1 ],
							"rotationOrigin": [ 3.3, 0.7, 0.8 ],
							"faces": {
								"north": { "texture": "#linen", "uv": [ 0.0, 0.0, 0.25, 0.25 ] },
								"east": { "texture": "#linen", "uv": [ 0.0, 0.0, 0.25, 0.25 ] },
								"south": { "texture": "#linen", "uv": [ 0.0, 0.0, 0.25, 0.25 ] },
								"west": { "texture": "#linen", "uv": [ 0.0, 0.0, 0.25, 0.25 ] },
								"up": { "texture": "#linen", "uv": [ 0.0, 0.0, 0.25, 0.25 ] },
								"down": { "texture": "#linen", "uv": [ 0.0, 0.0, 0.25, 0.25 ] }
							}
						},
						{
							"name": "Padding19",
							"from": [ 3.5, 0.55, 0.8 ],
							"to": [ 3.8, 0.85, 1.1 ],
							"rotationOrigin": [ 3.5, 0.5, 0.8 ],
							"faces": {
								"north": { "texture": "#linen", "uv": [ 0.0, 0.0, 0.25, 0.25 ] },
								"east": { "texture": "#linen", "uv": [ 0.0, 0.0, 0.25, 0.25 ] },
								"south": { "texture": "#linen", "uv": [ 0.0, 0.0, 0.25, 0.25 ] },
								"west": { "texture": "#linen", "uv": [ 0.0, 0.0, 0.25, 0.25 ] },
								"up": { "texture": "#linen", "uv": [ 0.0, 0.0, 0.25, 0.25 ] },
								"down": { "texture": "#linen", "uv": [ 0.0, 0.0, 0.25, 0.25 ] }
							}
						},
						{
							"name": "Padding20",
							"from": [ 3.4, 0.25, 0.71 ],
							"to": [ 3.7, 0.55, 1.01 ],
							"rotationOrigin": [ 3.4, 0.2, 0.7 ],
							"faces": {
								"north": { "texture": "#linen", "uv": [ 0.0, 0.0, 0.25, 0.25 ] },
								"east": { "texture": "#linen", "uv": [ 0.0, 0.0, 0.25, 0.25 ] },
								"south": { "texture": "#linen", "uv": [ 0.0, 0.0, 0.25, 0.25 ] },
								"west": { "texture": "#linen", "uv": [ 0.0, 0.0, 0.25, 0.25 ] },
								"up": { "texture": "#linen", "uv": [ 0.0, 0.0, 0.25, 0.25 ] },
								"down": { "texture": "#linen", "uv": [ 0.0, 0.0, 0.25, 0.25 ] }
							}
						},
						{
							"name": "Padding21",
							"from": [ 3.5, -0.05, 0.81 ],
							"to": [ 3.8, 0.25, 1.11 ],
							"rotationOrigin": [ 3.5, -0.1, 0.8 ],
							"faces": {
								"north": { "texture": "#linen", "uv": [ 0.0, 0.0, 0.25, 0.25 ] },
								"east": { "texture": "#linen", "uv": [ 0.0, 0.0, 0.25, 0.25 ] },
								"south": { "texture": "#linen", "uv": [ 0.0, 0.0, 0.25, 0.25 ] },
								"west": { "texture": "#linen", "uv": [ 0.0, 0.0, 0.25, 0.25 ] },
								"up": { "texture": "#linen", "uv": [ 0.0, 0.0, 0.25, 0.25 ] },
								"down": { "texture": "#linen", "uv": [ 0.0, 0.0, 0.25, 0.25 ] }
							}
						},
						{
							"name": "Padding22",
							"from": [ 3.5, 0.05, 0.51 ],
							"to": [ 3.8, 0.35, 0.81 ],
							"rotationOrigin": [ 3.5, 0.0, 0.5 ],
							"faces": {
								"north": { "texture": "#linen", "uv": [ 0.0, 0.0, 0.25, 0.25 ] },
								"east": { "texture": "#linen", "uv": [ 0.0, 0.0, 0.25, 0.25 ] },
								"south": { "texture": "#linen", "uv": [ 0.0, 0.0, 0.25, 0.25 ] },
								"west": { "texture": "#linen", "uv": [ 0.0, 0.0, 0.25, 0.25 ] },
								"up": { "texture": "#linen", "uv": [ 0.0, 0.0, 0.25, 0.25 ] },
								"down": { "texture": "#linen", "uv": [ 0.0, 0.0, 0.25, 0.25 ] }
							}
						},
						{
							"name": "Padding23",
							"from": [ 3.4, -0.05, 0.21 ],
							"to": [ 3.7, 0.25, 0.51 ],
							"rotationOrigin": [ 3.4, -0.1, 0.2 ],
							"faces": {
								"north": { "texture": "#linen", "uv": [ 0.0, 0.0, 0.25, 0.25 ] },
								"east": { "texture": "#linen", "uv": [ 0.0, 0.0, 0.25, 0.25 ] },
								"south": { "texture": "#linen", "uv": [ 0.0, 0.0, 0.25, 0.25 ] },
								"west": { "texture": "#linen", "uv": [ 0.0, 0.0, 0.25, 0.25 ] },
								"up": { "texture": "#linen", "uv": [ 0.0, 0.0, 0.25, 0.25 ] },
								"down": { "texture": "#linen", "uv": [ 0.0, 0.0, 0.25, 0.25 ] }
							}
						},
						{
							"name": "Padding24",
							"from": [ 3.3, -0.15, -0.09 ],
							"to": [ 3.6, 0.15, 0.21 ],
							"rotationOrigin": [ 3.3, -0.2, -0.1 ],
							"faces": {
								"north": { "texture": "#linen", "uv": [ 0.0, 0.0, 0.25, 0.25 ] },
								"east": { "texture": "#linen", "uv": [ 0.0, 0.0, 0.25, 0.25 ] },
								"south": { "texture": "#linen", "uv": [ 0.0, 0.0, 0.25, 0.25 ] },
								"west": { "texture": "#linen", "uv": [ 0.0, 0.0, 0.25, 0.25 ] },
								"up": { "texture": "#linen", "uv": [ 0.0, 0.0, 0.25, 0.25 ] },
								"down": { "texture": "#linen", "uv": [ 0.0, 0.0, 0.25, 0.25 ] }
							}
						},
						{
							"name": "Padding25",
							"from": [ 3.4, 0.15, -0.09 ],
							"to": [ 3.7, 0.45, 0.21 ],
							"rotationOrigin": [ 3.4, 0.1, -0.1 ],
							"faces": {
								"north": { "texture": "#linen", "uv": [ 0.0, 0.0, 0.25, 0.25 ] },
								"east": { "texture": "#linen", "uv": [ 0.0, 0.0, 0.25, 0.25 ] },
								"south": { "texture": "#linen", "uv": [ 0.0, 0.0, 0.25, 0.25 ] },
								"west": { "texture": "#linen", "uv": [ 0.0, 0.0, 0.25, 0.25 ] },
								"up": { "texture": "#linen", "uv": [ 0.0, 0.0, 0.25, 0.25 ] },
								"down": { "texture": "#linen", "uv": [ 0.0, 0.0, 0.25, 0.25 ] }
							}
						},
						{
							"name": "Padding26",
							"from": [ 3.5, 0.45, -0.1 ],
							"to": [ 3.8, 0.75, 0.2 ],
							"rotationOrigin": [ 3.5, 0.4, -0.1 ],
							"faces": {
								"north": { "texture": "#linen", "uv": [ 0.0, 0.0, 0.25, 0.25 ] },
								"east": { "texture": "#linen", "uv": [ 0.0, 0.0, 0.25, 0.25 ] },
								"south": { "texture": "#linen", "uv": [ 0.0, 0.0, 0.25, 0.25 ] },
								"west": { "texture": "#linen", "uv": [ 0.0, 0.0, 0.25, 0.25 ] },
								"up": { "texture": "#linen", "uv": [ 0.0, 0.0, 0.25, 0.25 ] },
								"down": { "texture": "#linen", "uv": [ 0.0, 0.0, 0.25, 0.25 ] }
							}
						},
						{
							"name": "BowGripStripe1",
							"from": [ 0.2, -0.05, -0.1 ],
							"to": [ 0.4, 1.05, 1.05 ],
							"rotationOrigin": [ 0.2, 0.0, -0.1 ],
							"faces": {
								"north": { "texture": "#string", "uv": [ 0.0, 0.0, 0.5, 1.0 ] },
								"east": { "texture": "#string", "uv": [ 0.0, 0.0, 1.0, 1.0 ] },
								"south": { "texture": "#string", "uv": [ 0.0, 0.0, 0.5, 1.0 ] },
								"west": { "texture": "#string", "uv": [ 0.0, 0.0, 1.0, 1.0 ] },
								"up": { "texture": "#string", "uv": [ 0.0, 0.0, 0.5, 1.0 ] },
								"down": { "texture": "#string", "uv": [ 0.0, 0.0, 0.5, 1.0 ] }
							}
						},
						{
							"name": "BowGripStripe2",
							"from": [ 3.1, -0.05, -0.1 ],
							"to": [ 3.1, 1.05, 1.05 ],
							"rotationOrigin": [ 3.1, 0.0, -0.1 ],
							"faces": {
								"north": { "texture": "#string", "uv": [ 0.0, 0.0, 0.5, 1.0 ] },
								"east": { "texture": "#string", "uv": [ 0.0, 0.0, 1.0, 1.0 ] },
								"south": { "texture": "#string", "uv": [ 0.0, 0.0, 0.5, 1.0 ] },
								"west": { "texture": "#string", "uv": [ 0.0, 0.0, 1.0, 1.0 ] },
								"up": { "texture": "#string", "uv": [ 0.0, 0.0, 0.5, 1.0 ] },
								"down": { "texture": "#string", "uv": [ 0.0, 0.0, 0.5, 1.0 ] }
							}
						},
						{
							"name": "notch",
							"from": [ 0.6, 0.1, 0.1 ],
							"to": [ 1.6, 1.1, 0.9 ],
							"rotationOrigin": [ 0.2, 0.1, 0.1 ],
							"rotationZ": 15.0,
							"faces": {
								"north": { "texture": "#leather", "uv": [ 0.0, 0.0, 1.0, 1.0 ] },
								"east": { "texture": "#leather", "uv": [ 0.0, 0.0, 0.5, 1.0 ] },
								"south": { "texture": "#leather", "uv": [ 0.0, 0.0, 1.0, 1.0 ] },
								"west": { "texture": "#leather", "uv": [ 0.0, 0.0, 0.5, 1.0 ] },
								"up": { "texture": "#leather", "uv": [ 0.0, 0.0, 1.0, 0.5 ] },
								"down": { "texture": "#leather", "uv": [ 0.0, 0.0, 1.0, 0.5 ] }
							}
						},
						{
							"name": "notchPoint",
							"from": [ 1.2, 0.4, 0.15 ],
							"to": [ 1.5, 1.4, 0.85 ],
							"rotationOrigin": [ 0.8, 0.4, 0.1 ],
							"faces": {
								"north": { "texture": "#handle", "uv": [ 5.0, 4.5, 5.25, 5.5 ] },
								"east": { "texture": "#handle", "uv": [ 5.0, 5.0, 5.5, 6.0 ] },
								"south": { "texture": "#handle", "uv": [ 5.0, 4.5, 5.25, 5.5 ] },
								"west": { "texture": "#handle", "uv": [ 5.0, 5.5, 5.5, 6.5 ] },
								"up": { "texture": "#handle", "uv": [ 5.0, 5.0, 5.25, 5.5 ] },
								"down": { "texture": "#handle", "uv": [ 5.0, 5.5, 5.25, 6.0 ] }
							}
						},
						{
							"name": "BowLimbDown2",
							"from": [ -2.5, 0.3, 0.1 ],
							"to": [ 3.5, 1.1, 0.9 ],
							"rotationOrigin": [ 3.5, 0.6, 0.4 ],
							"rotationY": -10.0,
							"rotationZ": -180.0,
							"faces": {
								"north": { "texture": "#bone", "uv": [ 1.0, 1.5, 7.0, 2.0 ] },
								"south": { "texture": "#bone", "uv": [ 0.0, 2.5, 6.0, 3.0 ] },
								"west": { "texture": "#bone", "uv": [ 1.0, 1.0, 1.5, 1.5 ] },
								"up": { "texture": "#bone", "uv": [ 1.0, 1.0, 7.0, 1.5 ] },
								"down": { "texture": "#bone", "uv": [ 1.5, 2.0, 7.5, 2.5 ] }
							},
							"children": [
								{
									"name": "BowMiddleDown2",
									"from": [ -2.5, 0.05, 1.85 ],
									"to": [ 0.7, 0.75, 2.55 ],
									"rotationOrigin": [ -2.5, 0.1, 1.8 ],
									"rotationY": 35.0,
									"faces": {
										"north": { "texture": "#bone", "uv": [ 0.0, 0.0, 3.0, 0.5 ] },
										"east": { "texture": "#bone", "uv": [ 0.0, 0.0, 0.5, 0.5 ] },
										"south": { "texture": "#bone", "uv": [ 0.0, 0.0, 3.0, 0.5 ] },
										"west": { "texture": "#bone", "uv": [ 0.0, 0.0, 0.5, 0.5 ] },
										"up": { "texture": "#bone", "uv": [ 0.0, 0.0, 3.0, 0.5 ] },
										"down": { "texture": "#bone", "uv": [ 0.0, 0.0, 3.0, 0.5 ] }
									},
									"children": [
										{
											"name": "BowTipDown2",
											"from": [ -3.93, 0.05, 0.06 ],
											"to": [ 0.07, 0.65, 0.66 ],
											"rotationOrigin": [ 0.47, 0.35, 0.36 ],
											"rotationY": 10.0,
											"faces": {
												"north": { "texture": "#bone", "uv": [ 1.0, 3.0, 5.0, 3.5 ] },
												"east": { "texture": "#bone", "uv": [ 1.5, 2.0, 2.0, 2.5 ] },
												"south": { "texture": "#bone", "uv": [ 0.5, 2.5, 4.5, 3.0 ] },
												"west": { "texture": "#bone", "uv": [ 1.0, 1.0, 1.5, 1.5 ] },
												"up": { "texture": "#bone", "uv": [ 0.5, 4.0, 4.5, 4.5 ] },
												"down": { "texture": "#bone", "uv": [ 0.5, 3.5, 4.5, 4.0 ] }
											},
											"children": [
												{
													"name": "BowStringDown3",
													"from": [ 0.6, 0.2, 0.5 ],
													"to": [ 6.7, 0.4, 0.7 ],
													"rotationOrigin": [ 0.6, 0.3, 0.6 ],
													"rotationY": -70.8,
													"faces": {
														"north": { "texture": "#string", "uv": [ 0.0, 0.0, 6.0, 0.5 ] },
														"east": { "texture": "#string", "uv": [ 3.0, 0.0, 3.5, 0.5 ] },
														"south": { "texture": "#string", "uv": [ 0.0, 0.0, 6.0, 0.5 ] },
														"west": { "texture": "#string", "uv": [ 3.5, 0.0, 4.0, 0.5 ] },
														"up": { "texture": "#string", "uv": [ 0.0, 0.0, 6.0, 0.5 ] },
														"down": { "texture": "#string", "uv": [ 0.0, 0.0, 6.0, 0.5 ] }
													},
													"children": [
														{
															"name": "BowStringDown4",
															"from": [ 6.1, 0.0, 0.0 ],
															"to": [ 10.7, 0.2, 0.2 ],
															"rotationOrigin": [ 6.1, 0.0, 0.0 ],
															"faces": {
																"north": { "texture": "#string", "uv": [ 2.0, 0.0, 6.5, 0.5 ] },
																"east": { "texture": "#string", "uv": [ 3.0, 0.0, 3.5, 0.5 ] },
																"south": { "texture": "#string", "uv": [ 3.0, 0.0, 7.5, 0.5 ] },
																"west": { "texture": "#string", "uv": [ 3.5, 0.0, 4.0, 0.5 ] },
																"up": { "texture": "#string", "uv": [ 2.0, 0.0, 6.5, 0.5 ] },
																"down": { "texture": "#string", "uv": [ 1.0, 0.0, 5.5, 0.5 ] }
															}
														}
													]
												},
												{
													"name": "BowNotchDown2",
													"from": [ 0.5, -0.2, -0.1 ],
													"to": [ 1.1, 0.8, 0.7 ],
													"rotationOrigin": [ 0.5, 0.3, 0.3 ],
													"faces": {
														"north": { "texture": "#string", "uv": [ 2.0, 1.0, 2.5, 2.0 ] },
														"east": { "texture": "#string", "uv": [ 2.5, 0.5, 3.0, 1.5 ] },
														"south": { "texture": "#string", "uv": [ 2.0, 0.5, 2.5, 1.5 ] },
														"west": { "texture": "#string", "uv": [ 1.5, 0.5, 2.0, 1.5 ] },
														"up": { "texture": "#string", "uv": [ 1.5, 0.5, 2.0, 1.0 ] },
														"down": { "texture": "#string", "uv": [ 1.0, 1.0, 1.5, 1.5 ] }
													}
												},
												{
													"name": "RecurveDown2",
													"from": [ -1.8, 0.1, 0.1 ],
													"to": [ 0.2, 0.5, 0.5 ],
													"rotationOrigin": [ 0.2, 0.3, 0.3 ],
													"rotationY": 22.5,
													"faces": {
														"north": { "texture": "#bone", "uv": [ 0.0, 0.0, 2.0, 0.5 ] },
														"east": { "texture": "#bone", "uv": [ 0.0, 0.0, 0.5, 0.5 ] },
														"south": { "texture": "#bone", "uv": [ 0.0, 0.0, 2.0, 0.5 ] },
														"west": { "texture": "#bone", "uv": [ 0.0, 0.0, 0.5, 0.5 ] },
														"up": { "texture": "#bone", "uv": [ 0.0, 0.0, 2.0, 0.5 ] },
														"down": { "texture": "#bone", "uv": [ 0.0, 0.0, 2.0, 0.5 ] }
													}
												},
												{
													"name": "hornpart1.6",
													"from": [ 2.1, 0.2, 0.1 ],
													"to": [ 2.5, 1.3, 0.5 ],
													"rotationOrigin": [ 2.1, 0.2, 0.1 ],
													"rotationX": -22.5,
													"rotationZ": 45.0,
													"faces": {
														"north": { "texture": "#bone", "uv": [ 0.0, 0.0, 0.5, 1.0 ] },
														"east": { "texture": "#bone", "uv": [ 0.0, 0.0, 0.5, 1.0 ] },
														"south": { "texture": "#bone", "uv": [ 0.0, 0.0, 0.5, 1.0 ] },
														"west": { "texture": "#bone", "uv": [ 0.0, 0.0, 0.5, 1.0 ] },
														"up": { "texture": "#bone", "uv": [ 0.0, 0.0, 0.5, 0.5 ] },
														"down": { "texture": "#bone", "uv": [ 0.0, 0.0, 0.5, 0.5 ] }
													},
													"children": [
														{
															"name": "hornpart1.7",
															"from": [ 0.0872, 0.9357, 0.0831 ],
															"to": [ 0.3872, 2.0357, 0.3831 ],
															"rotationOrigin": [ 0.0872, 0.9357, 0.0831 ],
															"rotationX": -16.325,
															"rotationY": -15.7,
															"rotationZ": -2.266,
															"faces": {
																"north": { "texture": "#bone", "uv": [ 0.0, 0.0, 0.5, 1.0 ] },
																"east": { "texture": "#bone", "uv": [ 0.0, 0.0, 0.5, 1.0 ] },
																"south": { "texture": "#bone", "uv": [ 0.0, 0.0, 0.5, 1.0 ] },
																"west": { "texture": "#bone", "uv": [ 0.0, 0.0, 0.5, 1.0 ] },
																"up": { "texture": "#bone", "uv": [ 0.0, 0.0, 0.5, 0.5 ] },
																"down": { "texture": "#bone", "uv": [ 0.0, 0.0, 0.5, 0.5 ] }
															}
														}
													]
												},
												{
													"name": "RecurveDown3",
													"from": [ -1.2, 0.4, 0.0 ],
													"to": [ -0.1, 0.7, 0.3 ],
													"rotationOrigin": [ 0.8, 0.6, 0.2 ],
													"rotationY": 22.5,
													"rotationZ": 22.5,
													"faces": {
														"north": { "texture": "#bone", "uv": [ 0.0, 0.0, 1.0, 0.5 ] },
														"east": { "texture": "#bone", "uv": [ 0.0, 0.0, 0.5, 0.5 ] },
														"south": { "texture": "#bone", "uv": [ 0.0, 0.0, 1.0, 0.5 ] },
														"west": { "texture": "#bone", "uv": [ 0.0, 0.0, 0.5, 0.5 ] },
														"up": { "texture": "#bone", "uv": [ 0.0, 0.0, 1.0, 0.5 ] },
														"down": { "texture": "#bone", "uv": [ 0.0, 0.0, 1.0, 0.5 ] }
													}
												},
												{
													"name": "hornpart1.8",
													"from": [ 2.0, 0.2, 0.3 ],
													"to": [ 2.4, 1.3, 0.7 ],
													"rotationOrigin": [ 2.0, 0.2, 0.3 ],
													"rotationX": -22.5,
													"rotationY": 67.5,
													"rotationZ": 45.0,
													"faces": {
														"north": { "texture": "#bone", "uv": [ 0.0, 0.0, 0.5, 1.0 ] },
														"east": { "texture": "#bone", "uv": [ 0.0, 0.0, 0.5, 1.0 ] },
														"south": { "texture": "#bone", "uv": [ 0.0, 0.0, 0.5, 1.0 ] },
														"west": { "texture": "#bone", "uv": [ 0.0, 0.0, 0.5, 1.0 ] },
														"up": { "texture": "#bone", "uv": [ 0.0, 0.0, 0.5, 0.5 ] },
														"down": { "texture": "#bone", "uv": [ 0.0, 0.0, 0.5, 0.5 ] }
													},
													"children": [
														{
															"name": "hornpart1.9",
															"from": [ 0.0872, 0.9357, 0.0831 ],
															"to": [ 0.3872, 2.0357, 0.3831 ],
															"rotationOrigin": [ 0.0872, 0.9357, 0.0831 ],
															"rotationX": -16.325,
															"rotationY": -15.7,
															"rotationZ": -2.266,
															"faces": {
																"north": { "texture": "#bone", "uv": [ 0.0, 0.0, 0.5, 1.0 ] },
																"east": { "texture": "#bone", "uv": [ 0.0, 0.0, 0.5, 1.0 ] },
																"south": { "texture": "#bone", "uv": [ 0.0, 0.0, 0.5, 1.0 ] },
																"west": { "texture": "#bone", "uv": [ 0.0, 0.0, 0.5, 1.0 ] },
																"up": { "texture": "#bone", "uv": [ 0.0, 0.0, 0.5, 0.5 ] },
																"down": { "texture": "#bone", "uv": [ 0.0, 0.0, 0.5, 0.5 ] }
															}
														}
													]
												}
											]
										},
										{
											"name": "hornpart2.6",
											"from": [ 1.3, 0.2, -0.05 ],
											"to": [ 1.9, 1.8, 0.55 ],
											"rotationOrigin": [ 1.3, 0.2, -0.1 ],
											"rotationY": 22.5,
											"rotationZ": 135.0,
											"faces": {
												"north": { "texture": "#bone", "uv": [ 0.0, 0.0, 0.5, 1.5 ] },
												"east": { "texture": "#bone", "uv": [ 0.0, 0.0, 0.5, 1.5 ] },
												"south": { "texture": "#bone", "uv": [ 0.0, 0.0, 0.5, 1.5 ] },
												"west": { "texture": "#bone", "uv": [ 0.0, 0.0, 0.5, 1.5 ] },
												"up": { "texture": "#bone", "uv": [ 0.0, 0.0, 0.5, 0.5 ] },
												"down": { "texture": "#bone", "uv": [ 0.0, 0.0, 0.5, 0.5 ] }
											},
											"children": [
												{
													"name": "hornpart2.7",
													"from": [ 0.0, 1.4142, 0.1 ],
													"to": [ 0.5, 3.0142, 0.6 ],
													"rotationOrigin": [ 0.0, 1.4142, 0.05 ],
													"rotationX": 16.325,
													"rotationY": 15.7,
													"rotationZ": -2.266,
													"faces": {
														"north": { "texture": "#bone", "uv": [ 0.0, 0.0, 0.5, 1.5 ] },
														"east": { "texture": "#bone", "uv": [ 0.0, 0.0, 0.5, 1.5 ] },
														"south": { "texture": "#bone", "uv": [ 0.0, 0.0, 0.5, 1.5 ] },
														"west": { "texture": "#bone", "uv": [ 0.0, 0.0, 0.5, 1.5 ] },
														"up": { "texture": "#bone", "uv": [ 0.0, 0.0, 0.5, 0.5 ] },
														"down": { "texture": "#bone", "uv": [ 0.0, 0.0, 0.5, 0.5 ] }
													},
													"children": [
														{
															"name": "hornpart2.8",
															"from": [ -0.05, 0.94, 0.06 ],
															"to": [ 0.35, 2.54, 0.46 ],
															"rotationOrigin": [ -0.0511, 0.9411, 0.0052 ],
															"rotationX": 16.325,
															"rotationY": 22.5,
															"rotationZ": -2.266,
															"faces": {
																"north": { "texture": "#bone", "uv": [ 0.0, 0.0, 0.5, 1.5 ] },
																"east": { "texture": "#bone", "uv": [ 0.0, 0.0, 0.5, 1.5 ] },
																"south": { "texture": "#bone", "uv": [ 0.0, 0.0, 0.5, 1.5 ] },
																"west": { "texture": "#bone", "uv": [ 0.0, 0.0, 0.5, 1.5 ] },
																"up": { "texture": "#bone", "uv": [ 0.0, 0.0, 0.5, 0.5 ] },
																"down": { "texture": "#bone", "uv": [ 0.0, 0.0, 0.5, 0.5 ] }
															}
														},
														{
															"name": "hornpart2.9",
															"from": [ 0.202, 0.788, 0.4778 ],
															"to": [ 0.502, 2.088, 0.7778 ],
															"rotationOrigin": [ 0.202, 0.788, 0.4278 ],
															"rotationX": 90.0,
															"rotationY": 45.0,
															"rotationZ": -135.0,
															"faces": {
																"north": { "texture": "#bone", "uv": [ 0.0, 0.0, 0.5, 1.0 ] },
																"east": { "texture": "#bone", "uv": [ 0.0, 0.0, 0.5, 1.0 ] },
																"south": { "texture": "#bone", "uv": [ 0.0, 0.0, 0.5, 1.0 ] },
																"west": { "texture": "#bone", "uv": [ 0.0, 0.0, 0.5, 1.0 ] },
																"up": { "texture": "#bone", "uv": [ 0.0, 0.0, 0.5, 0.5 ] },
																"down": { "texture": "#bone", "uv": [ 0.0, 0.0, 0.5, 0.5 ] }
															},
															"children": [
																{
																	"name": "hornpart2.10",
																	"from": [ 0.22, 0.8704, 0.14 ],
																	"to": [ 0.42, 2.0704, 0.34 ],
																	"rotationOrigin": [ 0.2218, 0.8704, 0.0948 ],
																	"rotationX": -22.5,
																	"rotationY": -22.5,
																	"rotationZ": 22.5,
																	"faces": {
																		"north": { "texture": "#bone", "uv": [ 0.0, 0.0, 0.5, 1.0 ] },
																		"east": { "texture": "#bone", "uv": [ 0.0, 0.0, 0.5, 1.0 ] },
																		"south": { "texture": "#bone", "uv": [ 0.0, 0.0, 0.5, 1.0 ] },
																		"west": { "texture": "#bone", "uv": [ 0.0, 0.0, 0.5, 1.0 ] },
																		"up": { "texture": "#bone", "uv": [ 0.0, 0.0, 0.5, 0.5 ] },
																		"down": { "texture": "#bone", "uv": [ 0.0, 0.0, 0.5, 0.5 ] }
																	}
																}
															]
														},
														{
															"name": "hornpart2.11",
															"from": [ 0.05, 1.74, 0.36 ],
															"to": [ 0.35, 3.34, 0.66 ],
															"rotationOrigin": [ 0.0489, 1.7411, 0.3052 ],
															"rotationX": 16.325,
															"rotationY": 22.5,
															"rotationZ": -2.266,
															"faces": {
																"north": { "texture": "#bone", "uv": [ 0.0, 0.0, 0.5, 1.5 ] },
																"east": { "texture": "#bone", "uv": [ 0.0, 0.0, 0.5, 1.5 ] },
																"south": { "texture": "#bone", "uv": [ 0.0, 0.0, 0.5, 1.5 ] },
																"west": { "texture": "#bone", "uv": [ 0.0, 0.0, 0.5, 1.5 ] },
																"up": { "texture": "#bone", "uv": [ 0.0, 0.0, 0.5, 0.5 ] },
																"down": { "texture": "#bone", "uv": [ 0.0, 0.0, 0.5, 0.5 ] }
															}
														}
													]
												}
											]
										}
									]
								},
								{
									"name": "horn",
									"from": [ 3.0, 0.0, 0.05 ],
									"to": [ 3.7, 2.4, 0.75 ],
									"rotationOrigin": [ 3.0, 0.0, 0.0 ],
									"rotationZ": 45.0,
									"faces": {
										"north": { "texture": "#bone", "uv": [ 0.0, 0.0, 0.5, 2.0 ] },
										"east": { "texture": "#bone", "uv": [ 0.5, 0.0, 1.0, 2.0 ] },
										"south": { "texture": "#bone", "uv": [ 0.0, 0.0, 0.5, 2.0 ] },
										"west": { "texture": "#bone", "uv": [ 0.0, 0.0, 0.5, 2.0 ] },
										"up": { "texture": "#bone", "uv": [ 0.0, 0.0, 0.5, 0.5 ] },
										"down": { "texture": "#bone", "uv": [ 0.0, 0.0, 0.5, 0.5 ] }
									},
									"children": [
										{
											"name": "horn2",
											"from": [ 0.07, 0.89, 0.0 ],
											"to": [ 0.57, 3.49, 0.5 ],
											"rotationOrigin": [ 0.07, 0.892, -0.05 ],
											"rotationX": 11.0,
											"faces": {
												"north": { "texture": "#bone", "uv": [ 0.0, 0.0, 0.5, 2.5 ] },
												"east": { "texture": "#bone", "uv": [ 0.5, 0.0, 1.0, 2.5 ] },
												"south": { "texture": "#bone", "uv": [ 0.0, 0.0, 0.5, 2.5 ] },
												"west": { "texture": "#bone", "uv": [ 0.0, 0.0, 0.5, 2.5 ] },
												"up": { "texture": "#bone", "uv": [ 0.0, 0.0, 0.5, 0.5 ] },
												"down": { "texture": "#bone", "uv": [ 0.0, 0.0, 0.5, 0.5 ] }
											},
											"children": [
												{
													"name": "horn3",
													"from": [ 0.1142, 0.8757, -0.0066 ],
													"to": [ 0.4142, 3.6757, 0.2934 ],
													"rotationOrigin": [ 0.1142, 0.8757, -0.0566 ],
													"rotationX": -16.325,
													"rotationY": -22.5,
													"rotationZ": -2.266,
													"faces": {
														"north": { "texture": "#bone", "uv": [ 0.0, 0.0, 0.5, 2.5 ] },
														"east": { "texture": "#bone", "uv": [ 0.5, 0.0, 1.0, 2.5 ] },
														"south": { "texture": "#bone", "uv": [ 0.0, 0.0, 0.5, 2.5 ] },
														"west": { "texture": "#bone", "uv": [ 0.0, 0.0, 0.5, 2.5 ] },
														"up": { "texture": "#bone", "uv": [ 0.0, 0.0, 0.5, 0.5 ] },
														"down": { "texture": "#bone", "uv": [ 0.0, 0.0, 0.5, 0.5 ] }
													}
												},
												{
													"name": "horn4",
													"from": [ 0.0327, 2.3714, 0.0727 ],
													"to": [ 0.4327, 4.5714, 0.4727 ],
													"rotationOrigin": [ 0.0327, 2.3714, 0.0227 ],
													"faces": {
														"north": { "texture": "#bone", "uv": [ 0.0, 0.0, 0.5, 2.0 ] },
														"east": { "texture": "#bone", "uv": [ 0.5, 0.0, 1.0, 2.0 ] },
														"south": { "texture": "#bone", "uv": [ 0.0, 0.0, 0.5, 2.0 ] },
														"west": { "texture": "#bone", "uv": [ 0.0, 0.0, 0.5, 2.0 ] },
														"up": { "texture": "#bone", "uv": [ 0.0, 0.0, 0.5, 0.5 ] },
														"down": { "texture": "#bone", "uv": [ 0.0, 0.0, 0.5, 0.5 ] }
													},
													"children": [
														{
															"name": "horn5",
															"from": [ 0.0076, 1.9309, 0.0568 ],
															"to": [ 0.3076, 3.2309, 0.3568 ],
															"rotationOrigin": [ -0.0924, 1.9309, 0.0068 ],
															"rotationX": 16.325,
															"rotationY": 15.7,
															"rotationZ": 20.234,
															"faces": {
																"north": { "texture": "#bone", "uv": [ 0.0, 0.0, 0.5, 1.0 ] },
																"east": { "texture": "#bone", "uv": [ 0.5, 0.0, 1.0, 1.0 ] },
																"south": { "texture": "#bone", "uv": [ 0.0, 0.0, 0.5, 1.0 ] },
																"west": { "texture": "#bone", "uv": [ 0.0, 0.0, 0.5, 1.0 ] },
																"up": { "texture": "#bone", "uv": [ 0.0, 0.0, 0.5, 0.5 ] },
																"down": { "texture": "#bone", "uv": [ 0.0, 0.0, 0.5, 0.5 ] }
															}
														},
														{
															"name": "horn6",
															"from": [ 0.1218, 0.9681, 0.0476 ],
															"to": [ 0.4218, 2.2681, 0.3476 ],
															"rotationOrigin": [ 0.0218, 0.9681, -0.0024 ],
															"rotationX": 16.325,
															"rotationY": 15.7,
															"rotationZ": 42.734,
															"faces": {
																"north": { "texture": "#bone", "uv": [ 0.0, 0.0, 0.5, 1.0 ] },
																"east": { "texture": "#bone", "uv": [ 0.5, 0.0, 1.0, 1.0 ] },
																"south": { "texture": "#bone", "uv": [ 0.0, 0.0, 0.5, 1.0 ] },
																"west": { "texture": "#bone", "uv": [ 0.0, 0.0, 0.5, 1.0 ] },
																"up": { "texture": "#bone", "uv": [ 0.0, 0.0, 0.5, 0.5 ] },
																"down": { "texture": "#bone", "uv": [ 0.0, 0.0, 0.5, 0.5 ] }
															}
														}
													]
												}
											]
										}
									]
								}
							]
						},
						{
							"name": "BowGripStripe3",
							"from": [ 1.8, -0.05, -0.1 ],
							"to": [ 2.0, 1.05, 1.05 ],
							"rotationOrigin": [ 1.8, 0.0, -0.1 ],
							"faces": {
								"north": { "texture": "#string", "uv": [ 0.0, 0.0, 0.5, 1.0 ] },
								"east": { "texture": "#string", "uv": [ 0.0, 0.0, 1.0, 1.0 ] },
								"south": { "texture": "#string", "uv": [ 0.0, 0.0, 0.5, 1.0 ] },
								"west": { "texture": "#string", "uv": [ 0.0, 0.0, 1.0, 1.0 ] },
								"up": { "texture": "#string", "uv": [ 0.0, 0.0, 0.5, 1.0 ] },
								"down": { "texture": "#string", "uv": [ 0.0, 0.0, 0.5, 1.0 ] }
							}
						}
					]
				}
			]
		}
	],
	"animations": [
		{
			"name": "Draw",
			"code": "draw",
			"quantityframes": 15,
			"onActivityStopped": "EaseOut",
			"onAnimationEnd": "Hold",
			"keyframes": [
				{
					"frame": 0,
					"elements": {
						"BowGrip": { "offsetX": 0.0, "offsetY": 0.0, "offsetZ": 0.0, "rotationX": 0.0, "rotationY": 0.0, "rotationZ": 0.0 },
						"BowNock": { "offsetX": 0.0, "offsetY": 0.0, "offsetZ": 0.0, "rotationX": 0.0, "rotationY": 0.0, "rotationZ": 0.0 },
						"BowLimbDown": { "offsetX": 0.0, "offsetY": 0.0, "offsetZ": 0.0, "rotationX": 0.0, "rotationY": 0.0, "rotationZ": 0.0 },
						"BowTipDown": { "offsetX": 0.0, "offsetY": 0.0, "offsetZ": 0.0, "rotationX": 0.0, "rotationY": 0.0, "rotationZ": 0.0 },
						"BowStringDown1": { "offsetX": 0.0, "offsetY": 0.0, "offsetZ": 0.0, "rotationX": 0.0, "rotationY": 0.0, "rotationZ": 0.0 },
						"BowStringDown2": { "offsetX": 0.0, "offsetY": 0.0, "offsetZ": 0.0, "rotationX": 0.0, "rotationY": 0.0, "rotationZ": 0.0 }
					}
				},
				{
					"frame": 14,
					"elements": {
						"BowNock": { "offsetX": 0.3, "offsetY": 0.0, "offsetZ": -0.3, "rotationX": 0.0, "rotationY": -22.5, "rotationZ": 0.0 },
						"BowLimbDown": { "offsetX": 0.0, "offsetY": 0.0, "offsetZ": 0.0, "rotationX": 0.0, "rotationY": 22.5, "rotationZ": 0.0 },
						"BowTipDown": { "offsetX": 0.0, "offsetY": 0.0, "offsetZ": 0.0, "rotationX": 0.0, "rotationY": 22.5, "rotationZ": 0.0 },
						"BowStringDown1": { "offsetX": 0.0, "offsetY": 0.0, "offsetZ": 0.0, "rotationX": 0.0, "rotationY": -90.0, "rotationZ": 0.0 },
						"BowStringDown2": { "offsetX": 0.0, "offsetY": 0.0, "offsetZ": 0.0, "rotationX": 0.0, "rotationY": 22.5, "rotationZ": 0.0 }
					}
				},
				{
					"frame": 15,
					"elements": {
						"BowGrip": { "offsetX": 0.0, "offsetY": 0.0, "offsetZ": 0.0, "rotationX": 0.0, "rotationY": 0.0, "rotationZ": 0.0 },
						"BowLimbDown": { "offsetX": 0.0, "offsetY": 0.0, "offsetZ": 0.0, "rotationX": 0.0, "rotationY": 22.5, "rotationZ": 0.0 },
						"BowTipDown": { "offsetX": 0.0, "offsetY": 0.0, "offsetZ": 0.0, "rotationX": 0.0, "rotationY": 22.5, "rotationZ": 0.0 },
						"BowStringDown1": { "offsetX": 0.0, "offsetY": 0.0, "offsetZ": 0.0, "rotationX": 0.0, "rotationY": -112.5, "rotationZ": 0.0 },
						"BowStringDown2": { "offsetX": 0.0, "offsetY": 0.0, "offsetZ": 0.0, "rotationX": 0.0, "rotationY": 22.5, "rotationZ": 0.0 }
					}
				}
			]
		}
	]
}