{
	"editor": {
		"allAngles": false,
		"entityTextureMode": false
	},
	"textureWidth": 8,
	"textureHeight": 8,
	"textureSizes": {
		"string": [16,16],
		"aged": [16,16],
		"arrow": [8,8],
		"feather2": [16,16],
		"bone": [16,16],
		"stick": [16,16],
		"beeswax": [8,8],
		"leather": [16,16]
	},
	"textures": {
		"bone": "game:block/creature/bone",
		"leather": "game:block/leather/plain",
		"aged": "game:block/wood/debarked/aged",
		"linen": "game:item/tool/material/linen",
		"string": "game:item/tool/material/string"
	},
	"elements": [
		{
			"name": "origin",
			"from": [ 8.0, 0.0, 8.0 ],
			"to": [ 8.0, 0.0, 8.0 ],
			"rotationOrigin": [ 8.0, 0.0, 8.0 ],
			"faces": {
			},
			"children": [
				{
					"name": "BowGrip",
					"from": [ -1.9, -0.5, -0.5 ],
					"to": [ 1.6, 0.5, 0.5 ],
					"rotationOrigin": [ 0.0, 0.0, -0.5 ],
					"faces": {
						"north": { "texture": "#leather", "uv": [ 2.25, 2.25, 5.75, 3.25 ] },
						"east": { "texture": "#leather", "uv": [ 3.5, 3.0, 4.5, 4.0 ] },
						"south": { "texture": "#leather", "uv": [ 3.75, 3.25, 7.25, 4.25 ] },
						"west": { "texture": "#leather", "uv": [ 5.25, 4.25, 6.25, 5.25 ] },
						"up": { "texture": "#leather", "uv": [ 4.0, 4.5, 7.5, 5.5 ] },
						"down": { "texture": "#leather", "uv": [ 3.75, 3.75, 7.25, 4.75 ] }
					},
					"children": [
						{
							"name": "BowLimbUp",
							"from": [ 3.4, 0.1, 0.1 ],
							"to": [ 9.4, 0.9, 0.9 ],
							"rotationOrigin": [ 3.4, 0.5, 0.5 ],
							"rotationY": 20.0,
							"faces": {
								"north": { "texture": "#aged", "uv": [ 1.75, 3.5, 7.75, 4.25 ] },
								"east": { "texture": "#aged", "uv": [ 2.25, 2.5, 3.0, 3.25 ] },
								"south": { "texture": "#aged", "uv": [ 2.0, 3.0, 8.0, 3.75 ] },
								"up": { "texture": "#aged", "uv": [ 0.25, 4.0, 6.25, 4.75 ] },
								"down": { "texture": "#aged", "uv": [ 0.25, 3.75, 6.25, 4.5 ] }
							},
							"children": [
								{
									"name": "BowTipUp",
									"from": [ 5.5, 0.1, 0.1 ],
									"to": [ 12.9, 0.7, 0.7 ],
									"rotationOrigin": [ 5.5, 0.4, 0.4 ],
									"rotationY": -45.0,
									"faces": {
										"north": { "texture": "#aged", "uv": [ 0.0, 3.0, 7.25, 3.5 ] },
										"east": { "texture": "#aged", "uv": [ 2.0, 0.25, 2.5, 0.75 ] },
										"south": { "texture": "#aged", "uv": [ 0.0, 3.0, 7.25, 3.5 ] },
										"up": { "texture": "#aged", "uv": [ 0.0, 3.25, 7.25, 3.75 ] },
										"down": { "texture": "#aged", "uv": [ 0.25, 2.75, 7.5, 3.25 ] }
									},
									"children": [
										{
											"name": "BowStringUp1",
											"from": [ -1.4, 0.2, 0.5 ],
											"to": [ 6.8, 0.4, 0.7 ],
											"rotationOrigin": [ 6.8, 0.3, 0.6 ],
											"rotationY": 26.0,
											"faces": {
												"north": { "texture": "#string", "uv": [ 0.0, 0.0, 8.0, 0.25 ] },
												"east": { "texture": "#string", "uv": [ 2.75, 0.0, 3.0, 0.25 ] },
												"south": { "texture": "#string", "uv": [ 0.0, 0.0, 8.0, 0.25 ] },
												"west": { "texture": "#string", "uv": [ 2.25, 0.0, 2.5, 0.25 ] },
												"up": { "texture": "#string", "uv": [ 0.0, 0.0, 8.0, 0.25 ] },
												"down": { "texture": "#string", "uv": [ 0.0, 0.0, 8.0, 0.25 ] }
											},
											"children": [
												{
													"name": "BowStringUp2",
													"from": [ -5.2, 0.0, 0.0 ],
													"to": [ 0.0, 0.2, 0.2 ],
													"rotationOrigin": [ -3.0, 0.1, 0.1 ],
													"faces": {
														"north": { "texture": "#string", "uv": [ 2.25, 0.0, 7.25, 0.25 ] },
														"east": { "texture": "#string", "uv": [ 3.25, 0.0, 3.5, 0.25 ] },
														"south": { "texture": "#string", "uv": [ 2.0, 0.0, 7.0, 0.25 ] },
														"west": { "texture": "#string", "uv": [ 4.25, 0.0, 4.5, 0.25 ] },
														"up": { "texture": "#string", "uv": [ 1.75, 0.0, 6.75, 0.25 ] },
														"down": { "texture": "#string", "uv": [ 2.75, 0.0, 7.75, 0.25 ] }
													},
													"children": [
														{
															"name": "BowNock",
															"from": [ -0.4, -0.1, -0.1 ],
															"to": [ 1.6, 0.3, 0.3 ],
															"rotationOrigin": [ 0.6, 0.1, 0.1 ],
															"faces": {
																"north": { "texture": "#leather", "uv": [ 2.25, 1.75, 4.25, 2.0 ] },
																"east": { "texture": "#leather", "uv": [ 4.0, 0.75, 4.25, 1.0 ] },
																"south": { "texture": "#leather", "uv": [ 1.75, 0.75, 3.75, 1.0 ] },
																"west": { "texture": "#leather", "uv": [ 1.5, 1.0, 1.75, 1.25 ] },
																"up": { "texture": "#leather", "uv": [ 4.5, 0.5, 6.5, 0.75 ] },
																"down": { "texture": "#leather", "uv": [ 4.0, 1.0, 6.0, 1.25 ] }
															},
															"children": [
																{
																	"name": "BowNockStripe",
																	"from": [ 0.1, -0.01, -0.01 ],
																	"to": [ 0.2, 0.41, 0.41 ],
																	"rotationOrigin": [ 0.1, 0.0, 0.0 ],
																	"faces": {
																		"north": { "texture": "#string", "uv": [ 0.0, 0.0, 0.5, 0.5 ] },
																		"east": { "texture": "#string", "uv": [ 0.0, 0.0, 0.5, 0.5 ] },
																		"south": { "texture": "#string", "uv": [ 0.0, 0.0, 0.5, 0.5 ] },
																		"west": { "texture": "#string", "uv": [ 0.0, 0.0, 0.5, 0.5 ] },
																		"up": { "texture": "#string", "uv": [ 0.0, 0.0, 0.5, 0.5 ] },
																		"down": { "texture": "#string", "uv": [ 0.0, 0.0, 0.5, 0.5 ] }
																	}
																},
																{
																	"name": "BowNockStripe2",
																	"from": [ 1.8, -0.01, -0.01 ],
																	"to": [ 1.9, 0.41, 0.41 ],
																	"rotationOrigin": [ 1.8, 0.0, 0.0 ],
																	"faces": {
																		"north": { "texture": "#string", "uv": [ 0.0, 0.0, 0.5, 0.5 ] },
																		"east": { "texture": "#string", "uv": [ 0.0, 0.0, 0.5, 0.5 ] },
																		"south": { "texture": "#string", "uv": [ 0.0, 0.0, 0.5, 0.5 ] },
																		"west": { "texture": "#string", "uv": [ 0.0, 0.0, 0.5, 0.5 ] },
																		"up": { "texture": "#string", "uv": [ 0.0, 0.0, 0.5, 0.5 ] },
																		"down": { "texture": "#string", "uv": [ 0.0, 0.0, 0.5, 0.5 ] }
																	}
																},
																{
																	"name": "BowNockStripe3",
																	"from": [ 0.95, -0.01, -0.01 ],
																	"to": [ 1.05, 0.41, 0.41 ],
																	"rotationOrigin": [ 1.0, 0.0, 0.0 ],
																	"faces": {
																		"north": { "texture": "#string", "uv": [ 0.0, 0.0, 0.5, 0.5 ] },
																		"east": { "texture": "#string", "uv": [ 0.0, 0.0, 0.5, 0.5 ] },
																		"south": { "texture": "#string", "uv": [ 0.0, 0.0, 0.5, 0.5 ] },
																		"west": { "texture": "#string", "uv": [ 0.0, 0.0, 0.5, 0.5 ] },
																		"up": { "texture": "#string", "uv": [ 0.0, 0.0, 0.5, 0.5 ] },
																		"down": { "texture": "#string", "uv": [ 0.0, 0.0, 0.5, 0.5 ] }
																	}
																}
															]
														}
													]
												}
											]
										},
										{
											"name": "BowNotchUp",
											"from": [ 6.3, -0.2, -0.1 ],
											"to": [ 6.9, 0.8, 0.7 ],
											"rotationOrigin": [ 6.6, 0.3, 0.3 ],
											"faces": {
												"north": { "texture": "#string", "uv": [ 3.75, 0.0, 4.25, 1.0 ] },
												"east": { "texture": "#string", "uv": [ 2.5, 0.0, 3.25, 1.0 ] },
												"south": { "texture": "#string", "uv": [ 1.5, 0.75, 2.0, 1.75 ] },
												"west": { "texture": "#string", "uv": [ 2.25, 0.5, 3.0, 1.5 ] },
												"up": { "texture": "#string", "uv": [ 2.5, 1.25, 3.0, 2.0 ] },
												"down": { "texture": "#string", "uv": [ 4.25, 1.0, 4.75, 1.75 ] }
											}
										},
										{
											"name": "BowCompositeUp2",
											"from": [ 0.0, -0.11, 0.1 ],
											"to": [ 7.3, 0.69, 0.4 ],
											"rotationOrigin": [ 0.0, 0.3, 0.3 ],
											"faces": {
												"north": { "texture": "#bone", "uv": [ 0.0, 0.0, 7.25, 0.75 ] },
												"east": { "texture": "#bone", "uv": [ 0.0, 0.0, 0.25, 0.75 ] },
												"south": { "texture": "#bone", "uv": [ 0.0, 0.0, 7.25, 0.75 ] },
												"west": { "texture": "#bone", "uv": [ 0.0, 0.0, 0.25, 0.75 ] },
												"up": { "texture": "#bone", "uv": [ 0.0, 0.0, 7.25, 0.25 ] },
												"down": { "texture": "#bone", "uv": [ 0.0, 0.0, 7.25, 0.25 ] }
											}
										},
										{
											"name": "RecurveUp",
											"from": [ 7.2, 0.1, 0.1 ],
											"to": [ 9.2, 0.5, 0.5 ],
											"rotationOrigin": [ 7.2, 0.3, 0.3 ],
											"rotationY": 45.0,
											"faces": {
												"north": { "texture": "#aged", "uv": [ 0.0, 0.0, 2.0, 0.25 ] },
												"east": { "texture": "#aged", "uv": [ 0.0, 0.0, 0.25, 0.25 ] },
												"south": { "texture": "#aged", "uv": [ 0.0, 0.0, 2.0, 0.25 ] },
												"up": { "texture": "#aged", "uv": [ 0.0, 0.0, 2.0, 0.25 ] },
												"down": { "texture": "#aged", "uv": [ 0.0, 0.0, 2.0, 0.25 ] }
											}
										}
									]
								},
								{
									"name": "BowCompositeUp1",
									"from": [ 0.1, -0.11, 0.1 ],
									"to": [ 6.1, 0.89, 0.5 ],
									"rotationOrigin": [ 0.1, 0.5, 0.4 ],
									"faces": {
										"north": { "texture": "#bone", "uv": [ 0.0, 0.0, 6.0, 1.0 ] },
										"east": { "texture": "#bone", "uv": [ 0.0, 0.0, 0.25, 1.0 ] },
										"south": { "texture": "#bone", "uv": [ 0.0, 0.0, 6.0, 1.0 ] },
										"west": { "texture": "#bone", "uv": [ 0.0, 0.0, 0.25, 1.0 ] },
										"up": { "texture": "#bone", "uv": [ 0.0, 0.0, 6.0, 0.25 ] },
										"down": { "texture": "#bone", "uv": [ 0.0, 0.0, 6.0, 0.25 ] }
									}
								}
							]
						},
						{
							"name": "BowLimbDown",
							"from": [ -5.9, 0.1, 0.1 ],
							"to": [ 0.1, 0.9, 0.9 ],
							"rotationOrigin": [ 0.1, 0.4, 0.4 ],
							"rotationY": -20.0,
							"faces": {
								"north": { "texture": "#aged", "uv": [ 0.75, 1.25, 6.75, 2.0 ] },
								"south": { "texture": "#aged", "uv": [ 0.0, 2.25, 6.0, 3.0 ] },
								"west": { "texture": "#aged", "uv": [ 1.0, 1.0, 1.75, 1.75 ] },
								"up": { "texture": "#aged", "uv": [ 1.0, 1.0, 7.0, 1.75 ] },
								"down": { "texture": "#aged", "uv": [ 1.5, 2.0, 7.5, 2.75 ] }
							},
							"children": [
								{
									"name": "BowTipDown",
									"from": [ -6.9, 0.1, 0.1 ],
									"to": [ 0.5, 0.7, 0.7 ],
									"rotationOrigin": [ 0.5, 0.4, 0.4 ],
									"rotationY": 45.0,
									"faces": {
										"north": { "texture": "#aged", "uv": [ 0.75, 2.75, 8.0, 3.25 ] },
										"east": { "texture": "#aged", "uv": [ 1.25, 2.0, 1.75, 2.5 ] },
										"south": { "texture": "#aged", "uv": [ 0.25, 2.25, 7.5, 2.75 ] },
										"west": { "texture": "#aged", "uv": [ 0.75, 1.0, 1.25, 1.5 ] },
										"up": { "texture": "#aged", "uv": [ 0.5, 3.75, 7.75, 4.25 ] },
										"down": { "texture": "#aged", "uv": [ 0.5, 3.25, 7.75, 3.75 ] }
									},
									"children": [
										{
											"name": "BowStringDown1",
											"from": [ 0.6, 0.2, 0.5 ],
											"to": [ 8.8, 0.4, 0.7 ],
											"rotationOrigin": [ 0.6, 0.3, 0.6 ],
											"rotationY": -26.0,
											"faces": {
												"north": { "texture": "#string", "uv": [ 0.0, 0.0, 8.0, 0.25 ] },
												"east": { "texture": "#string", "uv": [ 2.75, 0.0, 3.0, 0.25 ] },
												"south": { "texture": "#string", "uv": [ 0.0, 0.0, 8.0, 0.25 ] },
												"west": { "texture": "#string", "uv": [ 3.25, 0.0, 3.5, 0.25 ] },
												"up": { "texture": "#string", "uv": [ 0.0, 0.0, 8.0, 0.25 ] },
												"down": { "texture": "#string", "uv": [ 0.0, 0.0, 8.0, 0.25 ] }
											},
											"children": [
												{
													"name": "BowStringDown2",
													"from": [ 8.2, 0.0, 0.0 ],
													"to": [ 13.4, 0.2, 0.2 ],
													"rotationOrigin": [ 8.2, 0.0, 0.0 ],
													"faces": {
														"north": { "texture": "#string", "uv": [ 2.0, 0.0, 7.0, 0.25 ] },
														"east": { "texture": "#string", "uv": [ 2.75, 0.0, 3.0, 0.25 ] },
														"south": { "texture": "#string", "uv": [ 2.75, 0.0, 7.75, 0.25 ] },
														"west": { "texture": "#string", "uv": [ 3.5, 0.0, 3.75, 0.25 ] },
														"up": { "texture": "#string", "uv": [ 1.75, 0.0, 6.75, 0.25 ] },
														"down": { "texture": "#string", "uv": [ 1.0, 0.0, 6.0, 0.25 ] }
													}
												}
											]
										},
										{
											"name": "BowNotchDown",
											"from": [ 0.5, -0.2, -0.1 ],
											"to": [ 1.1, 0.8, 0.7 ],
											"rotationOrigin": [ 0.5, 0.3, 0.3 ],
											"faces": {
												"north": { "texture": "#string", "uv": [ 2.0, 0.75, 2.5, 1.75 ] },
												"east": { "texture": "#string", "uv": [ 2.5, 0.5, 3.25, 1.5 ] },
												"south": { "texture": "#string", "uv": [ 2.0, 0.25, 2.5, 1.25 ] },
												"west": { "texture": "#string", "uv": [ 1.5, 0.5, 2.25, 1.5 ] },
												"up": { "texture": "#string", "uv": [ 1.5, 0.25, 2.0, 1.0 ] },
												"down": { "texture": "#string", "uv": [ 1.0, 0.75, 1.5, 1.5 ] }
											}
										},
										{
											"name": "BowCompositeDown2",
											"from": [ 0.1, -0.11, 0.1 ],
											"to": [ 7.3, 0.69, 0.4 ],
											"rotationOrigin": [ 7.5, 0.3, 0.3 ],
											"faces": {
												"north": { "texture": "#bone", "uv": [ 0.0, 0.0, 7.0, 0.75 ] },
												"east": { "texture": "#bone", "uv": [ 0.0, 0.0, 0.25, 0.75 ] },
												"south": { "texture": "#bone", "uv": [ 0.0, 0.0, 7.0, 0.75 ] },
												"west": { "texture": "#bone", "uv": [ 0.0, 0.0, 0.25, 0.75 ] },
												"up": { "texture": "#bone", "uv": [ 0.0, 0.0, 7.0, 0.25 ] },
												"down": { "texture": "#bone", "uv": [ 0.0, 0.0, 7.0, 0.25 ] }
											}
										},
										{
											"name": "RecurveDown",
											"from": [ -1.8, 0.1, 0.1 ],
											"to": [ 0.2, 0.5, 0.5 ],
											"rotationOrigin": [ 0.2, 0.3, 0.3 ],
											"rotationY": -45.0,
											"faces": {
												"north": { "texture": "#aged", "uv": [ 0.0, 0.0, 2.0, 0.25 ] },
												"east": { "texture": "#aged", "uv": [ 0.0, 0.0, 0.25, 0.25 ] },
												"south": { "texture": "#aged", "uv": [ 0.0, 0.0, 2.0, 0.25 ] },
												"west": { "texture": "#aged", "uv": [ 0.0, 0.0, 0.25, 0.25 ] },
												"up": { "texture": "#aged", "uv": [ 0.0, 0.0, 2.0, 0.25 ] },
												"down": { "texture": "#aged", "uv": [ 0.0, 0.0, 2.0, 0.25 ] }
											}
										}
									]
								},
								{
									"name": "BowCompositeDown1",
									"from": [ -0.1, -0.11, 0.1 ],
									"to": [ 5.9, 0.89, 0.5 ],
									"rotationOrigin": [ 5.9, 0.5, 0.4 ],
									"faces": {
										"north": { "texture": "#bone", "uv": [ 0.0, 0.0, 6.0, 1.0 ] },
										"east": { "texture": "#bone", "uv": [ 0.0, 0.0, 0.25, 1.0 ] },
										"south": { "texture": "#bone", "uv": [ 0.0, 0.0, 6.0, 1.0 ] },
										"west": { "texture": "#bone", "uv": [ 0.0, 0.0, 0.25, 1.0 ] },
										"up": { "texture": "#bone", "uv": [ 0.0, 0.0, 6.0, 0.25 ] },
										"down": { "texture": "#bone", "uv": [ 0.0, 0.0, 6.0, 0.25 ] }
									}
								}
							]
						},
						{
							"name": "FrontBowArm",
							"from": [ 0.1, 0.1, -0.6 ],
							"to": [ 3.4, 0.9, 0.1 ],
							"rotationOrigin": [ 0.1, 0.1, -0.6 ],
							"faces": {
								"north": { "texture": "#leather", "uv": [ 0.0, 0.0, 3.0, 0.5 ] },
								"east": { "texture": "#leather", "uv": [ 0.0, 0.0, 0.5, 0.5 ] },
								"south": { "texture": "#leather", "uv": [ 0.0, 0.0, 3.0, 0.5 ] },
								"west": { "texture": "#leather", "uv": [ 0.0, 0.0, 0.5, 0.5 ] },
								"up": { "texture": "#leather", "uv": [ 0.0, 0.0, 3.0, 0.5 ] },
								"down": { "texture": "#leather", "uv": [ 0.0, 0.0, 3.0, 0.5 ] }
							},
							"children": [
								{
									"name": "LowerFrontBowArm1",
									"from": [ -0.1, 0.1, 0.6 ],
									"to": [ 3.9, 0.7, 1.3 ],
									"rotationOrigin": [ 0.0, 0.1, 0.6 ],
									"rotationY": 157.5,
									"faces": {
										"north": { "texture": "#aged", "uv": [ 0.0, 0.0, 4.0, 0.5 ] },
										"east": { "texture": "#aged", "uv": [ 0.0, 0.0, 0.5, 0.5 ] },
										"south": { "texture": "#aged", "uv": [ 0.0, 0.0, 4.0, 0.5 ] },
										"west": { "texture": "#aged", "uv": [ 0.0, 0.0, 0.5, 0.5 ] },
										"up": { "texture": "#aged", "uv": [ 0.0, 0.0, 4.0, 0.5 ] },
										"down": { "texture": "#aged", "uv": [ 0.0, 0.0, 4.0, 0.5 ] }
									},
									"children": [
										{
											"name": "FrontBowCompositeLowerArm1",
											"from": [ 0.0, -0.09, 0.2 ],
											"to": [ 4.1, 0.68, 0.5 ],
											"rotationOrigin": [ 0.0, -0.1, 0.2 ],
											"faces": {
												"north": { "texture": "#bone", "uv": [ 0.0, 0.0, 4.0, 0.5 ] },
												"east": { "texture": "#bone", "uv": [ 0.0, 0.0, 0.5, 0.5 ] },
												"south": { "texture": "#bone", "uv": [ 0.0, 0.0, 4.0, 0.5 ] },
												"west": { "texture": "#bone", "uv": [ 0.0, 0.0, 0.5, 0.5 ] },
												"up": { "texture": "#bone", "uv": [ 0.0, 0.0, 4.0, 0.5 ] },
												"down": { "texture": "#bone", "uv": [ 0.0, 0.0, 4.0, 0.5 ] }
											}
										},
										{
											"name": "FrontBowCompositeLowerArm2",
											"from": [ 4.0, 0.01, 0.2 ],
											"to": [ 7.7, 0.58, 0.5 ],
											"rotationOrigin": [ 4.0, 0.0, 0.2 ],
											"rotationY": -22.0,
											"faces": {
												"north": { "texture": "#bone", "uv": [ 0.0, 0.0, 3.5, 0.5 ] },
												"east": { "texture": "#bone", "uv": [ 0.0, 0.0, 0.5, 0.5 ] },
												"south": { "texture": "#bone", "uv": [ 0.0, 0.0, 3.5, 0.5 ] },
												"west": { "texture": "#bone", "uv": [ 0.0, 0.0, 0.5, 0.5 ] },
												"up": { "texture": "#bone", "uv": [ 0.0, 0.0, 3.5, 0.5 ] },
												"down": { "texture": "#bone", "uv": [ 0.0, 0.0, 3.5, 0.5 ] }
											},
											"children": [
												{
													"name": "LowerFrontBowArm2",
													"from": [ -0.3675, 0.09, -0.1165 ],
													"to": [ 3.6325, 0.49, 0.4835 ],
													"rotationOrigin": [ -0.3675, 0.09, -0.9165 ],
													"rotationY": 0.0,
													"faces": {
														"north": { "texture": "#aged", "uv": [ 0.0, 0.0, 4.0, 0.5 ] },
														"east": { "texture": "#aged", "uv": [ 0.0, 0.0, 0.5, 0.5 ] },
														"south": { "texture": "#aged", "uv": [ 0.0, 0.0, 4.0, 0.5 ] },
														"west": { "texture": "#aged", "uv": [ 0.0, 0.0, 0.5, 0.5 ] },
														"up": { "texture": "#aged", "uv": [ 0.0, 0.0, 4.0, 0.5 ] },
														"down": { "texture": "#aged", "uv": [ 0.0, 0.0, 4.0, 0.5 ] }
													},
													"children": [
														{
															"name": "LowerFrontBowArm3",
															"from": [ 3.8901, 0.05, 0.0031 ],
															"to": [ 5.8901, 0.35, 0.6031 ],
															"rotationOrigin": [ 3.9901, 0.0, -0.7943 ],
															"rotationY": -15.0,
															"faces": {
																"north": { "texture": "#aged", "uv": [ 0.0, 0.0, 2.0, 0.5 ] },
																"east": { "texture": "#aged", "uv": [ 0.0, 0.0, 0.5, 0.5 ] },
																"south": { "texture": "#aged", "uv": [ 0.0, 0.0, 2.0, 0.5 ] },
																"west": { "texture": "#aged", "uv": [ 0.0, 0.0, 0.5, 0.5 ] },
																"up": { "texture": "#aged", "uv": [ 0.0, 0.0, 2.0, 0.5 ] },
																"down": { "texture": "#aged", "uv": [ 0.0, 0.0, 2.0, 0.5 ] }
															},
															"children": [
																{
																	"name": "LowerFrontBowArm4",
																	"from": [ 2.4366, 0.05, 0.5864 ],
																	"to": [ 3.8366, 0.25, 0.8864 ],
																	"rotationOrigin": [ 2.5367, -0.05, -0.2036 ],
																	"rotationY": -52.5,
																	"faces": {
																		"north": { "texture": "#aged", "uv": [ 0.0, 0.0, 1.0, 0.5 ] },
																		"east": { "texture": "#aged", "uv": [ 0.0, 0.0, 0.5, 0.5 ] },
																		"south": { "texture": "#aged", "uv": [ 0.0, 0.0, 1.0, 0.5 ] },
																		"west": { "texture": "#aged", "uv": [ 0.0, 0.0, 0.5, 0.5 ] },
																		"up": { "texture": "#aged", "uv": [ 0.0, 0.0, 1.0, 0.5 ] },
																		"down": { "texture": "#aged", "uv": [ 0.0, 0.0, 1.0, 0.5 ] }
																	}
																},
																{
																	"name": "FrontBowNothchDown",
																	"from": [ 1.3, -0.05, -0.1 ],
																	"to": [ 1.7, 0.35, 0.7 ],
																	"rotationOrigin": [ 1.3, 0.0, -0.1 ],
																	"faces": {
																		"north": { "texture": "#string", "uv": [ 0.0, 0.0, 0.5, 0.5 ] },
																		"east": { "texture": "#string", "uv": [ 0.0, 0.0, 0.5, 0.5 ] },
																		"south": { "texture": "#string", "uv": [ 0.0, 0.0, 0.5, 0.5 ] },
																		"west": { "texture": "#string", "uv": [ 0.0, 0.0, 0.5, 0.5 ] },
																		"up": { "texture": "#string", "uv": [ 0.0, 0.0, 0.5, 0.5 ] },
																		"down": { "texture": "#string", "uv": [ 0.0, 0.0, 0.5, 0.5 ] }
																	},
																	"children": [
																		{
																			"name": "FrontBowLoverString",
																			"from": [ 0.1, 0.1, 0.1 ],
																			"to": [ 8.1, 0.3, 0.3 ],
																			"rotationOrigin": [ 0.1, 0.1, 0.1 ],
																			"rotationY": 112.5,
																			"faces": {
																				"north": { "texture": "#string", "uv": [ 0.0, 0.0, 8.0, 0.5 ] },
																				"east": { "texture": "#string", "uv": [ 0.0, 0.0, 0.5, 0.5 ] },
																				"south": { "texture": "#string", "uv": [ 0.0, 0.0, 8.0, 0.5 ] },
																				"west": { "texture": "#string", "uv": [ 0.0, 0.0, 0.5, 0.5 ] },
																				"up": { "texture": "#string", "uv": [ 0.0, 0.0, 8.0, 0.5 ] },
																				"down": { "texture": "#string", "uv": [ 0.0, 0.0, 8.0, 0.5 ] }
																			}
																		}
																	]
																},
																{
																	"name": "FrontBowLowerCompositeArm3",
																	"from": [ 0.2, -0.02, 0.15 ],
																	"to": [ 2.1, 0.33, 0.45 ],
																	"rotationOrigin": [ 0.2, 0.0, 0.1 ],
																	"faces": {
																		"north": { "texture": "#bone", "uv": [ 0.0, 0.0, 1.5, 0.5 ] },
																		"east": { "texture": "#bone", "uv": [ 0.0, 0.0, 0.5, 0.5 ] },
																		"south": { "texture": "#bone", "uv": [ 0.0, 0.0, 1.5, 0.5 ] },
																		"west": { "texture": "#bone", "uv": [ 0.0, 0.0, 0.5, 0.5 ] },
																		"up": { "texture": "#bone", "uv": [ 0.0, 0.0, 1.5, 0.5 ] },
																		"down": { "texture": "#bone", "uv": [ 0.0, 0.0, 1.5, 0.5 ] }
																	}
																}
															]
														}
													]
												}
											]
										}
									]
								},
								{
									"name": "UpperFrontBowArm1",
									"from": [ 3.2, 0.1, 0.6 ],
									"to": [ 7.2, 0.7, 1.3 ],
									"rotationOrigin": [ 3.3, 0.4, 0.6 ],
									"rotationX": -180.0,
									"rotationY": -22.5,
									"faces": {
										"north": { "texture": "#aged", "uv": [ 0.0, 0.0, 4.0, 0.5 ] },
										"east": { "texture": "#aged", "uv": [ 0.0, 0.0, 0.5, 0.5 ] },
										"south": { "texture": "#aged", "uv": [ 0.0, 0.0, 4.0, 0.5 ] },
										"west": { "texture": "#aged", "uv": [ 0.0, 0.0, 0.5, 0.5 ] },
										"up": { "texture": "#aged", "uv": [ 0.0, 0.0, 4.0, 0.5 ] },
										"down": { "texture": "#aged", "uv": [ 0.0, 0.0, 4.0, 0.5 ] }
									},
									"children": [
										{
											"name": "UpperdFrontBowArm2",
											"from": [ 4.0026, 0.1, 0.0126 ],
											"to": [ 8.0026, 0.5, 0.6126 ],
											"rotationOrigin": [ 4.0026, 0.1, -0.7874 ],
											"rotationY": -22.0,
											"faces": {
												"north": { "texture": "#aged", "uv": [ 0.0, 0.0, 4.0, 0.5 ] },
												"east": { "texture": "#aged", "uv": [ 0.0, 0.0, 0.5, 0.5 ] },
												"south": { "texture": "#aged", "uv": [ 0.0, 0.0, 4.0, 0.5 ] },
												"west": { "texture": "#aged", "uv": [ 0.0, 0.0, 0.5, 0.5 ] },
												"up": { "texture": "#aged", "uv": [ 0.0, 0.0, 4.0, 0.5 ] },
												"down": { "texture": "#aged", "uv": [ 0.0, 0.0, 4.0, 0.5 ] }
											},
											"children": [
												{
													"name": "UpperdFrontBowArm3",
													"from": [ 4.0, 0.05, 0.0 ],
													"to": [ 6.0, 0.35, 0.6 ],
													"rotationOrigin": [ 4.0, 0.0, -0.8 ],
													"rotationX": 0.0,
													"rotationY": -15.0,
													"rotationZ": 0.0,
													"faces": {
														"north": { "texture": "#aged", "uv": [ 0.0, 0.0, 2.0, 0.5 ] },
														"east": { "texture": "#aged", "uv": [ 0.0, 0.0, 0.5, 0.5 ] },
														"south": { "texture": "#aged", "uv": [ 0.0, 0.0, 2.0, 0.5 ] },
														"west": { "texture": "#aged", "uv": [ 0.0, 0.0, 0.5, 0.5 ] },
														"up": { "texture": "#aged", "uv": [ 0.0, 0.0, 2.0, 0.5 ] },
														"down": { "texture": "#aged", "uv": [ 0.0, 0.0, 2.0, 0.5 ] }
													},
													"children": [
														{
															"name": "UpperdFrontBowArm4",
															"from": [ 2.3839, 0.05, 0.3965 ],
															"to": [ 3.7839, 0.25, 0.6965 ],
															"rotationOrigin": [ 2.3839, -0.05, -0.4035 ],
															"rotationX": 0.0,
															"rotationY": -37.5,
															"rotationZ": 0.0,
															"faces": {
																"north": { "texture": "#aged", "uv": [ 0.0, 0.0, 1.0, 0.5 ] },
																"east": { "texture": "#aged", "uv": [ 0.0, 0.0, 0.5, 0.5 ] },
																"south": { "texture": "#aged", "uv": [ 0.0, 0.0, 1.0, 0.5 ] },
																"west": { "texture": "#aged", "uv": [ 0.0, 0.0, 0.5, 0.5 ] },
																"up": { "texture": "#aged", "uv": [ 0.0, 0.0, 1.0, 0.5 ] },
																"down": { "texture": "#aged", "uv": [ 0.0, 0.0, 1.0, 0.5 ] }
															}
														},
														{
															"name": "FrontBowNothcUp",
															"from": [ 1.4, -0.05, -0.1 ],
															"to": [ 1.8, 0.35, 0.7 ],
															"rotationOrigin": [ 1.4, -0.1, -0.1 ],
															"faces": {
																"north": { "texture": "#string", "uv": [ 0.0, 0.0, 0.5, 0.5 ] },
																"east": { "texture": "#string", "uv": [ 0.0, 0.0, 0.5, 0.5 ] },
																"south": { "texture": "#string", "uv": [ 0.0, 0.0, 0.5, 0.5 ] },
																"west": { "texture": "#string", "uv": [ 0.0, 0.0, 0.5, 0.5 ] },
																"up": { "texture": "#string", "uv": [ 0.0, 0.0, 0.5, 0.5 ] },
																"down": { "texture": "#string", "uv": [ 0.0, 0.0, 0.5, 0.5 ] }
															},
															"children": [
																{
																	"name": "FrontBowUpperString",
																	"from": [ 0.1, 0.1, 0.1 ],
																	"to": [ 8.1, 0.3, 0.3 ],
																	"rotationOrigin": [ 0.1, 0.1, 0.1 ],
																	"rotationY": 115.0,
																	"faces": {
																		"north": { "texture": "#string", "uv": [ 0.0, 0.0, 8.0, 0.5 ] },
																		"east": { "texture": "#string", "uv": [ 0.0, 0.0, 0.5, 0.5 ] },
																		"south": { "texture": "#string", "uv": [ 0.0, 0.0, 8.0, 0.5 ] },
																		"west": { "texture": "#string", "uv": [ 0.0, 0.0, 0.5, 0.5 ] },
																		"up": { "texture": "#string", "uv": [ 0.0, 0.0, 8.0, 0.5 ] },
																		"down": { "texture": "#string", "uv": [ 0.0, 0.0, 8.0, 0.5 ] }
																	}
																}
															]
														},
														{
															"name": "FrontBowUpperComposireArm3",
															"from": [ 0.2, -0.02, 0.15 ],
															"to": [ 2.1, 0.33, 0.45 ],
															"rotationOrigin": [ 0.0, -0.1, 0.0 ],
															"faces": {
																"north": { "texture": "#bone", "uv": [ 0.0, 0.0, 1.5, 0.5 ] },
																"east": { "texture": "#bone", "uv": [ 0.0, 0.0, 0.5, 0.5 ] },
																"south": { "texture": "#bone", "uv": [ 0.0, 0.0, 1.5, 0.5 ] },
																"west": { "texture": "#bone", "uv": [ 0.0, 0.0, 0.5, 0.5 ] },
																"up": { "texture": "#bone", "uv": [ 0.0, 0.0, 1.5, 0.5 ] },
																"down": { "texture": "#bone", "uv": [ 0.0, 0.0, 1.5, 0.5 ] }
															}
														}
													]
												},
												{
													"name": "FrontBowUpperCompositeArm2",
													"from": [ 0.3675, -0.11, 0.1665 ],
													"to": [ 4.0675, 0.46, 0.4665 ],
													"rotationOrigin": [ 0.3675, -0.2, 0.1165 ],
													"rotationX": 0.0,
													"rotationY": 0.0,
													"rotationZ": 0.0,
													"faces": {
														"north": { "texture": "#bone", "uv": [ 0.0, 0.0, 3.5, 0.5 ] },
														"east": { "texture": "#bone", "uv": [ 0.0, 0.0, 0.5, 0.5 ] },
														"south": { "texture": "#bone", "uv": [ 0.0, 0.0, 3.5, 0.5 ] },
														"west": { "texture": "#bone", "uv": [ 0.0, 0.0, 0.5, 0.5 ] },
														"up": { "texture": "#bone", "uv": [ 0.0, 0.0, 3.5, 0.5 ] },
														"down": { "texture": "#bone", "uv": [ 0.0, 0.0, 3.5, 0.5 ] }
													}
												}
											]
										},
										{
											"name": "FrontBowUpperCompositeArm1",
											"from": [ 0.0, -0.09, 0.2 ],
											"to": [ 4.1, 0.68, 0.5 ],
											"rotationOrigin": [ 0.0, -0.1, 0.2 ],
											"faces": {
												"north": { "texture": "#bone", "uv": [ 0.0, 0.0, 4.0, 0.5 ] },
												"east": { "texture": "#bone", "uv": [ 0.0, 0.0, 0.5, 0.5 ] },
												"south": { "texture": "#bone", "uv": [ 0.0, 0.0, 4.0, 0.5 ] },
												"west": { "texture": "#bone", "uv": [ 0.0, 0.0, 0.5, 0.5 ] },
												"up": { "texture": "#bone", "uv": [ 0.0, 0.0, 4.0, 0.5 ] },
												"down": { "texture": "#bone", "uv": [ 0.0, 0.0, 4.0, 0.5 ] }
											}
										}
									]
								},
								{
									"name": "FrontBowHandleStripe1",
									"from": [ 0.4, -0.05, -0.05 ],
									"to": [ 0.6, 0.85, 0.65 ],
									"rotationOrigin": [ 0.4, -0.1, 0.0 ],
									"faces": {
										"north": { "texture": "#string", "uv": [ 0.0, 0.0, 0.5, 0.5 ] },
										"east": { "texture": "#string", "uv": [ 0.0, 0.0, 0.5, 0.5 ] },
										"south": { "texture": "#string", "uv": [ 0.0, 0.0, 0.5, 0.5 ] },
										"west": { "texture": "#string", "uv": [ 0.0, 0.0, 0.5, 0.5 ] },
										"up": { "texture": "#string", "uv": [ 0.0, 0.0, 0.5, 0.5 ] },
										"down": { "texture": "#string", "uv": [ 0.0, 0.0, 0.5, 0.5 ] }
									}
								},
								{
									"name": "FrontBowHandleStripe2",
									"from": [ 2.7, -0.05, -0.05 ],
									"to": [ 2.9, 0.85, 0.65 ],
									"rotationOrigin": [ 2.7, -0.1, 0.0 ],
									"faces": {
										"north": { "texture": "#string", "uv": [ 0.0, 0.0, 0.5, 0.5 ] },
										"east": { "texture": "#string", "uv": [ 0.0, 0.0, 0.5, 0.5 ] },
										"south": { "texture": "#string", "uv": [ 0.0, 0.0, 0.5, 0.5 ] },
										"west": { "texture": "#string", "uv": [ 0.0, 0.0, 0.5, 0.5 ] },
										"up": { "texture": "#string", "uv": [ 0.0, 0.0, 0.5, 0.5 ] },
										"down": { "texture": "#string", "uv": [ 0.0, 0.0, 0.5, 0.5 ] }
									}
								}
							]
						},
						{
							"name": "Padding1",
							"from": [ -0.2, 0.8, 0.4 ],
							"to": [ 0.1, 1.1, 0.7 ],
							"rotationOrigin": [ -0.2, 0.8, 0.4 ],
							"faces": {
								"north": { "texture": "#linen", "uv": [ 0.0, 0.0, 0.25, 0.25 ] },
								"east": { "texture": "#linen", "uv": [ 0.0, 0.0, 0.25, 0.25 ] },
								"south": { "texture": "#linen", "uv": [ 0.0, 0.0, 0.25, 0.25 ] },
								"west": { "texture": "#linen", "uv": [ 0.0, 0.0, 0.25, 0.25 ] },
								"up": { "texture": "#linen", "uv": [ 0.0, 0.0, 0.25, 0.25 ] },
								"down": { "texture": "#linen", "uv": [ 0.0, 0.0, 0.5, 0.5 ] }
							}
						},
						{
							"name": "Padding2",
							"from": [ -0.3, 0.7, 0.6 ],
							"to": [ 0.0, 1.0, 0.9 ],
							"rotationOrigin": [ -0.3, 0.7, 0.6 ],
							"faces": {
								"north": { "texture": "#linen", "uv": [ 0.0, 0.0, 0.25, 0.25 ] },
								"east": { "texture": "#linen", "uv": [ 0.0, 0.0, 0.25, 0.25 ] },
								"south": { "texture": "#linen", "uv": [ 0.0, 0.0, 0.25, 0.25 ] },
								"west": { "texture": "#linen", "uv": [ 0.0, 0.0, 0.25, 0.25 ] },
								"up": { "texture": "#linen", "uv": [ 0.0, 0.0, 0.25, 0.25 ] },
								"down": { "texture": "#linen", "uv": [ 0.0, 0.0, 0.25, 0.25 ] }
							}
						},
						{
							"name": "Padding3",
							"from": [ -0.2, 0.5, 0.8 ],
							"to": [ 0.1, 0.8, 1.1 ],
							"rotationOrigin": [ -0.2, 0.5, 0.8 ],
							"faces": {
								"north": { "texture": "#linen", "uv": [ 0.0, 0.0, 0.25, 0.25 ] },
								"east": { "texture": "#linen", "uv": [ 0.0, 0.0, 0.25, 0.25 ] },
								"south": { "texture": "#linen", "uv": [ 0.0, 0.0, 0.25, 0.25 ] },
								"west": { "texture": "#linen", "uv": [ 0.0, 0.0, 0.25, 0.25 ] },
								"up": { "texture": "#linen", "uv": [ 0.0, 0.0, 0.25, 0.25 ] },
								"down": { "texture": "#linen", "uv": [ 0.0, 0.0, 0.25, 0.25 ] }
							}
						},
						{
							"name": "Padding4",
							"from": [ -0.1, 0.2, 0.8 ],
							"to": [ 0.2, 0.5, 1.1 ],
							"rotationOrigin": [ -0.1, 0.2, 0.8 ],
							"faces": {
								"north": { "texture": "#linen", "uv": [ 0.0, 0.0, 0.25, 0.25 ] },
								"east": { "texture": "#linen", "uv": [ 0.0, 0.0, 0.25, 0.25 ] },
								"south": { "texture": "#linen", "uv": [ 0.0, 0.0, 0.25, 0.25 ] },
								"west": { "texture": "#linen", "uv": [ 0.0, 0.0, 0.25, 0.25 ] },
								"up": { "texture": "#linen", "uv": [ 0.0, 0.0, 0.25, 0.25 ] },
								"down": { "texture": "#linen", "uv": [ 0.0, 0.0, 0.25, 0.25 ] }
							}
						},
						{
							"name": "Padding5",
							"from": [ -0.1, 0.85, 0.1 ],
							"to": [ 0.2, 1.15, 0.4 ],
							"rotationOrigin": [ -0.1, 0.8, 0.1 ],
							"faces": {
								"north": { "texture": "#linen", "uv": [ 0.0, 0.0, 0.25, 0.25 ] },
								"east": { "texture": "#linen", "uv": [ 0.0, 0.0, 0.25, 0.25 ] },
								"south": { "texture": "#linen", "uv": [ 0.0, 0.0, 0.25, 0.25 ] },
								"west": { "texture": "#linen", "uv": [ 0.0, 0.0, 0.25, 0.25 ] },
								"up": { "texture": "#linen", "uv": [ 0.0, 0.0, 0.25, 0.25 ] },
								"down": { "texture": "#linen", "uv": [ 0.0, 0.0, 0.25, 0.25 ] }
							}
						},
						{
							"name": "Padding6",
							"from": [ -0.1, 0.75, -0.1 ],
							"to": [ 0.2, 1.05, 0.2 ],
							"rotationOrigin": [ -0.1, 0.7, -0.1 ],
							"faces": {
								"north": { "texture": "#linen", "uv": [ 0.0, 0.0, 0.25, 0.25 ] },
								"east": { "texture": "#linen", "uv": [ 0.0, 0.0, 0.25, 0.25 ] },
								"south": { "texture": "#linen", "uv": [ 0.0, 0.0, 0.25, 0.25 ] },
								"west": { "texture": "#linen", "uv": [ 0.0, 0.0, 0.25, 0.25 ] },
								"up": { "texture": "#linen", "uv": [ 0.0, 0.0, 0.25, 0.25 ] },
								"down": { "texture": "#linen", "uv": [ 0.0, 0.0, 0.25, 0.25 ] }
							}
						},
						{
							"name": "Padding7",
							"from": [ -0.1, -0.1, 0.71 ],
							"to": [ 0.2, 0.2, 1.01 ],
							"rotationOrigin": [ -0.1, -0.1, 0.7 ],
							"faces": {
								"north": { "texture": "#linen", "uv": [ 0.0, 0.0, 0.25, 0.25 ] },
								"east": { "texture": "#linen", "uv": [ 0.0, 0.0, 0.25, 0.25 ] },
								"south": { "texture": "#linen", "uv": [ 0.0, 0.0, 0.25, 0.25 ] },
								"west": { "texture": "#linen", "uv": [ 0.0, 0.0, 0.25, 0.25 ] },
								"up": { "texture": "#linen", "uv": [ 0.0, 0.0, 0.25, 0.25 ] },
								"down": { "texture": "#linen", "uv": [ 0.0, 0.0, 0.25, 0.25 ] }
							}
						},
						{
							"name": "Padding8",
							"from": [ -0.01, -0.2, 0.41 ],
							"to": [ 0.29, 0.1, 0.71 ],
							"rotationOrigin": [ 0.0, -0.2, 0.4 ],
							"faces": {
								"north": { "texture": "#linen", "uv": [ 0.0, 0.0, 0.25, 0.25 ] },
								"east": { "texture": "#linen", "uv": [ 0.0, 0.0, 0.25, 0.25 ] },
								"south": { "texture": "#linen", "uv": [ 0.0, 0.0, 0.25, 0.25 ] },
								"west": { "texture": "#linen", "uv": [ 0.0, 0.0, 0.25, 0.25 ] },
								"up": { "texture": "#linen", "uv": [ 0.0, 0.0, 0.25, 0.25 ] },
								"down": { "texture": "#linen", "uv": [ 0.0, 0.0, 0.25, 0.25 ] }
							}
						},
						{
							"name": "Padding9",
							"from": [ -0.11, -0.1, 0.21 ],
							"to": [ 0.19, 0.2, 0.51 ],
							"rotationOrigin": [ -0.1, -0.1, 0.2 ],
							"faces": {
								"north": { "texture": "#linen", "uv": [ 0.0, 0.0, 0.25, 0.25 ] },
								"east": { "texture": "#linen", "uv": [ 0.0, 0.0, 0.25, 0.25 ] },
								"south": { "texture": "#linen", "uv": [ 0.0, 0.0, 0.25, 0.25 ] },
								"west": { "texture": "#linen", "uv": [ 0.0, 0.0, 0.25, 0.25 ] },
								"up": { "texture": "#linen", "uv": [ 0.0, 0.0, 0.25, 0.25 ] },
								"down": { "texture": "#linen", "uv": [ 0.0, 0.0, 0.25, 0.25 ] }
							}
						},
						{
							"name": "Padding10",
							"from": [ -0.21, -0.1, -0.09 ],
							"to": [ 0.09, 0.2, 0.21 ],
							"rotationOrigin": [ -0.2, -0.1, -0.1 ],
							"faces": {
								"north": { "texture": "#linen", "uv": [ 0.0, 0.0, 0.25, 0.25 ] },
								"east": { "texture": "#linen", "uv": [ 0.0, 0.0, 0.25, 0.25 ] },
								"south": { "texture": "#linen", "uv": [ 0.0, 0.0, 0.25, 0.25 ] },
								"west": { "texture": "#linen", "uv": [ 0.0, 0.0, 0.25, 0.25 ] },
								"up": { "texture": "#linen", "uv": [ 0.0, 0.0, 0.25, 0.25 ] },
								"down": { "texture": "#linen", "uv": [ 0.0, 0.0, 0.25, 0.25 ] }
							}
						},
						{
							"name": "Padding11",
							"from": [ -0.1, 0.55, -0.1 ],
							"to": [ 0.2, 0.85, 0.2 ],
							"rotationOrigin": [ -0.1, 0.5, -0.1 ],
							"faces": {
								"north": { "texture": "#linen", "uv": [ 0.0, 0.0, 0.25, 0.25 ] },
								"east": { "texture": "#linen", "uv": [ 0.0, 0.0, 0.25, 0.25 ] },
								"south": { "texture": "#linen", "uv": [ 0.0, 0.0, 0.25, 0.25 ] },
								"west": { "texture": "#linen", "uv": [ 0.0, 0.0, 0.25, 0.25 ] },
								"up": { "texture": "#linen", "uv": [ 0.0, 0.0, 0.25, 0.25 ] },
								"down": { "texture": "#linen", "uv": [ 0.0, 0.0, 0.25, 0.25 ] }
							}
						},
						{
							"name": "Padding12",
							"from": [ -0.2, 0.25, -0.1 ],
							"to": [ 0.1, 0.55, 0.2 ],
							"rotationOrigin": [ -0.2, 0.2, -0.1 ],
							"faces": {
								"north": { "texture": "#linen", "uv": [ 0.0, 0.0, 0.25, 0.25 ] },
								"east": { "texture": "#linen", "uv": [ 0.0, 0.0, 0.25, 0.25 ] },
								"south": { "texture": "#linen", "uv": [ 0.0, 0.0, 0.25, 0.25 ] },
								"west": { "texture": "#linen", "uv": [ 0.0, 0.0, 0.25, 0.25 ] },
								"up": { "texture": "#linen", "uv": [ 0.0, 0.0, 0.25, 0.25 ] },
								"down": { "texture": "#linen", "uv": [ 0.0, 0.0, 0.25, 0.25 ] }
							}
						},
						{
							"name": "Padding13",
							"from": [ -0.3, 0.05, -0.1 ],
							"to": [ 0.0, 0.35, 0.2 ],
							"rotationOrigin": [ -0.3, 0.0, -0.1 ],
							"faces": {
								"north": { "texture": "#linen", "uv": [ 0.0, 0.0, 0.25, 0.25 ] },
								"east": { "texture": "#linen", "uv": [ 0.0, 0.0, 0.25, 0.25 ] },
								"south": { "texture": "#linen", "uv": [ 0.0, 0.0, 0.25, 0.25 ] },
								"west": { "texture": "#linen", "uv": [ 0.0, 0.0, 0.25, 0.25 ] },
								"up": { "texture": "#linen", "uv": [ 0.0, 0.0, 0.25, 0.25 ] },
								"down": { "texture": "#linen", "uv": [ 0.0, 0.0, 0.25, 0.25 ] }
							}
						},
						{
							"name": "Padding14",
							"from": [ 3.3, 0.95, 0.1 ],
							"to": [ 3.6, 1.25, 0.4 ],
							"rotationOrigin": [ 3.3, 0.9, 0.1 ],
							"faces": {
								"north": { "texture": "#linen", "uv": [ 0.0, 0.0, 0.25, 0.25 ] },
								"east": { "texture": "#linen", "uv": [ 0.0, 0.0, 0.25, 0.25 ] },
								"south": { "texture": "#linen", "uv": [ 0.0, 0.0, 0.25, 0.25 ] },
								"west": { "texture": "#linen", "uv": [ 0.0, 0.0, 0.25, 0.25 ] },
								"up": { "texture": "#linen", "uv": [ 0.0, 0.0, 0.25, 0.25 ] },
								"down": { "texture": "#linen", "uv": [ 0.0, 0.0, 0.25, 0.25 ] }
							}
						},
						{
							"name": "Padding15",
							"from": [ 3.4, 0.75, -0.1 ],
							"to": [ 3.7, 1.05, 0.2 ],
							"rotationOrigin": [ 3.4, 0.7, -0.1 ],
							"faces": {
								"north": { "texture": "#linen", "uv": [ 0.0, 0.0, 0.25, 0.25 ] },
								"east": { "texture": "#linen", "uv": [ 0.0, 0.0, 0.25, 0.25 ] },
								"south": { "texture": "#linen", "uv": [ 0.0, 0.0, 0.25, 0.25 ] },
								"west": { "texture": "#linen", "uv": [ 0.0, 0.0, 0.25, 0.25 ] },
								"up": { "texture": "#linen", "uv": [ 0.0, 0.0, 0.25, 0.25 ] },
								"down": { "texture": "#linen", "uv": [ 0.0, 0.0, 0.25, 0.25 ] }
							}
						},
						{
							"name": "Padding16",
							"from": [ 3.4, 0.85, 0.4 ],
							"to": [ 3.7, 1.15, 0.7 ],
							"rotationOrigin": [ 3.4, 0.8, 0.4 ],
							"faces": {
								"north": { "texture": "#linen", "uv": [ 0.0, 0.0, 0.25, 0.25 ] },
								"east": { "texture": "#linen", "uv": [ 0.0, 0.0, 0.25, 0.25 ] },
								"south": { "texture": "#linen", "uv": [ 0.0, 0.0, 0.25, 0.25 ] },
								"west": { "texture": "#linen", "uv": [ 0.0, 0.0, 0.25, 0.25 ] },
								"up": { "texture": "#linen", "uv": [ 0.0, 0.0, 0.25, 0.25 ] },
								"down": { "texture": "#linen", "uv": [ 0.0, 0.0, 0.25, 0.25 ] }
							}
						},
						{
							"name": "Padding17",
							"from": [ 3.3, 0.95, 0.7 ],
							"to": [ 3.6, 1.25, 1.0 ],
							"rotationOrigin": [ 3.3, 0.9, 0.7 ],
							"faces": {
								"north": { "texture": "#linen", "uv": [ 0.0, 0.0, 0.25, 0.25 ] },
								"east": { "texture": "#linen", "uv": [ 0.0, 0.0, 0.25, 0.25 ] },
								"south": { "texture": "#linen", "uv": [ 0.0, 0.0, 0.25, 0.25 ] },
								"west": { "texture": "#linen", "uv": [ 0.0, 0.0, 0.25, 0.25 ] },
								"up": { "texture": "#linen", "uv": [ 0.0, 0.0, 0.25, 0.25 ] },
								"down": { "texture": "#linen", "uv": [ 0.0, 0.0, 0.25, 0.25 ] }
							}
						},
						{
							"name": "Padding18",
							"from": [ 3.3, 0.75, 0.8 ],
							"to": [ 3.6, 1.05, 1.1 ],
							"rotationOrigin": [ 3.3, 0.7, 0.8 ],
							"faces": {
								"north": { "texture": "#linen", "uv": [ 0.0, 0.0, 0.25, 0.25 ] },
								"east": { "texture": "#linen", "uv": [ 0.0, 0.0, 0.25, 0.25 ] },
								"south": { "texture": "#linen", "uv": [ 0.0, 0.0, 0.25, 0.25 ] },
								"west": { "texture": "#linen", "uv": [ 0.0, 0.0, 0.25, 0.25 ] },
								"up": { "texture": "#linen", "uv": [ 0.0, 0.0, 0.25, 0.25 ] },
								"down": { "texture": "#linen", "uv": [ 0.0, 0.0, 0.25, 0.25 ] }
							}
						},
						{
							"name": "Padding19",
							"from": [ 3.5, 0.55, 0.8 ],
							"to": [ 3.8, 0.85, 1.1 ],
							"rotationOrigin": [ 3.5, 0.5, 0.8 ],
							"faces": {
								"north": { "texture": "#linen", "uv": [ 0.0, 0.0, 0.25, 0.25 ] },
								"east": { "texture": "#linen", "uv": [ 0.0, 0.0, 0.25, 0.25 ] },
								"south": { "texture": "#linen", "uv": [ 0.0, 0.0, 0.25, 0.25 ] },
								"west": { "texture": "#linen", "uv": [ 0.0, 0.0, 0.25, 0.25 ] },
								"up": { "texture": "#linen", "uv": [ 0.0, 0.0, 0.25, 0.25 ] },
								"down": { "texture": "#linen", "uv": [ 0.0, 0.0, 0.25, 0.25 ] }
							}
						},
						{
							"name": "Padding20",
							"from": [ 3.4, 0.25, 0.71 ],
							"to": [ 3.7, 0.55, 1.01 ],
							"rotationOrigin": [ 3.4, 0.2, 0.7 ],
							"faces": {
								"north": { "texture": "#linen", "uv": [ 0.0, 0.0, 0.25, 0.25 ] },
								"east": { "texture": "#linen", "uv": [ 0.0, 0.0, 0.25, 0.25 ] },
								"south": { "texture": "#linen", "uv": [ 0.0, 0.0, 0.25, 0.25 ] },
								"west": { "texture": "#linen", "uv": [ 0.0, 0.0, 0.25, 0.25 ] },
								"up": { "texture": "#linen", "uv": [ 0.0, 0.0, 0.25, 0.25 ] },
								"down": { "texture": "#linen", "uv": [ 0.0, 0.0, 0.25, 0.25 ] }
							}
						},
						{
							"name": "Padding21",
							"from": [ 3.5, -0.05, 0.81 ],
							"to": [ 3.8, 0.25, 1.11 ],
							"rotationOrigin": [ 3.5, -0.1, 0.8 ],
							"faces": {
								"north": { "texture": "#linen", "uv": [ 0.0, 0.0, 0.25, 0.25 ] },
								"east": { "texture": "#linen", "uv": [ 0.0, 0.0, 0.25, 0.25 ] },
								"south": { "texture": "#linen", "uv": [ 0.0, 0.0, 0.25, 0.25 ] },
								"west": { "texture": "#linen", "uv": [ 0.0, 0.0, 0.25, 0.25 ] },
								"up": { "texture": "#linen", "uv": [ 0.0, 0.0, 0.25, 0.25 ] },
								"down": { "texture": "#linen", "uv": [ 0.0, 0.0, 0.25, 0.25 ] }
							}
						},
						{
							"name": "Padding22",
							"from": [ 3.5, 0.05, 0.51 ],
							"to": [ 3.8, 0.35, 0.81 ],
							"rotationOrigin": [ 3.5, 0.0, 0.5 ],
							"faces": {
								"north": { "texture": "#linen", "uv": [ 0.0, 0.0, 0.25, 0.25 ] },
								"east": { "texture": "#linen", "uv": [ 0.0, 0.0, 0.25, 0.25 ] },
								"south": { "texture": "#linen", "uv": [ 0.0, 0.0, 0.25, 0.25 ] },
								"west": { "texture": "#linen", "uv": [ 0.0, 0.0, 0.25, 0.25 ] },
								"up": { "texture": "#linen", "uv": [ 0.0, 0.0, 0.25, 0.25 ] },
								"down": { "texture": "#linen", "uv": [ 0.0, 0.0, 0.25, 0.25 ] }
							}
						},
						{
							"name": "Padding23",
							"from": [ 3.4, -0.05, 0.21 ],
							"to": [ 3.7, 0.25, 0.51 ],
							"rotationOrigin": [ 3.4, -0.1, 0.2 ],
							"faces": {
								"north": { "texture": "#linen", "uv": [ 0.0, 0.0, 0.25, 0.25 ] },
								"east": { "texture": "#linen", "uv": [ 0.0, 0.0, 0.25, 0.25 ] },
								"south": { "texture": "#linen", "uv": [ 0.0, 0.0, 0.25, 0.25 ] },
								"west": { "texture": "#linen", "uv": [ 0.0, 0.0, 0.25, 0.25 ] },
								"up": { "texture": "#linen", "uv": [ 0.0, 0.0, 0.25, 0.25 ] },
								"down": { "texture": "#linen", "uv": [ 0.0, 0.0, 0.25, 0.25 ] }
							}
						},
						{
							"name": "Padding24",
							"from": [ 3.3, -0.15, -0.09 ],
							"to": [ 3.6, 0.15, 0.21 ],
							"rotationOrigin": [ 3.3, -0.2, -0.1 ],
							"faces": {
								"north": { "texture": "#linen", "uv": [ 0.0, 0.0, 0.25, 0.25 ] },
								"east": { "texture": "#linen", "uv": [ 0.0, 0.0, 0.25, 0.25 ] },
								"south": { "texture": "#linen", "uv": [ 0.0, 0.0, 0.25, 0.25 ] },
								"west": { "texture": "#linen", "uv": [ 0.0, 0.0, 0.25, 0.25 ] },
								"up": { "texture": "#linen", "uv": [ 0.0, 0.0, 0.25, 0.25 ] },
								"down": { "texture": "#linen", "uv": [ 0.0, 0.0, 0.25, 0.25 ] }
							}
						},
						{
							"name": "Padding25",
							"from": [ 3.4, 0.15, -0.09 ],
							"to": [ 3.7, 0.45, 0.21 ],
							"rotationOrigin": [ 3.4, 0.1, -0.1 ],
							"faces": {
								"north": { "texture": "#linen", "uv": [ 0.0, 0.0, 0.25, 0.25 ] },
								"east": { "texture": "#linen", "uv": [ 0.0, 0.0, 0.25, 0.25 ] },
								"south": { "texture": "#linen", "uv": [ 0.0, 0.0, 0.25, 0.25 ] },
								"west": { "texture": "#linen", "uv": [ 0.0, 0.0, 0.25, 0.25 ] },
								"up": { "texture": "#linen", "uv": [ 0.0, 0.0, 0.25, 0.25 ] },
								"down": { "texture": "#linen", "uv": [ 0.0, 0.0, 0.25, 0.25 ] }
							}
						},
						{
							"name": "Padding26",
							"from": [ 3.5, 0.45, -0.1 ],
							"to": [ 3.8, 0.75, 0.2 ],
							"rotationOrigin": [ 3.5, 0.4, -0.1 ],
							"faces": {
								"north": { "texture": "#linen", "uv": [ 0.0, 0.0, 0.25, 0.25 ] },
								"east": { "texture": "#linen", "uv": [ 0.0, 0.0, 0.25, 0.25 ] },
								"south": { "texture": "#linen", "uv": [ 0.0, 0.0, 0.25, 0.25 ] },
								"west": { "texture": "#linen", "uv": [ 0.0, 0.0, 0.25, 0.25 ] },
								"up": { "texture": "#linen", "uv": [ 0.0, 0.0, 0.25, 0.25 ] },
								"down": { "texture": "#linen", "uv": [ 0.0, 0.0, 0.25, 0.25 ] }
							}
						},
						{
							"name": "BowGripStripe1",
							"from": [ 0.2, -0.05, -0.1 ],
							"to": [ 0.4, 1.05, 1.05 ],
							"rotationOrigin": [ 0.2, 0.0, -0.1 ],
							"faces": {
								"north": { "texture": "#string", "uv": [ 0.0, 0.0, 0.5, 1.0 ] },
								"east": { "texture": "#string", "uv": [ 0.0, 0.0, 1.0, 1.0 ] },
								"south": { "texture": "#string", "uv": [ 0.0, 0.0, 0.5, 1.0 ] },
								"west": { "texture": "#string", "uv": [ 0.0, 0.0, 1.0, 1.0 ] },
								"up": { "texture": "#string", "uv": [ 0.0, 0.0, 0.5, 1.0 ] },
								"down": { "texture": "#string", "uv": [ 0.0, 0.0, 0.5, 1.0 ] }
							}
						},
						{
							"name": "BowGripStripe2",
							"from": [ 3.1, -0.05, -0.1 ],
							"to": [ 3.3, 1.05, 1.05 ],
							"rotationOrigin": [ 3.1, 0.0, -0.1 ],
							"faces": {
								"north": { "texture": "#string", "uv": [ 0.0, 0.0, 0.5, 1.0 ] },
								"east": { "texture": "#string", "uv": [ 0.0, 0.0, 1.0, 1.0 ] },
								"south": { "texture": "#string", "uv": [ 0.0, 0.0, 0.5, 1.0 ] },
								"west": { "texture": "#string", "uv": [ 0.0, 0.0, 1.0, 1.0 ] },
								"up": { "texture": "#string", "uv": [ 0.0, 0.0, 0.5, 1.0 ] },
								"down": { "texture": "#string", "uv": [ 0.0, 0.0, 0.5, 1.0 ] }
							}
						}
					]
				}
			]
		}
	],
	"animations": [
		{
			"name": "Draw",
			"code": "draw",
			"quantityframes": 15,
			"onActivityStopped": "EaseOut",
			"onAnimationEnd": "Hold",
			"keyframes": [
				{
					"frame": 0,
					"elements": {
						"BowGrip": { "offsetX": 0.0, "offsetY": 0.0, "offsetZ": 0.0, "rotationX": 0.0, "rotationY": 0.0, "rotationZ": 0.0 },
						"BowLimbUp": { "offsetX": 0.0, "offsetY": 0.0, "offsetZ": 0.0, "rotationX": 0.0, "rotationY": 0.0, "rotationZ": 0.0 },
						"BowTipUp": { "offsetX": 0.0, "offsetY": 0.0, "offsetZ": 0.0, "rotationX": 0.0, "rotationY": 0.0, "rotationZ": 0.0 },
						"BowStringUp1": { "offsetX": 0.0, "offsetY": 0.0, "offsetZ": 0.0, "rotationX": 0.0, "rotationY": 0.0, "rotationZ": 0.0 },
						"BowStringUp2": { "offsetX": 0.0, "offsetY": 0.0, "offsetZ": 0.0, "rotationX": 0.0, "rotationY": 0.0, "rotationZ": 0.0 },
						"BowNock": { "offsetX": 0.0, "offsetY": 0.0, "offsetZ": 0.0, "rotationX": 0.0, "rotationY": 0.0, "rotationZ": 0.0 },
						"BowLimbDown": { "offsetX": 0.0, "offsetY": 0.0, "offsetZ": 0.0, "rotationX": 0.0, "rotationY": 0.0, "rotationZ": 0.0 },
						"BowTipDown": { "offsetX": 0.0, "offsetY": 0.0, "offsetZ": 0.0, "rotationX": 0.0, "rotationY": 0.0, "rotationZ": 0.0 },
						"BowStringDown1": { "offsetX": 0.0, "offsetY": 0.0, "offsetZ": 0.0, "rotationX": 0.0, "rotationY": 0.0, "rotationZ": 0.0 },
						"BowStringDown2": { "offsetX": 0.0, "offsetY": 0.0, "offsetZ": 0.0, "rotationX": 0.0, "rotationY": 0.0, "rotationZ": 0.0 }
					}
				},
				{
					"frame": 14,
					"elements": {
						"BowLimbUp": { "offsetX": 0.0, "offsetY": 0.0, "offsetZ": 0.0, "rotationX": 0.0, "rotationY": -22.5, "rotationZ": 0.0 },
						"BowTipUp": { "offsetX": 0.0, "offsetY": 0.0, "offsetZ": 0.0, "rotationX": 0.0, "rotationY": -22.5, "rotationZ": 0.0 },
						"BowStringUp1": { "offsetX": 0.0, "offsetY": 0.0, "offsetZ": 0.0, "rotationX": 0.0, "rotationY": 90.0, "rotationZ": 0.0 },
						"BowStringUp2": { "offsetX": 0.0, "offsetY": 0.0, "offsetZ": 0.0, "rotationX": 0.0, "rotationY": -22.5, "rotationZ": 0.0 },
						"BowNock": { "offsetX": 0.3, "offsetY": 0.0, "offsetZ": -0.3, "rotationX": 0.0, "rotationY": -22.5, "rotationZ": 0.0 },
						"BowLimbDown": { "offsetX": 0.0, "offsetY": 0.0, "offsetZ": 0.0, "rotationX": 0.0, "rotationY": 22.5, "rotationZ": 0.0 },
						"BowTipDown": { "offsetX": 0.0, "offsetY": 0.0, "offsetZ": 0.0, "rotationX": 0.0, "rotationY": 22.5, "rotationZ": 0.0 },
						"BowStringDown1": { "offsetX": 0.0, "offsetY": 0.0, "offsetZ": 0.0, "rotationX": 0.0, "rotationY": -90.0, "rotationZ": 0.0 },
						"BowStringDown2": { "offsetX": 0.0, "offsetY": 0.0, "offsetZ": 0.0, "rotationX": 0.0, "rotationY": 22.5, "rotationZ": 0.0 }
					}
				},
				{
					"frame": 15,
					"elements": {
						"BowGrip": { "offsetX": 0.0, "offsetY": 0.0, "offsetZ": 0.0, "rotationX": 0.0, "rotationY": 0.0, "rotationZ": 0.0 },
						"BowLimbUp": { "offsetX": 0.0, "offsetY": 0.0, "offsetZ": 0.0, "rotationX": 0.0, "rotationY": -22.5, "rotationZ": 0.0 },
						"BowTipUp": { "offsetX": 0.0, "offsetY": 0.0, "offsetZ": 0.0, "rotationX": 0.0, "rotationY": -22.5, "rotationZ": 0.0 },
						"BowStringUp1": { "offsetX": 0.0, "offsetY": 0.0, "offsetZ": 0.0, "rotationX": 0.0, "rotationY": 112.5, "rotationZ": 0.0 },
						"BowStringUp2": { "offsetX": 0.0, "offsetY": 0.0, "offsetZ": 0.0, "rotationX": 0.0, "rotationY": -22.5, "rotationZ": 0.0 },
						"BowLimbDown": { "offsetX": 0.0, "offsetY": 0.0, "offsetZ": 0.0, "rotationX": 0.0, "rotationY": 22.5, "rotationZ": 0.0 },
						"BowTipDown": { "offsetX": 0.0, "offsetY": 0.0, "offsetZ": 0.0, "rotationX": 0.0, "rotationY": 22.5, "rotationZ": 0.0 },
						"BowStringDown1": { "offsetX": 0.0, "offsetY": 0.0, "offsetZ": 0.0, "rotationX": 0.0, "rotationY": -112.5, "rotationZ": 0.0 },
						"BowStringDown2": { "offsetX": 0.0, "offsetY": 0.0, "offsetZ": 0.0, "rotationX": 0.0, "rotationY": 22.5, "rotationZ": 0.0 }
					}
				}
			]
		}
	]
}