﻿[
  { "op": "replace", "path": "/0/enabled", "value": false, "file": "paxel:compatibility/toolsextended/recipes/grid/paxel-toolsextended-titanium.json", "condition": { "when": "Paxel.Recipe.Enabled.Titanium", "isValue": "false" }, "side": "server" },
  { "op": "replace", "path": "/1/enabled", "value": false, "file": "paxel:compatibility/toolsextended/recipes/grid/paxel-toolsextended-titanium.json", "condition": { "when": "Paxel.Recipe.Enabled.Titanium", "isValue": "false" }, "side": "server" },
  { "op": "replace", "path": "/2/enabled", "value": false, "file": "paxel:compatibility/toolsextended/recipes/grid/paxel-toolsextended-titanium.json", "condition": { "when": "Paxel.Recipe.Enabled.Titanium", "isValue": "false" }, "side": "server" },
  { "op": "replace", "path": "/3/enabled", "value": false, "file": "paxel:compatibility/toolsextended/recipes/grid/paxel-toolsextended-titanium.json", "condition": { "when": "Paxel.Recipe.Enabled.Titanium", "isValue": "false" }, "side": "server" }
]