{
	"code": "backpacksturdy",
	"maxstacksize": 1,
	"behaviors": [
		{ "name": "GroundStorable", "properties": { "layout": "SingleCenter", "collisionBox": { "x1": 0.25, "y1": 0, "z1": 0.25, "x2": 0.75, "y2": 0.375, "z2": 0.75 }}},
		{ "name": "HeldBag" }
	],
	"variantgroups": [
		{ "code":"type", "states": ["copper", "tinbronze", "iron", "steel"] }
	],
	"attributes": {
		"attachableToEntity": {
			"categoryCode": "backpack",
			"attachedShape": { "base": "item/backpacksturdy-attached" }
		},
		"attachedTexturesByType": {
		"backpacksturdy-copper": {
			"darktone": { "base": "game:block/leather/chromium", "overlays": ["game:block/overlay/gradient1"] },
			"midtone": { "base": "game:block/leather/chromium",  "overlays": ["game:block/overlay/gradient1"] },
			"leather": { "base": "game:block/leather/chromium" },
			"flaps": { "base": "game:block/leather/chromium" },
			"copper1": { "base": "game:block/metal/sheet/copper1" },
			"wood": {"base": "game:block/wood/oak" },
			"metal": {"base": "game:block/metal/sheet/tinbronze2" }
			},
		"backpacksturdy-tinbronze": {
			"darktone": { "base": "game:block/leather/chromium", "overlays": ["game:block/overlay/gradient1"] },
			"midtone": { "base": "game:block/leather/chromium",  "overlays": ["game:block/overlay/gradient1"] },
			"leather": { "base": "game:block/leather/chromium" },
			"flaps": { "base": "game:block/leather/chromium" },
			"copper1": { "base": "game:block/metal/sheet/tinbronze1" },
			"wood": {"base": "game:block/wood/oak" },
			"metal": {"base": "game:block/metal/sheet/tinbronze2" }
		},
		"backpacksturdy-iron": {
			"darktone": { "base": "game:block/leather/chromium", "overlays": ["game:block/overlay/gradient1"] },
			"midtone": { "base": "game:block/leather/chromium",  "overlays": ["game:block/overlay/gradient1"] },
			"leather": { "base": "game:block/leather/chromium" },
			"flaps": { "base": "game:block/leather/chromium" },
			"copper1": { "base": "game:block/metal/sheet/iron1" },
			"wood": {"base": "game:block/wood/oak" },
			"metal": {"base": "game:block/metal/sheet/tinbronze2" }	
		},
		"backpacksturdy-steel": {
			"darktone": { "base": "game:block/leather/chromium", "overlays": ["game:block/overlay/gradient1"] },
			"midtone": { "base": "game:block/leather/chromium",  "overlays": ["game:block/overlay/gradient1"] },
			"leather": { "base": "game:block/leather/chromium" },
			"flaps": { "base": "game:block/leather/chromium" },
			"copper1": { "base": "game:block/metal/sheet/steel1" },
			"wood": {"base": "game:block/wood/oak" },
			"metal": {"base": "game:block/metal/sheet/tinbronze2" }	
		}
	},
		"wearableAttachment": true,
		"backpackByType": {
			"backpacksturdy-copper": { "quantitySlots": 10 },
			"backpacksturdy-tinbronze": { "quantitySlots": 12 },
			"backpacksturdy-iron": { "quantitySlots": 14 },
			"backpacksturdy-steel": { "quantitySlots": 16 }
		}
	},
	"shape": { "base": "qolcrafts:item/backpacksturdy" },
	"texturesByType": {
		"backpacksturdy-copper": {
			"darktone": { "base": "game:block/leather/chromium", "overlays": ["game:block/overlay/gradient1"] },
			"midtone": { "base": "game:block/leather/chromium",  "overlays": ["game:block/overlay/gradient1"] },
			"leather": { "base": "game:block/leather/chromium" },
			"flaps": { "base": "game:block/leather/chromium" },
			"copper1": { "base": "game:block/metal/sheet/copper1" },
			"wood": {"base": "game:block/wood/oak" },
			"metal": {"base": "game:block/metal/sheet/tinbronze2" }
			},
		"backpacksturdy-tinbronze": {
			"darktone": { "base": "game:block/leather/chromium", "overlays": ["game:block/overlay/gradient1"] },
			"midtone": { "base": "game:block/leather/chromium",  "overlays": ["game:block/overlay/gradient1"] },
			"leather": { "base": "game:block/leather/chromium" },
			"flaps": { "base": "game:block/leather/chromium" },
			"copper1": { "base": "game:block/metal/sheet/tinbronze1" },
			"wood": {"base": "game:block/wood/oak" },
			"metal": {"base": "game:block/metal/sheet/tinbronze2" }
		},
		"backpacksturdy-iron": {
			"darktone": { "base": "game:block/leather/chromium", "overlays": ["game:block/overlay/gradient1"] },
			"midtone": { "base": "game:block/leather/chromium",  "overlays": ["game:block/overlay/gradient1"] },
			"leather": { "base": "game:block/leather/chromium" },
			"flaps": { "base": "game:block/leather/chromium" },
			"copper1": { "base": "game:block/metal/sheet/iron1" },
			"wood": {"base": "game:block/wood/oak" },
			"metal": {"base": "game:block/metal/sheet/tinbronze2" }	
		},
		"backpacksturdy-steel": {
			"darktone": { "base": "game:block/leather/chromium", "overlays": ["game:block/overlay/gradient1"] },
			"midtone": { "base": "game:block/leather/chromium",  "overlays": ["game:block/overlay/gradient1"] },
			"leather": { "base": "game:block/leather/chromium" },
			"flaps": { "base": "game:block/leather/chromium" },
			"copper1": { "base": "game:block/metal/sheet/steel1" },
			"wood": {"base": "game:block/wood/oak" },
			"metal": {"base": "game:block/metal/sheet/tinbronze2" }	
		}
	},
	"storageFlags": 2,
	"creativeinventory": { "general": ["*"], "items": ["*"], "qolcrafts": ["*"] },
	"guiTransform": {
		"translation": { "x": 0, "y": 0, "z": 0 },
		"rotation": { "x": -20, "y": 21, "z": 180 },
		"origin": { "x": 0.53, "y": 0.35, "z": 0.5 },
		"scale": 2.3,
		"rotate": true
	},
	"fpHandTransform": {
		"translation": { "x": 0, "y": 0, "z": 0.2 },
		"rotation": { "x": 20, "y": -73, "z": 10 },
		"scale": 2.5
	},
	"tpHandTransform": {
		"translation": { "x": -0.61, "y": -0.67, "z": -0.65 },
		"rotation": { "x": -6, "y": 1, "z": 3 },
		"scale": 0.86
	},
	"groundTransform": {
		"translation": { "x": 0, "y": 0, "z": 0 },
		"rotation": { "x": 180, "y": 33, "z": -180 },
		"origin": { "x": 0.5, "y": 0, "z": 0.5 },
		"scale": 4.5
	}
}