{
	"code": "dirtybandage",
	"class": "ItemPoultice",
	"shape": { "base": "game:item/medicine/bandage" },
	"textures": { 
			"normal1": {"base": "game:block/hay/normal-top" }
	},
	"attributes": {
		"onDisplayTransform": {
			"origin": { x: 0.5, y: 0, z: 0.5 },
			"scale": 0.75
		},
		"displaycaseable": true,
		"shelvable": true,
		"health": 2,
		},
	"maxstacksize": 8,
	"creativeinventory": { "general": ["*"], "items": ["*"], "qolcrafts": ["*"] },
	"materialDensity": 600,
	"guiTransform": {
		"translation": { x: 1, y: 0, z: 0 },
		"rotation": { x: 120, y: 41, z: 7 },
		"origin": { x: 0.5, y: 0.11, z: 0.5 },
		"scale": 2.55
	},
	"fpHandTransform": {
		"translation": { x: 0, y: 0, z: 0 },
		"rotation": { x: 40, y: 91, z: 15 },
		"origin": { x: 0.8, y: 0.4, z: 0 },
		"scale": 1.7
	},
	"groundTransform": {
		"translation": { x: 0, y: 0, z: 0 },
		"rotation": { x: 180, y: 33, z: -180 },
		"origin": { x: 0.5, y: 0, z: 0.5 },
		"scale": 3.0
	},
	"tpHandTransform": {
		"translation": { x: 0, y: 0, z: 0 },
		"rotation": { x: 5, y: 41, z: -31 },
		"origin": { x: 0.16, y: 0.05, z: 0.08 },
		"scale": 0.44
	}
}
