{
	"code": "firstaid",
	"class": "ItemPoultice",
	"shape": { "base": "item/firstaid" },
	"textures": {
		"chromium": {"base": "game:block/leather/chromium"},
		"green": {"base": "game:block/leather/green"},
		"plain": {"base": "game:block/leather/plain"},
		"brass": {"base": "game:block/metal/plate/brass"}
	},
	"attributes": {
		"onDisplayTransform": {
			"origin": { x: 0.5, y: 0, z: 0.5 },
			"scale": 0.75
		},
		"displaycaseable": true,
		"shelvable": true,
		"health": 12,
		},
	"maxstacksize": 8,
	"creativeinventory": { "general": ["*"], "items": ["*"], "qolcrafts": ["*"] },
	"materialDensity": 600,
	"guiTransform": {
		"translation": { x: 5, y: 5, z: -1 },
		"rotation": { x: 178, y: 179, z: 0 },
		"origin": { x: 0.58, y: 0.12, z: 0.2 },
		"scale": 3.59
	},
	"tpHandTransform": {
		"translation": { x: -0.1, y: 0.3, z: 0.4 },
		"rotation": { x: 4, y: 2, z: -80 },
		"origin": { x: 0.16, y: 0.05, z: 0.08 },
		"scale": 0.77
	},
	"groundTransform": {
		"translation": { x: 0, y: 0, z: 0 },
		"rotation": { x: 92, y: -57, z: -180 },
		"origin": { x: 0.5, y: 0, z: 0.5 },
		"scale": 4.76
	},
	"fpHandTransform": {
		"translation": { x: -0.1, y: 0.3, z: 0.4 },
		"rotation": { x: 4, y: 2, z: -80 },
		"origin": { x: 0.16, y: 0.05, z: 0.08 },
		"scale": 0.77
	}
}
