{
	"code": "piceofhide",
	"shape": { "base": "item/piceofhide" },
	"textures": {
		"plain": {"base": "game:block/leather/plain"}
	},
	"maxstacksize": 16,
	"creativeinventory": { "general": ["*"], "items": ["*"], "qolcrafts": ["*"] },
	"materialDensity": 600,
	"guiTransform": {
		"translation": { x: 1, y: 0, z: 0 },
		"rotation": { x: 120, y: 41, z: 7 },
		"origin": { x: 0.6, y: 0.21, z: 0.6 },
		"scale": 3
	},
	"tpHandTransform": {
		"translation": { x: 0, y: 0, z: -0.6 },
		"rotation": { x: 1, y: 98, z: -6 },
		"origin": { x: 0.16, y: 0.05, z: 0.08 },
		"scale": 0.55
	},
	"groundTransform": {
		"translation": { x: 0, y: 0, z: 0 },
		"rotation": { x: 180, y: 33, z: -180 },
		"origin": { x: 0.5, y: 0, z: 0.5 },
		"scale": 3.59
	},
	"fpHandTransform": {
		"translation": { x: 0, y: 0, z: -0.6 },
		"rotation": { x: 1, y: 98, z: -6 },
		"origin": { x: 0.16, y: 0.05, z: 0.08 },
		"scale": 0.55
	}
}
