{
	"code": "pickaxehead",
	"variantgroups": [
		{ "code": "material", "states": ["chert", "granite", "andesite", "basalt", "obsidian", "peridotite", "flint" ] },
	],
	"heldTpUseAnimation": "interactstatic", "maxstacksize": 4,
	"shape": { "base": "game:item/tool/pickaxe" },
	"texturesByType": {
		"@pickaxehead-(chert|granite|andesite|basalt|obsidian|peridotite)": {
		"metal": { "base": "game:block/stone/rock/{material}1" },
		"string": { "base": "game:block/transparent" },
		"handle": { "base": "game:block/transparent" },
		},
		"pickaxehead-flint": {
		"metal": { "base": "game:block/stone/{material}" },
		"string": { "base": "game:block/transparent" },
		"handle": { "base": "game:block/transparent" },
		}
	},
	"creativeinventory": { "general": ["*"], "items": ["*"] },
	"guiTransform": {
		"translation": { x: 0, y: 0, z: 0 },
		"rotation": { x: -89, y: 47, z: 33 },
		"origin": { x: 1, y: 0.2, z: 0.45 },
		"scale": 2.3
	},
	"fpHandTransform": {
		"translation": { x: -0.5, y: -0.2, z: 0 },
		"rotation": { x: 26, y: 15, z: 90 },
		"origin": { x: 1, y: 0.4, z: 0.5 },
		"scale": 3.4
	},
	"groundTransform": {
		"translation": { x: 0, y: 0, z: 0 },
		"rotation": { x: 0, y: 0, z: 0 },
		"origin": { x: 1, y: 0, z: 0.5 },
		"scale": 4.17
	},
	"tpHandTransform": {
		"translation": { x: -1.47, y: -0.01, z: -0.56 },
		"rotation": { x: -95, y: 66, z: 0 },
		"origin": { x: 1, y: 0, z: 0.5 },
		"scale": 0.8
	}
}
