{
	"mainpurpose": "Diggy diggy hole!",
	"code": "pickaxe",
	"storageFlags": 5,
	"attributes": {
		"heldItemPitchFollow": 0.9,
		"handbook": {
			"groupBy": ["pickaxe-*"]
		},
		"toolrackTransform": {
			"rotation": { y: 2.5, z: -1 },
			"translation": { x: -0.1, y: 0.59 },
			"scale": 1.25,
		},
		"groundStorageTransform": {
			"translation": { x: 0, y: 0.1, z: -0.065 },
			"rotation": { x: 20, y: 88, z: -87 },
			"scale": 0.88
		},
		"slotRefillIdentifier": "pickaxe"
	},
	"behaviors": [{ 
		"name": "GroundStorable",
		"properties": {
			"layout": 'WallHalves',
			"wallOffY": 1,
			"ctrlKey": true,
			"selectionBox": { x1: 0, y1: 0, z1: 0, x2: 1, y2: 0.1, z2: 1 },
			"collisionBox": { x1: 0, y1: 0, z1: 0, x2: 0, y2: 0, z2: 0 },
		}
	}],
	"variantgroups": [
		{ "code": "material", "states": ["chert", "granite", "andesite", "basalt", "obsidian", "peridotite", "flint" ] }
	],
	"tool": "pickaxe",
	"damagedby": ["blockbreaking", "attacking"],
	"shape": { "base": "game:item/tool/pickaxe" },
	"heldTpHitAnimation": "pickaxe",
	"texturesByType": {
		"@pickaxe-(chert|granite|andesite|basalt|obsidian|peridotite)": {
		"metal": { "base": "game:block/stone/rock/{material}1" },
		},
		"pickaxe-flint": {
		"metal": { "base": "game:block/stone/{material}" },
		}
	},
	"tooltierbytype": {
		"*-chert": 2,
		"*-granite": 2,
		"*-andesite": 2,
		"*-basalt": 2,
		"*-obsidian": 2,
		"*-peridotite": 2,
		"*-flint": 2
	},
	"miningspeedbytype": {
		"pickaxe-flint": {
			"ceramic": 2.5,
			"stone": 2.5,
			"ore": 2.5,
			"metal": 2.5,
			"ice": 2
		},
		"pickaxe-obsidian": {
			"ceramic": 2.5,
			"stone": 2.5,
			"ore": 2.5,
			"metal": 2.5,
			"ice": 2
		},
		"pickaxe-*": {
			"ceramic": 1.8,
			"stone": 1.8,
			"ore": 1.8,
			"metal": 1.8,
			"ice": 1.5
		}
	},
	"attackpowerbytype": {
		"pickaxe-flint": 1.2,
		"pickaxe-obsidian": 1.2,
		"pickaxe-*": 1.0
	},
	"durabilitybytype": {
		"pickaxe-flint": 90,
		"pickaxe-obsidian": 100,
		"pickaxe-*": 70
	},
	"creativeinventory": { "general": ["*"], "items": ["*"], "tools": ["*"], "qolcrafts": ["*"] },
	"guiTransform": {
		"translation": { x: 0, y: 0, z: 0 },
		"rotation": { x: -89, y: 47, z: 33 },
		"origin": { x: 0.61, y: 0, z: 0.47 },
		"scale": 1.7
	},
	"fpHandTransform": {
		"translation": { x: -0.4, y: -0.5, z: 0.6 },
		"rotation": { x: -35, y: 0, z: 85 },
		"origin": { x: 0.1, y: 0.5, z: 0.5 },
		"scale": 2.5
	},
	"groundTransform": {
		"translation": { x: 0, y: 0, z: 0 },
		"rotation": { x: 0, y: 0, z: 0 },
		"origin": { x: 0.5, y: 0, z: 0.5 },
		"scale": 3.4
	},
	"tpHandTransform": {
		"translation": { x: -0.87, y: -0.01, z: -0.56 },
		"rotation": { x: -90, y: 0, z: 0 },
		"origin": { x: 0.5, y: 0, z: 0.5 },
		"scale": 0.8
	}
}