{
	"code": "throwknife",
	"class": "ItemSpear",
	"tool": "spear",
	"damagedby": ["attacking"],
	"behaviors": [{ 
		"name": "GroundStorable",
		"properties": {
			"layout": 'WallHalves',
			"wallOffY": 2,
			"sprintKey": true,
			"selectionBox": { x1: 0, y1: 0, z1: 0, x2: 1, y2: 0.1, z2: 1 },
			"collisionBox": { x1: 0, y1: 0, z1: 0, x2: 0, y2: 0, z2: 0 },
		}
	},{ "name": "AnimationAuthoritative" }],
	"variantgroups": [
		{ "code": "material", "states": ["copper", "tinbronze", "iron"] },
	],
	"shape": {"base": "item/throwknife" },
	"heldTpHitAnimation": "spearhit",
	"textures": {
		"copper": { "base": "game:item/tool/material/{material}" }
	},
	"attackRange": 3.5,
	"attackpowerbytype": {
		"*-copper": 1.5,
		"*-tinbronze": 2.5,
		"*-iron": 3.5
	},
	"attributes": {
		"groundStorageTransformByType": {
			"*": {
				"translation": { x: -0.65, y: 0, z: -0.23 },
				"rotation": { x: 20, y: -90, z: 67 },
				"scale": 0.85
			}
		},
		"__comment": "Thrown damage",
		"damageByType": {
			"*-copper": 5,
			"*-tinbronze": 7,
			"*-iron": 9
		},
		"spearEntityCode": "qolcrafts:throwknife-{material}",
		"handbook": {
			"groupBy": ["throwknife-*"]
		},
		"toolrackTransformByType": {
			"*": {
				"rotation": { x: 90, y: 1, z: -1 },
				"translation": { x: -0.2, y: 0.05, z: 0.5 },
				"scale": 1
			}
		}
	},
	"maxstacksize": 8,
	"durabilityByType": {
		"*-copper": 10,
		"*-tinbronze": 15,
		"*-iron": 20
	},
	"creativeinventory": { "general": ["*"], "items": ["*"], "tools": ["*"], "qolcrafts": ["*"] },
	"guiTransformByType": {
		"*": {
		"translation": { x: 5, y: -2, z: 0 },
		"rotation": { x: 90, y: 136, z: 0 },
		"origin": { x: 0.5, y: 0.1, z: 0.35 },
		"scaleXyz": { x: -4.01, y: 4.01, z: 4.01 }
		}
	},
	"fpHandTransformByType": {
		"*": {
		"translation": { x: -0.65, y: 0, z: -0.23 },
		"rotation": { x: 20, y: -90, z: 67 },
		"origin": { x: 0.5, y: 0.1, z: 0.35 },
		"scale": 1.24
		}
	},
	"groundTransformByType": {
		"*":
			{
		"translation": { x: 0, y: 0.3, z: 0 },
		"rotation": { x: 90, y: 6, z: 180 },
		"origin": { x: 0.5, y: 0.5, z: 0.5299 },
		"scale": 4.56
			}
	},
	"tpHandTransformByType": {
		"*": {
		"translation": { x: -0.65, y: 0, z: -0.23 },
		"rotation": { x: 20, y: -90, z: 67 },
		"origin": { x: 0.5, y: 0.1, z: 0.35 },
		"scale": 1.24
		}
	}
}