[
  {
    "enabled": true,
    "ingredientPattern": "AS,LP",
    "ingredients": {
      "P": { "type": "item", "code": "game:pickaxe-blackbronze" },
      "A": { "type": "item", "code": "game:axe-felling-blackbronze" },
      "S": { "type": "item", "code": "game:shovel-blackbronze" },
      "L": { "type": "item", "code": "game:flaxtwine", "quantity": 4 }
    },
    "width": 2,
    "height": 2,
    "recipeGroup": 1,
    "shapeless": false,
    "output": { "type": "item", "code": "paxel:paxel-blackbronze", "quantity": 1 }
  },
  {
    "enabled": true,
    "ingredientPattern": "_AS,_TP,TL_",
    "ingredients": {
      "P": { "type": "item", "code": "game:pickaxehead-blackbronze" },
      "A": { "type": "item", "code": "game:axehead-blackbronze" },
      "S": { "type": "item", "code": "game:shovelhead-blackbronze" },
      "T": { "type": "item", "code": "game:plank-*", "quantity": 2 },
      "L": { "type": "item", "code": "game:flaxtwine", "quantity": 4 }
    },
    "width": 3,
    "height": 3,
    "recipeGroup": 2,
    "shapeless": false,
    "output": { "type": "item", "code": "paxel:paxel-blackbronze", "quantity": 1 }
  },
  {
    "enabled": true,
    "ingredientPattern": "__P,_T_,TL_",
    "ingredients": {
      "P": { "type": "item", "code": "paxel:paxelhead-blackbronze" },
      "T": { "type": "item", "code": "game:plank-*", "quantity": 2 },
      "L": { "type": "item", "code": "game:flaxtwine", "quantity": 4 }
    },
    "width": 3,
    "height": 3,
    "recipeGroup": 3,
    "shapeless": false,
    "output": { "type": "item", "code": "paxel:paxel-blackbronze", "quantity": 1 }
  },
  {
    "enabled": true,
    "ingredientPattern": "AS,_P",
    "ingredients": {
      "P": { "type": "item", "code": "game:pickaxehead-blackbronze" },
      "A": { "type": "item", "code": "game:axehead-blackbronze" },
      "S": { "type": "item", "code": "game:shovelhead-blackbronze" }
    },
    "width": 2,
    "height": 2,
    "shapeless": false,
    "output": { "type": "item", "code": "paxel:paxelhead-blackbronze", "quantity": 1 }
  }
]

