[
  {
    "enabled": true,
    "ingredientPattern": "AS,LP",
    "ingredients": {
      "P": { "type": "item", "code": "game:pickaxe-silver" },
      "A": { "type": "item", "code": "game:axe-felling-silver" },
      "S": { "type": "item", "code": "game:shovel-silver" },
      "L": { "type": "item", "code": "game:flaxtwine", "quantity": 4 }
    },
    "width": 2,
    "height": 2,
    "recipeGroup": 1,
    "shapeless": false,
    "output": { "type": "item", "code": "paxel:paxel-silver", "quantity": 1 }
  },
  {
    "enabled": true,
    "ingredientPattern": "_AS,_TP,TL_",
    "ingredients": {
      "P": { "type": "item", "code": "game:pickaxehead-silver" },
      "A": { "type": "item", "code": "game:axehead-silver" },
      "S": { "type": "item", "code": "game:shovelhead-silver" },
      "T": { "type": "item", "code": "game:plank-*", "quantity": 2 },
      "L": { "type": "item", "code": "game:flaxtwine", "quantity": 4 }
    },
    "width": 3,
    "height": 3,
    "recipeGroup": 2,
    "shapeless": false,
    "output": { "type": "item", "code": "paxel:paxel-silver", "quantity": 1 }
  },
  {
    "enabled": true,
    "ingredientPattern": "__P,_T_,TL_",
    "ingredients": {
      "P": { "type": "item", "code": "paxel:paxelhead-silver" },
      "T": { "type": "item", "code": "game:plank-*", "quantity": 2 },
      "L": { "type": "item", "code": "game:flaxtwine", "quantity": 4 }
    },
    "width": 3,
    "height": 3,
    "recipeGroup": 3,
    "shapeless": false,
    "output": { "type": "item", "code": "paxel:paxel-silver", "quantity": 1 }
  },
  {
    "enabled": true,
    "ingredientPattern": "AS,_P",
    "ingredients": {
      "P": { "type": "item", "code": "game:pickaxehead-silver" },
      "A": { "type": "item", "code": "game:axehead-silver" },
      "S": { "type": "item", "code": "game:shovelhead-silver" }
    },
    "width": 2,
    "height": 2,
    "shapeless": false,
    "output": { "type": "item", "code": "paxel:paxelhead-silver", "quantity": 1 }
  }
]
