[
  {
    "enabled": true,
    "ingredientPattern": "_AS,ROP",
    "ingredients": {
      "P": { "type": "item", "code": "game:hoe-basalt" },
      "A": { "type": "item", "code": "game:axe-basalt" },
      "S": { "type": "item", "code": "game:shovel-basalt" },
      "R": { "type": "item", "code": "game:resin", "quantity": 2 },
      "O": { "type": "item", "code": "game:rope", "quantity": 4 }
    },
    "width": 3,
    "height": 2,
    "recipeGroup": 1,
    "shapeless": false,
    "output": { "type": "item", "code": "paxel:paxel-basalt", "quantity": 1 }
  },
  {
    "enabled": true,
    "ingredientPattern": "_AS,RTP,TO_",
    "ingredients": {
      "P": { "type": "item", "code": "game:hoehead-basalt" },
      "A": { "type": "item", "code": "game:axehead-basalt" },
      "S": { "type": "item", "code": "game:shovelhead-basalt" },
      "R": { "type": "item", "code": "game:resin", "quantity": 2 },
      "T": { "type": "item", "code": "game:stick", "quantity": 2 },
      "O": { "type": "item", "code": "game:rope", "quantity": 4 }
    },
    "width": 3,
    "height": 3,
    "recipeGroup": 2,
    "shapeless": false,
    "output": { "type": "item", "code": "paxel:paxel-basalt", "quantity": 1 }
  },
  {
    "enabled": true,
    "ingredientPattern": "__P,_S_,SO_",
    "ingredients": {
      "P": { "type": "item", "code": "paxel:paxelhead-basalt" },
      "S": { "type": "item", "code": "game:stick", "quantity": 2 },
      "O": { "type": "item", "code": "game:rope", "quantity": 4 }
    },
    "width": 3,
    "height": 3,
    "recipeGroup": 3,
    "shapeless": false,
    "output": { "type": "item", "code": "paxel:paxel-basalt", "quantity": 1 }
  },
  {
    "enabled": true,
    "ingredientPattern": "AS,RP",
    "ingredients": {
      "P": { "type": "item", "code": "game:hoehead-basalt" },
      "A": { "type": "item", "code": "game:axehead-basalt" },
      "S": { "type": "item", "code": "game:shovelhead-basalt" },
      "R": { "type": "item", "code": "game:resin", "quantity": 2 }
    },
    "width": 2,
    "height": 2,
    "shapeless": false,
    "output": { "type": "item", "code": "paxel:paxelhead-basalt", "quantity": 1 }
  },
  {
    "enabled": true,
    "ingredientPattern": "_AS,RTP,TO_",
    "ingredients": {
      "P": { "type": "item", "code": "game:hoehead-basalt" },
      "A": { "type": "item", "code": "game:axehead-basalt" },
      "S": { "type": "item", "code": "game:shovelhead-basalt" },
      "R": { "type": "item", "code": "game:resin", "quantity": 2 },
      "T": { "type": "item", "code": "game:bone", "quantity": 2 },
      "O": { "type": "item", "code": "game:rope", "quantity": 4 }
    },
    "width": 3,
    "height": 3,
    "recipeGroup": 2,
    "shapeless": false,
    "output": { "type": "item", "code": "paxel:paxel-bone-basalt", "quantity": 1 }
  },
  {
    "enabled": true,
    "ingredientPattern": "__P,_S_,SO_",
    "ingredients": {
      "P": { "type": "item", "code": "paxel:paxelhead-basalt" },
      "S": { "type": "item", "code": "game:bone", "quantity": 2 },
      "O": { "type": "item", "code": "game:rope", "quantity": 4 }
    },
    "width": 3,
    "height": 3,
    "recipeGroup": 3,
    "shapeless": false,
    "output": { "type": "item", "code": "paxel:paxel-bone-basalt", "quantity": 1 }
  }
]
