{
	"editor": {
		"allAngles": false,
		"entityTextureMode": false
	},
	"textureWidth": 16,
	"textureHeight": 16,
	"textures": {
		"rusty-iron": "game:block/metal/tarnished/rusty-iron"
	},
	"elements": [
		{
			"name": "base ",
			"from": [ 7.5, -2.5, 5.5 ], 
			"to": [ 8.5, -0.5, 6.7 ], 
			"rotationOrigin": [ 9.0, 0.5, 6.0 ],
			"rotationX": -90.0,
			"rotationZ": -22.5,
			"faces": {
				"north": { "texture": "#rusty-iron", "uv": [ 0.0, 0.0, 1.0, 2.0 ] },
				"east": { "texture": "#rusty-iron", "uv": [ 0.0, 0.0, 1.0, 2.0 ] },
				"south": { "texture": "#rusty-iron", "uv": [ 9.0, 9.0, 10.0, 11.0 ] },
				"west": { "texture": "#rusty-iron", "uv": [ 0.0, 0.0, 1.0, 2.0 ] },
				"up": { "texture": "#rusty-iron", "uv": [ 7.0, 6.0, 8.0, 7.0 ] },
				"down": { "texture": "#rusty-iron", "uv": [ 5.0, 5.0, 6.0, 6.0 ] }
			},
			"children": [
				{
					"name": "Cube13",
					"from": [ 1.0, 0.0, 0.4 ], 
					"to": [ 1.2, 0.2, 2.4 ], 
					"rotationOrigin": [ 2.6, -1.5, 0.0 ],
					"faces": {
						"north": { "texture": "#rusty-iron", "uv": [ 0.0, 0.0, 0.5, 0.5 ] },
						"east": { "texture": "#rusty-iron", "uv": [ 0.0, 0.0, 2.0, 0.5 ] },
						"south": { "texture": "#rusty-iron", "uv": [ 0.0, 0.0, 0.5, 0.5 ] },
						"west": { "texture": "#rusty-iron", "uv": [ 0.0, 0.0, 2.0, 0.5 ] },
						"up": { "texture": "#rusty-iron", "uv": [ 0.0, 0.0, 0.5, 2.0 ] },
						"down": { "texture": "#rusty-iron", "uv": [ 0.0, 0.0, 0.5, 2.0 ] }
					}
				},
				{
					"name": "horizontal 1",
					"from": [ 0.5, -0.5, -0.1 ], 
					"to": [ 2.5, 0.5, 1.3 ], 
					"rotationOrigin": [ 2.0, -4.0, 0.0 ],
					"faces": {
						"north": { "texture": "#rusty-iron", "uv": [ 0.0, 1.0, 2.0, 2.0 ] },
						"east": { "texture": "#rusty-iron", "uv": [ 4.0, 0.0, 5.0, 1.0 ] },
						"south": { "texture": "#rusty-iron", "uv": [ 3.0, 7.0, 5.0, 8.0 ] },
						"west": { "texture": "#rusty-iron", "uv": [ 6.0, 7.0, 7.0, 8.0 ] },
						"up": { "texture": "#rusty-iron", "uv": [ 0.0, 1.0, 2.0, 2.0 ] },
						"down": { "texture": "#rusty-iron", "uv": [ 0.0, 0.0, 2.0, 1.0 ] }
					}
				},
				{
					"name": "cube up",
					"from": [ 1.0, 0.5, 0.1 ], 
					"to": [ 2.0, 1.5, 1.1 ], 
					"rotationOrigin": [ 0.0, -4.0, 0.0 ],
					"faces": {
						"north": { "texture": "#rusty-iron", "uv": [ 5.0, 13.0, 6.0, 14.0 ] },
						"east": { "texture": "#rusty-iron", "uv": [ 4.0, 6.0, 5.0, 7.0 ] },
						"south": { "texture": "#rusty-iron", "uv": [ 8.0, 6.0, 9.0, 7.0 ] },
						"west": { "texture": "#rusty-iron", "uv": [ 4.0, 11.0, 5.0, 12.0 ] },
						"up": { "texture": "#rusty-iron", "uv": [ 3.0, 4.0, 4.0, 5.0 ] },
						"down": { "texture": "#rusty-iron", "uv": [ 0.0, 0.0, 1.0, 1.0 ] }
					}
				}
			]
		}
	]}