{
	"editor": {
		"allAngles": false,
		"entityTextureMode": false
	},
	"textureWidth": 16,
	"textureHeight": 16,
	"textureSizes": {
	},
	"textures": {
		"bass": "rottingenimals:entity/rustybass/bass"
	},
	"elements": [
		{
			"name": "Body",
			"from": [ 7.0, 0.0, 8.0 ],
			"to": [ 13.0, 4.0, 10.0 ],
			"rotationOrigin": [ 10.0, 0.0, 9.0 ],
			"rotationY": 180.0,
			"faces": {
				"north": { "texture": "#bass", "uv": [ 0.0, 0.0, 6.0, 4.0 ] },
				"east": { "texture": "#bass", "uv": [ 0.0, 0.0, 2.0, 4.0 ] },
				"south": { "texture": "#bass", "uv": [ 0.0, 0.0, 6.0, 4.0 ] },
				"west": { "texture": "#bass", "uv": [ 0.0, 0.0, 2.0, 4.0 ] },
				"up": { "texture": "#bass", "uv": [ 0.0, 0.0, 6.0, 2.0 ] },
				"down": { "texture": "#bass", "uv": [ 0.0, 0.0, 6.0, 2.0 ] }
			},
			"children": [
				{
					"name": "Head",
					"from": [ 4.5, 0.5, -0.1 ],
					"to": [ 7.5, 3.5, 2.1 ],
					"rotationOrigin": [ 6.0, 2.0, -0.1 ],
					"rotationZ": 45.0,
					"faces": {
						"north": { "texture": "#bass", "uv": [ 13.0, 0.0, 16.0, 3.0 ] },
						"east": { "texture": "#bass", "uv": [ 10.0, 0.0, 12.2, 3.0 ] },
						"south": { "texture": "#bass", "uv": [ 13.0, 3.0, 16.0, 6.0 ] },
						"west": { "texture": "#bass", "uv": [ 11.0, 3.0, 13.2, 6.0 ] },
						"up": { "texture": "#bass", "uv": [ 13.0, 0.0, 16.0, 2.2 ] },
						"down": { "texture": "#bass", "uv": [ 13.0, 7.0, 16.0, 9.2 ] }
					},
					"children": [
						{
							"name": "Jaw",
							"from": [ 0.5, 0.0, 0.1 ],
							"to": [ 2.5, 0.5, 2.1 ],
							"rotationOrigin": [ 0.5, 0.0, 1.1 ],
							"rotationZ": -15.5,
							"faces": {
								"north": { "texture": "#bass", "uv": [ 0.0, 0.0, 2.0, 0.5 ] },
								"east": { "texture": "#bass", "uv": [ 0.0, 0.0, 2.0, 0.5 ] },
								"south": { "texture": "#bass", "uv": [ 0.0, 0.0, 2.0, 0.5 ] },
								"west": { "texture": "#bass", "uv": [ 0.0, 0.0, 2.0, 0.5 ] },
								"up": { "texture": "#bass", "uv": [ 0.0, 0.0, 2.0, 2.0 ] },
								"down": { "texture": "#bass", "uv": [ 0.0, 0.0, 2.0, 2.0 ] }
							},
							"children": [
								{
									"name": "teeth",
									"from": [ 1.9, 0.3, 1.9 ],
									"to": [ 2.1, 0.8, 2.1 ],
									"rotationOrigin": [ 1.9, 0.3, 1.9 ],
									"rotationY": 1.0,
									"faces": {
										"north": { "texture": "#bass", "uv": [ 14.5, 1.5, 15.0, 2.0 ] },
										"east": { "texture": "#bass", "uv": [ 13.5, 2.5, 14.0, 3.0 ] },
										"south": { "texture": "#bass", "uv": [ 13.5, 2.5, 14.0, 3.0 ] },
										"west": { "texture": "#bass", "uv": [ 14.5, 2.5, 15.0, 3.0 ] },
										"up": { "texture": "#bass", "uv": [ 13.5, 2.0, 14.0, 2.5 ] },
										"down": { "texture": "#bass", "uv": [ 13.5, 2.0, 14.0, 2.5 ] }
									}
								},
								{
									"name": "teeth2",
									"from": [ 1.4, 0.3, 1.9 ],
									"to": [ 1.6, 0.8, 2.1 ],
									"rotationOrigin": [ 1.4, 0.3, 1.9 ],
									"rotationX": 22.5,
									"faces": {
										"north": { "texture": "#bass", "uv": [ 14.5, 1.5, 15.0, 2.0 ] },
										"east": { "texture": "#bass", "uv": [ 13.5, 2.5, 14.0, 3.0 ] },
										"south": { "texture": "#bass", "uv": [ 13.5, 2.5, 14.0, 3.0 ] },
										"west": { "texture": "#bass", "uv": [ 14.5, 2.5, 15.0, 3.0 ] },
										"up": { "texture": "#bass", "uv": [ 13.5, 2.0, 14.0, 2.5 ] },
										"down": { "texture": "#bass", "uv": [ 13.5, 2.0, 14.0, 2.5 ] }
									}
								},
								{
									"name": "teeth3",
									"from": [ 0.9, 0.3, 1.9 ],
									"to": [ 1.1, 0.8, 2.1 ],
									"rotationOrigin": [ 0.9, 0.3, 1.9 ],
									"rotationX": 8.0,
									"rotationY": 2.0,
									"faces": {
										"north": { "texture": "#bass", "uv": [ 14.5, 1.5, 15.0, 2.0 ] },
										"east": { "texture": "#bass", "uv": [ 13.5, 2.5, 14.0, 3.0 ] },
										"south": { "texture": "#bass", "uv": [ 13.5, 2.5, 14.0, 3.0 ] },
										"west": { "texture": "#bass", "uv": [ 14.5, 2.5, 15.0, 3.0 ] },
										"up": { "texture": "#bass", "uv": [ 13.5, 2.0, 14.0, 2.5 ] },
										"down": { "texture": "#bass", "uv": [ 13.5, 2.0, 14.0, 2.5 ] }
									}
								},
								{
									"name": "teeth5",
									"from": [ 1.9, 0.3, 1.3 ],
									"to": [ 2.1, 0.8, 1.5 ],
									"rotationOrigin": [ 1.9, 0.3, 1.3 ],
									"rotationX": 2.0,
									"rotationY": -6.0,
									"rotationZ": -11.0,
									"faces": {
										"north": { "texture": "#bass", "uv": [ 14.5, 1.5, 15.0, 2.0 ] },
										"east": { "texture": "#bass", "uv": [ 13.5, 2.5, 14.0, 3.0 ] },
										"south": { "texture": "#bass", "uv": [ 13.5, 2.5, 14.0, 3.0 ] },
										"west": { "texture": "#bass", "uv": [ 14.5, 2.5, 15.0, 3.0 ] },
										"up": { "texture": "#bass", "uv": [ 13.5, 2.0, 14.0, 2.5 ] },
										"down": { "texture": "#bass", "uv": [ 13.5, 2.0, 14.0, 2.5 ] }
									}
								},
								{
									"name": "teeth6",
									"from": [ 1.9, 0.3, 0.6 ],
									"to": [ 2.1, 0.8, 0.8 ],
									"rotationOrigin": [ 1.9, 0.3, 0.6 ],
									"rotationX": 7.0,
									"rotationY": 6.0,
									"rotationZ": -15.0,
									"faces": {
										"north": { "texture": "#bass", "uv": [ 14.5, 1.5, 15.0, 2.0 ] },
										"east": { "texture": "#bass", "uv": [ 13.5, 2.5, 14.0, 3.0 ] },
										"south": { "texture": "#bass", "uv": [ 13.5, 2.5, 14.0, 3.0 ] },
										"west": { "texture": "#bass", "uv": [ 14.5, 2.5, 15.0, 3.0 ] },
										"up": { "texture": "#bass", "uv": [ 13.5, 2.0, 14.0, 2.5 ] },
										"down": { "texture": "#bass", "uv": [ 13.5, 2.0, 14.0, 2.5 ] }
									}
								},
								{
									"name": "teeth7",
									"from": [ 1.9, 0.3, -0.1 ],
									"to": [ 2.1, 0.8, 0.1 ],
									"rotationOrigin": [ 1.9, 0.3, -0.1 ],
									"rotationX": -10.0,
									"rotationY": -1.0,
									"rotationZ": -13.0,
									"faces": {
										"north": { "texture": "#bass", "uv": [ 14.5, 1.5, 15.0, 2.0 ] },
										"east": { "texture": "#bass", "uv": [ 13.5, 2.5, 14.0, 3.0 ] },
										"south": { "texture": "#bass", "uv": [ 13.5, 2.5, 14.0, 3.0 ] },
										"west": { "texture": "#bass", "uv": [ 14.5, 2.5, 15.0, 3.0 ] },
										"up": { "texture": "#bass", "uv": [ 13.5, 2.0, 14.0, 2.5 ] },
										"down": { "texture": "#bass", "uv": [ 13.5, 2.0, 14.0, 2.5 ] }
									}
								},
								{
									"name": "teeth8",
									"from": [ 1.4, 0.3, -0.1 ],
									"to": [ 1.6, 0.8, 0.1 ],
									"rotationOrigin": [ 1.4, 0.3, -0.1 ],
									"rotationX": -12.0,
									"rotationY": -10.0,
									"faces": {
										"north": { "texture": "#bass", "uv": [ 14.5, 1.5, 15.0, 2.0 ] },
										"east": { "texture": "#bass", "uv": [ 13.5, 2.5, 14.0, 3.0 ] },
										"south": { "texture": "#bass", "uv": [ 13.5, 2.5, 14.0, 3.0 ] },
										"west": { "texture": "#bass", "uv": [ 14.5, 2.5, 15.0, 3.0 ] },
										"up": { "texture": "#bass", "uv": [ 13.5, 2.0, 14.0, 2.5 ] },
										"down": { "texture": "#bass", "uv": [ 13.5, 2.0, 14.0, 2.5 ] }
									}
								},
								{
									"name": "teeth9",
									"from": [ 0.9, 0.3, -0.1 ],
									"to": [ 1.1, 0.8, 0.1 ],
									"rotationOrigin": [ 0.9, 0.3, -0.1 ],
									"rotationX": 4.0,
									"rotationY": 6.0,
									"rotationZ": 9.0,
									"faces": {
										"north": { "texture": "#bass", "uv": [ 14.5, 1.5, 15.0, 2.0 ] },
										"east": { "texture": "#bass", "uv": [ 13.5, 2.5, 14.0, 3.0 ] },
										"south": { "texture": "#bass", "uv": [ 13.5, 2.5, 14.0, 3.0 ] },
										"west": { "texture": "#bass", "uv": [ 14.5, 2.5, 15.0, 3.0 ] },
										"up": { "texture": "#bass", "uv": [ 13.5, 2.0, 14.0, 2.5 ] },
										"down": { "texture": "#bass", "uv": [ 13.5, 2.0, 14.0, 2.5 ] }
									}
								}
							]
						}
					]
				},
				{
					"name": "Butt",
					"from": [ -1.4, 0.6, 0.1 ],
					"to": [ 1.4, 3.4, 1.9 ],
					"rotationOrigin": [ 0.0, 2.0, 0.9 ],
					"rotationZ": 45.0,
					"faces": {
						"north": { "texture": "#bass", "uv": [ 0.0, 0.0, 2.8, 2.8 ] },
						"east": { "texture": "#bass", "uv": [ 0.0, 0.0, 1.8, 2.8 ] },
						"south": { "texture": "#bass", "uv": [ 0.0, 0.0, 2.8, 2.8 ] },
						"west": { "texture": "#bass", "uv": [ 0.0, 0.0, 1.8, 2.8 ] },
						"up": { "texture": "#bass", "uv": [ 0.0, 0.0, 2.8, 1.8 ] },
						"down": { "texture": "#bass", "uv": [ 0.0, 0.0, 2.8, 1.8 ] }
					}
				},
				{
					"name": "Tail",
					"from": [ -3.9, 1.0, 0.5 ],
					"to": [ -0.9, 3.0, 1.5 ],
					"faces": {
						"north": { "texture": "#bass", "uv": [ 0.0, 0.0, 3.0, 2.0 ] },
						"east": { "texture": "#bass", "uv": [ 0.0, 0.0, 1.0, 2.0 ] },
						"south": { "texture": "#bass", "uv": [ 0.0, 0.0, 3.0, 2.0 ] },
						"west": { "texture": "#bass", "uv": [ 0.0, 0.0, 1.0, 2.0 ] },
						"up": { "texture": "#bass", "uv": [ 0.0, 0.0, 3.0, 1.0 ] },
						"down": { "texture": "#bass", "uv": [ 0.0, 0.0, 3.0, 1.0 ] }
					},
					"children": [
						{
							"name": "FinTail",
							"from": [ -2.0, 0.0, 0.5 ],
							"to": [ 1.0, 3.0, 0.5 ],
							"rotationOrigin": [ 0.0, 1.0, 0.5 ],
							"rotationZ": 45.0,
							"faces": {
								"south": { "texture": "#bass", "uv": [ 0.0, 13.0, 3.0, 16.0 ] }
							}
						}
					]
				},
				{
					"name": "FinPectoralRight",
					"from": [ 3.0, 0.1, 2.0 ],
					"to": [ 4.5, 1.1, 2.0 ],
					"rotationOrigin": [ 4.5, 1.1, 2.0 ],
					"rotationX": -15.0,
					"rotationY": 10.0,
					"rotationZ": 6.0,
					"faces": {
						"south": { "texture": "#bass", "uv": [ 9.0, 11.0, 10.5, 12.0 ] }
					}
				},
				{
					"name": "FinDorsal",
					"from": [ 0.5, 1.0, 1.0 ],
					"to": [ 4.5, 6.0, 1.0 ],
					"rotationOrigin": [ 2.0, 4.0, 1.0 ],
					"rotationZ": 45.0,
					"faces": {
						"south": { "texture": "#bass", "uv": [ 3.0, 11.0, 7.0, 16.0 ] }
					}
				},
				{
					"name": "FinPectoralLeft",
					"from": [ 3.0, 0.1, 0.0 ],
					"to": [ 4.5, 1.1, 0.0 ],
					"rotationOrigin": [ 4.5, 1.1, 0.0 ],
					"rotationX": 15.0,
					"rotationY": -10.0,
					"rotationZ": 6.0,
					"faces": {
						"south": { "texture": "#bass", "uv": [ 9.0, 11.0, 10.5, 12.0 ] }
					}
				},
				{
					"name": "spike",
					"from": [ 1.0, 1.1, 1.4 ],
					"to": [ 1.6, 1.7, 3.4 ],
					"rotationOrigin": [ 1.0, 1.1, 1.4 ],
					"rotationX": -37.9,
					"rotationY": -20.9,
					"faces": {
						"north": { "texture": "#bass", "uv": [ 13.5, 1.0, 14.0, 1.5 ] },
						"east": { "texture": "#bass", "uv": [ 13.0, 1.5, 15.0, 2.0 ] },
						"south": { "texture": "#bass", "uv": [ 13.0, 1.5, 13.5, 2.0 ] },
						"west": { "texture": "#bass", "uv": [ 12.5, 1.5, 14.5, 2.0 ] },
						"up": { "texture": "#bass", "uv": [ 13.5, 1.0, 14.0, 3.0 ] },
						"down": { "texture": "#bass", "uv": [ 12.5, 2.5, 13.0, 4.5 ] }
					}
				},
				{
					"name": "spike2",
					"from": [ 1.0, 1.1, 1.4 ],
					"to": [ 1.6, 1.7, 2.9 ],
					"rotationOrigin": [ 1.0, 1.1, 1.4 ],
					"rotationY": 22.5,
					"faces": {
						"north": { "texture": "#bass", "uv": [ 13.5, 1.0, 14.0, 1.5 ] },
						"east": { "texture": "#bass", "uv": [ 13.0, 1.5, 14.5, 2.0 ] },
						"south": { "texture": "#bass", "uv": [ 13.0, 1.5, 13.5, 2.0 ] },
						"west": { "texture": "#bass", "uv": [ 12.5, 1.5, 14.0, 2.0 ] },
						"up": { "texture": "#bass", "uv": [ 13.5, 1.0, 14.0, 2.5 ] },
						"down": { "texture": "#bass", "uv": [ 12.5, 2.5, 13.0, 4.0 ] }
					}
				},
				{
					"name": "spike3",
					"from": [ 1.0, 1.1, 1.4 ],
					"to": [ 1.6, 1.7, 2.9 ],
					"rotationOrigin": [ 1.0, 1.1, 1.4 ],
					"rotationX": -45.0,
					"rotationY": 22.5,
					"faces": {
						"north": { "texture": "#bass", "uv": [ 13.5, 1.0, 14.0, 1.5 ] },
						"east": { "texture": "#bass", "uv": [ 13.0, 1.5, 14.5, 2.0 ] },
						"south": { "texture": "#bass", "uv": [ 13.0, 1.5, 13.5, 2.0 ] },
						"west": { "texture": "#bass", "uv": [ 12.5, 1.5, 14.0, 2.0 ] },
						"up": { "texture": "#bass", "uv": [ 13.5, 1.0, 14.0, 2.5 ] },
						"down": { "texture": "#bass", "uv": [ 12.5, 2.5, 13.0, 4.0 ] }
					}
				},
				{
					"name": "Cube2",
					"from": [ 0.8, 3.9, 0.2 ],
					"to": [ 1.2, 4.3, 0.6 ],
					"rotationOrigin": [ 0.8, 3.9, 0.2 ],
					"rotationX": 67.5,
					"faces": {
						"north": { "texture": "#bass", "uv": [ 12.5, 0.5, 13.0, 1.0 ] },
						"east": { "texture": "#bass", "uv": [ 13.5, 1.5, 14.0, 2.0 ] },
						"south": { "texture": "#bass", "uv": [ 14.0, 2.0, 14.5, 2.5 ] },
						"west": { "texture": "#bass", "uv": [ 13.0, 1.5, 13.5, 2.0 ] },
						"up": { "texture": "#bass", "uv": [ 13.5, 1.5, 14.0, 2.0 ] },
						"down": { "texture": "#bass", "uv": [ 12.0, 2.0, 12.5, 2.5 ] }
					}
				},
				{
					"name": "Cube3",
					"from": [ 2.8, 3.9, 1.3 ],
					"to": [ 3.2, 4.3, 1.7 ],
					"rotationOrigin": [ 2.8, 3.9, 1.3 ],
					"rotationX": 45.0,
					"faces": {
						"north": { "texture": "#bass", "uv": [ 12.5, 0.5, 13.0, 1.0 ] },
						"east": { "texture": "#bass", "uv": [ 13.5, 1.5, 14.0, 2.0 ] },
						"south": { "texture": "#bass", "uv": [ 14.0, 2.0, 14.5, 2.5 ] },
						"west": { "texture": "#bass", "uv": [ 13.0, 1.5, 13.5, 2.0 ] },
						"up": { "texture": "#bass", "uv": [ 13.5, 1.5, 14.0, 2.0 ] },
						"down": { "texture": "#bass", "uv": [ 12.0, 2.0, 12.5, 2.5 ] }
					}
				},
				{
					"name": "Cube4",
					"from": [ 3.8, 3.9, 1.1 ],
					"to": [ 4.2, 4.3, 1.5 ],
					"rotationOrigin": [ 3.8, 3.9, 1.1 ],
					"rotationX": 45.0,
					"rotationY": 22.5,
					"faces": {
						"north": { "texture": "#bass", "uv": [ 12.5, 0.5, 13.0, 1.0 ] },
						"east": { "texture": "#bass", "uv": [ 13.5, 1.5, 14.0, 2.0 ] },
						"south": { "texture": "#bass", "uv": [ 14.0, 2.0, 14.5, 2.5 ] },
						"west": { "texture": "#bass", "uv": [ 13.0, 1.5, 13.5, 2.0 ] },
						"up": { "texture": "#bass", "uv": [ 13.5, 1.5, 14.0, 2.0 ] },
						"down": { "texture": "#bass", "uv": [ 12.0, 2.0, 12.5, 2.5 ] }
					}
				},
				{
					"name": "Cube5",
					"from": [ 4.8, 3.9, 0.1 ],
					"to": [ 5.2, 4.3, 0.5 ],
					"rotationOrigin": [ 4.8, 3.9, 0.1 ],
					"rotationX": 45.0,
					"rotationZ": -22.5,
					"faces": {
						"north": { "texture": "#bass", "uv": [ 12.5, 0.5, 13.0, 1.0 ] },
						"east": { "texture": "#bass", "uv": [ 13.5, 1.5, 14.0, 2.0 ] },
						"south": { "texture": "#bass", "uv": [ 14.0, 2.0, 14.5, 2.5 ] },
						"west": { "texture": "#bass", "uv": [ 13.0, 1.5, 13.5, 2.0 ] },
						"up": { "texture": "#bass", "uv": [ 13.5, 1.5, 14.0, 2.0 ] },
						"down": { "texture": "#bass", "uv": [ 12.0, 2.0, 12.5, 2.5 ] }
					}
				},
				{
					"name": "Cube6",
					"from": [ 2.8, 3.9, 0.4 ],
					"to": [ 3.2, 4.3, 0.8 ],
					"rotationOrigin": [ 2.8, 3.9, 0.4 ],
					"rotationX": 45.0,
					"rotationY": 22.5,
					"rotationZ": -22.5,
					"faces": {
						"north": { "texture": "#bass", "uv": [ 12.5, 0.5, 13.0, 1.0 ] },
						"east": { "texture": "#bass", "uv": [ 13.5, 1.5, 14.0, 2.0 ] },
						"south": { "texture": "#bass", "uv": [ 14.0, 2.0, 14.5, 2.5 ] },
						"west": { "texture": "#bass", "uv": [ 13.0, 1.5, 13.5, 2.0 ] },
						"up": { "texture": "#bass", "uv": [ 13.5, 1.5, 14.0, 2.0 ] },
						"down": { "texture": "#bass", "uv": [ 12.0, 2.0, 12.5, 2.5 ] }
					}
				},
				{
					"name": "Cube7",
					"from": [ 0.2, 3.9, 1.0 ],
					"to": [ 0.6, 4.3, 1.4 ],
					"rotationOrigin": [ 0.2, 3.9, 1.0 ],
					"rotationX": 67.5,
					"rotationY": 22.5,
					"faces": {
						"north": { "texture": "#bass", "uv": [ 12.5, 0.5, 13.0, 1.0 ] },
						"east": { "texture": "#bass", "uv": [ 13.5, 1.5, 14.0, 2.0 ] },
						"south": { "texture": "#bass", "uv": [ 14.0, 2.0, 14.5, 2.5 ] },
						"west": { "texture": "#bass", "uv": [ 13.0, 1.5, 13.5, 2.0 ] },
						"up": { "texture": "#bass", "uv": [ 13.5, 1.5, 14.0, 2.0 ] },
						"down": { "texture": "#bass", "uv": [ 12.0, 2.0, 12.5, 2.5 ] }
					}
				}
			]
		}
	],
	"animations": [
		{
			"name": "Swim",
			"code": "swim",
			"quantityframes": 30,
			"onActivityStopped": "PlayTillEnd",
			"onAnimationEnd": "Repeat",
			"keyframes": [
				{
					"frame": 8,
					"elements": {
						"Tail": { "rotationX": 0.0, "rotationY": 10.0, "rotationZ": 0.0 },
						"FinTail": { "rotationX": 0.0, "rotationY": 15.0, "rotationZ": 0.0 },
						"Head": { "rotationX": 0.0, "rotationY": 3.0, "rotationZ": 0.0 }
					}
				},
				{
					"frame": 9,
					"elements": {
						"Butt": { "rotationX": 0.0, "rotationY": 7.0, "rotationZ": 0.0 }
					}
				},
				{
					"frame": 24,
					"elements": {
						"Tail": { "rotationX": 0.0, "rotationY": -10.0, "rotationZ": 0.0 },
						"FinTail": { "rotationX": 0.0, "rotationY": -15.0, "rotationZ": 0.0 },
						"Butt": { "rotationX": 0.0, "rotationY": -7.0, "rotationZ": 0.0 },
						"Head": { "rotationX": 0.0, "rotationY": -3.0, "rotationZ": 0.0 }
					}
				}
			]
		},

		{
			"name": "BassIdle",
			"code": "bassidle",
			"quantityframes": 30,
			"onActivityStopped": "PlayTillEnd",
			"onAnimationEnd": "Repeat",
			"keyframes": [
				{
					"frame": 0,
					"elements": {
						"Jaw": { "rotationX": 0.0, "rotationY": 0.0, "rotationZ": 0.0 },
						"FinPectoralRight": { "rotationX": 0.0, "rotationY": 0.0, "rotationZ": 0.0 }
					}
				},
				{
					"frame": 8,
					"elements": {
						"FinDorsal": { "rotationX": 5.0, "rotationY": 0.0, "rotationZ": 0.0 }
					}
				},
				{
					"frame": 15,
					"elements": {
						"Jaw": { "rotationX": 0.0, "rotationY": 0.0, "rotationZ": -10.0 },
						"FinPectoralRight": { "rotationX": 0.0, "rotationY": 10.0, "rotationZ": 10.0 }
					}
				},
				{
					"frame": 24,
					"elements": {
						"FinDorsal": { "rotationX": -5.0, "rotationY": 0.0, "rotationZ": 0.0 }
					}
				}
			]
		},

		{
			"name": "Hurt",
			"code": "hurt",
			"quantityframes": 20,
			"onActivityStopped": "Stop",
			"onAnimationEnd": "Stop",
			"keyframes": [
				{
					"frame": 0,
					"elements": {
						"Body": { "rotationX": 0.0, "rotationY": 0.0, "rotationZ": 0.0 },
						"Butt": { "rotationX": 0.0, "rotationY": 0.0, "rotationZ": 0.0 },
						"Tail": { "rotationX": 0.0, "rotationY": 0.0, "rotationZ": 0.0 },
						"FinTail": { "rotationX": 0.0, "rotationY": 0.0, "rotationZ": 0.0 },
						"Head": { "rotationX": 0.0, "rotationY": 0.0, "rotationZ": 0.0 }
					}
				},
				{
					"frame": 7,
					"elements": {
						"Body": { "rotationX": 0.0, "rotationY": -7.0, "rotationZ": 0.0 },
						"Butt": { "rotationX": 0.0, "rotationY": -10.0, "rotationZ": 0.0 },
						"Tail": { "rotationX": 0.0, "rotationY": -7.0, "rotationZ": 0.0 },
						"FinTail": { "rotationX": 0.0, "rotationY": 15.0, "rotationZ": 0.0 },
						"Head": { "rotationX": 0.0, "rotationY": 3.0, "rotationZ": 0.0 }
					}
				},
				{
					"frame": 14,
					"elements": {
						"Body": { "rotationX": 0.0, "rotationY": 7.0, "rotationZ": 0.0 },
						"Butt": { "rotationX": 0.0, "rotationY": 10.0, "rotationZ": 0.0 },
						"Tail": { "rotationX": 0.0, "rotationY": 7.0, "rotationZ": 0.0 },
						"FinTail": { "rotationX": 0.0, "rotationY": -15.0, "rotationZ": 0.0 },
						"Head": { "rotationX": 0.0, "rotationY": -3.0, "rotationZ": 0.0 }
					}
				}
			]
		},

		{
			"name": "Dead",
			"code": "dead",
			"quantityframes": 10,
			"onActivityStopped": "PlayTillEnd",
			"onAnimationEnd": "Hold",
			"keyframes": [
				{
					"frame": 0,
					"elements": {
						"Body": { "offsetX": 0.0, "offsetY": -2.0, "offsetZ": 3.1, "rotationX": 90.0, "rotationY": 0.0, "rotationZ": 0.0 },
						"Tail": { "rotationX": 0.0, "rotationY": 5.0, "rotationZ": -4.0 },
						"FinTail": { "rotationX": 0.0, "rotationY": 0.0, "rotationZ": 0.0 },
						"Jaw": { "rotationX": 0.0, "rotationY": 0.0, "rotationZ": 0.0 }
					}
				},
				{
					"frame": 9,
					"elements": {
						"Body": { "offsetX": 0.0, "offsetY": -2.0, "offsetZ": 1.0, "rotationX": 90.0, "rotationY": 2.0, "rotationZ": 0.0 },
						"Tail": { "rotationX": 4.0, "rotationY": 6.0, "rotationZ": 0.0 },
						"FinTail": { "rotationX": 0.0, "rotationY": 14.0, "rotationZ": 1.0 },
						"Jaw": { "rotationX": 0.0, "rotationY": 0.0, "rotationZ": -17.0 }
					}
				}
			]
		},

		{
			"name": "Flopping",
			"code": "flopping",
			"quantityframes": 30,
			"onActivityStopped": "PlayTillEnd",
			"onAnimationEnd": "Repeat",
			"keyframes": [
				{
					"frame": 0,
					"elements": {
						"Body": { "offsetX": -0.0, "offsetY": -2.0, "offsetZ": -2.5, "rotationX": -90.0, "rotationY": 0.0, "rotationZ": 0.0 },
						"Butt": { "rotationX": 0.0, "rotationY": 0.0, "rotationZ": 0.0 },
						"Tail": { "rotationX": 0.0, "rotationY": 0.0, "rotationZ": 0.0 },
						"Jaw": { "rotationX": 0.0, "rotationY": 0.0, "rotationZ": 0.0 },
						"Head": { "rotationX": 0.0, "rotationY": 0.0, "rotationZ": 0.0 }
					}
				},
				{
					"frame": 5,
					"elements": {
						"Body": { "offsetX": 0.0, "offsetY": -2.0, "offsetZ": -2.5, "rotationX": -90.0, "rotationY": 0.0, "rotationZ": 0.0 },
						"Butt": { "rotationX": 0.0, "rotationY": 15.0, "rotationZ": 0.0 },
						"Tail": { "rotationX": 0.0, "rotationY": 15.0, "rotationZ": 0.0 },
						"Jaw": { "rotationX": 0.0, "rotationY": 0.0, "rotationZ": -17.0 }
					}
				},
				{
					"frame": 9,
					"elements": {
						"Body": { "offsetX": 0.0, "offsetY": -2.0, "offsetZ": -2.3, "rotationX": -90.0, "rotationY": 2.3, "rotationZ": 0.0 },
						"Butt": { "rotationX": 0.0, "rotationY": -15.0, "rotationZ": 0.0 },
						"Tail": { "rotationX": 0.0, "rotationY": -15.0, "rotationZ": 0.0 }
					}
				},
				{
					"frame": 14,
					"elements": {
						"Body": { "offsetX": 0.0, "offsetY": -2.0, "offsetZ": -1.1, "rotationX": -90.0, "rotationY": -0.2, "rotationZ": 0.0 },
						"Tail": { "rotationX": 0.0, "rotationY": -18.0, "rotationZ": 0.0 },
						"Head": { "rotationX": 0.0, "rotationY": 7.0, "rotationZ": 0.0 }
					}
				}
			]
		},

		{
			"name": "Attack",
			"code": "attack",
			"quantityframes": 45,
			"onActivityStopped": "EaseOut",
			"onAnimationEnd": "Repeat",
			"keyframes": [
				{
					"frame": 0,
					"elements": {
						"Body": { "offsetX": 0.0, "offsetY": 0.0, "offsetZ": 0.0, "rotationX": 0.0, "rotationY": 0.0, "rotationZ": -6.0 },
						"Jaw": { "rotationX": 0.0, "rotationY": 0.0, "rotationZ": 0.0 },
						"Butt": { "rotationX": 0.0, "rotationY": 0.0, "rotationZ": 0.0 },
						"Tail": { "rotationX": 0.0, "rotationY": 0.0, "rotationZ": 0.0 }
					}
				},
				{
					"frame": 16,
					"elements": {
						"Body": { "offsetX": 1.0, "offsetY": 0.0, "offsetZ": 0.0, "rotationX": 7.0, "rotationY": 5.0, "rotationZ": -6.0 },
						"Jaw": { "rotationX": 0.0, "rotationY": 0.0, "rotationZ": -14.0 },
						"Butt": { "rotationX": 0.0, "rotationY": 5.0, "rotationZ": 0.0 },
						"Tail": { "rotationX": 0.0, "rotationY": -10.0, "rotationZ": 0.0 }
					}
				},
				{
					"frame": 30,
					"elements": {
						"Jaw": { "rotationX": 0.0, "rotationY": 0.0, "rotationZ": 0.0 },
						"Butt": { "rotationX": 0.0, "rotationY": -5.0, "rotationZ": 0.0 },
						"Tail": { "rotationX": 0.0, "rotationY": 10.0, "rotationZ": 0.0 },
						"Body": { "offsetX": 0.0, "offsetY": 0.0, "offsetZ": 0.0, "rotationX": -8.0, "rotationY": 0.0, "rotationZ": 0.0 }
					}
				},
				{
					"frame": 35,
					"elements": {
						"Body": { "rotationX": 0.0, "rotationY": 0.0, "rotationZ": -6.0 },
						"Butt": { "rotationX": 0.0, "rotationY": 0.0, "rotationZ": 0.0 },
						"Tail": { "rotationX": 0.0, "rotationY": 0.0, "rotationZ": 0.0 }
					}
				}
			]
		},

		{
			"name": "Eat",
			"code": "eat",
			"quantityframes": 45,
			"onActivityStopped": "EaseOut",
			"onAnimationEnd": "Repeat",
			"keyframes": [
				{
					"frame": 0,
					"elements": {
						"Body": { "rotationX": 0.0, "rotationY": 0.0, "rotationZ": -6.0 },
						"Jaw": { "rotationX": 0.0, "rotationY": 0.0, "rotationZ": 0.0 },
						"Butt": { "rotationX": 0.0, "rotationY": 0.0, "rotationZ": 0.0 },
						"Tail": { "rotationX": 0.0, "rotationY": 0.0, "rotationZ": 0.0 }
					}
				},
				{
					"frame": 16,
					"elements": {
						"Body": { "rotationX": 0.0, "rotationY": 5.0, "rotationZ": -6.0 },
						"Jaw": { "rotationX": 0.0, "rotationY": 0.0, "rotationZ": -14.0 },
						"Butt": { "rotationX": 0.0, "rotationY": 5.0, "rotationZ": 0.0 },
						"Tail": { "rotationX": 0.0, "rotationY": -10.0, "rotationZ": 0.0 }
					}
				},
				{
					"frame": 30,
					"elements": {
						"Jaw": { "rotationX": 0.0, "rotationY": 0.0, "rotationZ": 0.0 },
						"Butt": { "rotationX": 0.0, "rotationY": -5.0, "rotationZ": 0.0 },
						"Tail": { "rotationX": 0.0, "rotationY": 10.0, "rotationZ": 0.0 }
					}
				},
				{
					"frame": 35,
					"elements": {
						"Body": { "rotationX": 0.0, "rotationY": 0.0, "rotationZ": -6.0 },
						"Butt": { "rotationX": 0.0, "rotationY": 0.0, "rotationZ": 0.0 },
						"Tail": { "rotationX": 0.0, "rotationY": 0.0, "rotationZ": 0.0 }
					}
				}
			]
		}
	]
}