[
	{
		ingredientPattern: "HLS,C__,P__",
		"enabled": true,
		recipeGroup: 2,
		ingredients: {
			"H": { type: "item", code: "temporalitvisiondevice-temporalit" },
			"P": { type: "item", code: "game:metalplate-temporalit" },
			"C": { type: "item", code: "game:metalchain-temporalit" },
			"L": { type: "item", code: "game:leather-normal-plain" },
			"S": { type: "item", code: "solderbar-silver" }
		},
		width: 3,
		height: 3,
		shapeless: false,
		copyAttributesFrom: 'B',
		averageDurability: false,
		name: "nightvision helmet repair",
		output: { type: "item", code: "temporalitvisiondevice-temporalit"  }
	},
	{
		ingredientPattern: "HLS,C__,P__",
		"enabled": true,
		recipeGroup: 2,
		ingredients: {
			"H": { type: "item", code: "temporalitvisiondevice-temporalit" },
			"P": { type: "item", code: "game:metalplate-temporalit" },
			"C": { type: "item", code: "game:metalchain-temporalit" },
			"L": { type: "item", code: "game:leather-normal-plain" },
			"S": { type: "item", code: "solderbar-tin" }
		},
		width: 3,
		height: 3,
		shapeless: false,
		copyAttributesFrom: 'B',
		averageDurability: false,
		name: "nightvision helmet repair",
		output: { type: "item", code: "temporalitvisiondevice-temporalit"  }
	},
	{
		ingredientPattern: "HLS,CI_,P__",
		"enabled": true,
		recipeGroup: 2,
		ingredients: {
			"H": { type: "item", code: "temporalitvisiondevice-silverplated" },
			"P": { type: "item", code: "game:metalplate-temporalit" },
			"C": { type: "item", code: "game:metalchain-temporalit" },
			"L": { type: "item", code: "game:leather-normal-plain" },
			"S": { type: "item", code: "solderbar-silver" },
			"I": { type: "item", code: "ingot-silver" }
		},
		width: 3,
		height: 3,
		shapeless: false,
		copyAttributesFrom: 'B',
		averageDurability: false,
		name: "nightvision helmet repair",
		output: { type: "item", code: "temporalitvisiondevice-silverplated"  }
	},
	{
		ingredientPattern: "HLS,CI_,P__",
		"enabled": true,
		recipeGroup: 2,
		ingredients: {
			"H": { type: "item", code: "temporalitvisiondevice-silverplated" },
			"P": { type: "item", code: "game:metalplate-temporalit" },
			"C": { type: "item", code: "game:metalchain-temporalit" },
			"L": { type: "item", code: "game:leather-normal-plain" },
			"S": { type: "item", code: "solderbar-tin" },
			"I": { type: "item", code: "ingot-silver" }
		},
		width: 3,
		height: 3,
		shapeless: false,
		copyAttributesFrom: 'B',
		averageDurability: false,
		name: "nightvision helmet repair",
		output: { type: "item", code: "temporalitvisiondevice-silverplated"  }
	},
	{
		ingredientPattern: "HLS,CI_,P__",
		"enabled": true,
		recipeGroup: 2,
		ingredients: {
			"H": { type: "item", code: "temporalitvisiondevice-goldplated" },
			"P": { type: "item", code: "game:metalplate-temporalit" },
			"C": { type: "item", code: "game:metalchain-temporalit" },
			"L": { type: "item", code: "game:leather-normal-plain" },
			"S": { type: "item", code: "solderbar-silver" },
			"I": { type: "item", code: "ingot-gold" }
		},
		width: 3,
		height: 3,
		shapeless: false,
		copyAttributesFrom: 'B',
		averageDurability: false,
		name: "nightvision helmet repair",
		output: { type: "item", code: "temporalitvisiondevice-goldplated"  }
	},
	{
		ingredientPattern: "HLS,CI_,P__",
		"enabled": true,
		recipeGroup: 2,
		ingredients: {
			"H": { type: "item", code: "temporalitvisiondevice-goldplated" },
			"P": { type: "item", code: "game:metalplate-temporalit" },
			"C": { type: "item", code: "game:metalchain-temporalit" },
			"L": { type: "item", code: "game:leather-normal-plain" },
			"S": { type: "item", code: "solderbar-tin" },
			"I": { type: "item", code: "ingot-gold" }
		},
		width: 3,
		height: 3,
		shapeless: false,
		copyAttributesFrom: 'B',
		averageDurability: false,
		name: "nightvision helmet repair",
		output: { type: "item", code: "temporalitvisiondevice-goldplated"  }
	},
	{
		ingredientPattern: "HLS,CK_,P__",
		"enabled": true,
		recipeGroup: 2,
		ingredients: {
			"H": { type: "item", code: "temporalitvisiondevice-steel" },
			"P": { type: "item", code: "game:metalplate-steel" },
			"C": { type: "item", code: "game:metalchain-steel" },
			"L": { type: "item", code: "game:leather-normal-plain" },
			"S": { type: "item", code: "solderbar-silver" },
			"K": { type: "item", code: "metalbit-cupronickel","quantity": 5 }
		},
		width: 3,
		height: 3,
		shapeless: false,
		copyAttributesFrom: 'B',
		averageDurability: false,
		name: "nightvision helmet repair",
		output: { type: "item", code: "temporalitvisiondevice-steel"  }
	},
	{
		ingredientPattern: "HLS,CK_,P__",
		"enabled": true,
		recipeGroup: 2,
		ingredients: {
			"H": { type: "item", code: "temporalitvisiondevice-steel" },
			"P": { type: "item", code: "game:metalplate-steel" },
			"C": { type: "item", code: "game:metalchain-steel" },
			"L": { type: "item", code: "game:leather-normal-plain" },
			"S": { type: "item", code: "solderbar-tin" },
			"K": { type: "item", code: "metalbit-cupronickel","quantity": 5 }
		},
		width: 3,
		height: 3,
		shapeless: false,
		copyAttributesFrom: 'B',
		averageDurability: false,
		name: "nightvision helmet repair",
		output: { type: "item", code: "temporalitvisiondevice-steel"  }
	},
	{
		ingredientPattern: "HLS,K__,P__",
		"enabled": true,
		recipeGroup: 2,
		ingredients: {
			"H": { type: "item", code: "temporalitvisiondevice-leather_reinforced" },
			"P": { type: "item", code: "game:metalnailsandstrips-tinbronze" },
			"L": { type: "item", code: "game:leather-normal-plain" },
			"S": { type: "item", code: "solderbar-silver" },
			"K": { type: "item", code: "metalbit-cupronickel","quantity": 10 }
		},
		width: 3,
		height: 3,
		shapeless: false,
		copyAttributesFrom: 'B',
		averageDurability: false,
		name: "nightvision helmet repair",
		output: { type: "item", code: "temporalitvisiondevice-leather_reinforced"  }
	},
	{
		ingredientPattern: "HLS,K__,P__",
		"enabled": true,
		recipeGroup: 2,
		ingredients: {
			"H": { type: "item", code: "temporalitvisiondevice-leather_reinforced" },
			"P": { type: "item", code: "game:metalnailsandstrips-tinbronze" },
			"L": { type: "item", code: "game:leather-normal-plain" },
			"S": { type: "item", code: "solderbar-tin" },
			"K": { type: "item", code: "metalbit-cupronickel","quantity": 10 }
		},
		width: 3,
		height: 3,
		shapeless: false,
		copyAttributesFrom: 'B',
		averageDurability: false,
		name: "nightvision helmet repair",
		output: { type: "item", code: "temporalitvisiondevice-leather_reinforced"  }
	}
]