{
	code: "metalnailsandstrips",
	behaviors: [
		{ name: "GroundStorable", properties: { layout: 'Quadrants', collisionBox: { x1: 0, y1: 0, z1: 0, x2: 1, y2: 0.125, z2: 1 } } }
	],
	maxstacksize: 32,
	storageFlags: 5,
	attributes: {
		reinforcementStrengthByType: {
			"*-temporalit": 2000
		},		
		handbook: {
			groupBy: ["metalnailsandstrips-*"],
		}
	},
	variantgroups: [
		{ code: "metal", loadFromProperties: "block/metal" },
	],
	allowedVariants: [
		"*-temporalit"
	],
	shape: { base: "item/resource/metalnailsandstrips" },
	textures: {
		"metal": { base: "block/metal/sheet/{metal}1" }
	},	
	creativeinventory: { "general": ["*"], "items": ["*"] },
	materialDensityByType: {
		"*-temporalit": 10500
	},
	combustiblePropsByType: {
		"metalnailsandstrips-temporalit": {
			meltingPoint: 1502,
			meltingDuration: 30,
			smeltedRatio: 4,
			smeltedStack: { type: "item", code: "ingot-temporalit", stacksize: 1 }
		}
	},
	fpHandTransform: {
		translation: { x: -0.15, y: 0.25, z: 0 },
		rotation: { x: 0, y: 0, z: 2 },
		scale: 2.54
	},
	guiTransform: {
		translation: { x: 0, y: 0, z: 0 },
		rotation: { x: -30, y: -46, z: -180 },
		origin: { x: 0.58, y: 0.07, z: 0.55 },
		scale: 3.55
	},
	groundTransform: {
		translation: { x: 0, y: 0, z: 0 },
		rotation: { x: 0, y: 90, z: 0 },
		origin: { x: 0.5, y: 0, z: 0.5 },
		scale: 4
	},
	tpHandTransform: {
		translation: { x: -0.7, y: 0.1, z: -0.53 },
		rotation: { x: 94, y: 0, z: 0 },
		origin: { x: 0.5, y: 0.1, z: 0.5 },
		scale: 0.75
	}
}