{
	"code": "oar",
	"class": "ItemOar",
	"storageFlags": 257,
	"heldTpIdleAnimation": "crudeOarIdle",
	"materialDensity": 700,
	"attributes": {
		"paddlingTool": true,
		"groundStorageTransform": {
			"translation": { "x": 0, "y": 0.26, "z": 0.616 },
			"rotation": { "x": 16, "y": 90, "z": 90 },
			"scale": 0.85
		},
		"rackable": true,
		"toolrackTransform": {
			"translation": { "x": -0.35, "y": -0.7, "z": 0 },
			"rotation": { "x": 0, "y": 1, "z": 180 },
			"scale": 1.5
		}
	},
	"behaviors": [{ 
		"name": "GroundStorable",
		"properties": {
			"layout": 'WallHalves',
			"wallOffy": 2,
			"sprintKey": true,
			"selectionBox": { "x1": 0, "y1": 0, "z1": 0, "x2": 1, "y2": 0.1, "z2": 1 },
			"collisionBox": { "x1": 0, "y1": 0, "z1": 0, "x2": 0, "y2": 0, "z2": 0 },
		}
	}],
	"variantgroups": [
		{ "code": "material", "states": ["crude" ] },
		{ "code": "wood", "loadFromProperties": "floralzonesmediterraneanregion:block/wood" }
	],
	"shape": { "base": "game:item/tool/oar-crude" },
	"textures": {
		"bark": { "base": "floralzonesmediterraneanregion:block/wood/bark/{wood}" },
		"debarked": { "base": "floralzonesmediterraneanregion:block/wood/debarked/{wood}" }
	},
	"creativeinventory": { "general": ["*"], "items": ["*"], "tools": ["*"] },
	"guiTransform": {
		"translation": { "x": 0, "y": 0, "z": 0 },
		"rotation": { "x": -84, "y": -50, "z": -20 },
		"origin": { "x": -0.3, "y": 0.0625, "z": 0.5 },
		"scale": 2.31
	},
	"fpHandTransform": {
		"translation": { "x": -0.07, "y": 0.02, "z": 0.4 },
		"rotation": { "x": -63, "y": -79, "z": 114 },
		"origin": { "x": 0.5, "y": 0, "z": 0.5 },
		"scale": 2.75
	},
	"groundTransform": {
		"translation": { "x": 0, "y": 0, "z": 0 },
		"rotation": { "x": 0, "y": 0, "z": 0 },
		"origin": { "x": 0.5, "y": 0, "z": 0.5 },
		"scale": 4.5
	},
	"tpHandTransform": {
		"translation": { "x": -1.3099, "y": -0.28, "z": -0.53 },
		"rotation": { "x": -3, "y": 1, "z": -22 },
		"origin": { "x": 0.5, "y": 0.2, "z": 0.5 },
		"scale": 0.9
	}
}