[
	//Wolf
	{
		"file": "rottingenimals:entities/wolf-male.json",
		"op": "replace",
		"path": "/server/behaviors/6/drops/3/quantity/avg",
		"side": "Server",
		"value": 1
	},
	{
		"file": "rottingenimals:entities/wolf-male.json",
		"op": "replace",
		"path": "/server/behaviors/6/drops/3/quantity/var",
		"side": "Server",
		"value": 2
	},
	//Squirrel
	{
		"file": "rottingenimals:entities/squirrel.json",
		"op": "replace",
		"path": "/server/behaviors/5/drops/3/quantity/avg",
		"side": "Server",
		"value": 1
	},
	{
		"file": "rottingenimals:entities/squirrel.json",
		"op": "replace",
		"path": "/server/behaviors/5/drops/3/quantity/var",
		"side": "Server",
		"value": 1
	},
	//Bear
	{
		"file": "rottingenimals:entities/bear.json",
		"op": "replace",
		"path": "/server/behaviors/6/drops/3/quantity/avg",
		"side": "Server",
		"value": 2
	},
	{
		"file": "rottingenimals:entities/bear.json",
		"op": "replace",
		"path": "/server/behaviors/6/drops/3/quantity/var",
		"side": "Server",
		"value": 1
	},
	//Moose
	{
		"file": "rottingenimals:entities/moose.json",
		"op": "replace",
		"path": "/server/behaviors/6/drops/3/quantity/avg",
		"side": "Server",
		"value": 2
	},
	{
		"file": "rottingenimals:entities/moose.json",
		"op": "replace",
		"path": "/server/behaviors/6/drops/3/quantity/var",
		"side": "Server",
		"value": 3
	},
	//Hyena
	{
		"file": "rottingenimals:entities/hyena.json",
		"op": "replace",
		"path": "/server/behaviors/6/drops/3/quantity/avg",
		"side": "Server",
		"value": 1
	},
	{
		"file": "rottingenimals:entities/hyena.json",
		"op": "replace",
		"path": "/server/behaviors/6/drops/3/quantity/var",
		"side": "Server",
		"value": 1
	}
]