{
	code: "scythespear",
	damagedby: ["attacking"],
	tool: "spear",
	class:"Item",
	behaviors: [{ 
		name: "GroundStorable",
		properties: {
			layout: 'WallHalves',
			wallOffY: 2,
			sprintKey: true,
			selectionBox: { x1: 0, y1: 0, z1: 0, x2: 1, y2: 0.1, z2: 1 },
			collisionBox: { x1: 0, y1: 0, z1: 0, x2: 0, y2: 0, z2: 0 }
		}
		}, { name: "AnimationAuthoritative" }],
	variantgroups: [
		{ code: "material", "states": ["copper", "tinbronze", "bismuthbronze", "blackbronze", "iron", "meteoriciron","steel", "temporalit"] }
	],
		shape: { "base":"spearexpantion:shapes/item/tool/villagers/scythespear" },
		heldTpIdleAnimation: "spearidle",
		heldRightReadyAnimation: "spearidle",
		heldTpHitAnimation: "spearhit",
		texturesByType: {
			"*-copper": {
			"metal": {"base" : "game:block/metal/ingot/{material}" },
			},
			"*-tinbronze": {
			"metal": {"base" : "game:block/metal/ingot/{material}" },
			},
			"*-bismuthbronze": {
			"metal": {"base" : "game:block/metal/ingot/{material}" },
			},
			"*-blackbronze": {
			"metal": {"base" : "game:block/metal/ingot/{material}" },
			},
			"*-iron": {
			"metal": {"base" : "game:block/metal/ingot/{material}" },
			},
			"*-meteoriciron": {
			"metal": {"base" : "game:block/metal/ingot/{material}" },
			},
			"*-steel": {
			"metal": {"base" : "game:block/metal/ingot/{material}" }
			},
			"*-temporalit": {
			"metal": {"base" : "game:block/metal/ingot/temporalit" }
			}
		},
	"maxstacksize": 1 ,
	attackRange: 3.6,
	attackpowerbytype: {
		"*-copper": 2.7,
		"*-tinbronze": 3.2,
		"*-bismuthbronze": 3.7,
		"*-blackbronze": 4,
		"*-steel": 4.5,
		"*-iron": 3.50,
		"*-meteoriciron": 4.1,
		"*-temporalit": 5,
		},
		tooltierbytype: {
		"*-copper": 2,
		"*-tinbronze": 3,
		"*-bismuthbronze": 3,
		"*-blackbronze": 3,
		"*-steel": 5,
		"*-iron": 4,
		"*-meteoriciron": 4,
		"*-temporalit": 6
	},
	damageTypeByType: {
		"*": "PiercingAttack",
	},
	attributes: {
		heldItemPitchFollow: 1,
	groundStorageTransform: {
			translation: { x: -0.29, y: 1.28, z: 0.235 },
			rotation: { x: -163, y: -11, z: 90 },
			scale: 0.85
	},
		handbook: {
			groupBy: ["spear-*"]
		},
		toolrackTransform: {
			translation: { x: -0.14, y: 0.55, z: 0.3 },
			rotation: { x: 1, y: 0, z: 0 },
			scale: 1.12
		}
	},
	durabilitybytype: {
		"*-copper": 100,
		"*-tinbronze": 200,
		"*-bismuthbronze": 210,
		"*-blackbronze": 250,
		"*-steel": 400,
		"*-iron": 300,
		"*-meteoriciron": 350,
		"*-temporalit": 550,
	},
	creativeinventory: { "general": ["*"], "items": ["*"], "tools": ["*"] , "expantion": ["*"] },
	guiTransform: {
		translation: { x: 10, y: 14, z: 0 },
		rotation: { x: -180, y: 128, z: 38 },
		origin: { x: 1.29, y: 0, z: 0.5 },
		scale: 1.85
	},
	groundTransform: {
		translation: { x: 0, y: 0, z: 0 },
		rotation: { x: 90, y: 0, z: 0 },
		origin: { x: 0.5, y: 0.5, z: 0.5299 },
		scale: 4.9
	},
	tpHandTransform: {
		translation: { x: -1.14, y: 0.01, z: -0.6 },
		rotation: { x: -90, y: 0, z: 0 },
		origin: { x: 0.6, y: 0, z: 0.5 },
		scale: 0.8
	}
}