[
{	"enabled": true,
	"op": "addmerge",
	"path": "/variantgroups/0/states",
	"value": ["plain","green","blue","violet","red","yellow","brown","vintage","smoky","pink","quartz"],
	"file": "wildcrafttree:blocktypes/glass/pane.json",
    "side": "server",
    "dependsOn": [{ "modid": "wildcrafttree" }]
},
{	"enabled": true,
	"op": "addmerge",
	"path": "/-",
	"value": {
		"ingredientPattern": "W_W	_G_	W_W",
		"ingredients": {
			"G": { "type": "block", "code": "glass-*", "name": "glass" },
			"W": { "type": "item", "code": "wildcrafttree:plank-*", "name": "wood" }
		},
		"width": 3,
		"height": 3,
		"output": { "type": "block", "code": "wildcrafttree:glasspane-{glass}-{wood}-ew", "quantity": 4  }
	},
	"file": "game:recipes/grid/glasspane.json",
	"side": "server",
	"dependsOn": [{ "modid": "wildcrafttree" }]
}
]