﻿[
  {
    "condition": { "when": "Paxel.Loot.Enabled.BattleTowers", "isValue": "true" },
    "side": "server",
    "file": "battletowers:itemtypes/meta/stackrandomizer-battletowers.json",
    "op": "addeach",
    "path": "/attributesByType/*-surfacetowerstier4/stacks/-",
    "value": [
      { "type": "item", "code": "paxel:paxel-iron", "chance": 0.9 }
    ]
  },
  {
    "condition": { "when": "Paxel.Loot.Enabled.BattleTowers", "isValue": "true" },
    "side": "server",
    "file": "battletowers:itemtypes/meta/stackrandomizer-battletowers.json",
    "op": "addeach",
    "path": "/attributesByType/*-undergroundtowerstier4/stacks/-",
    "value": [
      { "type": "item", "code": "paxel:paxel-iron", "chance": 0.9 }
    ]
  }
]