[
	{
    "op": "replace",
    "path": "/attributes/skinnableParts/3/variants",
    "value": [
      {
        "code": "male",
        "sound": "sounds/voice/malevoice"
      },
      {
        "code": "female",
        "sound": "sounds/voice/femalevoice"
      }
    ],
    "file": "game:entities/humanoid/player.json"
  },
  {
    "op": "replace",
    "path": "/attributes/skinnableParts/3/variants",
    "value": [
      {
        "code": "male",
        "sound": "sounds/voice/malevoice"
      },
      {
        "code": "female",
        "sound": "sounds/voice/femalevoice"
      }
    ],
    "file": "game:entities/humanoid/playerbot.json"
  }
]