[
	{
		ingredientPattern: "_T_,T_T",
		recipeGroup: 1,
		ingredients: {
			"T": { type: "item", code: "game:metalchain-*", name: "metal", allowedVariants: ["temporalit"], quantity: 1 }, 
		},
		width: 3,
		height: 2,
		name: "chain helmet",
		output: { type: "item", code: "spearexpantion:armorr-head-chain-{metal}"  }
	},
	{
		ingredientPattern: "TJT,CCC,TTT",
		recipeGroup: 1,
		ingredients: {
			"J": { type: "item", code: "game:armor-body-jerkin-leather", quantity: 1 },
			"T": { type: "item", code: "game:metalchain-*", name: "metal", allowedVariants: ["temporalit"], quantity: 1 },
			"C": { type: "item", code: "game:metalchain-*", name: "metal", allowedVariants: ["temporalit"], quantity: 2 }
		},
		width: 3,
		height: 3,
		name: "chain body armor",
		output: { type: "item", code: "game:armor-body-chain-{metal}"  }
	},
	{
		ingredientPattern: "TCT,TJT",
		recipeGroup: 1,
		ingredients: {
			"J": { type: "item", code: "game:armor-legs-jerkin-leather", quantity: 1 },
			"T": { type: "item", code: "game:metalchain-*", name: "metal", allowedVariants: ["temporalit"], quantity: 1 },
			"C": { type: "item", code: "game:metalchain-*", name: "metal", allowedVariants: ["temporalit"], quantity: 2 }
		},
		width: 3,
		height: 2,
		name: "chain leg armor",
		output: { type: "item", code: "game:armor-legs-chain-{metal}"  }
	}
	
]