{
	"editor": {
		"allAngles": false,
		"entityTextureMode": false
	},
	"textureWidth": 16,
	"textureHeight": 16,
	"textureSizes": {
	},
	"textures": {
		"oak": "C:/Users/Gleb/AppData/Roaming/Vintagestory/assets/survival/textures/block/wood/oak",
		"rope": "C:/Users/Gleb/AppData/Roaming/Vintagestory/assets/survival/textures/item/resource/rope"
	},
	"elements": [
		{
			"name": "Cube2",
			"from": [ 7.5, 0.7, 0.0 ],
			"to": [ 8.5, 15.7, 1.0 ],
			"rotationOrigin": [ 7.5, 0.7, 0.0 ],
			"rotationX": 45.0,
			"faces": {
				"north": { "texture": "#oak", "uv": [ 0.0, 0.0, 1.0, 15.0 ] },
				"east": { "texture": "#oak", "uv": [ 0.0, 0.0, 1.0, 15.0 ] },
				"south": { "texture": "#oak", "uv": [ 0.0, 0.0, 1.0, 15.0 ] },
				"west": { "texture": "#oak", "uv": [ 0.0, 0.0, 1.0, 15.0 ] },
				"up": { "texture": "#oak", "uv": [ 0.0, 0.0, 1.0, 1.0 ] },
				"down": { "texture": "#oak", "uv": [ 0.0, 0.0, 1.0, 1.0 ] }
			},
			"children": [
				{
					"name": "Cube3",
					"from": [ 0.1, 15.0, 0.1 ],
					"to": [ 0.9, 17.0, 0.9 ],
					"rotationOrigin": [ 0.1, 15.0, 0.1 ],
					"faces": {
						"north": { "texture": "#oak", "uv": [ 0.0, 0.0, 0.5, 2.0 ] },
						"east": { "texture": "#oak", "uv": [ 0.0, 0.0, 0.5, 2.0 ] },
						"south": { "texture": "#oak", "uv": [ 0.0, 0.0, 0.5, 2.0 ] },
						"west": { "texture": "#oak", "uv": [ 0.0, 0.0, 0.5, 2.0 ] },
						"up": { "texture": "#oak", "uv": [ 0.0, 0.0, 0.5, 0.5 ] },
						"down": { "texture": "#oak", "uv": [ 0.0, 0.0, 0.5, 0.5 ] }
					}
				},
				{
					"name": "Cube4",
					"from": [ 0.2, 17.0, 0.2 ],
					"to": [ 0.8, 19.0, 0.8 ],
					"rotationOrigin": [ 0.2, 17.0, 0.2 ],
					"faces": {
						"north": { "texture": "#oak", "uv": [ 0.0, 0.0, 0.5, 2.0 ] },
						"east": { "texture": "#oak", "uv": [ 0.0, 0.0, 0.5, 2.0 ] },
						"south": { "texture": "#oak", "uv": [ 0.0, 0.0, 0.5, 2.0 ] },
						"west": { "texture": "#oak", "uv": [ 0.0, 0.0, 0.5, 2.0 ] },
						"up": { "texture": "#oak", "uv": [ 0.0, 0.0, 0.5, 0.5 ] },
						"down": { "texture": "#oak", "uv": [ 0.0, 0.0, 0.5, 0.5 ] }
					}
				},
				{
					"name": "Cube5",
					"from": [ 0.3, 19.0, 0.3 ],
					"to": [ 0.7, 21.0, 0.7 ],
					"rotationOrigin": [ 0.3, 19.0, 0.3 ],
					"faces": {
						"north": { "texture": "#oak", "uv": [ 0.0, 0.0, 0.5, 2.0 ] },
						"east": { "texture": "#oak", "uv": [ 0.0, 0.0, 0.5, 2.0 ] },
						"south": { "texture": "#oak", "uv": [ 0.0, 0.0, 0.5, 2.0 ] },
						"west": { "texture": "#oak", "uv": [ 0.0, 0.0, 0.5, 2.0 ] },
						"up": { "texture": "#oak", "uv": [ 0.0, 0.0, 0.5, 0.5 ] },
						"down": { "texture": "#oak", "uv": [ 0.0, 0.0, 0.5, 0.5 ] }
					}
				}
			]
		},
		{
			"name": "Cube6",
			"from": [ 7.5, 0.0, 15.0 ],
			"to": [ 8.5, 15.0, 16.0 ],
			"rotationOrigin": [ 7.5, 0.0, 15.0 ],
			"rotationX": -45.0,
			"faces": {
				"north": { "texture": "#oak", "uv": [ 0.0, 0.0, 1.0, 15.0 ] },
				"east": { "texture": "#oak", "uv": [ 0.0, 0.0, 1.0, 15.0 ] },
				"south": { "texture": "#oak", "uv": [ 0.0, 0.0, 1.0, 15.0 ] },
				"west": { "texture": "#oak", "uv": [ 0.0, 0.0, 1.0, 15.0 ] },
				"up": { "texture": "#oak", "uv": [ 0.0, 0.0, 1.0, 1.0 ] },
				"down": { "texture": "#oak", "uv": [ 0.0, 0.0, 1.0, 1.0 ] }
			},
			"children": [
				{
					"name": "Cube7",
					"from": [ 0.1, 15.0, 0.1 ],
					"to": [ 0.9, 17.0, 0.9 ],
					"rotationOrigin": [ 0.1, 15.0, 0.1 ],
					"faces": {
						"north": { "texture": "#oak", "uv": [ 0.0, 0.0, 0.5, 2.0 ] },
						"east": { "texture": "#oak", "uv": [ 0.0, 0.0, 0.5, 2.0 ] },
						"south": { "texture": "#oak", "uv": [ 0.0, 0.0, 0.5, 2.0 ] },
						"west": { "texture": "#oak", "uv": [ 0.0, 0.0, 0.5, 2.0 ] },
						"up": { "texture": "#oak", "uv": [ 0.0, 0.0, 0.5, 0.5 ] },
						"down": { "texture": "#oak", "uv": [ 0.0, 0.0, 0.5, 0.5 ] }
					}
				},
				{
					"name": "Cube8",
					"from": [ 0.2, 17.0, 0.2 ],
					"to": [ 0.8, 19.0, 0.8 ],
					"rotationOrigin": [ 0.2, 17.0, 0.2 ],
					"faces": {
						"north": { "texture": "#oak", "uv": [ 0.0, 0.0, 0.5, 2.0 ] },
						"east": { "texture": "#oak", "uv": [ 0.0, 0.0, 0.5, 2.0 ] },
						"south": { "texture": "#oak", "uv": [ 0.0, 0.0, 0.5, 2.0 ] },
						"west": { "texture": "#oak", "uv": [ 0.0, 0.0, 0.5, 2.0 ] },
						"up": { "texture": "#oak", "uv": [ 0.0, 0.0, 0.5, 0.5 ] },
						"down": { "texture": "#oak", "uv": [ 0.0, 0.0, 0.5, 0.5 ] }
					}
				},
				{
					"name": "Cube9",
					"from": [ 0.3, 19.0, 0.3 ],
					"to": [ 0.7, 21.0, 0.7 ],
					"rotationOrigin": [ 0.3, 19.0, 0.3 ],
					"faces": {
						"north": { "texture": "#oak", "uv": [ 0.0, 0.0, 0.5, 2.0 ] },
						"east": { "texture": "#oak", "uv": [ 0.0, 0.0, 0.5, 2.0 ] },
						"south": { "texture": "#oak", "uv": [ 0.0, 0.0, 0.5, 2.0 ] },
						"west": { "texture": "#oak", "uv": [ 0.0, 0.0, 0.5, 2.0 ] },
						"up": { "texture": "#oak", "uv": [ 0.0, 0.0, 0.5, 0.5 ] },
						"down": { "texture": "#oak", "uv": [ 0.0, 0.0, 0.5, 0.5 ] }
					}
				}
			]
		},
		{
			"name": "Cube10",
			"from": [ 7.5, 0.0, 7.5 ],
			"to": [ 8.5, 10.0, 8.5 ],
			"rotationOrigin": [ 7.5, 0.0, 7.5 ],
			"faces": {
				"north": { "texture": "#oak", "uv": [ 0.0, 0.0, 1.0, 10.0 ] },
				"east": { "texture": "#oak", "uv": [ 0.0, 0.0, 1.0, 10.0 ] },
				"south": { "texture": "#oak", "uv": [ 0.0, 0.0, 1.0, 10.0 ] },
				"west": { "texture": "#oak", "uv": [ 0.0, 0.0, 1.0, 10.0 ] },
				"up": { "texture": "#oak", "uv": [ 0.0, 0.0, 1.0, 1.0 ] },
				"down": { "texture": "#oak", "uv": [ 0.0, 0.0, 1.0, 1.0 ] }
			},
			"children": [
				{
					"name": "Cube11",
					"from": [ 0.1, 10.0, 0.1 ],
					"to": [ 0.9, 12.0, 0.9 ],
					"rotationOrigin": [ 0.1, 10.0, 0.1 ],
					"faces": {
						"north": { "texture": "#oak", "uv": [ 0.0, 0.0, 0.5, 2.0 ] },
						"east": { "texture": "#oak", "uv": [ 0.0, 0.0, 0.5, 2.0 ] },
						"south": { "texture": "#oak", "uv": [ 0.0, 0.0, 0.5, 2.0 ] },
						"west": { "texture": "#oak", "uv": [ 0.0, 0.0, 0.5, 2.0 ] },
						"up": { "texture": "#oak", "uv": [ 0.0, 0.0, 0.5, 0.5 ] },
						"down": { "texture": "#oak", "uv": [ 0.0, 0.0, 0.5, 0.5 ] }
					}
				},
				{
					"name": "Cube12",
					"from": [ 0.2, 12.0, 0.2 ],
					"to": [ 0.8, 14.0, 0.8 ],
					"rotationOrigin": [ 0.2, 12.0, 0.2 ],
					"faces": {
						"north": { "texture": "#oak", "uv": [ 0.0, 0.0, 0.5, 2.0 ] },
						"east": { "texture": "#oak", "uv": [ 0.0, 0.0, 0.5, 2.0 ] },
						"south": { "texture": "#oak", "uv": [ 0.0, 0.0, 0.5, 2.0 ] },
						"west": { "texture": "#oak", "uv": [ 0.0, 0.0, 0.5, 2.0 ] },
						"up": { "texture": "#oak", "uv": [ 0.0, 0.0, 0.5, 0.5 ] },
						"down": { "texture": "#oak", "uv": [ 0.0, 0.0, 0.5, 0.5 ] }
					}
				},
				{
					"name": "Cube13",
					"from": [ 0.3, 14.0, 0.3 ],
					"to": [ 0.7, 16.0, 0.7 ],
					"rotationOrigin": [ 0.3, 14.0, 0.3 ],
					"faces": {
						"north": { "texture": "#oak", "uv": [ 0.0, 0.0, 0.5, 2.0 ] },
						"east": { "texture": "#oak", "uv": [ 0.0, 0.0, 0.5, 2.0 ] },
						"south": { "texture": "#oak", "uv": [ 0.0, 0.0, 0.5, 2.0 ] },
						"west": { "texture": "#oak", "uv": [ 0.0, 0.0, 0.5, 2.0 ] },
						"up": { "texture": "#oak", "uv": [ 0.0, 0.0, 0.5, 0.5 ] },
						"down": { "texture": "#oak", "uv": [ 0.0, 0.0, 0.5, 0.5 ] }
					}
				}
			]
		},
		{
			"name": "Cube14",
			"from": [ 15.0, 0.0, 7.5 ],
			"to": [ 16.0, 15.0, 8.5 ],
			"rotationOrigin": [ 15.0, 0.0, 7.5 ],
			"rotationZ": 45.0,
			"faces": {
				"north": { "texture": "#oak", "uv": [ 0.0, 0.0, 1.0, 15.0 ] },
				"east": { "texture": "#oak", "uv": [ 0.0, 0.0, 1.0, 15.0 ] },
				"south": { "texture": "#oak", "uv": [ 0.0, 0.0, 1.0, 15.0 ] },
				"west": { "texture": "#oak", "uv": [ 0.0, 0.0, 1.0, 15.0 ] },
				"up": { "texture": "#oak", "uv": [ 0.0, 0.0, 1.0, 1.0 ] },
				"down": { "texture": "#oak", "uv": [ 0.0, 0.0, 1.0, 1.0 ] }
			},
			"children": [
				{
					"name": "Cube15",
					"from": [ 0.1, 15.0, 0.1 ],
					"to": [ 0.9, 17.0, 0.9 ],
					"rotationOrigin": [ 0.1, 15.0, 0.1 ],
					"faces": {
						"north": { "texture": "#oak", "uv": [ 0.0, 0.0, 0.5, 2.0 ] },
						"east": { "texture": "#oak", "uv": [ 0.0, 0.0, 0.5, 2.0 ] },
						"south": { "texture": "#oak", "uv": [ 0.0, 0.0, 0.5, 2.0 ] },
						"west": { "texture": "#oak", "uv": [ 0.0, 0.0, 0.5, 2.0 ] },
						"up": { "texture": "#oak", "uv": [ 0.0, 0.0, 0.5, 0.5 ] },
						"down": { "texture": "#oak", "uv": [ 0.0, 0.0, 0.5, 0.5 ] }
					}
				},
				{
					"name": "Cube16",
					"from": [ 0.2, 17.0, 0.2 ],
					"to": [ 0.8, 19.0, 0.8 ],
					"rotationOrigin": [ 0.2, 17.0, 0.2 ],
					"faces": {
						"north": { "texture": "#oak", "uv": [ 0.0, 0.0, 0.5, 2.0 ] },
						"east": { "texture": "#oak", "uv": [ 0.0, 0.0, 0.5, 2.0 ] },
						"south": { "texture": "#oak", "uv": [ 0.0, 0.0, 0.5, 2.0 ] },
						"west": { "texture": "#oak", "uv": [ 0.0, 0.0, 0.5, 2.0 ] },
						"up": { "texture": "#oak", "uv": [ 0.0, 0.0, 0.5, 0.5 ] },
						"down": { "texture": "#oak", "uv": [ 0.0, 0.0, 0.5, 0.5 ] }
					}
				},
				{
					"name": "Cube17",
					"from": [ 0.3, 19.0, 0.3 ],
					"to": [ 0.7, 21.0, 0.7 ],
					"rotationOrigin": [ 0.3, 19.0, 0.3 ],
					"faces": {
						"north": { "texture": "#oak", "uv": [ 0.0, 0.0, 0.5, 2.0 ] },
						"east": { "texture": "#oak", "uv": [ 0.0, 0.0, 0.5, 2.0 ] },
						"south": { "texture": "#oak", "uv": [ 0.0, 0.0, 0.5, 2.0 ] },
						"west": { "texture": "#oak", "uv": [ 0.0, 0.0, 0.5, 2.0 ] },
						"up": { "texture": "#oak", "uv": [ 0.0, 0.0, 0.5, 0.5 ] },
						"down": { "texture": "#oak", "uv": [ 0.0, 0.0, 0.5, 0.5 ] }
					}
				}
			]
		},
		{
			"name": "Cube18",
			"from": [ 0.0, 0.7, 7.5 ],
			"to": [ 1.0, 15.7, 8.5 ],
			"rotationOrigin": [ 0.0, 0.7, 7.5 ],
			"rotationZ": -45.0,
			"faces": {
				"north": { "texture": "#oak", "uv": [ 0.0, 0.0, 1.0, 15.0 ] },
				"east": { "texture": "#oak", "uv": [ 0.0, 0.0, 1.0, 15.0 ] },
				"south": { "texture": "#oak", "uv": [ 0.0, 0.0, 1.0, 15.0 ] },
				"west": { "texture": "#oak", "uv": [ 0.0, 0.0, 1.0, 15.0 ] },
				"up": { "texture": "#oak", "uv": [ 0.0, 0.0, 1.0, 1.0 ] },
				"down": { "texture": "#oak", "uv": [ 0.0, 0.0, 1.0, 1.0 ] }
			},
			"children": [
				{
					"name": "Cube19",
					"from": [ 0.1, 15.0, 0.1 ],
					"to": [ 0.9, 17.0, 0.9 ],
					"rotationOrigin": [ 0.1, 15.0, 0.1 ],
					"faces": {
						"north": { "texture": "#oak", "uv": [ 0.0, 0.0, 0.5, 2.0 ] },
						"east": { "texture": "#oak", "uv": [ 0.0, 0.0, 0.5, 2.0 ] },
						"south": { "texture": "#oak", "uv": [ 0.0, 0.0, 0.5, 2.0 ] },
						"west": { "texture": "#oak", "uv": [ 0.0, 0.0, 0.5, 2.0 ] },
						"up": { "texture": "#oak", "uv": [ 0.0, 0.0, 0.5, 0.5 ] },
						"down": { "texture": "#oak", "uv": [ 0.0, 0.0, 0.5, 0.5 ] }
					}
				},
				{
					"name": "Cube20",
					"from": [ 0.2, 17.0, 0.2 ],
					"to": [ 0.8, 19.0, 0.8 ],
					"rotationOrigin": [ 0.2, 17.0, 0.2 ],
					"faces": {
						"north": { "texture": "#oak", "uv": [ 0.0, 0.0, 0.5, 2.0 ] },
						"east": { "texture": "#oak", "uv": [ 0.0, 0.0, 0.5, 2.0 ] },
						"south": { "texture": "#oak", "uv": [ 0.0, 0.0, 0.5, 2.0 ] },
						"west": { "texture": "#oak", "uv": [ 0.0, 0.0, 0.5, 2.0 ] },
						"up": { "texture": "#oak", "uv": [ 0.0, 0.0, 0.5, 0.5 ] },
						"down": { "texture": "#oak", "uv": [ 0.0, 0.0, 0.5, 0.5 ] }
					}
				},
				{
					"name": "Cube21",
					"from": [ 0.3, 19.0, 0.3 ],
					"to": [ 0.7, 21.0, 0.7 ],
					"rotationOrigin": [ 0.3, 19.0, 0.3 ],
					"faces": {
						"north": { "texture": "#oak", "uv": [ 0.0, 0.0, 0.5, 2.0 ] },
						"east": { "texture": "#oak", "uv": [ 0.0, 0.0, 0.5, 2.0 ] },
						"south": { "texture": "#oak", "uv": [ 0.0, 0.0, 0.5, 2.0 ] },
						"west": { "texture": "#oak", "uv": [ 0.0, 0.0, 0.5, 2.0 ] },
						"up": { "texture": "#oak", "uv": [ 0.0, 0.0, 0.5, 0.5 ] },
						"down": { "texture": "#oak", "uv": [ 0.0, 0.0, 0.5, 0.5 ] }
					}
				}
			]
		},
		{
			"name": "Cube22",
			"from": [ 6.5, 6.0, 6.5 ],
			"to": [ 9.5, 9.0, 9.5 ],
			"rotationOrigin": [ 6.5, 6.0, 6.5 ],
			"faces": {
				"north": { "texture": "#rope", "uv": [ 0.0, 0.0, 3.0, 3.0 ] },
				"east": { "texture": "#rope", "uv": [ 0.0, 0.0, 3.0, 3.0 ] },
				"south": { "texture": "#rope", "uv": [ 0.0, 0.0, 3.0, 3.0 ] },
				"west": { "texture": "#rope", "uv": [ 0.0, 0.0, 3.0, 3.0 ] },
				"up": { "texture": "#rope", "uv": [ 0.0, 0.0, 3.0, 3.0 ] },
				"down": { "texture": "#rope", "uv": [ 0.0, 0.0, 3.0, 3.0 ] }
			}
		}
	]}