{
	"editor": {
		"collapsedPaths": "",
		"allAngles": false,
		"entityTextureMode": true
	},
	"textureWidth": 16,
	"textureHeight": 16,
	"textureSizes": {
	},
	"textures": {
		"glass": "block/glass/quartz",
		"smoky": "block/glass/smoky",
		"rustyglow": "block/machine/statictranslocator/rustyglow",
		"material-deco": "block/metal/lantern/copper-deco",
		"rust": "block/metal/lantern/rust",
		"iron5": "block/metal/tarnished/iron",
		"iron4": "block/metal/tarnished/iron",
		"iron3": "block/metal/tarnished/iron",
		"iron2": "block/metal/tarnished/iron",
		"brass": "block/metal/tarnished/brass",
		"iron": "block/metal/tarnished/iron",
		"rusty-iron": "block/metal/tarnished/rusty-iron"
	},
	"elements": [
		{
			"name": "origin",
			"from": [ 3.0, 0.0, 8.0 ],
			"to": [ 3.0, 0.0, 8.0 ],
			"uv": [ 999.0, 999.0 ],
			"rotationOrigin": [ 3.0, 0.0, 8.0 ],
			"faces": {
			},
			"children": [
				{
					"name": "base",
					"from": [ 3.0, 0.0, -2.0 ],
					"to": [ 7.0, 2.0, 2.0 ],
					"uv": [ 2.0, 3.0 ],
					"rotationOrigin": [ 5.0, 0.0, 0.0 ],
					"rotationY": 3.0,
					"faces": {
						"north": { "texture": "#rust", "uv": [ 5.5, 14.0, 9.5, 16.0 ], "windMode": [-1,-1,-1,-1] },
						"east": { "texture": "#rust", "uv": [ 3.5, 13.5, 7.5, 15.5 ], "windMode": [-1,-1,-1,-1] },
						"south": { "texture": "#rust", "uv": [ 3.0, 14.0, 7.0, 16.0 ], "windMode": [-1,-1,-1,-1] },
						"west": { "texture": "#rust", "uv": [ 9.5, 6.5, 13.5, 8.5 ], "windMode": [-1,-1,-1,-1] },
						"up": { "texture": "#rust", "uv": [ 4.5, 3.5, 8.5, 7.5 ], "windMode": [-1,-1,-1,-1] },
						"down": { "texture": "#rust", "uv": [ 2.0, 3.0, 6.0, 7.0 ], "windMode": [-1,-1,-1,-1] }
					},
					"children": [
						{
							"name": "filament",
							"from": [ 1.5, 4.0, 1.5 ],
							"to": [ 2.5, 6.0, 2.5 ],
							"shade": false,
							"uv": [ 999.0, 999.0 ],
							"rotationOrigin": [ 2.0, 4.0, 2.0 ],
							"rotationY": -45.0,
							"faces": {
							},
							"children": [
								{
									"name": "stand",
									"from": [ -0.2, -1.0, -0.2 ],
									"to": [ 1.2, 2.0, 1.2 ],
									"uv": [ 6.5, 3.0 ],
									"rotationOrigin": [ 0.5, -1.0, 0.5 ],
									"rotationY": -8.0,
									"faces": {
										"north": { "texture": "#rustyglow", "uv": [ 10.5, 9.0, 11.5, 12.0 ], "glow": 200 },
										"east": { "texture": "#rustyglow", "uv": [ 10.5, 8.0, 11.5, 11.0 ], "glow": 200 },
										"south": { "texture": "#rustyglow", "uv": [ 10.5, 5.0, 11.5, 8.0 ], "glow": 200 },
										"west": { "texture": "#rustyglow", "uv": [ 9.0, 10.5, 10.0, 13.5 ], "glow": 200 },
										"up": { "texture": "#rustyglow", "uv": [ 6.5, 3.0, 7.5, 4.0 ], "glow": 200 }
									}
								}
							]
						},
						{
							"name": "mount",
							"from": [ 0.5, 2.0, 0.5 ],
							"to": [ 3.5, 3.0, 3.5 ],
							"uv": [ 1.5, 5.5 ],
							"rotationOrigin": [ 2.0, 2.0, 2.0 ],
							"rotationY": 12.0,
							"faces": {
								"north": { "texture": "#brass", "uv": [ 6.0, 7.5, 9.0, 8.5 ] },
								"east": { "texture": "#brass", "uv": [ 1.5, 13.0, 4.5, 14.0 ] },
								"south": { "texture": "#brass", "uv": [ 7.5, 7.5, 10.5, 8.5 ] },
								"west": { "texture": "#brass", "uv": [ 3.5, 5.5, 6.5, 6.5 ] },
								"up": { "texture": "#brass", "uv": [ 12.5, 9.0, 15.5, 12.0 ] }
							},
							"children": [
								{
									"name": "screw1",
									"from": [ 0.5, 0.3, -0.2 ],
									"to": [ 0.9, 0.7, 3.2 ],
									"uv": [ 0.0, 1.0 ],
									"rotationOrigin": [ 0.7, 0.5, 1.5 ],
									"rotationZ": -45.0,
									"faces": {
										"north": { "texture": "#iron", "uv": [ 14.5, 14.5, 15.0, 15.0 ] },
										"east": { "texture": "#iron", "uv": [ 12.5, 1.0, 15.5, 1.5 ] },
										"south": { "texture": "#iron", "uv": [ 5.0, 9.5, 5.5, 10.0 ] },
										"west": { "texture": "#iron", "uv": [ 6.0, 1.0, 9.0, 1.5 ] },
										"up": { "texture": "#iron", "uv": [ 4.5, 12.0, 5.0, 15.0 ] },
										"down": { "texture": "#iron", "uv": [ 0.0, 11.0, 0.5, 14.0 ] }
									}
								},
								{
									"name": "screw4",
									"from": [ -0.2, 0.3, 2.1 ],
									"to": [ 3.2, 0.7, 2.5 ],
									"uv": [ 2.0, 1.5 ],
									"rotationOrigin": [ -0.2, 0.5, 2.3 ],
									"rotationX": -45.0,
									"faces": {
										"north": { "texture": "#iron", "uv": [ 3.5, 2.5, 6.5, 3.0 ] },
										"east": { "texture": "#iron", "uv": [ 13.5, 5.5, 14.0, 6.0 ] },
										"south": { "texture": "#iron", "uv": [ 9.5, 7.0, 12.5, 7.5 ] },
										"west": { "texture": "#iron", "uv": [ 14.0, 4.5, 14.5, 5.0 ] },
										"up": { "texture": "#iron", "uv": [ 12.5, 1.5, 15.5, 2.0 ] },
										"down": { "texture": "#iron", "uv": [ 2.0, 7.0, 5.0, 7.5 ] }
									}
								}
							]
						},
						{
							"name": "glass",
							"from": [ 1.0, 3.0, 1.0 ],
							"to": [ 3.0, 5.0, 3.0 ],
							"renderPass": 3,
							"uv": [ 1.5, 0.5 ],
							"rotationOrigin": [ 2.0, 3.0, 2.0 ],
							"faces": {
								"north": { "texture": "#smoky", "uv": [ 1.5, 0.5, 3.5, 2.5 ] },
								"east": { "texture": "#smoky", "uv": [ 12.0, 1.5, 14.0, 3.5 ] },
								"south": { "texture": "#smoky", "uv": [ 3.0, 6.0, 5.0, 8.0 ] },
								"west": { "texture": "#smoky", "uv": [ 3.0, 3.0, 5.0, 5.0 ] },
								"up": { "texture": "#smoky", "uv": [ 9.0, 0.5, 11.0, 2.5 ] }
							},
							"children": [
								{
									"name": "glass1",
									"from": [ 0.0, 2.0, 0.0 ],
									"to": [ 1.0, 3.5, 1.0 ],
									"renderPass": 3,
									"uv": [ 0.0, 2.0 ],
									"rotationOrigin": [ 0.5, 2.0, 0.5 ],
									"faces": {
										"north": { "texture": "#smoky", "uv": [ 14.0, 6.0, 15.0, 7.5 ] },
										"east": { "texture": "#smoky", "uv": [ 1.5, 3.0, 2.5, 4.5 ] },
										"south": { "texture": "#smoky", "uv": [ 12.0, 13.5, 13.0, 15.0 ] },
										"west": { "texture": "#smoky", "uv": [ 14.5, 2.0, 15.5, 3.5 ] },
										"up": { "texture": "#smoky", "uv": [ 0.0, 2.5, 1.0, 3.5 ] }
									}
								},
								{
									"name": "mount3",
									"from": [ 1.8, 0.0, 1.8 ],
									"to": [ 2.2, 0.5, 2.2 ],
									"uv": [ 2.5, 2.0 ],
									"rotationOrigin": [ 2.0, 0.0, 2.0 ],
									"rotationX": 5.0,
									"rotationY": -11.0,
									"faces": {
										"north": { "texture": "#rusty-iron", "uv": [ 5.5, 7.0, 6.0, 7.5 ] },
										"east": { "texture": "#rusty-iron", "uv": [ 4.0, 2.0, 4.5, 2.5 ] },
										"south": { "texture": "#rusty-iron", "uv": [ 6.0, 5.0, 6.5, 5.5 ] },
										"west": { "texture": "#rusty-iron", "uv": [ 10.5, 7.0, 11.0, 7.5 ] },
										"up": { "texture": "#rusty-iron", "uv": [ 2.5, 3.0, 3.0, 3.5 ] }
									}
								},
								{
									"name": "mount4",
									"from": [ -0.2, 0.0, 1.8 ],
									"to": [ 0.2, 1.5, 2.2 ],
									"uv": [ 5.0, 2.5 ],
									"rotationOrigin": [ 0.0, 0.0, 2.0 ],
									"rotationY": 45.0,
									"rotationZ": 14.0,
									"faces": {
										"north": { "texture": "#rusty-iron", "uv": [ 5.0, 11.0, 5.5, 12.5 ] },
										"east": { "texture": "#rusty-iron", "uv": [ 9.5, 2.5, 10.0, 4.0 ] },
										"south": { "texture": "#rusty-iron", "uv": [ 13.5, 5.0, 14.0, 6.5 ] },
										"west": { "texture": "#rusty-iron", "uv": [ 10.0, 9.5, 10.5, 11.0 ] },
										"up": { "texture": "#rusty-iron", "uv": [ 10.0, 5.5, 10.5, 6.0 ] }
									}
								},
								{
									"name": "glass2",
									"from": [ 0.0, 3.5, 0.0 ],
									"to": [ 0.5, 4.5, 0.5 ],
									"renderPass": 3,
									"uv": [ 0.0, 2.0 ],
									"rotationOrigin": [ 0.5, 3.5, 0.5 ],
									"faces": {
										"north": { "texture": "#smoky", "uv": [ 14.0, 6.0, 14.5, 7.0 ] },
										"east": { "texture": "#smoky", "uv": [ 1.5, 3.0, 2.0, 4.0 ] },
										"south": { "texture": "#smoky", "uv": [ 12.0, 13.5, 12.5, 14.5 ] },
										"west": { "texture": "#smoky", "uv": [ 14.5, 2.0, 15.0, 3.0 ] },
										"up": { "texture": "#smoky", "uv": [ 0.0, 2.5, 0.5, 3.0 ] }
									}
								},
								{
									"name": "glass3",
									"from": [ 0.5, 2.0, 1.5 ],
									"to": [ 2.0, 3.0, 2.0 ],
									"renderPass": 3,
									"uv": [ 0.0, 2.0 ],
									"rotationOrigin": [ 1.5, 2.0, 2.0 ],
									"faces": {
										"north": { "texture": "#smoky", "uv": [ 14.0, 6.0, 15.5, 7.0 ] },
										"east": { "texture": "#smoky", "uv": [ 1.5, 3.0, 2.0, 4.0 ] },
										"south": { "texture": "#smoky", "uv": [ 12.0, 13.5, 13.5, 14.5 ] },
										"west": { "texture": "#smoky", "uv": [ 14.5, 2.0, 15.0, 3.0 ] },
										"up": { "texture": "#smoky", "uv": [ 0.0, 2.5, 1.5, 3.0 ] }
									}
								},
								{
									"name": "glass4",
									"from": [ 1.0, 3.0, 1.5 ],
									"to": [ 1.5, 4.0, 2.0 ],
									"renderPass": 3,
									"uv": [ 0.0, 2.0 ],
									"rotationOrigin": [ 2.0, 3.0, 2.0 ],
									"faces": {
										"north": { "texture": "#smoky", "uv": [ 14.0, 6.0, 14.5, 7.0 ] },
										"east": { "texture": "#smoky", "uv": [ 1.5, 3.0, 2.0, 4.0 ] },
										"south": { "texture": "#smoky", "uv": [ 12.0, 13.5, 12.5, 14.5 ] },
										"west": { "texture": "#smoky", "uv": [ 14.5, 2.0, 15.0, 3.0 ] },
										"up": { "texture": "#smoky", "uv": [ 0.0, 2.5, 0.5, 3.0 ] }
									}
								}
							]
						},
						{
							"name": "base2",
							"from": [ -0.7852, 1.0, -1.2039 ],
							"to": [ 5.2148, 2.0, 4.7961 ],
							"uv": [ 0.0, 0.0 ],
							"rotationOrigin": [ -1.7852, 0.0, -2.2039 ],
							"rotationY": -3.0,
							"faces": {
								"north": { "texture": "#rust", "uv": [ 8.0, 0.0, 14.0, 1.0 ], "windMode": [-1,-1,-1,-1] },
								"east": { "texture": "#rust", "uv": [ 2.0, 14.0, 8.0, 15.0 ], "windMode": [-1,-1,-1,-1] },
								"south": { "texture": "#rust", "uv": [ 1.0, 0.0, 7.0, 1.0 ], "windMode": [-1,-1,-1,-1] },
								"west": { "texture": "#rust", "uv": [ 5.0, 14.0, 11.0, 15.0 ], "windMode": [-1,-1,-1,-1] },
								"up": { "texture": "#rust", "uv": [ 0.0, 0.5, 6.0, 6.5 ], "windMode": [-1,-1,-1,-1] }
							},
							"children": [
								{
									"name": "pillar 1",
									"from": [ 0.0, 1.0, 0.0 ],
									"to": [ 1.0, 7.0, 1.0 ],
									"uv": [ 1.0, 3.0 ],
									"faces": {
										"north": { "texture": "#rust", "uv": [ 1.0, 5.0, 2.0, 11.0 ], "windMode": [-1,-1,-1,-1] },
										"east": { "texture": "#rust", "uv": [ 7.0, 4.0, 8.0, 10.0 ], "windMode": [-1,-1,-1,-1] },
										"south": { "texture": "#rust", "uv": [ 6.0, 3.0, 7.0, 9.0 ], "windMode": [-1,-1,-1,-1] },
										"west": { "texture": "#rust", "uv": [ 14.0, 5.0, 15.0, 11.0 ], "windMode": [-1,-1,-1,-1] }
									}
								},
								{
									"name": "pillar 2",
									"from": [ 5.0, 1.0, 0.0 ],
									"to": [ 6.0, 7.0, 1.0 ],
									"uv": [ 1.0, 2.0 ],
									"faces": {
										"north": { "texture": "#rust", "uv": [ 14.0, 2.0, 15.0, 8.0 ], "windMode": [-1,-1,-1,-1] },
										"east": { "texture": "#rust", "uv": [ 1.0, 8.0, 2.0, 14.0 ], "windMode": [-1,-1,-1,-1] },
										"south": { "texture": "#rust", "uv": [ 6.0, 8.0, 7.0, 14.0 ], "windMode": [-1,-1,-1,-1] },
										"west": { "texture": "#rust", "uv": [ 10.0, 5.0, 11.0, 11.0 ], "windMode": [-1,-1,-1,-1] }
									}
								},
								{
									"name": "pillar 3",
									"from": [ 5.0, 1.0, 5.0 ],
									"to": [ 6.0, 7.0, 6.0 ],
									"uv": [ 5.0, 3.0 ],
									"faces": {
										"north": { "texture": "#rust", "uv": [ 5.0, 7.0, 6.0, 13.0 ], "windMode": [-1,-1,-1,-1] },
										"east": { "texture": "#rust", "uv": [ 14.0, 8.0, 15.0, 14.0 ], "windMode": [-1,-1,-1,-1] },
										"south": { "texture": "#rust", "uv": [ 14.0, 7.5, 15.0, 13.5 ], "windMode": [-1,-1,-1,-1] },
										"west": { "texture": "#rust", "uv": [ 10.0, 3.0, 11.0, 9.0 ], "windMode": [-1,-1,-1,-1] }
									}
								},
								{
									"name": "pillar 4",
									"from": [ 0.0, 1.0, 5.0 ],
									"to": [ 1.0, 7.0, 6.0 ],
									"uv": [ 2.0, 3.0 ],
									"faces": {
										"north": { "texture": "#rust", "uv": [ 8.0, 3.0, 9.0, 9.0 ], "windMode": [-1,-1,-1,-1] },
										"east": { "texture": "#rust", "uv": [ 14.5, 7.0, 15.5, 13.0 ], "windMode": [-1,-1,-1,-1] },
										"south": { "texture": "#rust", "uv": [ 4.0, 3.0, 5.0, 9.0 ], "windMode": [-1,-1,-1,-1] },
										"west": { "texture": "#rust", "uv": [ 2.0, 4.0, 3.0, 10.0 ], "windMode": [-1,-1,-1,-1] }
									}
								},
								{
									"name": "glass N",
									"from": [ 1.0, 1.0, 0.5 ],
									"to": [ 5.0, 7.0, 0.5 ],
									"renderPass": 3,
									"uv": [ 7.0, 8.0 ],
									"faces": {
										"north": { "texture": "#glass", "uv": [ 7.0, 8.0, 11.0, 14.0 ], "glow": 255 }
									}
								},
								{
									"name": "glass S",
									"from": [ 1.0, 1.0, 5.5 ],
									"to": [ 5.0, 7.0, 5.5 ],
									"renderPass": 3,
									"uv": [ 8.0, 6.0 ],
									"faces": {
										"north": { "texture": "#glass", "uv": [ 8.0, 6.0, 12.0, 12.0 ], "glow": 255 }
									}
								},
								{
									"name": "glass W",
									"from": [ 0.5, 1.0, 1.0 ],
									"to": [ 0.5, 7.0, 5.0 ],
									"renderPass": 3,
									"uv": [ 4.0, 2.0 ],
									"faces": {
										"west": { "texture": "#glass", "uv": [ 4.0, 2.0, 8.0, 8.0 ], "glow": 255 }
									}
								},
								{
									"name": "glass E",
									"from": [ 5.5, 1.0, 1.0 ],
									"to": [ 5.5, 7.0, 5.0 ],
									"renderPass": 3,
									"uv": [ 1.0, 4.0 ],
									"faces": {
										"west": { "texture": "#glass", "uv": [ 1.0, 4.0, 5.0, 10.0 ], "glow": 255 }
									}
								},
								{
									"name": "deco N",
									"from": [ 1.0, 1.0, 0.4 ],
									"to": [ 5.0, 7.0, 0.4 ],
									"renderPass": 1,
									"uv": [ 2.0, 9.0 ],
									"faces": {
										"north": { "texture": "#material-deco", "uv": [ 2.0, 9.0, 6.0, 15.0 ] }
									}
								},
								{
									"name": "deco S",
									"from": [ 1.0, 1.0, 5.6 ],
									"to": [ 5.0, 7.0, 5.6 ],
									"renderPass": 1,
									"uv": [ 2.0, 1.5 ],
									"faces": {
										"north": { "texture": "#material-deco", "uv": [ 2.0, 1.5, 6.0, 7.5 ] }
									}
								},
								{
									"name": "deco W",
									"from": [ 0.4, 1.0, 1.0 ],
									"to": [ 0.4, 7.0, 5.0 ],
									"renderPass": 1,
									"uv": [ 10.0, 1.5 ],
									"faces": {
										"west": { "texture": "#material-deco", "uv": [ 10.0, 1.5, 14.0, 7.5 ] }
									}
								},
								{
									"name": "deco E",
									"from": [ 5.6, 1.0, 1.0 ],
									"to": [ 5.6, 7.0, 5.0 ],
									"renderPass": 1,
									"uv": [ 10.0, 9.0 ],
									"faces": {
										"west": { "texture": "#material-deco", "uv": [ 10.0, 9.0, 14.0, 15.0 ] }
									}
								}
							]
						}
					]
				},
				{
					"name": "holder 1",
					"from": [ 4.0, 11.0, -1.0 ],
					"to": [ 6.0, 14.0, 1.0 ],
					"uv": [ 0.0, 2.0 ],
					"rotationOrigin": [ 1.0, 0.0, -4.0 ],
					"faces": {
						"north": { "texture": "#rust", "uv": [ 0.0, 4.0, 2.0, 7.0 ] },
						"east": { "texture": "#rust", "uv": [ 2.0, 4.0, 4.0, 7.0 ], "windMode": [-1,-1,-1,-1] },
						"south": { "texture": "#rust", "uv": [ 4.0, 4.0, 6.0, 7.0 ], "windMode": [-1,-1,-1,-1] },
						"west": { "texture": "#rust", "uv": [ 6.0, 4.0, 8.0, 7.0 ], "windMode": [-1,-1,-1,-1] },
						"up": { "texture": "#rust", "uv": [ 0.0, 2.0, 2.0, 4.0 ], "windMode": [-1,-1,-1,-1] }
					},
					"children": [
						{
							"name": "holder horizontal",
							"from": [ 0.0, 1.0, -6.0 ],
							"to": [ 2.0, 2.0, 0.0 ],
							"uv": [ 0.0, 0.0 ],
							"rotationOrigin": [ -3.0, -11.0, -3.0 ],
							"faces": {
								"east": { "texture": "#rust", "uv": [ 0.0, 6.0, 6.0, 7.0 ] },
								"west": { "texture": "#rust", "uv": [ 6.0, 6.0, 12.0, 7.0 ], "windMode": [-1,-1,-1,-1] },
								"up": { "texture": "#rust", "uv": [ 0.0, 0.0, 2.0, 6.0 ], "windMode": [-1,-1,-1,-1] },
								"down": { "texture": "#rust", "uv": [ 2.0, 0.0, 4.0, 6.0 ], "windMode": [-1,-1,-1,-1] }
							}
						},
						{
							"name": "holder 2",
							"from": [ 0.0, 0.0, -7.0 ],
							"to": [ 2.0, 3.0, -6.0 ],
							"uv": [ 0.0, 1.0 ],
							"rotationOrigin": [ -3.0, -11.0, -3.0 ],
							"faces": {
								"north": { "texture": "#rust", "uv": [ 0.0, 2.0, 2.0, 5.0 ] },
								"east": { "texture": "#rust", "uv": [ 2.0, 2.0, 3.0, 5.0 ], "windMode": [-1,-1,-1,-1] },
								"south": { "texture": "#rust", "uv": [ 3.0, 2.0, 5.0, 5.0 ], "windMode": [-1,-1,-1,-1] },
								"west": { "texture": "#rust", "uv": [ 5.0, 2.0, 6.0, 5.0 ], "windMode": [-1,-1,-1,-1] },
								"up": { "texture": "#rust", "uv": [ 0.0, 1.0, 2.0, 2.0 ], "windMode": [-1,-1,-1,-1] },
								"down": { "texture": "#rust", "uv": [ 2.0, 1.0, 4.0, 2.0 ], "windMode": [-1,-1,-1,-1] }
							}
						}
					]
				}
			]
		},
		{
			"name": "Base1",
			"from": [ 4.0, 0.0, 4.0 ],
			"to": [ 12.0, 1.0, 12.0 ],
			"uv": [ 2.0, 1.0 ],
			"faces": {
				"north": { "texture": "#rust", "uv": [ 5.0, 1.0, 13.0, 2.0 ] },
				"east": { "texture": "#rust", "uv": [ 3.0, 15.0, 11.0, 16.0 ], "windMode": [-1,-1,-1,-1] },
				"south": { "texture": "#rust", "uv": [ 2.0, 1.0, 10.0, 2.0 ], "windMode": [-1,-1,-1,-1] },
				"west": { "texture": "#rust", "uv": [ 3.0, 1.0, 11.0, 2.0 ], "windMode": [-1,-1,-1,-1] },
				"up": { "texture": "#rust", "uv": [ 4.0, 4.0, 12.0, 12.0 ], "windMode": [-1,-1,-1,-1] },
				"down": { "texture": "#rust", "uv": [ 5.0, 6.0, 13.0, 14.0 ], "windMode": [-1,-1,-1,-1] }
			},
			"children": [
				{
					"name": "top 1",
					"from": [ 1.0, 8.0, 1.0 ],
					"to": [ 7.0, 9.0, 7.0 ],
					"uv": [ 1.0, 1.0 ],
					"faces": {
						"north": { "texture": "#rust", "uv": [ 1.0, 15.0, 7.0, 16.0 ] },
						"east": { "texture": "#rust", "uv": [ 8.0, 15.0, 14.0, 16.0 ], "windMode": [-1,-1,-1,-1] },
						"south": { "texture": "#rust", "uv": [ 6.0, 1.0, 12.0, 2.0 ], "windMode": [-1,-1,-1,-1] },
						"west": { "texture": "#rust", "uv": [ 1.0, 15.0, 7.0, 16.0 ], "windMode": [-1,-1,-1,-1] },
						"down": { "texture": "#rust", "uv": [ 4.0, 8.0, 10.0, 14.0 ], "windMode": [-1,-1,-1,-1] }
					}
				},
				{
					"name": "top 2",
					"from": [ 0.0, 9.0, 0.0 ],
					"to": [ 8.0, 10.0, 8.0 ],
					"uv": [ 2.0, 0.0 ],
					"faces": {
						"north": { "texture": "#rust", "uv": [ 2.0, 1.5, 10.0, 2.5 ] },
						"east": { "texture": "#rust", "uv": [ 8.0, 15.0, 16.0, 16.0 ], "windMode": [-1,-1,-1,-1] },
						"south": { "texture": "#rust", "uv": [ 3.0, 14.0, 11.0, 15.0 ], "windMode": [-1,-1,-1,-1] },
						"west": { "texture": "#rust", "uv": [ 7.0, 0.0, 15.0, 1.0 ], "windMode": [-1,-1,-1,-1] },
						"up": { "texture": "#rust", "uv": [ 3.5, 3.5, 11.5, 11.5 ], "windMode": [-1,-1,-1,-1] },
						"down": { "texture": "#rust", "uv": [ 4.0, 3.5, 12.0, 11.5 ], "windMode": [-1,-1,-1,-1] }
					}
				},
				{
					"name": "top 3",
					"from": [ 2.0, 10.0, 2.0 ],
					"to": [ 6.0, 11.0, 6.0 ],
					"uv": [ 2.0, 2.5 ],
					"faces": {
						"north": { "texture": "#rust", "uv": [ 4.0, 4.0, 8.0, 5.0 ] },
						"east": { "texture": "#rust", "uv": [ 3.5, 2.5, 7.5, 3.5 ], "windMode": [-1,-1,-1,-1] },
						"south": { "texture": "#rust", "uv": [ 7.0, 6.0, 11.0, 7.0 ], "windMode": [-1,-1,-1,-1] },
						"west": { "texture": "#rust", "uv": [ 2.0, 3.5, 6.0, 4.5 ], "windMode": [-1,-1,-1,-1] },
						"up": { "texture": "#rust", "uv": [ 2.0, 2.5, 6.0, 6.5 ], "windMode": [-1,-1,-1,-1] }
					}
				}
			]
		}
	]}