{
	"textureWidth": 16,
	"textureHeight": 16,
	"textureSizes": {
		"quartz": [16,16],
		"rustyglow": [16,16]
	},
	"textures": {
		"rustyglow": "block/machine/statictranslocator/rustyglow",
		"rust": "block/metal/lantern/rust",
		"glass": "block/glass/quartz",
		"material-deco": "block/metal/lantern/copper-deco"
	},
	"elements": [
		{
			"name": "Base1",
			"stepParentName": "Mast3",
			"from": [ -11.0, 1.0, -2.0 ],
			"to": [ -3.0, 2.0, 6.0 ],
			"rotationOrigin": [ -7.0, 1.0, 2.0 ],
			"rotationY": -90.0,
			"faces": {
				"north": { "texture": "#rust", "uv": [ 5.0, 1.0, 13.0, 2.0 ] },
				"east": { "texture": "#rust", "uv": [ 3.0, 15.0, 11.0, 16.0 ], "windMode": [-1,-1,-1,-1], "windData": [2,2,2,2] },
				"south": { "texture": "#rust", "uv": [ 2.0, 1.0, 10.0, 2.0 ], "windMode": [-1,-1,-1,-1], "windData": [2,2,2,2] },
				"west": { "texture": "#rust", "uv": [ 3.0, 1.0, 11.0, 2.0 ], "windMode": [-1,-1,-1,-1], "windData": [2,2,2,2] },
				"up": { "texture": "#rust", "uv": [ 4.0, 4.0, 12.0, 12.0 ], "windMode": [-1,-1,-1,-1], "windData": [2,2,2,2] },
				"down": { "texture": "#rust", "uv": [ 5.0, 6.0, 13.0, 14.0 ], "windMode": [-1,-1,-1,-1], "windData": [2,2,2,2] }
			},
			"children": [
				{
					"name": "candle",
					"from": [ 3.0, 2.0, 3.0 ],
					"to": [ 5.0, 6.0, 5.0 ],
					"faces": {
						"north": { "texture": "#rustyglow", "uv": [ 0.0, 12.0, 2.0, 16.0 ] },
						"east": { "texture": "#rustyglow", "uv": [ 2.0, 12.0, 4.0, 16.0 ] },
						"south": { "texture": "#rustyglow", "uv": [ 4.0, 12.0, 6.0, 16.0 ] },
						"west": { "texture": "#rustyglow", "uv": [ 6.0, 12.0, 8.0, 16.0 ] },
						"up": { "texture": "#rustyglow", "uv": [ 14.0, 0.0, 16.0, 2.0 ] }
					}
				},
				{
					"name": "base2",
					"from": [ 1.0, 1.0, 1.0 ],
					"to": [ 7.0, 2.0, 7.0 ],
					"faces": {
						"north": { "texture": "#rust", "uv": [ 8.0, 0.0, 14.0, 1.0 ] },
						"east": { "texture": "#rust", "uv": [ 2.0, 14.0, 8.0, 15.0 ], "windMode": [-1,-1,-1,-1], "windData": [2,2,2,2] },
						"south": { "texture": "#rust", "uv": [ 1.0, 0.0, 7.0, 1.0 ], "windMode": [-1,-1,-1,-1], "windData": [2,2,2,2] },
						"west": { "texture": "#rust", "uv": [ 5.0, 14.0, 11.0, 15.0 ], "windMode": [-1,-1,-1,-1], "windData": [2,2,2,2] },
						"up": { "texture": "#rust", "uv": [ 5.0, 3.0, 11.0, 9.0 ], "windMode": [-1,-1,-1,-1], "windData": [2,2,2,2] }
					},
					"children": [
						{
							"name": "pillar 1",
							"from": [ 0.0, 1.0, 0.0 ],
							"to": [ 1.0, 7.0, 1.0 ],
							"faces": {
								"north": { "texture": "#rust", "uv": [ 1.0, 5.0, 2.0, 11.0 ] },
								"east": { "texture": "#rust", "uv": [ 7.0, 4.0, 8.0, 10.0 ], "windMode": [-1,-1,-1,-1], "windData": [2,2,2,2] },
								"south": { "texture": "#rust", "uv": [ 6.0, 3.0, 7.0, 9.0 ], "windMode": [-1,-1,-1,-1], "windData": [2,2,2,2] },
								"west": { "texture": "#rust", "uv": [ 14.0, 5.0, 15.0, 11.0 ], "windMode": [-1,-1,-1,-1], "windData": [2,2,2,2] }
							}
						},
						{
							"name": "pillar 2",
							"from": [ 5.0, 1.0, 0.0 ],
							"to": [ 6.0, 7.0, 1.0 ],
							"faces": {
								"north": { "texture": "#rust", "uv": [ 14.0, 2.0, 15.0, 8.0 ] },
								"east": { "texture": "#rust", "uv": [ 1.0, 8.0, 2.0, 14.0 ], "windMode": [-1,-1,-1,-1], "windData": [2,2,2,2] },
								"south": { "texture": "#rust", "uv": [ 6.0, 8.0, 7.0, 14.0 ], "windMode": [-1,-1,-1,-1], "windData": [2,2,2,2] },
								"west": { "texture": "#rust", "uv": [ 10.0, 5.0, 11.0, 11.0 ], "windMode": [-1,-1,-1,-1], "windData": [2,2,2,2] }
							}
						},
						{
							"name": "pillar 3",
							"from": [ 5.0, 1.0, 5.0 ],
							"to": [ 6.0, 7.0, 6.0 ],
							"faces": {
								"north": { "texture": "#rust", "uv": [ 5.0, 7.0, 6.0, 13.0 ] },
								"east": { "texture": "#rust", "uv": [ 14.0, 8.0, 15.0, 14.0 ], "windMode": [-1,-1,-1,-1], "windData": [2,2,2,2] },
								"south": { "texture": "#rust", "uv": [ 1.0, 2.0, 2.0, 8.0 ], "windMode": [-1,-1,-1,-1], "windData": [2,2,2,2] },
								"west": { "texture": "#rust", "uv": [ 10.0, 3.0, 11.0, 9.0 ], "windMode": [-1,-1,-1,-1], "windData": [2,2,2,2] }
							}
						},
						{
							"name": "pillar 4",
							"from": [ 0.0, 1.0, 5.0 ],
							"to": [ 1.0, 7.0, 6.0 ],
							"faces": {
								"north": { "texture": "#rust", "uv": [ 8.0, 3.0, 9.0, 9.0 ] },
								"east": { "texture": "#rust", "uv": [ 6.0, 3.0, 7.0, 9.0 ], "windMode": [-1,-1,-1,-1], "windData": [2,2,2,2] },
								"south": { "texture": "#rust", "uv": [ 0.0, 3.0, 1.0, 9.0 ], "windMode": [-1,-1,-1,-1], "windData": [2,2,2,2] },
								"west": { "texture": "#rust", "uv": [ 1.0, 4.0, 2.0, 10.0 ], "windMode": [-1,-1,-1,-1], "windData": [2,2,2,2] }
							}
						},
						{
							"name": "glass N",
							"from": [ 1.0, 1.0, 0.5 ],
							"to": [ 5.0, 7.0, 0.5 ],
							"renderPass": 3,
							"faces": {
								"north": { "texture": "#glass", "uv": [ 7.0, 8.0, 11.0, 14.0 ], "glow": 196 }
							}
						},
						{
							"name": "glass S",
							"from": [ 1.0, 1.0, 5.5 ],
							"to": [ 5.0, 7.0, 5.5 ],
							"renderPass": 3,
							"faces": {
								"north": { "texture": "#glass", "uv": [ 8.0, 6.0, 12.0, 12.0 ], "glow": 196 }
							}
						},
						{
							"name": "glass W",
							"from": [ 0.5, 1.0, 1.0 ],
							"to": [ 0.5, 7.0, 5.0 ],
							"renderPass": 3,
							"faces": {
								"west": { "texture": "#glass", "uv": [ 4.0, 2.0, 8.0, 8.0 ], "glow": 196 }
							}
						},
						{
							"name": "glass E",
							"from": [ 5.5, 1.0, 1.0 ],
							"to": [ 5.5, 7.0, 5.0 ],
							"renderPass": 3,
							"faces": {
								"west": { "texture": "#glass", "uv": [ 1.0, 4.0, 5.0, 10.0 ], "glow": 196 }
							}
						},
						{
							"name": "deco N",
							"from": [ 1.0, 1.0, 0.4 ],
							"to": [ 5.0, 7.0, 0.4 ],
							"renderPass": 1,
							"faces": {
								"north": { "texture": "#material-deco", "uv": [ 2.0, 9.0, 6.0, 15.0 ] }
							}
						},
						{
							"name": "deco S",
							"from": [ 1.0, 1.0, 5.6 ],
							"to": [ 5.0, 7.0, 5.6 ],
							"renderPass": 1,
							"faces": {
								"north": { "texture": "#material-deco", "uv": [ 2.0, 1.5, 6.0, 7.5 ] }
							}
						},
						{
							"name": "deco W",
							"from": [ 0.4, 1.0, 1.0 ],
							"to": [ 0.4, 7.0, 5.0 ],
							"renderPass": 1,
							"faces": {
								"west": { "texture": "#material-deco", "uv": [ 10.0, 1.5, 14.0, 7.5 ] }
							}
						},
						{
							"name": "deco E",
							"from": [ 5.6, 1.0, 1.0 ],
							"to": [ 5.6, 7.0, 5.0 ],
							"renderPass": 1,
							"faces": {
								"west": { "texture": "#material-deco", "uv": [ 10.0, 9.0, 14.0, 15.0 ] }
							}
						}
					]
				},
				{
					"name": "top 1",
					"from": [ 1.0, 8.0, 1.0 ],
					"to": [ 7.0, 9.0, 7.0 ],
					"faces": {
						"north": { "texture": "#rust", "uv": [ 1.0, 15.0, 7.0, 16.0 ] },
						"east": { "texture": "#rust", "uv": [ 8.0, 15.0, 14.0, 16.0 ], "windMode": [-1,-1,-1,-1], "windData": [2,2,2,2] },
						"south": { "texture": "#rust", "uv": [ 6.0, 1.0, 12.0, 2.0 ], "windMode": [-1,-1,-1,-1], "windData": [2,2,2,2] },
						"west": { "texture": "#rust", "uv": [ 1.0, 15.0, 7.0, 16.0 ], "windMode": [-1,-1,-1,-1], "windData": [2,2,2,2] },
						"down": { "texture": "#rust", "uv": [ 4.0, 8.0, 10.0, 14.0 ], "windMode": [-1,-1,-1,-1], "windData": [2,2,2,2] }
					}
				},
				{
					"name": "top 2",
					"from": [ 0.0, 9.0, 0.0 ],
					"to": [ 8.0, 10.0, 8.0 ],
					"faces": {
						"north": { "texture": "#rust", "uv": [ 2.0, 1.5, 10.0, 2.5 ] },
						"east": { "texture": "#rust", "uv": [ 2.0, 14.0, 10.0, 15.0 ], "windMode": [-1,-1,-1,-1], "windData": [2,2,2,2] },
						"south": { "texture": "#rust", "uv": [ 3.0, 14.0, 11.0, 15.0 ], "windMode": [-1,-1,-1,-1], "windData": [2,2,2,2] },
						"west": { "texture": "#rust", "uv": [ 7.0, 0.0, 15.0, 1.0 ], "windMode": [-1,-1,-1,-1], "windData": [2,2,2,2] },
						"up": { "texture": "#rust", "uv": [ 5.0, 3.0, 13.0, 11.0 ], "windMode": [-1,-1,-1,-1], "windData": [2,2,2,2] },
						"down": { "texture": "#rust", "uv": [ 4.0, 6.0, 12.0, 14.0 ], "windMode": [-1,-1,-1,-1], "windData": [2,2,2,2] }
					}
				},
				{
					"name": "top 3",
					"from": [ 2.0, 10.0, 2.0 ],
					"to": [ 6.0, 11.0, 6.0 ],
					"faces": {
						"north": { "texture": "#rust", "uv": [ 4.0, 4.0, 8.0, 5.0 ] },
						"east": { "texture": "#rust", "uv": [ 7.0, 8.0, 11.0, 9.0 ], "windMode": [-1,-1,-1,-1], "windData": [2,2,2,2] },
						"south": { "texture": "#rust", "uv": [ 7.0, 6.0, 11.0, 7.0 ], "windMode": [-1,-1,-1,-1], "windData": [2,2,2,2] },
						"west": { "texture": "#rust", "uv": [ 6.0, 5.0, 10.0, 6.0 ], "windMode": [-1,-1,-1,-1], "windData": [2,2,2,2] },
						"up": { "texture": "#rust", "uv": [ 6.0, 4.0, 10.0, 8.0 ], "windMode": [-1,-1,-1,-1], "windData": [2,2,2,2] }
					}
				},
				{
					"name": "holder 1",
					"from": [ 3.0, 11.0, 3.0 ],
					"to": [ 5.0, 14.0, 5.0 ],
					"faces": {
						"north": { "texture": "#rust", "uv": [ 0.0, 2.0, 2.0, 5.0 ] },
						"east": { "texture": "#rust", "uv": [ 14.0, 5.0, 16.0, 8.0 ], "windMode": [-1,-1,-1,-1], "windData": [2,2,2,2] },
						"south": { "texture": "#rust", "uv": [ 14.0, 11.0, 16.0, 14.0 ], "windMode": [-1,-1,-1,-1], "windData": [2,2,2,2] },
						"west": { "texture": "#rust", "uv": [ 0.0, 4.0, 2.0, 7.0 ], "windMode": [-1,-1,-1,-1], "windData": [2,2,2,2] },
						"up": { "texture": "#rust", "uv": [ 6.0, 11.0, 8.0, 13.0 ], "windMode": [-1,-1,-1,-1], "windData": [2,2,2,2] }
					}
				},
				{
					"name": "holder horizontal",
					"from": [ 3.0, 12.0, -2.0 ],
					"to": [ 5.0, 13.0, 3.0 ],
					"rotationOrigin": [ 0.0, 0.0, 1.0 ],
					"faces": {
						"east": { "texture": "#rust", "uv": [ 4.0, 0.0, 9.0, 1.0 ] },
						"west": { "texture": "#rust", "uv": [ 5.0, 0.0, 10.0, 1.0 ], "windMode": [-1,-1,-1,-1], "windData": [2,2,2,2] },
						"up": { "texture": "#rust", "uv": [ 0.0, 3.0, 2.0, 8.0 ], "windMode": [-1,-1,-1,-1], "windData": [2,2,2,2] },
						"down": { "texture": "#rust", "uv": [ 14.0, 7.0, 16.0, 12.0 ], "windMode": [-1,-1,-1,-1], "windData": [2,2,2,2] }
					}
				},
				{
					"name": "holder 2",
					"from": [ 3.0, 11.0, -3.0 ],
					"to": [ 5.0, 14.0, -2.0 ],
					"rotationOrigin": [ 0.0, 0.0, 1.0 ],
					"faces": {
						"north": { "texture": "#rust", "uv": [ 0.0, 0.0, 2.0, 3.0 ] },
						"east": { "texture": "#rust", "uv": [ 1.0, 8.0, 2.0, 11.0 ], "windMode": [-1,-1,-1,-1], "windData": [2,2,2,2] },
						"south": { "texture": "#rust", "uv": [ 6.0, 4.0, 8.0, 7.0 ], "windMode": [-1,-1,-1,-1], "windData": [2,2,2,2] },
						"west": { "texture": "#rust", "uv": [ 14.0, 7.0, 15.0, 10.0 ], "windMode": [-1,-1,-1,-1], "windData": [2,2,2,2] },
						"up": { "texture": "#rust", "uv": [ 12.0, 0.0, 14.0, 1.0 ], "windMode": [-1,-1,-1,-1], "windData": [2,2,2,2] },
						"down": { "texture": "#rust", "uv": [ 2.0, 0.0, 4.0, 1.0 ], "windMode": [-1,-1,-1,-1], "windData": [2,2,2,2] }
					}
				}
			]
		}
	],
	"animations": [
	]
}