{
	"code": "axe",
	"damagedby": ["blockbreaking", "attacking"],
	"tool": "axe",
	"class": "ItemAxe",
	"attributes": {
		"heldItemPitchFollow": 0.9,
		"handbook": {
			"groupBy": ["axe-*"]
		},
		"toolrackTransform": {
			"rotation": { y: 1, z: -1 },
			"translation": { x: -0.3, y: 0.6 },
			"scale": 1.25
		},
		"groundStorageTransform": {
			"translation": { x: 0, y: 0.19, z: -0.125 },
			"rotation": { x: 26, y: 88, z: -87 },
			"scale": 0.88
		}
	},
	"behaviors": [{ 
		"name": "GroundStorable",
		"properties": {
			"layout": 'WallHalves',
			"wallOffY": 1,
			"ctrlKey": true,
			"selectionBox": { x1: 0, y1: 0, z1: 0, x2: 1, y2: 0.1, z2: 1 },
			"collisionBox": { x1: 0, y1: 0, z1: 0, x2: 0, y2: 0, z2: 0 },
		}
	}, { "name": "AnimationAuthoritative", "properties": { "onlyOnEntity": true } }],
	"variantgroups": [
		{ "code": "type", "states": ["bonified" ] },
		{ "code": "material", "states": ["copper", "tinbronze", "bismuthbronze", "blackbronze", "gold", "silver", "iron", "meteoriciron", "steel"] }
	],
	"skipVariants": [],
	"allowedVariants": [
		"axe-bonified-*"
	],
	"shapeByType": {
		"axe-bonified-copper": { "base": "game:item/tool/axe/copper" },
		"axe-bonified-tinbronze": { "base": "game:item/tool/axe/copper" },
		"axe-bonified-bismuthbronze": { "base": "game:item/tool/axe/copper" },
		"axe-bonified-blackbronze": { "base": "game:item/tool/axe/copper" },
		"axe-bonified-gold": { "base": "game:item/tool/axe/iron" },
		"axe-bonified-silver": { "base": "game:item/tool/axe/iron" },
		"axe-bonified-iron": { "base": "game:item/tool/axe/iron" },
		"axe-bonified-meteoriciron": { "base": "game:item/tool/axe/iron" },
		"axe-bonified-steel": { "base": "game:item/tool/axe/iron" }
	},
	"heldRightReadyAnimation": "axeready",
	"heldTpHitAnimation": "axechop",
	"textures": {
		"material": { "base": "game:block/metal/ingot/{material}" },
		"handle": { "base": "game:block/creature/bone-yellow" }
	},
	"attackRange": 2,
	"tooltierbytype": {
		"*-copper": 2,
		"*-gold": 2,
		"*-silver": 2,
		"*-bismuthbronze": 3,
		"*-tinbronze": 3,
		"*-blackbronze": 3,
		"*-iron": 4,
		"*-meteoriciron": 4,
		"*-steel": 5
	},
	"miningspeedbytype": {
		"axe-bonified-copper": {
			"wood": 5.2,
			"plant": 2.8,
			"leaves": 2.4
		},
		"axe-bonified-silver": {
			"wood": 4.5,
			"plant": 3.3,
			"leaves": 3
		},
		"axe-bonified-gold": {
			"wood": 4.5,
			"plant": 3.3,
			"leaves": 3
		},
		"axe-bonified-bismuthbronze": {
			"wood": 5.8,
			"plant": 3.5,
			"leaves": 2.6
		},
		"axe-bonified-tinbronze": {
			"wood": 6.3,
			"plant": 3.8,
			"leaves": 3
		},
		"axe-bonified-blackbronze": {
			"wood": 6.6,
			"plant": 4,
			"leaves": 3.1
		},
		"axe-bonified-iron": {
			"wood": 8.4,
			"plant": 5,
			"leaves": 3.2
		},
		"axe-bonified-meteoriciron": {
			"wood": 9.6,
			"plant": 5.5,
			"leaves": 3.6
		},
		"axe-bonified-steel": {
			"wood": 11,
			"plant": 6,
			"leaves": 4
		}
	},
	"durabilitybytype": {
		"axe-bonified-gold": 137,
		"axe-bonified-silver": 137,
		"axe-bonified-copper": 275,
		"axe-bonified-blackbronze": 660,
		"axe-bonified-bismuthbronze": 550,
		"axe-bonified-tinbronze": 440,
		"axe-bonified-iron": 990,
		"axe-bonified-meteoriciron": 1320,
		"axe-bonified-steel": 1980
	},
	"attackpowerbytype": {
		"axe-bonified-copper": 2,
		"axe-bonified-bismuthbronze": 2.5,
		"axe-bonified-gold": 2.5,
		"axe-bonified-silver": 2.5,
		"axe-bonified-tinbronze": 2.75,
		"axe-bonified-blackbronze": 3,
		"axe-bonified-iron": 3,
		"axe-bonified-meteoriciron": 3.5,
		"axe-bonified-steel": 4
	},
	"creativeinventory": { "general": ["*"], "items": ["*"], "tools": ["*"] },

	"fpHandTransform": {
		"translation": { x: -0.3, y: -0.5, z: 0.3 },
		"rotation": { x: -29, y: 1, z: 88 },
		"origin": { x: 0.2, y: 0.5, z: 0.5 },
		"scale": 2.5
	},
	"guiTransform": {
		"translation": { x: 0, y: 0, z: 0 },
		"rotation": { x: -63, y: -123, z: -180 },
		"origin": { x: 0.61, y: 0, z: 0.47 },
		"scale": 1.58
	},
	"groundTransform": {
		"translation": { x: 0, y: 0, z: 0 },
		"rotation": { x: 0, y: 0, z: 0 },
		"origin": { x: 0.5, y: 0, z: 0.5 },
		"scale": 3.6
	},
	"tpHandTransform": {
		"translation": { x: -0.43, y: -0.52, z: -0.07 },
		"rotation": { x: 90, y: 0, z: 0 },
		"scale": 0.95
	}
}