{
	"code": "knife",
	"__comment": "ItemKnife contains code for harvesting animal carcasses",
	"class": "ItemKnife",
	"damagedby": ["blockbreaking", "attacking"],
	"tool": "knife",
	"attributes": {
		"heldItemPitchFollow": 1,
		"knifeHitBlockAnimation": "knifecut",
		"knifeHitEntityAnimation": "knifestab",
		"handbook": {
			"groupBy": ["knife-*"]
		},
		"toolrackTransform": {
			"translation": { x: -0.3, y: 0.6, z: -0.1 },
			"rotation": { x: 97, y: 180, z: 3 },
			"origin": { x: 0.5, y: 0, z: 0.5 },
			"scale": 1.8
		},
		"groundStorageTransform": {
			"translation": { x: 0, y: 0.01, z: -0.044 },
			"rotation": { x: 26, y: 88, z: -87 },
			"scale": 1
		}
	},
	"behaviors": [{ 
		"name": "GroundStorable",
		"properties": {
			"layout": "WallHalves",
			"wallOffY": 1,
			"ctrlKey": true,
			"selectionBox": { x1: 0, y1: 0, z1: 0, x2: 1, y2: 0.1, z2: 1 },
			"collisionBox": { x1: 0, y1: 0, z1: 0, x2: 0, y2: 0, z2: 0 }
		}
	}, { "name": "AnimationAuthoritative" }],
	"variantgroups": [
		{ "code": "type", "states": ["bonified"] },
		{ "code": "material", "states": [ "copper", "tinbronze", "bismuthbronze", "blackbronze", "gold", "silver", "iron", "meteoriciron", "steel" ] }
	],
	"skipVariants": [],
	"allowedVariants": ["knife-bonified-*"],
	"shape": {
		"base": "game:item/tool/knife/copper"
	},
	"heldTpHitAnimation": "knifestab",
	"textures": {
		"material": {
			"base": "game:block/metal/ingot/{material}"
		},
		"handle": {
			"base": "game:block/creature/bone-yellow"
		}
	},
	"durabilitybytype": {
		"knife-bonified-gold": 165,
		"knife-bonified-silver": 192,
		"knife-bonified-copper": 330,
		"knife-bonified-tinbronze": 495,
		"knife-bonified-bismuthbronze": 550,
		"knife-bonified-blackbronze": 605,
		"knife-bonified-iron": 990,
		"knife-bonified-meteoriciron": 1320,
		"knife-bonified-steel": 2475
	},
	"miningspeedbytype": {
		"knife-bonified-copper": {
			"plant": 1.5
		},
		"knife-bonified-silver": {
			"plant": 1.6
		},
		"knife-bonified-gold": {
			"plant": 1.6
		},
		"knife-bonified-bismuthbronze": {
			"plant": 1.7
		},
		"knife-bonified-tinbronze": {
			"plant": 1.8
		},
		"knife-bonified-blackbronze": {
			"plant": 1.9
		},
		"knife-bonified-iron": {
			"plant": 2
		},
		"knife-bonified-meteoriciron": {
			"plant": 2.2
		},
		"knife-bonified-steel": {
			"plant": 2.4
		}
	},
	"attackpowerbytype": {
		"knife-bonified-copper": 1.5,
		"knife-bonified-bismuthbronze": 2,
		"knife-bonified-tinbronze": 2.5,
		"knife-bonified-gold": 2.5,
		"knife-bonified-silver": 2.5,
		"knife-bonified-blackbronze": 3,
		"knife-bonified-iron": 3.5,
		"knife-bonified-meteoriciron": 3.75,
		"knife-bonified-steel": 4
	},
	"creativeinventory": { "general": ["*"], "items": ["*"], "tools": ["*"] },
	"fpHandTransform": {
		"translation": { x: 0.2, y: 0.1, z: 0.5 },
		"rotation": { x: 140, y: 93, z: -75 },
		"scale": 2.5
	},
	"guiTransform": {
		"rotate": false,
		"translation": { x: 0, y: 0, z: 0 },
		"rotation": { x: -158, y: 0, z: 48 },
		"origin": { x: 0.48, y: 0.1, z: 0.5 },
		"scale": 2.41
	},
	"groundTransform": {
        "translation": { x: 0, y: 0, z: 0 },
        "rotation": { x: -90, y: 0, z: 0 },
        "origin": { x: 0.5, y: 0.5, z: 0.45 },
        "scale": 3.6
	},
	"tpHandTransform": {
		"translation": { x: -0.84, y: -0.11, z: -0.48 },
		"rotation": { x: 0, y: 0, z: -15 },
		"scale": 1
	}
}