{
	"code": "spear",
	"class": "ItemSpear",
	"damagedby": ["attacking"],
	"tool": "spear",
	"behaviors": [
		{ "name": "GroundStorable", "properties": { "layout": "WallHalves", "wallOffY": 2, "ctrlKey": true, "selectionBox": { "x1": 0, "y1": 0, "z1": 0, "x2": 1, "y2": 0.1, "z2": 1 }, "collisionBox": { "x1": 0, "y1": 0, "z1": 0, "x2": 0, "y2": 0, "z2": 0 } } },
		{ "name": "AnimationAuthoritative" }
	],
	"variantgroups": [
		{ "code": "type", "states": ["bonified"] },
		{ "code": "material", "states": ["chert", "granite", "andesite", "basalt", "obsidian", "peridotite", "flint", "copper", "tinbronze", "bismuthbronze", "blackbronze"] }
	],
	"skipVariants": [],
	"allowedVariants": [
		"spear-bonified-*"
	],
	"shapeByType": {
		"@spear-bonified-(chert|granite|andesite|basalt|obsidian|peridotite|flint)": { "base": "game:item/tool/spear/stone" },
		"@spear-bonified-(copper|tinbronze|bismuthbronze|blackbronze)": { "base": "game:item/tool/spear/copper" }
	},
	"heldTpIdleAnimation": "spearidle",
	"heldRightReadyAnimation": "spearidle",
	"heldTpHitAnimation": "spearhit",
	"texturesByType": {
		"spear-bonified-flint": { 
			"material": { "base": "game:block/stone/{material}" },
			"handle": { "base": "game:block/creature/bone-yellow" }
		},
		"@spear-bonified-(chert|granite|andesite|basalt|obsidian|peridotite)": { 
			"material": { "base": "game:block/stone/rock/{material}1" },
			"handle": { "base": "game:block/creature/bone-yellow" } 
		},
		"@spear-bonified-(copper|tinbronze|bismuthbronze|blackbronze)": { 
			"material": { "base": "game:block/metal/ingot/{material}" },
			"handle": { "base": "game:block/creature/bone-yellow" }
		}
	},
	"attackRange": 3.5,
	"attackpowerbytype": {
		"spear-bonified-chert": 1.75,
		"spear-bonified-granite": 1.75,
		"spear-bonified-andesite": 1.75,
		"spear-bonified-peridotite": 1.75,
		"spear-bonified-basalt": 1.75,
		"spear-bonified-flint": 2,
		"spear-bonified-obsidian": 2.25,
		"spear-bonified-copper": 2.75,
		"spear-bonified-bismuthbronze": 3.25,
		"spear-bonified-tinbronze": 3.75,
		"spear-bonified-blackbronze": 4
	},
	"attributes": {
		"heldItemPitchFollow": 1,
		"groundStorageTransformByType": {
			"@spear-bonified-(copper|tinbronze|bismuthbronze|blackbronze)": {
				"translation": { "x": -0.39, "y": 0.78, "z": 0.235 },
				"rotation": { "x": 16, "y": 1, "z": 90 },
				"scale": 0.85
			},
			"*": {
				"translation": { "x": 0, "y": 0.26, "z": 0.616 },
				"rotation": { "x": 16, "y": 90, "z": 90 },
				"scale": 0.85
			}
		},
		"hackingByType": {
			"*-hacking": true
		},
		"__comment": "Thrown damage",
		"damageByType": {
			"*-chert": 4,
			"*-granite": 4,
			"*-andesite": 4,
			"*-peridotite": 4,
			"*-basalt": 4,
			"*-flint": 5,
			"*-obsidian": 5.25,
			"*-copper": 5.75,
			"*-bismuthbronze": 6.5,
			"*-tinbronze": 7.5,
			"*-blackbronze": 8
		},
		"damageTierByType": {
			"*-chert": 0,
			"*-granite": 0,
			"*-andesite": 0,
			"*-peridotite": 0,
			"*-basalt": 0,
			"*-flint": 0,
			"*-obsidian": 0,
			"*-copper": 0,
			"*-bismuthbronze": 0,
			"*-tinbronze": 0,
			"*-blackbronze": 0
		},
		"spearEntityCode": "bonifiedtools:spear-{type}-{material}",
		"handbook": {
			"groupBy": ["spear-*"]
		},
		"toolrackTransformByType": {
			"@spear-bonified-(copper|tinbronze|bismuthbronze|blackbronze|ornategold|hacking|ornatesilver)": {
				"rotation": { "x": 90, "y": 1, "z": -1 },
				"translation": { "x": -0.2, "y": 0.05, "z": 0.5 },
				"scale": 1
			},
			"*": {
				"rotation": { "y": 1, "z": -1 },
				"translation": { "x": -0.35, "y": 0.5 },
				"scale": 1
			}
		}
	},
	"durabilitybytype": {
		"spear-bonified-chert": 18,
		"spear-bonified-granite": 18,
		"spear-bonified-andesite": 18,
		"spear-bonified-basalt": 18,
		"spear-bonified-peridotite": 18,
		"spear-bonified-obsidian": 50,
		"spear-bonified-flint": 35,
		"spear-bonified-copper": 154,
		"spear-bonified-tinbronze": 242,
		"spear-bonified-bismuthbronze": 286,
		"spear-bonified-blackbronze": 330
	},
	"creativeinventory": { "general": ["*"], "items": ["*"], "tools": ["*"] },
	"guiTransformByType": {
		"@spear-bonified-(copper|tinbronze|bismuthbronze|blackbronze)": {
			"translation": { "x": 0, "y": 0, "z": 0 },
			"rotation": { "x": 33, "y": 0, "z": -127 },
			"origin": { "x": 1.29, "y": 0.05, "z": 0.52 },
			"scale": 2.26
		},
		"*": {
			"translation": { "x": 0, "y": 0, "z": 0 },
			"rotation": { "x": -60, "y": 124, "z": 6 },
			"origin": { "x": 1.19, "y": 0, "z": 0.5 },
			"scale": 2.26
		}
	},
	"fpHandTransform": {
		"translation": { "x": 0.1, "y": 0.4, "z": 0.16 },
		"rotation": { "x": -82, "y": 180, "z": 96 },
		"origin": { "x": 0.5, "y": 0, "z": 0.5 },
		"scale": 2.45
	},
	"groundTransform": {
		"translation": { "x": 0, "y": 0.05, "z": 0 },
		"rotation": { "x": 90, "y": 0, "z": 0 },
		"origin": { "x": 0.5, "y": 0, "z": 0.5 },
		"scale": 3.4
	},
	"tpHandTransformByType": {
		"@spear-bonified-(copper|tinbronze|bismuthbronze|blackbronze)": {
			"translation": { "x": -1.29, "y": 0.03, "z": -0.57 },
			"rotation": { "x": -90, "y": 0, "z": 0 },
			"origin": { "x": 0.6, "y": 0, "z": 0.5 },
			"scale": 0.8
		},
		"*": {
			"translation": { "x": -1.29, "y": 0.02, "z": -0.57 },
			"rotation": { "x": -90, "y": 0, "z": 0 },
			"origin": { "x": 0.5, "y": 0, "z": 0.5 },
			"scale": 0.8
		}
	}
}