{
	"code": "4xingotmoldcore",
	"class": "Block",
	"behaviors": [
		{ "name": "GroundStorable", "properties": { "layout": "SingleCenter", "collisionBox": { "x1": 0, "y1": 0, "z1": 0, "x2": 1, "y2": 0.125, "z2": 1 } } },
		{ "name": "RightClickPickup"}, 
		{"name": "Unplaceable"},
		{"name": "UnstableFalling"} 
	],
	"variantgroups": [
		{ "code": "type", "states": ["raw", "fired"] }
	],
	"combustiblePropsByType": {
		"*-raw": {
			"meltingPoint": 650,
			"meltingDuration": 45,
			"smeltedRatio": 1,
			"smeltingType": "fire",
			"smeltedStack": { "type": "block", "code": "4xingotmoldcore-fired" },
			"requiresContainer": false
		}
	},
	"shape": {"base": "block/clay/mold/4xingotmoldcore"},
	"heldTpIdleAnimation": "holdbothhands",
	"doNotRenderAtLod2": true,
	"blockmaterial": "Ceramic",
	"creativeinventory": { "general": ["*"], "construction": ["*"] },
	"replaceable": 300,
	"resistance": 0.75,
	"maxStackSize": 8,
	"lightAbsorption": 0,
	"texturesByType": {
		"*-raw": { 
			"fire3": { "base": "game:block/clay/fireclay" }
		}
	},
	"sounds": {
		"place": "walk/stone",
		"walk": "walk/stone"
	},
	"sideopaque": {
		"all": false
	},
	"sidesolid": {
		"all": false
	},
	"collisionbox": { "x1": 0.905, "y1": 0.625, "z1": 0.72, "x2": 0.095, "y2": 0, "z2": 0.28 },
	"selectionbox": { "x1": 0.905, "y1": 0.625, "z1": 0.72, "x2": 0.095, "y2": 0, "z2": 0.28 },
	"guiTransform": {
		"translation": { "x": 0, "y": 11, "z": 0 },
		"origin": { "x": 0.5, "y": 0.0625, "z": 0.5 },
		"scale": 1.33
	},
	"groundTransform": {
		"scale": 3.5
	},
	"tpHandTransform": {
		"translation": { "x": -0.97, "y": -0.24, "z": -0.99 },
		"rotation": { "x": -50, "y": 15, "z": -108 },
		"origin": { "x": 0.5, "y": 0.1, "z": 0.5 },
		"scale": 0.5
	}
}