{
	"code": "chiselmold",
	"classByType": {
		"*-raw-*": "Block",
		"*-burned-*": "BlockToolMold"
	},
	"behaviorsByType": {
		"*-raw-*": [
			{ "name": "GroundStorable", "properties": { "layout": "SingleCenter" } },
			{ "name": "Unplaceable", "__comment": "The ground storable obsoletes this being a block. Should be an item, but is kept a block for backwards compatibility" }, 
			{ "name": "RightClickPickup" }
		],
		"*": [
			{"name": "Lockable"},
			{"name": "UnstableFalling"},
			{"name": "HorizontalOrientable"}
		]
	},
	"entityBehaviorsByType": {
		"chiselmold-burned-*": [{ "name": "TemperatureSensitive" }]
	},
	"variantgroups": [
		{ "code":"materialtype", "states": ["raw", "burned"] },
		{ "code":"tooltype", "states": ["chisel"] },
		{ "code":"side", "loadFromProperties": "abstract/horizontalorientation" }
	],
	"attributes": {
		"reinforcable": true,
		"shatteredShape": { "base": "block/clay/mold/shattered-ingot" }
	},
	"attributesByType": {
		"chiselmold-burned-*": {
			"requiredUnits": 100,
			"fillHeight": 1,
			"moldrackable": true,
			"onmoldrackTransform": { "rotation": { "z": 90 } },
			"drop": { "type": "item", "code": "game:chisel-{metal}" }
		}
	},
	"entityClassByType": {
		"chiselmold-burned-*": "ToolMold"
	},
	"combustiblePropsByType": {
		"chiselmold-raw-*": {
			"meltingPoint": 650,
			"meltingDuration": 45,
			"smeltedRatio": 1,
			"smeltingType": "fire",
			"smeltedStack": { "type": "block", "code": "chiselmold-burned-chisel-north" },
			"requiresContainer": false
		}
	},
	"blockmaterial": "Ceramic",
	"creativeinventory": { "general": ["*-north"], "construction": ["*-north"] },
	"replaceable": 700,
	"resistance": 1.5,
	"maxStackSize": 8,
	"lightAbsorption": 0,
	"texturesByType": {
		"*-raw-*": {  "all": { "base": "game:block/clay/blueclay" } },
		"*-burned-*": {  "floor": { "base": "game:block/clay/ceramic-dark" }, "other": { "base": "game:block/clay/ceramic" } }
	},
	"shapebytype": {
		"chiselmold-*-north": { "base": "block/clay/mold/chiselmold", "rotateY": 90 },
		"chiselmold-*-east": { "base": "block/clay/mold/chiselmold", "rotateY": 0 },
		"chiselmold-*-south": { "base": "block/clay/mold/chiselmold", "rotateY": 270 },
		"chiselmold-*-west": { "base": "block/clay/mold/chiselmold", "rotateY": 180 }
	},
	"sounds": {
		"walk": "walk/stone"
	},
	"collisionboxBytype": {
		"*": { "x1": 0.0625, "y1": 0, "z1": 0.0625, "x2": 0.9375, "y2": 0.125, "z2": 0.9375 }
	},
	"selectionboxBytype": {
		"*": { "x1": 0.0625, "y1": 0, "z1": 0.0625, "x2": 0.9375, "y2": 0.125, "z2": 0.9375 }
	},
	"sideopaque": {
		"all": false
	},
	"sidesolid": {
		"all": false
	},
	"guiTransform": {
        "translation": { "x": 0, "y": 3, "z": 0 },
        "origin": { "x": 0.5, "y": 0.0625, "z": 0.5 },
        "scale": 1.33
	},
	"fpHandTransform": {
		"translation": { "x": 0.2, "y": 0.3, "z": 0 }
	},
	"tpHandTransform": {
		"translation": { "x": -1.1, "y": -0.9, "z": -1.3 },
		"rotation": { "x": -80, "y": -81, "z": -1 },
		"scale": 0.5
	},
	"groundTransform": {
		"translation": { "x": 0, "y": 0, "z": 0 },
		"rotation": { "x": 0, "y": -45, "z": 0 },
		"origin": { "x": 0.5, "y": 0, "z": 0.5 },
		"scale": 4.7
	}
}