{
	"code": "chutesectionmold",
	"classByType": {
		"chutesectionmold-*": "BlockToolMold"
	},
"behaviorsbytype": {
	"*": [
	{"name": "Lockable"},
	{"name": "UnstableFalling"},
	{ "name": "HorizontalOrientable", "properties": {  "dropBlockFace": "north" }},
	{ "name": "RightClickPickup"} ]
	},
	"dropsByType": {
        "*-twochutesection-*": [{ "code": "chutesectionmold-burned-twochutesection-north" }],
        "*-fourchutesection-*": [{ "code": "chutesectionmold-burned-fourchutesection-north" }]
    },
	"variantgroups": [
		{"code": "materialtype", "states": ["burned-twochutesection", "burned-fourchutesection"] },
		{ "code":"side", "loadFromProperties": "abstract/horizontalorientation" }
	],
	"shapeByType": {
		"*-twochutesection-north": { "base": "block/clay/mold/chutesectionmoldtwochutesection", "rotateY": 0 },
		"*-twochutesection-east": { "base": "block/clay/mold/chutesectionmoldtwochutesection", "rotateY": 270 },
		"*-twochutesection-south": { "base": "block/clay/mold/chutesectionmoldtwochutesection", "rotateY": 180 },
		"*-twochutesection-west": { "base": "block/clay/mold/chutesectionmoldtwochutesection", "rotateY": 90 },
		"*-fourchutesection-north": { "base": "block/clay/mold/chutesectionmoldfourchutesection", "rotateY": 0 },
		"*-fourchutesection-east": { "base": "block/clay/mold/chutesectionmoldfourchutesection", "rotateY": 270 },
		"*-fourchutesection-south": { "base": "block/clay/mold/chutesectionmoldfourchutesection", "rotateY": 180 },
		"*-fourchutesection-west": { "base": "block/clay/mold/chutesectionmoldfourchutesection", "rotateY": 90 }
        },
    "attributesByType":{
		"chutesectionmold-burned-twochutesection-north": {
			"requiredUnits": 200,
			"fillHeight": 5,
			"fillQuadsByLevel": [
				{ "x1": 2.5, "z1": 4.5, "x2": 13.5, "z2": 11.5 },
				{ "x1": 2.5, "z1": 4.5, "x2": 13.5, "z2": 11.5 },
				{ "x1": 2.5, "z1": 4.5, "x2": 13.5, "z2": 11.5 },
				{ "x1": 2.5, "z1": 4.5, "x2": 13.5, "z2": 11.5 }
			],
			"drop": { "type":"item", "code": "game:chutesection-{metal}", "quantity": 2 } 
		},
			"chutesectionmold-burned-twochutesection-south": {
			"requiredUnits": 200,
			"fillHeight": 5,
			"fillQuadsByLevel": [
				{ "x1": 2.5, "z1": 4.5, "x2": 13.5, "z2": 11.5 },
				{ "x1": 2.5, "z1": 4.5, "x2": 13.5, "z2": 11.5 },
				{ "x1": 2.5, "z1": 4.5, "x2": 13.5, "z2": 11.5 },
				{ "x1": 2.5, "z1": 4.5, "x2": 13.5, "z2": 11.5 }
			],
			"drop": { "type":"item", "code": "game:chutesection-{metal}", "quantity": 2 } 
		},
			"chutesectionmold-burned-twochutesection-*": {
			"requiredUnits": 200,
			"fillHeight": 5,
			"fillQuadsByLevel": [
				{ "x1": 4.5, "z1": 2.5, "x2": 11.5, "z2": 13.5 },
				{ "x1": 4.5, "z1": 2.5, "x2": 11.5, "z2": 13.5 },
				{ "x1": 4.5, "z1": 2.5, "x2": 11.5, "z2": 13.5 },
				{ "x1": 4.5, "z1": 2.5, "x2": 11.5, "z2": 13.5 }
			],
			"drop": { "type":"item", "code": "game:chutesection-{metal}", "quantity": 2 }
		},
		"chutesectionmold-burned-fourchutesection-*": {
			"requiredUnits": 400,
			"fillHeight": 5,
			"fillQuadsByLevel": [
				{ "x1": 2.5, "z1": 2.5, "x2": 13.5, "z2": 13.5 },
				{ "x1": 2.5, "z1": 2.5, "x2": 13.5, "z2": 13.5 },
				{ "x1": 2.5, "z1": 2.5, "x2": 13.5, "z2": 13.5 },
				{ "x1": 2.5, "z1": 2.5, "x2": 13.5, "z2": 13.5 }
			],
			"drop": { "type":"item", "code": "game:chutesection-{metal}", "quantity": 4 }
		}
	},
	"entityClassByType": {
		"chutesectionmold-*": "ToolMold"
	},
	"blockmaterial": "Ceramic",
	"creativeinventory": { "general": ["*-north"], "construction": ["*-north"] },
	"replaceable": 700,
	"resistance": 2,
	"maxStackSize": 4,
	"lightAbsorption": 0,
	"sounds": {
		"place": "game:block/anvil",
		"walk": "walk/stone"
	},
	"collisionboxesByType": {
		"*-burned-twochutesection-north": [ { "x1": 0.073, "y1": 0, "z1": 0.263, "x2": 0.927, "y2": 0.3125, "z2": 0.73 },
		{ "x1": 0.095, "y1": 0, "z1": 0.28, "x2": 0.905, "y2": 0.375, "z2": 0.72 },
		{ "x1": 0.0625, "y1": 0.3125, "z1": 0.25, "x2": 0.9375, "y2": 0.3445, "z2": 0.75 },
		{ "x1": 0.3595, "y1": 0.237, "z1": 0.157, "x2": 0.6405, "y2": 0.325, "z2": 0.35 },
		{ "x1": 0.3595, "y1": 0.237, "z1": 0.657, "x2": 0.6405, "y2": 0.325, "z2": 0.845 } ],
		"*-burned-twochutesection-south": [ { "x1": 0.073, "y1": 0, "z1": 0.263, "x2": 0.927, "y2": 0.3125, "z2": 0.73 },
		{ "x1": 0.095, "y1": 0, "z1": 0.28, "x2": 0.905, "y2": 0.375, "z2": 0.72 },
		{ "x1": 0.0625, "y1": 0.3125, "z1": 0.25, "x2": 0.9375, "y2": 0.3445, "z2": 0.75 },
		{ "x1": 0.3595, "y1": 0.237, "z1": 0.157, "x2": 0.6405, "y2": 0.325, "z2": 0.35 },
		{ "x1": 0.3595, "y1": 0.237, "z1": 0.657, "x2": 0.6405, "y2": 0.325, "z2": 0.845 } ],
		"*-burned-twochutesection-*": [ { "x1": 0.27, "y1": 0, "z1": 0.0754, "x2": 0.737, "y2": 0.3125, "z2": 0.926 },
		{ "x1": 0.2825, "y1": 0, "z1": 0.0925, "x2": 0.7174, "y2": 0.375, "z2": 0.9075 },
		{ "x1": 0.25, "y1": 0.3125, "z1": 0.0625, "x2": 0.75, "y2": 0.3445, "z2": 0.9375 },
		{ "x1": 0.155, "y1": 0.237, "z1": 0.3595, "x2": 0.3905, "y2": 0.325, "z2": 0.6405 },
		{ "x1": 0.6095, "y1": 0.237, "z1": 0.3595, "x2": 0.845, "y2": 0.325, "z2": 0.6405 } ],
		"*-burned-fourchutesection-north": [ { "x1": 0.073, "y1": 0, "z1": 0.0755, "x2": 0.927, "y2": 0.3125, "z2": 0.9175 },
		{ "x1": 0.095, "y1": 0, "z1": 0.0925, "x2": 0.905, "y2": 0.375, "z2": 0.9075 },
		{ "x1": 0.0625, "y1": 0.3125, "z1": 0.0625, "x2": 0.9375, "y2": 0.3445, "z2": 0.9375 },
		{ "x1": 0.297, "y1": 0, "z1": 0.0175, "x2": 0.703, "y2": 0.495, "z2": 0.1075 },
		{ "x1": 0.297, "y1": 0, "z1": 0.8925, "x2": 0.703, "y2": 0.495, "z2": 0.9825 } ],
		"*-burned-fourchutesection-south": [ { "x1": 0.073, "y1": 0, "z1": 0.0755, "x2": 0.927, "y2": 0.3125, "z2": 0.9175 },
		{ "x1": 0.095, "y1": 0, "z1": 0.0925, "x2": 0.905, "y2": 0.375, "z2": 0.9075 },
		{ "x1": 0.0625, "y1": 0.3125, "z1": 0.0625, "x2": 0.9375, "y2": 0.3445, "z2": 0.9375 },
		{ "x1": 0.297, "y1": 0, "z1": 0.0175, "x2": 0.703, "y2": 0.495, "z2": 0.1075 },
		{ "x1": 0.297, "y1": 0, "z1": 0.8925, "x2": 0.703, "y2": 0.495, "z2": 0.9825 } ],
		"*-burned-fourchutesection-*": [ { "x1": 0.079, "y1": 0, "z1": 0.0754, "x2": 0.927, "y2": 0.3125, "z2": 0.926 },
		{ "x1": 0.095, "y1": 0, "z1": 0.0925, "x2": 0.905, "y2": 0.375, "z2": 0.9075 },
		{ "x1": 0.0625, "y1": 0.3125, "z1": 0.0625, "x2": 0.9375, "y2": 0.3445, "z2": 0.9375 },
		{ "x1": 0.8905, "y1": 0, "z1": 0.296, "x2": 0.9825, "y2": 0.495, "z2": 0.704 },
		{ "x1": 0.0204, "y1": 0, "z1": 0.296, "x2": 0.1075, "y2": 0.495, "z2": 0.704 } ]
	},
	"selectionboxesByType": {
		"*-burned-twochutesection-north": [ { "x1": 0.073, "y1": 0, "z1": 0.263, "x2": 0.927, "y2": 0.3125, "z2": 0.73 },
		{ "x1": 0.095, "y1": 0, "z1": 0.28, "x2": 0.905, "y2": 0.375, "z2": 0.72 },
		{ "x1": 0.0625, "y1": 0.3125, "z1": 0.25, "x2": 0.9375, "y2": 0.3445, "z2": 0.75 },
		{ "x1": 0.3595, "y1": 0.237, "z1": 0.157, "x2": 0.6405, "y2": 0.325, "z2": 0.35 },
		{ "x1": 0.3595, "y1": 0.237, "z1": 0.657, "x2": 0.6405, "y2": 0.325, "z2": 0.845 } ],
		"*-burned-twochutesection-south": [ { "x1": 0.073, "y1": 0, "z1": 0.263, "x2": 0.927, "y2": 0.3125, "z2": 0.73 },
		{ "x1": 0.095, "y1": 0, "z1": 0.28, "x2": 0.905, "y2": 0.375, "z2": 0.72 },
		{ "x1": 0.0625, "y1": 0.3125, "z1": 0.25, "x2": 0.9375, "y2": 0.3445, "z2": 0.75 },
		{ "x1": 0.3595, "y1": 0.237, "z1": 0.157, "x2": 0.6405, "y2": 0.325, "z2": 0.35 },
		{ "x1": 0.3595, "y1": 0.237, "z1": 0.657, "x2": 0.6405, "y2": 0.325, "z2": 0.845 } ],
		"*-burned-twochutesection-*": [ { "x1": 0.27, "y1": 0, "z1": 0.0754, "x2": 0.737, "y2": 0.3125, "z2": 0.926 },
		{ "x1": 0.2825, "y1": 0, "z1": 0.0925, "x2": 0.7174, "y2": 0.375, "z2": 0.9075 },
		{ "x1": 0.25, "y1": 0.3125, "z1": 0.0625, "x2": 0.75, "y2": 0.3445, "z2": 0.9375 },
		{ "x1": 0.155, "y1": 0.237, "z1": 0.3595, "x2": 0.3905, "y2": 0.325, "z2": 0.6405 },
		{ "x1": 0.6095, "y1": 0.237, "z1": 0.3595, "x2": 0.845, "y2": 0.325, "z2": 0.6405 } ],
		"*-burned-fourchutesection-north": [ { "x1": 0.073, "y1": 0, "z1": 0.0755, "x2": 0.927, "y2": 0.3125, "z2": 0.9175 },
		{ "x1": 0.095, "y1": 0, "z1": 0.0925, "x2": 0.905, "y2": 0.375, "z2": 0.9075 },
		{ "x1": 0.0625, "y1": 0.3125, "z1": 0.0625, "x2": 0.9375, "y2": 0.3445, "z2": 0.9375 },
		{ "x1": 0.297, "y1": 0, "z1": 0.0175, "x2": 0.703, "y2": 0.495, "z2": 0.1075 },
		{ "x1": 0.297, "y1": 0, "z1": 0.8925, "x2": 0.703, "y2": 0.495, "z2": 0.9825 } ],
		"*-burned-fourchutesection-south": [ { "x1": 0.073, "y1": 0, "z1": 0.0755, "x2": 0.927, "y2": 0.3125, "z2": 0.9175 },
		{ "x1": 0.095, "y1": 0, "z1": 0.0925, "x2": 0.905, "y2": 0.375, "z2": 0.9075 },
		{ "x1": 0.0625, "y1": 0.3125, "z1": 0.0625, "x2": 0.9375, "y2": 0.3445, "z2": 0.9375 },
		{ "x1": 0.297, "y1": 0, "z1": 0.0175, "x2": 0.703, "y2": 0.495, "z2": 0.1075 },
		{ "x1": 0.297, "y1": 0, "z1": 0.8925, "x2": 0.703, "y2": 0.495, "z2": 0.9825 } ],
		"*-burned-fourchutesection-*": [ { "x1": 0.079, "y1": 0, "z1": 0.0754, "x2": 0.927, "y2": 0.3125, "z2": 0.926 },
		{ "x1": 0.095, "y1": 0, "z1": 0.0925, "x2": 0.905, "y2": 0.375, "z2": 0.9075 },
		{ "x1": 0.0625, "y1": 0.3125, "z1": 0.0625, "x2": 0.9375, "y2": 0.3445, "z2": 0.9375 },
		{ "x1": 0.8905, "y1": 0, "z1": 0.296, "x2": 0.9825, "y2": 0.495, "z2": 0.704 },
		{ "x1": 0.0204, "y1": 0, "z1": 0.296, "x2": 0.1075, "y2": 0.495, "z2": 0.704 } ]

	},

	"sideopaque": {
		"all": false
	},
	"sidesolid": {
		"all": false
	},
	"heldTpIdleAnimationByType": {
  	"*": "holdbothhands"
	},
	"heldTpUseAnimationByType": {
  	"*": "twohandplaceblock"
	},
	"guiTransform": {
        "translation": { "x": 0, "y": 11, "z": 0 },
        "origin": { "x": 0.5, "y": 0.0625, "z": 0.5 },
        "scale": 1.33
	},
	"fpHandTransform": {
		"translation": { "x": 0.2, "y": 0.3, "z": 0 }
	},
	"tpHandTransform": {
		"translation": { "x": -1.1, "y": -1.4, "z": -1.2 },
		"rotation": { "x": -137, "y": -17, "z": -80 },
		"scale": 0.5
	},
	"groundTransform": {
		"translation": { "x": 0, "y": 0, "z": 0 },
		"rotation": { "x": 0, "y": -45, "z": 0 },
		"origin": { "x": 0.5, "y": 0, "z": 0.5 },
		"scale": 4.7
	}
}
		
	
