{
	"code": "ingotmold",
	"classByType": {
		"ingotmold-*": "BlockToolMold"
	},
"behaviorsbytype": {
	"*": [
	{"name": "Lockable"},
	{"name": "UnstableFalling"},
	{ "name": "HorizontalOrientable", "properties": {  "dropBlockFace": "north" }},
	{ "name": "RightClickPickup"} ]
	},
	"dropsByType": {
        "*-fouringot-*": [{ "code": "ingotmold-burned-fouringot-north" }],
        "*-eightingot-*": [{ "code": "ingotmold-burned-eightingot-north" }]
    },
	"variantgroups": [
		{"code": "materialtype", "states": ["burned-fouringot", "burned-eightingot"] },
		{ "code":"side", "loadFromProperties": "abstract/horizontalorientation" }
	],
	"shapeByType": {
		"*-fouringot-north": { "base": "block/clay/mold/ingotmoldfouringot", "rotateY": 0 },
		"*-fouringot-east": { "base": "block/clay/mold/ingotmoldfouringot", "rotateY": 270 },
		"*-fouringot-south": { "base": "block/clay/mold/ingotmoldfouringot", "rotateY": 180 },
		"*-fouringot-west": { "base": "block/clay/mold/ingotmoldfouringot", "rotateY": 90 },
		"*-eightingot-north": { "base": "block/clay/mold/ingotmoldeightingot", "rotateY": 0 },
		"*-eightingot-east": { "base": "block/clay/mold/ingotmoldeightingot", "rotateY": 270 },
		"*-eightingot-south": { "base": "block/clay/mold/ingotmoldeightingot", "rotateY": 180 },
		"*-eightingot-west": { "base": "block/clay/mold/ingotmoldeightingot", "rotateY": 90 }
        },
    "attributesByType":{
		"ingotmold-burned-fouringot-north": {
			"requiredUnits": 400,
			"fillHeight": 6,
			"fillQuadsByLevel": [
				{ "x1": 2.5, "z1": 4.5, "x2": 13.5, "z2": 11.5 },
				{ "x1": 2.5, "z1": 4.5, "x2": 13.5, "z2": 11.5 },
				{ "x1": 2.5, "z1": 4.5, "x2": 13.5, "z2": 11.5 },
				{ "x1": 2.5, "z1": 4.5, "x2": 13.5, "z2": 11.5 }
			],
			"drop": { "type":"item", "code": "game:ingot-{metal}", "quantity": 4 } 
		},
			"ingotmold-burned-fouringot-south": {
			"requiredUnits": 400,
			"fillHeight": 6,
			"fillQuadsByLevel": [
				{ "x1": 2.5, "z1": 4.5, "x2": 13.5, "z2": 11.5 },
				{ "x1": 2.5, "z1": 4.5, "x2": 13.5, "z2": 11.5 },
				{ "x1": 2.5, "z1": 4.5, "x2": 13.5, "z2": 11.5 },
				{ "x1": 2.5, "z1": 4.5, "x2": 13.5, "z2": 11.5 }
			],
			"drop": { "type":"item", "code": "game:ingot-{metal}", "quantity": 4 } 
		},
			"ingotmold-burned-fouringot-*": {
			"requiredUnits": 400,
			"fillHeight": 6,
			"fillQuadsByLevel": [
				{ "x1": 4.5, "z1": 2.5, "x2": 11.5, "z2": 13.5 },
				{ "x1": 4.5, "z1": 2.5, "x2": 11.5, "z2": 13.5 },
				{ "x1": 4.5, "z1": 2.5, "x2": 11.5, "z2": 13.5 },
				{ "x1": 4.5, "z1": 2.5, "x2": 11.5, "z2": 13.5 }
			],
			"drop": { "type":"item", "code": "game:ingot-{metal}", "quantity": 4 }
		},
		"ingotmold-burned-eightingot-*": {
			"requiredUnits": 800,
			"fillHeight": 6,
			"fillQuadsByLevel": [
				{ "x1": 2.5, "z1": 2.5, "x2": 13.5, "z2": 13.5 },
				{ "x1": 2.5, "z1": 2.5, "x2": 13.5, "z2": 13.5 },
				{ "x1": 2.5, "z1": 2.5, "x2": 13.5, "z2": 13.5 },
				{ "x1": 2.5, "z1": 2.5, "x2": 13.5, "z2": 13.5 }
			],
			"drop": { "type":"item", "code": "game:ingot-{metal}", "quantity": 8 }
		}
	},
	"entityClassByType": {
		"ingotmold-*": "ToolMold"
	},
	"blockmaterial": "Ceramic",
	"creativeinventory": { "general": ["*-north"], "construction": ["*-north"] },
	"replaceable": 700,
	"resistance": 2,
	"maxStackSize": 4,
	"lightAbsorption": 0,
	"sounds": {
		"place": "game:block/anvil",
		"walk": "walk/stone"
	},
	"collisionboxesByType": {
		"*-burned-fouringot-north": [ { "x1": 0.1355, "y1": 0, "z1": 0.263, "x2": 0.8645, "y2": 0.375, "z2": 0.73 },
		{ "x1": 0.1575, "y1": 0, "z1": 0.28, "x2": 0.8425, "y2": 0.4375, "z2": 0.72 },
		{ "x1": 0.125, "y1": 0.375, "z1": 0.25, "x2": 0.875, "y2": 0.407, "z2": 0.75 },
		{ "x1": 0.797, "y1": 0.2995, "z1": 0.356, "x2": 0.97, "y2": 0.389, "z2": 0.644 },
		{ "x1": 0.03, "y1": 0.2995, "z1": 0.356, "x2": 0.2, "y2": 0.389, "z2": 0.644 } ],
		"*-burned-fouringot-south": [ { "x1": 0.1355, "y1": 0, "z1": 0.263, "x2": 0.8645, "y2": 0.375, "z2": 0.73 },
		{ "x1": 0.1575, "y1": 0, "z1": 0.28, "x2": 0.8425, "y2": 0.4375, "z2": 0.72 },
		{ "x1": 0.125, "y1": 0.375, "z1": 0.25, "x2": 0.875, "y2": 0.407, "z2": 0.75 },
		{ "x1": 0.797, "y1": 0.2995, "z1": 0.356, "x2": 0.97, "y2": 0.389, "z2": 0.644 },
		{ "x1": 0.03, "y1": 0.2995, "z1": 0.356, "x2": 0.2, "y2": 0.389, "z2": 0.644 } ],
		"*-burned-fouringot-*": [ { "x1": 0.267, "y1": 0, "z1": 0.138, "x2": 0.7395, "y2": 0.375, "z2": 0.865 },
		{ "x1": 0.2825, "y1": 0, "z1": 0.155, "x2": 0.7175, "y2": 0.4375, "z2": 0.845 },
		{ "x1": 0.25, "y1": 0.375, "z1": 0.125, "x2": 0.75, "y2": 0.407, "z2": 0.875 },
		{ "x1": 0.359, "y1": 0.2995, "z1": 0.029, "x2": 0.645, "y2": 0.389, "z2": 0.2065 },
		{ "x1": 0.359, "y1": 0.2995, "z1": 0.8225, "x2": 0.645, "y2": 0.389, "z2": 0.972 } ],
		"*-burned-eightingot-north": [ { "x1": 0.1355, "y1": 0, "z1": 0.0755, "x2": 0.8645, "y2": 0.375, "z2": 0.9175 },
		{ "x1": 0.1575, "y1": 0, "z1": 0.0925, "x2": 0.8425, "y2": 0.4375, "z2": 0.9075 },
		{ "x1": 0.125, "y1": 0.375, "z1": 0.0625, "x2": 0.875, "y2": 0.407, "z2": 0.9375 },
		{ "x1": 0.83, "y1": 0, "z1": 0.296, "x2": 0.92, "y2": 0.5575, "z2": 0.704 },
		{ "x1": 0.08, "y1": 0, "z1": 0.296, "x2": 0.17, "y2": 0.5575, "z2": 0.704 } ],
		"*-burned-eightingot-south": [ { "x1": 0.1355, "y1": 0, "z1": 0.0755, "x2": 0.8645, "y2": 0.375, "z2": 0.9175 },
		{ "x1": 0.1575, "y1": 0, "z1": 0.0925, "x2": 0.8425, "y2": 0.4375, "z2": 0.9075 },
		{ "x1": 0.125, "y1": 0.375, "z1": 0.0625, "x2": 0.875, "y2": 0.407, "z2": 0.9375 },
		{ "x1": 0.83, "y1": 0, "z1": 0.296, "x2": 0.92, "y2": 0.5575, "z2": 0.704 },
		{ "x1": 0.08, "y1": 0, "z1": 0.296, "x2": 0.17, "y2": 0.5575, "z2": 0.704 } ],
		"*-burned-eightingot-*": [ { "x1": 0.073, "y1": 0, "z1": 0.1379, "x2": 0.927, "y2": 0.375, "z2": 0.855 },
		{ "x1": 0.095, "y1": 0, "z1": 0.155, "x2": 0.905, "y2": 0.4375, "z2": 0.845 },
		{ "x1": 0.0625, "y1": 0.375, "z1": 0.125, "x2": 0.9375, "y2": 0.407, "z2": 0.875 },
		{ "x1": 0.294, "y1": 0, "z1": 0.08, "x2": 0.706, "y2": 0.5575, "z2": 0.17 },
		{ "x1": 0.294, "y1": 0, "z1": 0.828, "x2": 0.706, "y2": 0.5575, "z2": 0.92 } ]
	},
	"selectionboxesByType": {
		"*-burned-fouringot-north": [ { "x1": 0.1355, "y1": 0, "z1": 0.263, "x2": 0.8645, "y2": 0.375, "z2": 0.73 },
		{ "x1": 0.1575, "y1": 0, "z1": 0.28, "x2": 0.8425, "y2": 0.4375, "z2": 0.72 },
		{ "x1": 0.125, "y1": 0.375, "z1": 0.25, "x2": 0.875, "y2": 0.407, "z2": 0.75 },
		{ "x1": 0.797, "y1": 0.2995, "z1": 0.356, "x2": 0.97, "y2": 0.389, "z2": 0.644 },
		{ "x1": 0.03, "y1": 0.2995, "z1": 0.356, "x2": 0.2, "y2": 0.389, "z2": 0.644 } ],
		"*-burned-fouringot-south": [ { "x1": 0.1355, "y1": 0, "z1": 0.263, "x2": 0.8645, "y2": 0.375, "z2": 0.73 },
		{ "x1": 0.1575, "y1": 0, "z1": 0.28, "x2": 0.8425, "y2": 0.4375, "z2": 0.72 },
		{ "x1": 0.125, "y1": 0.375, "z1": 0.25, "x2": 0.875, "y2": 0.407, "z2": 0.75 },
		{ "x1": 0.797, "y1": 0.2995, "z1": 0.356, "x2": 0.97, "y2": 0.389, "z2": 0.644 },
		{ "x1": 0.03, "y1": 0.2995, "z1": 0.356, "x2": 0.2, "y2": 0.389, "z2": 0.644 } ],
		"*-burned-fouringot-*": [ { "x1": 0.267, "y1": 0, "z1": 0.138, "x2": 0.7395, "y2": 0.375, "z2": 0.865 },
		{ "x1": 0.2825, "y1": 0, "z1": 0.155, "x2": 0.7175, "y2": 0.4375, "z2": 0.845 },
		{ "x1": 0.25, "y1": 0.375, "z1": 0.125, "x2": 0.75, "y2": 0.407, "z2": 0.875 },
		{ "x1": 0.359, "y1": 0.2995, "z1": 0.029, "x2": 0.645, "y2": 0.389, "z2": 0.2065 },
		{ "x1": 0.359, "y1": 0.2995, "z1": 0.8225, "x2": 0.645, "y2": 0.389, "z2": 0.972 } ],
		"*-burned-eightingot-north": [ { "x1": 0.1355, "y1": 0, "z1": 0.0755, "x2": 0.8645, "y2": 0.375, "z2": 0.9175 },
		{ "x1": 0.1575, "y1": 0, "z1": 0.0925, "x2": 0.8425, "y2": 0.4375, "z2": 0.9075 },
		{ "x1": 0.125, "y1": 0.375, "z1": 0.0625, "x2": 0.875, "y2": 0.407, "z2": 0.9375 },
		{ "x1": 0.83, "y1": 0, "z1": 0.296, "x2": 0.92, "y2": 0.5575, "z2": 0.704 },
		{ "x1": 0.08, "y1": 0, "z1": 0.296, "x2": 0.17, "y2": 0.5575, "z2": 0.704 } ],
		"*-burned-eightingot-south": [ { "x1": 0.1355, "y1": 0, "z1": 0.0755, "x2": 0.8645, "y2": 0.375, "z2": 0.9175 },
		{ "x1": 0.1575, "y1": 0, "z1": 0.0925, "x2": 0.8425, "y2": 0.4375, "z2": 0.9075 },
		{ "x1": 0.125, "y1": 0.375, "z1": 0.0625, "x2": 0.875, "y2": 0.407, "z2": 0.9375 },
		{ "x1": 0.83, "y1": 0, "z1": 0.296, "x2": 0.92, "y2": 0.5575, "z2": 0.704 },
		{ "x1": 0.08, "y1": 0, "z1": 0.296, "x2": 0.17, "y2": 0.5575, "z2": 0.704 } ],
		"*-burned-eightingot-*": [ { "x1": 0.073, "y1": 0, "z1": 0.1379, "x2": 0.927, "y2": 0.375, "z2": 0.855 },
		{ "x1": 0.095, "y1": 0, "z1": 0.155, "x2": 0.905, "y2": 0.4375, "z2": 0.845 },
		{ "x1": 0.0625, "y1": 0.375, "z1": 0.125, "x2": 0.9375, "y2": 0.407, "z2": 0.875 },
		{ "x1": 0.294, "y1": 0, "z1": 0.08, "x2": 0.706, "y2": 0.5575, "z2": 0.17 },
		{ "x1": 0.294, "y1": 0, "z1": 0.828, "x2": 0.706, "y2": 0.5575, "z2": 0.92 } ]

	},

	"sideopaque": {
		"all": false
	},
	"sidesolid": {
		"all": false
	},
	"heldTpIdleAnimationByType": {
  	"*": "holdbothhands"
	},
	"heldTpUseAnimationByType": {
  	"*": "twohandplaceblock"
	},
	"guiTransform": {
        "translation": { "x": 0, "y": 11, "z": 0 },
        "origin": { "x": 0.5, "y": 0.0625, "z": 0.5 },
        "scale": 1.33
	},
	"fpHandTransform": {
		"translation": { "x": 0.2, "y": 0.3, "z": 0 }
	},
	"tpHandTransform": {
		"translation": { "x": -1.1, "y": -1.4, "z": -1.2 },
		"rotation": { "x": -137, "y": -17, "z": -80 },
		"scale": 0.5
	},
	"groundTransform": {
		"translation": { "x": 0, "y": 0, "z": 0 },
		"rotation": { "x": 0, "y": -45, "z": 0 },
		"origin": { "x": 0.5, "y": 0, "z": 0.5 },
		"scale": 4.7
	}
}
		
	
