{
	"code": "platemold",
	"classByType": {
		"platemold-*": "BlockToolMold"
	},
"behaviorsbytype": {
	"*": [
	{"name": "Lockable"},
	{"name": "UnstableFalling"},
	{ "name": "HorizontalOrientable", "properties": {  "dropBlockFace": "north" }},
	{ "name": "RightClickPickup"} ]
	},
	"dropsByType": {
        "*-twoplate-*": [{ "code": "platemold-burned-twoplate-north" }],
        "*-fourplate-*": [{ "code": "platemold-burned-fourplate-north" }]
    },
	"variantgroups": [
		{"code": "materialtype", "states": ["burned-twoplate", "burned-fourplate"] },
		{ "code":"side", "loadFromProperties": "abstract/horizontalorientation" }
	],
	"shapeByType": {
		"*-twoplate-north": { "base": "block/clay/mold/platemoldtwoplate", "rotateY": 0 },
		"*-twoplate-east": { "base": "block/clay/mold/platemoldtwoplate", "rotateY": 270 },
		"*-twoplate-south": { "base": "block/clay/mold/platemoldtwoplate", "rotateY": 180 },
		"*-twoplate-west": { "base": "block/clay/mold/platemoldtwoplate", "rotateY": 90 },
		"*-fourplate-north": { "base": "block/clay/mold/platemoldfourplate", "rotateY": 0 },
		"*-fourplate-east": { "base": "block/clay/mold/platemoldfourplate", "rotateY": 270 },
		"*-fourplate-south": { "base": "block/clay/mold/platemoldfourplate", "rotateY": 180 },
		"*-fourplate-west": { "base": "block/clay/mold/platemoldfourplate", "rotateY": 90 }
        },
    "attributesByType":{
		"platemold-burned-twoplate-north": {
			"requiredUnits": 400,
			"fillHeight": 9,
			"fillQuadsByLevel": [
				{ "x1": 2.5, "z1": 6.5, "x2": 13.5, "z2": 9.5 },
				{ "x1": 2.5, "z1": 6.5, "x2": 13.5, "z2": 9.5 },
				{ "x1": 2.5, "z1": 6.5, "x2": 13.5, "z2": 9.5 },
				{ "x1": 2.5, "z1": 6.5, "x2": 13.5, "z2": 9.5 }
			],
			"drop": { "type":"item", "code": "game:metalplate-{metal}", "quantity": 2 } 
		},
			"platemold-burned-twoplate-south": {
			"requiredUnits": 400,
			"fillHeight": 9,
			"fillQuadsByLevel": [
				{ "x1": 2.5, "z1": 6.5, "x2": 13.5, "z2": 9.5 },
				{ "x1": 2.5, "z1": 6.5, "x2": 13.5, "z2": 9.5 },
				{ "x1": 2.5, "z1": 6.5, "x2": 13.5, "z2": 9.5 },
				{ "x1": 2.5, "z1": 6.5, "x2": 13.5, "z2": 9.5 }
			],
			"drop": { "type":"item", "code": "game:metalplate-{metal}", "quantity": 2 } 
		},
			"platemold-burned-twoplate-*": {
			"requiredUnits": 400,
			"fillHeight": 9,
			"fillQuadsByLevel": [
				{ "x1": 6.5, "z1": 2.5, "x2": 9.5, "z2": 13.5 },
				{ "x1": 6.5, "z1": 2.5, "x2": 9.5, "z2": 13.5 },
				{ "x1": 6.5, "z1": 2.5, "x2": 9.5, "z2": 13.5 },
				{ "x1": 6.5, "z1": 2.5, "x2": 9.5, "z2": 13.5 }
			],
			"drop": { "type":"item", "code": "game:metalplate-{metal}", "quantity": 2 }
		},
		"platemold-burned-fourplate-*": {
			"requiredUnits": 800,
			"fillHeight": 9,
			"fillQuadsByLevel": [
				{ "x1": 2.5, "z1": 2.5, "x2": 13.5, "z2": 13.5 },
				{ "x1": 2.5, "z1": 2.5, "x2": 13.5, "z2": 13.5 },
				{ "x1": 2.5, "z1": 2.5, "x2": 13.5, "z2": 13.5 },
				{ "x1": 2.5, "z1": 2.5, "x2": 13.5, "z2": 13.5 }
			],
			"drop": { "type":"item", "code": "game:metalplate-{metal}", "quantity": 4 }
		}
	},
	"entityClassByType": {
		"platemold-*": "ToolMold"
	},
	"blockmaterial": "Ceramic",
	"creativeinventory": { "general": ["*-north"], "construction": ["*-north"] },
	"replaceable": 700,
	"resistance": 2,
	"maxStackSize": 4,
	"lightAbsorption": 0,
	"sounds": {
		"place": "game:block/anvil",
		"walk": "walk/stone"
	},
	"collisionboxesByType": {
		"*-burned-twoplate-north": [ {"x1": 0.073, "y1": 0, "z1": 0.263, "x2": 0.927, "y2": 0.5625, "z2": 0.73 },
		{ "x1": 0.905, "y1": 0.625, "z1": 0.72, "x2": 0.095, "y2": 0, "z2": 0.28 },
		{ "x1": 0.9375, "y1": 0.5625, "z1": 0.75, "x2": 0.0625, "y2": 0.5945, "z2": 0.25 },
		{ "x1": 0.703, "y1": 0.487, "z1": 0.35, "x2": 0.297, "y2": 0.575, "z2": 0.157 },
		{ "x1": 0.703, "y1": 0.487, "z1": 0.845, "x2": 0.297, "y2": 0.575, "z2": 0.657 } ],
		"*-burned-twoplate-south": [ {"x1": 0.073, "y1": 0, "z1": 0.263, "x2": 0.927, "y2": 0.5625, "z2": 0.73 },
		{ "x1": 0.905, "y1": 0.625, "z1": 0.72, "x2": 0.095, "y2": 0, "z2": 0.28 },
		{ "x1": 0.9375, "y1": 0.5625, "z1": 0.75, "x2": 0.0625, "y2": 0.5945, "z2": 0.25 },
		{ "x1": 0.703, "y1": 0.487, "z1": 0.35, "x2": 0.297, "y2": 0.575, "z2": 0.157 },
		{ "x1": 0.703, "y1": 0.487, "z1": 0.845, "x2": 0.297, "y2": 0.575, "z2": 0.657 } ],
		"*-burned-twoplate-*": [ { "x1": 0.27, "y1": 0, "z1": 0.0755, "x2": 0.737, "y2": 0.5625, "z2": 0.926 },
		{ "x1": 0.2825, "y1": 0, "z1": 0.0925, "x2": 0.7175, "y2": 0.625, "z2": 0.9075 },
		{ "x1": 0.25, "y1": 0.5625, "z1": 0.0625, "x2": 0.75, "y2": 0.5945, "z2": 0.9375 },
		{ "x1": 0.155, "y1": 0.487, "z1": 0.297, "x2": 0.3905, "y2": 0.575, "z2": 0.703 },
		{ "x1": 0.6095, "y1": 0.487, "z1": 0.297, "x2": 0.845, "y2": 0.575, "z2": 0.703 } ],
		"*-burned-fourplate-north": [ { "x1": 0.073, "y1": 0, "z1": 0.138, "x2": 0.927, "y2": 0.5625, "z2": 0.855 },
		{ "x1": 0.095, "y1": 0, "z1": 0.155, "x2": 0.905, "y2": 0.625, "z2": 0.845 },
		{ "x1": 0.0625, "y1": 0.5625, "z1": 0.125, "x2": 0.9375, "y2": 0.5945, "z2": 0.875 },
		{ "x1": 0.297, "y1": 0, "z1": 0.08, "x2": 0.703, "y2": 0.745, "z2": 0.17 },
		{ "x1": 0.297, "y1": 0, "z1": 0.92, "x2": 0.703, "y2": 0.745, "z2": 0.83 } ],
		"*-burned-fourplate-south": [ { "x1": 0.073, "y1": 0, "z1": 0.138, "x2": 0.927, "y2": 0.5625, "z2": 0.855 },
		{ "x1": 0.095, "y1": 0, "z1": 0.155, "x2": 0.905, "y2": 0.625, "z2": 0.845 },
		{ "x1": 0.0625, "y1": 0.5625, "z1": 0.125, "x2": 0.9375, "y2": 0.5945, "z2": 0.875 },
		{ "x1": 0.297, "y1": 0, "z1": 0.08, "x2": 0.703, "y2": 0.745, "z2": 0.17 },
		{ "x1": 0.297, "y1": 0, "z1": 0.92, "x2": 0.703, "y2": 0.745, "z2": 0.83 } ],
		"*-burned-fourplate-*": [ { "x1": 0.1355, "y1": 0, "z1": 0.0755, "x2": 0.8645, "y2": 0.5625, "z2": 0.926 },
		{ "x1": 0.1575, "y1": 0, "z1": 0.0925, "x2": 0.8425, "y2": 0.625, "z2": 0.9075 },
		{ "x1": 0.125, "y1": 0.5625, "z1": 0.0625, "x2": 0.875, "y2": 0.5945, "z2": 0.9375 },
		{ "x1": 0.828, "y1": 0, "z1": 0.296, "x2": 0.92, "y2": 0.745, "z2": 0.704 },
		{ "x1": 0.083, "y1": 0, "z1": 0.296, "x2": 0.17, "y2": 0.745, "z2": 0.704 } ]
	},
	"selectionboxesByType": {
		"*-burned-twoplate-north": [ {"x1": 0.073, "y1": 0, "z1": 0.263, "x2": 0.927, "y2": 0.5625, "z2": 0.73 },
		{ "x1": 0.905, "y1": 0.625, "z1": 0.72, "x2": 0.095, "y2": 0, "z2": 0.28 },
		{ "x1": 0.9375, "y1": 0.5625, "z1": 0.75, "x2": 0.0625, "y2": 0.5945, "z2": 0.25 },
		{ "x1": 0.703, "y1": 0.487, "z1": 0.35, "x2": 0.297, "y2": 0.575, "z2": 0.157 },
		{ "x1": 0.703, "y1": 0.487, "z1": 0.845, "x2": 0.297, "y2": 0.575, "z2": 0.657 } ],
		"*-burned-twoplate-south": [ {"x1": 0.073, "y1": 0, "z1": 0.263, "x2": 0.927, "y2": 0.5625, "z2": 0.73 },
		{ "x1": 0.905, "y1": 0.625, "z1": 0.72, "x2": 0.095, "y2": 0, "z2": 0.28 },
		{ "x1": 0.9375, "y1": 0.5625, "z1": 0.75, "x2": 0.0625, "y2": 0.5945, "z2": 0.25 },
		{ "x1": 0.703, "y1": 0.487, "z1": 0.35, "x2": 0.297, "y2": 0.575, "z2": 0.157 },
		{ "x1": 0.703, "y1": 0.487, "z1": 0.845, "x2": 0.297, "y2": 0.575, "z2": 0.657 } ],
		"*-burned-twoplate-*": [ { "x1": 0.27, "y1": 0, "z1": 0.0755, "x2": 0.737, "y2": 0.5625, "z2": 0.926 },
		{ "x1": 0.2825, "y1": 0, "z1": 0.0925, "x2": 0.7175, "y2": 0.625, "z2": 0.9075 },
		{ "x1": 0.25, "y1": 0.5625, "z1": 0.0625, "x2": 0.75, "y2": 0.5945, "z2": 0.9375 },
		{ "x1": 0.155, "y1": 0.487, "z1": 0.297, "x2": 0.3905, "y2": 0.575, "z2": 0.703 },
		{ "x1": 0.6095, "y1": 0.487, "z1": 0.297, "x2": 0.845, "y2": 0.575, "z2": 0.703 } ],
		"*-burned-fourplate-north": [ { "x1": 0.073, "y1": 0, "z1": 0.138, "x2": 0.927, "y2": 0.5625, "z2": 0.855 },
		{ "x1": 0.095, "y1": 0, "z1": 0.155, "x2": 0.905, "y2": 0.625, "z2": 0.845 },
		{ "x1": 0.0625, "y1": 0.5625, "z1": 0.125, "x2": 0.9375, "y2": 0.5945, "z2": 0.875 },
		{ "x1": 0.297, "y1": 0, "z1": 0.08, "x2": 0.703, "y2": 0.745, "z2": 0.17 },
		{ "x1": 0.297, "y1": 0, "z1": 0.92, "x2": 0.703, "y2": 0.745, "z2": 0.83 } ],
		"*-burned-fourplate-south": [ { "x1": 0.073, "y1": 0, "z1": 0.138, "x2": 0.927, "y2": 0.5625, "z2": 0.855 },
		{ "x1": 0.095, "y1": 0, "z1": 0.155, "x2": 0.905, "y2": 0.625, "z2": 0.845 },
		{ "x1": 0.0625, "y1": 0.5625, "z1": 0.125, "x2": 0.9375, "y2": 0.5945, "z2": 0.875 },
		{ "x1": 0.297, "y1": 0, "z1": 0.08, "x2": 0.703, "y2": 0.745, "z2": 0.17 },
		{ "x1": 0.297, "y1": 0, "z1": 0.92, "x2": 0.703, "y2": 0.745, "z2": 0.83 } ],
		"*-burned-fourplate-*": [ { "x1": 0.1355, "y1": 0, "z1": 0.0755, "x2": 0.8645, "y2": 0.5625, "z2": 0.926 },
		{ "x1": 0.1575, "y1": 0, "z1": 0.0925, "x2": 0.8425, "y2": 0.625, "z2": 0.9075 },
		{ "x1": 0.125, "y1": 0.5625, "z1": 0.0625, "x2": 0.875, "y2": 0.5945, "z2": 0.9375 },
		{ "x1": 0.828, "y1": 0, "z1": 0.296, "x2": 0.92, "y2": 0.745, "z2": 0.704 },
		{ "x1": 0.083, "y1": 0, "z1": 0.296, "x2": 0.17, "y2": 0.745, "z2": 0.704 } ]

	},

	"sideopaque": {
		"all": false
	},
	"sidesolid": {
		"all": false
	},
	"heldTpIdleAnimationByType": {
  	"*": "holdbothhands"
	},
	"heldTpUseAnimationByType": {
  	"*": "twohandplaceblock"
	},
	"guiTransform": {
        "translation": { "x": 0, "y": 11, "z": 0 },
        "origin": { "x": 0.5, "y": 0.0625, "z": 0.5 },
        "scale": 1.33
	},
	"fpHandTransform": {
		"translation": { "x": 0.2, "y": 0.3, "z": 0 }
	},
	"tpHandTransform": {
		"translation": { "x": -1.1, "y": -1.4, "z": -1.2 },
		"rotation": { "x": -137, "y": -17, "z": -80 },
		"scale": 0.5
	},
	"groundTransform": {
		"translation": { "x": 0, "y": 0, "z": 0 },
		"rotation": { "x": 0, "y": -45, "z": 0 },
		"origin": { "x": 0.5, "y": 0, "z": 0.5 },
		"scale": 4.7
	}
}
		
	
