{
	"ingredient": {
		"type": "item",
		"code": "game:clay-*",
		"name": "type",
		"allowedVariants": [ "blue", "fire", "red" ]
	},
	"pattern": [
		[
			"##############",
			"##############",
			"##############",
			"##############",
			"##############",
			"##############",
			"##############",
			"##############",
			"##############",
			"##############",
			"##############",
			"##############",
			"##############",
			"##############"
		],
		[
			"##############",
			"##############",
			"##__##__##__##",
			"##_###_###_###",
			"##############",
			"##############",
			"####__##__####",
			"####_###_#####",
			"##############",
			"##############",
			"##__##__##__##",
			"##_###_###_###",
			"##############",
			"##############"
		]
	],
	"name": "Arrowhead Mold",
	"output": {
		"type": "block",
		"code": "vanillamoremolds:toolmold-raw-arrowhead-north"
	}
}