{
    "ingredient": {
        "type": "item",
        "code": "game:clay-*",
        "name": "type",
        "allowedVariants": [ "blue", "fire", "red" ]
    },
    "pattern": [
        [
            "##############",
            "##############",
            "##############",
            "##############",
            "##############",
            "##############",
            "##############",
            "##############",
            "##############",
            "##############",
            "##############",
            "##############",
            "##############",
            "##############"
        ],
        [
            "##############",
            "##############",
            "##############",
            "####______####",
            "####______####",
            "##############",
            "####______####",
            "####______####",
            "##############",
            "####______####",
            "####______####",
            "##############",
            "##############",
            "##############"
        ]
    ],
    "name": "Nails Mold",
    "output": {
        "type": "block",
        "code": "vanillamoremolds:toolmold-raw-nail-north"
    }
}
