{
	"ingredient": {
		"type": "item",
		"code": "game:clay-*",
		"name": "type",
		"allowedVariants": [ "blue", "fire", "red" ]
	},
	"pattern": [
		[
			"##############",
			"##############",
			"##############",
			"##############",
			"##############",
			"##############",
			"##############",
			"##############",
			"##############",
			"##############",
			"##############",
			"##############",
			"##############",
			"##############"
		],
		[
			"##############",
			"##############",
			"#########___##",
			"##########_###",
			"#########___##",
			"#########___##",
			"#########__###",
			"#########__###",
			"########__####",
			"#######___####",
			"####_____#####",
			"##____########",
			"##############",
			"##############"
		]
	],
	"name": "Scythe Mold",
	"output": {
		"type": "block",
		"code": "vanillamoremolds:toolmold-raw-scythehead-north"
	}
}