{
	code: "carcass",
	behaviors: [{name: "UnstableFalling"}],
	class: "BlockRequireSolidGround",
	entityClass: "Transient",
	attributes: {
		transientProps: {
			convertFrom: "*", 
			convertTo: "air", 
			inGameHours: "336",
		},
		handbook: {
			groupBy: ["carcass-*"]
		}
	},
	creativeinventory: { "general": ["*"], "decorative": ["*"],"decayingcreatures": ["*"] },
	variantgroups: [
		{ code: "type", states: ["rotembryo"]},
	],
	shape: {base: "rottingenimals:block/carcass/{type}"},
	randomDrawOffset: true,
	lightAbsorption: 0,
	resistance: 1,
	drops: [
		{
			type: "item", 
			code: "game:bone", 
			quantityByType: {
				"*-rotembryo": { avg: 20, var: 2 }
			}
		},
		{
			type: "block", 
			code: "game:metal-scraps", 
			quantityByType: {
				"*-rotembryo": { avg: 8, var: 2 }
			}
		},
		{
			type: "item", 
			code: "game:clutter-skull\/humanoid", 
			quantityByType: {
			"*-rotembryo": { avg: 4, var: 0 }
			}
		},
		{
			type: "item", 
			code: "game:clutter-skull\/humanoid-deformed", 
			quantityByType: {
			"*-rotembryo": { avg: 0.3, var: 0 }
			}
		}
	],
	sidesolid: { all: false },
	sideopaque: { all: false },
	selectionbox: { x1: 0, y1: 0, z1: 0, x2: 1, y2: 0.4, z2: 1 },	
	collisionbox: null,
	materialDensity: 3000,
	guiTransform: {
		rotation: { x: -22.5937, y: 132, z: 0 },
		origin: { x: 0.5, y: 0.22, z: 0.5 },
		scale: 1.25
	},
	fpHandTransform: {
		rotation: { x: 0, y: -24, z: 0 }
	},
	tpHandTransform: {
		translation: { x: -1.3, y: -0.7, z: -0.8 },
		rotation: { x: 2, y: 31, z: -25 },
		scale: 0.6
	},
	groundTransform: {
		origin: { x: 0.5, y: 0, z: 0.5 },
		scale: 2
	}
}