{
	"editor": {
		"allAngles": false,
		"entityTextureMode": false
	},
	"textureWidth": 16,
	"textureHeight": 16,
	"textureSizes": {
	},
	"textures": {
	},
	"elements": [
		{
			"name": "Cube1",
			"from": [ 3.0, 0.0, 3.0 ],
			"to": [ 13.0, 1.0, 13.0 ],
			"faces": {
				"up": { "texture": "#floor", "uv": [ 0.0, 3.0, 10.0, 13.0 ] },
				"down": { "texture": "#other", "uv": [ 0.0, 3.0, 10.0, 13.0 ], "autoUv": false }
			},
			"children": [
				{
					"name": "Cube2",
					"from": [ 0.0, 0.0, -2.0 ],
					"to": [ 10.0, 2.0, 0.0 ],
					"faces": {
						"north": { "texture": "#other", "uv": [ 0.0, 9.0, 10.0, 11.0 ] },
						"south": { "texture": "#other", "uv": [ 0.0, 9.0, 10.0, 11.0 ], "autoUv": false },
						"up": { "texture": "#other", "uv": [ 0.0, 7.0, 10.0, 9.0 ] },
						"down": { "texture": "#other", "uv": [ 0.0, 7.0, 10.0, 9.0 ], "autoUv": false }
					}
				},
				{
					"name": "Cube3",
					"from": [ 0.0, 0.0, 10.0 ],
					"to": [ 10.0, 2.0, 12.0 ],
					"faces": {
						"north": { "texture": "#other", "uv": [ 0.0, 9.0, 10.0, 11.0 ] },
						"south": { "texture": "#other", "uv": [ 0.0, 9.0, 10.0, 11.0 ], "autoUv": false },
						"up": { "texture": "#other", "uv": [ 0.0, 7.0, 10.0, 9.0 ] },
						"down": { "texture": "#other", "uv": [ 0.0, 7.0, 10.0, 9.0 ], "autoUv": false }
					}
				},
				{
					"name": "Cube4",
					"from": [ -2.0, 0.0, -2.0 ],
					"to": [ 0.0, 2.0, 12.0 ],
					"faces": {
						"north": { "texture": "#other", "uv": [ 10.0, 11.0, 12.0, 13.0 ], "autoUv": false },
						"east": { "texture": "#other", "uv": [ 0.0, 14.0, 14.0, 16.0 ] },
						"south": { "texture": "#other", "uv": [ 14.0, 14.0, 16.0, 16.0 ] },
						"west": { "texture": "#other", "uv": [ 2.0, 14.0, 16.0, 16.0 ], "autoUv": false },
						"up": { "texture": "#other", "uv": [ 0.0, 0.0, 2.0, 14.0 ] },
						"down": { "texture": "#other", "uv": [ 2.0, 0.0, 4.0, 14.0 ] }
					}
				},
				{
					"name": "Cube5",
					"from": [ 10.0, 0.0, -2.0 ],
					"to": [ 12.0, 2.0, 12.0 ],
					"faces": {
						"north": { "texture": "#other", "uv": [ 0.0, 14.0, 2.0, 16.0 ] },
						"east": { "texture": "#other", "uv": [ 2.0, 14.0, 16.0, 16.0 ] },
						"south": { "texture": "#other", "uv": [ 10.0, 11.0, 12.0, 13.0 ], "autoUv": false },
						"west": { "texture": "#other", "uv": [ 2.0, 14.0, 16.0, 16.0 ], "autoUv": false },
						"up": { "texture": "#other", "uv": [ 0.0, 0.0, 2.0, 14.0 ] },
						"down": { "texture": "#other", "uv": [ 2.0, 0.0, 4.0, 14.0 ] }
					}
				},
				{
					"name": "Cube6",
					"from": [ 3.0, 1.0, 0.0 ],
					"to": [ 7.0, 2.0, 10.0 ],
					"rotationOrigin": [ 3.0, 0.0, 0.0 ],
					"faces": {
						"east": { "texture": "#other", "uv": [ 1.0, 6.0, 11.0, 7.0 ] },
						"south": { "texture": "#other", "uv": [ 4.0, 6.0, 8.0, 7.0 ] },
						"up": { "texture": "#other", "uv": [ 1.0, 3.0, 5.0, 13.0 ] }
					}
				},
				{
					"name": "Cube7",
					"from": [ 2.0, 1.0, 0.0 ],
					"to": [ 3.0, 2.0, 5.0 ],
					"rotationOrigin": [ 2.0, 1.0, 0.0 ],
					"faces": {
						"north": { "texture": "#other", "uv": [ 0.0, 0.0, 1.0, 1.0 ] },
						"east": { "texture": "#other", "uv": [ 0.0, 0.0, 5.0, 1.0 ] },
						"south": { "texture": "#other", "uv": [ 0.0, 0.0, 1.0, 1.0 ] },
						"west": { "texture": "#other", "uv": [ 0.0, 0.0, 5.0, 1.0 ] },
						"up": { "texture": "#other", "uv": [ 0.0, 0.0, 1.0, 5.0 ] },
						"down": { "texture": "#other", "uv": [ 0.0, 0.0, 1.0, 5.0 ] }
					}
				},
				{
					"name": "Cube8",
					"from": [ 1.0, 1.0, 0.0 ],
					"to": [ 2.0, 2.0, 2.0 ],
					"rotationOrigin": [ 1.0, 1.0, 0.0 ],
					"faces": {
						"north": { "texture": "#other", "uv": [ 0.0, 0.0, 1.0, 1.0 ] },
						"east": { "texture": "#other", "uv": [ 0.0, 0.0, 2.0, 1.0 ] },
						"south": { "texture": "#other", "uv": [ 0.0, 0.0, 1.0, 1.0 ] },
						"west": { "texture": "#other", "uv": [ 0.0, 0.0, 2.0, 1.0 ] },
						"up": { "texture": "#other", "uv": [ 0.0, 0.0, 1.0, 2.0 ] },
						"down": { "texture": "#other", "uv": [ 0.0, 0.0, 1.0, 2.0 ] }
					}
				},
				{
					"name": "Cube9",
					"from": [ 9.0, 1.0, 0.0 ],
					"to": [ 10.0, 2.0, 5.0 ],
					"rotationOrigin": [ 9.0, 1.0, 0.0 ],
					"faces": {
						"north": { "texture": "#other", "uv": [ 0.0, 0.0, 1.0, 1.0 ] },
						"east": { "texture": "#other", "uv": [ 0.0, 0.0, 5.0, 1.0 ] },
						"south": { "texture": "#other", "uv": [ 0.0, 0.0, 1.0, 1.0 ] },
						"west": { "texture": "#other", "uv": [ 0.0, 0.0, 5.0, 1.0 ] },
						"up": { "texture": "#other", "uv": [ 0.0, 0.0, 1.0, 5.0 ] },
						"down": { "texture": "#other", "uv": [ 0.0, 0.0, 1.0, 5.0 ] }
					}
				},
				{
					"name": "Cube10",
					"from": [ 8.0, 1.0, 0.0 ],
					"to": [ 9.0, 2.0, 2.0 ],
					"rotationOrigin": [ 8.0, 1.0, 0.0 ],
					"faces": {
						"north": { "texture": "#other", "uv": [ 0.0, 0.0, 1.0, 1.0 ] },
						"east": { "texture": "#other", "uv": [ 0.0, 0.0, 2.0, 1.0 ] },
						"south": { "texture": "#other", "uv": [ 0.0, 0.0, 1.0, 1.0 ] },
						"west": { "texture": "#other", "uv": [ 0.0, 0.0, 2.0, 1.0 ] },
						"up": { "texture": "#other", "uv": [ 0.0, 0.0, 1.0, 2.0 ] },
						"down": { "texture": "#other", "uv": [ 0.0, 0.0, 1.0, 2.0 ] }
					}
				}
			]
		}
	]}