{
	"editor": {
		"allAngles": false,
		"entityTextureMode": false
	},
	"textureWidth": 16,
	"textureHeight": 16,
	"textureSizes": {
	},
	"textures": {
		"other": "block/clay/ceramic",
		"floor": "block/clay/ceramic-dark"
	},
	"elements": [
		{
			"name": "Cube1",
			"from": [ 3.0, 0.0, 2.0 ],
			"to": [ 14.0, 1.0, 13.0 ],
			"rotationOrigin": [ 0.0, 0.0, -1.0 ],
			"faces": {
				"up": { "texture": "#floor", "uv": [ 0.0, 3.0, 11.0, 14.0 ] },
				"down": { "texture": "#other", "uv": [ 0.0, 3.0, 10.0, 13.0 ], "autoUv": false }
			}
		},
		{
			"name": "Cube2",
			"from": [ 3.0, 0.0, 1.0 ],
			"to": [ 14.0, 2.0, 2.0 ],
			"rotationOrigin": [ 3.0, 0.0, 3.0 ],
			"faces": {
				"north": { "texture": "#other", "uv": [ 0.0, 9.0, 11.0, 11.0 ] },
				"south": { "texture": "#other", "uv": [ 0.0, 9.0, 10.0, 11.0 ], "autoUv": false },
				"up": { "texture": "#other", "uv": [ 0.0, 7.0, 11.0, 8.0 ] },
				"down": { "texture": "#other", "uv": [ 0.0, 7.0, 10.0, 9.0 ], "autoUv": false }
			},
			"children": [
				{
					"name": "Cube4",
					"from": [ -2.0, 0.0, 0.0 ],
					"to": [ 0.0, 2.0, 14.0 ],
					"rotationOrigin": [ 0.0, 0.0, 2.0 ],
					"faces": {
						"north": { "texture": "#other", "uv": [ 10.0, 11.0, 12.0, 13.0 ], "autoUv": false },
						"east": { "texture": "#other", "uv": [ 0.0, 14.0, 14.0, 16.0 ] },
						"south": { "texture": "#other", "uv": [ 14.0, 14.0, 16.0, 16.0 ] },
						"west": { "texture": "#other", "uv": [ 2.0, 14.0, 16.0, 16.0 ], "autoUv": false },
						"up": { "texture": "#other", "uv": [ 0.0, 0.0, 2.0, 14.0 ] },
						"down": { "texture": "#other", "uv": [ 2.0, 0.0, 4.0, 14.0 ] }
					}
				},
				{
					"name": "Cube5",
					"from": [ 11.0, 0.0, 0.0 ],
					"to": [ 12.0, 2.0, 14.0 ],
					"rotationOrigin": [ 1.0, 0.0, 2.0 ],
					"faces": {
						"north": { "texture": "#other", "uv": [ 0.0, 14.0, 1.0, 16.0 ] },
						"east": { "texture": "#other", "uv": [ 2.0, 14.0, 16.0, 16.0 ] },
						"south": { "texture": "#other", "uv": [ 10.0, 11.0, 12.0, 13.0 ], "autoUv": false },
						"west": { "texture": "#other", "uv": [ 2.0, 14.0, 16.0, 16.0 ], "autoUv": false },
						"up": { "texture": "#other", "uv": [ 0.0, 0.0, 1.0, 14.0 ] },
						"down": { "texture": "#other", "uv": [ 2.0, 0.0, 3.0, 14.0 ] }
					}
				},
				{
					"name": "Cube7",
					"from": [ 2.0, 1.0, 11.0 ],
					"to": [ 5.0, 2.0, 12.0 ],
					"rotationOrigin": [ 2.0, 1.0, 11.0 ],
					"faces": {
						"north": { "texture": "#other", "uv": [ 0.0, 0.0, 3.0, 1.0 ] },
						"east": { "texture": "#other", "uv": [ 0.0, 0.0, 1.0, 1.0 ] },
						"south": { "texture": "#other", "uv": [ 0.0, 0.0, 3.0, 1.0 ] },
						"west": { "texture": "#other", "uv": [ 0.0, 0.0, 1.0, 1.0 ] },
						"up": { "texture": "#other", "uv": [ 0.0, 0.0, 3.0, 1.0 ] },
						"down": { "texture": "#other", "uv": [ 0.0, 0.0, 3.0, 1.0 ] }
					}
				},
				{
					"name": "Cube8",
					"from": [ 0.0, 1.0, 11.0 ],
					"to": [ 1.0, 2.0, 12.0 ],
					"rotationOrigin": [ 0.0, 1.0, 11.0 ],
					"faces": {
						"north": { "texture": "#other", "uv": [ 0.0, 0.0, 1.0, 1.0 ] },
						"east": { "texture": "#other", "uv": [ 0.0, 0.0, 1.0, 1.0 ] },
						"south": { "texture": "#other", "uv": [ 0.0, 0.0, 1.0, 1.0 ] },
						"west": { "texture": "#other", "uv": [ 0.0, 0.0, 1.0, 1.0 ] },
						"up": { "texture": "#other", "uv": [ 0.0, 0.0, 1.0, 1.0 ] },
						"down": { "texture": "#other", "uv": [ 0.0, 0.0, 1.0, 1.0 ] }
					}
				},
				{
					"name": "Cube10",
					"from": [ 3.0, 1.0, 9.0 ],
					"to": [ 4.0, 2.0, 11.0 ],
					"rotationOrigin": [ 3.0, 1.0, 9.0 ],
					"faces": {
						"north": { "texture": "#other", "uv": [ 0.0, 0.0, 1.0, 1.0 ] },
						"east": { "texture": "#other", "uv": [ 0.0, 0.0, 2.0, 1.0 ] },
						"south": { "texture": "#other", "uv": [ 0.0, 0.0, 1.0, 1.0 ] },
						"west": { "texture": "#other", "uv": [ 0.0, 0.0, 2.0, 1.0 ] },
						"up": { "texture": "#other", "uv": [ 0.0, 0.0, 1.0, 2.0 ] },
						"down": { "texture": "#other", "uv": [ 0.0, 0.0, 1.0, 2.0 ] }
					}
				},
				{
					"name": "Cube12",
					"from": [ 0.85, 1.0, 9.0 ],
					"to": [ 2.1, 2.0, 10.25 ],
					"rotationOrigin": [ 1.0, 1.0, 8.0 ],
					"faces": {
						"north": { "texture": "#other", "uv": [ 0.0, 0.0, 1.0, 1.0 ] },
						"east": { "texture": "#other", "uv": [ 0.0, 0.0, 1.0, 1.0 ] },
						"south": { "texture": "#other", "uv": [ 0.0, 0.0, 1.0, 1.0 ] },
						"west": { "texture": "#other", "uv": [ 0.0, 0.0, 1.0, 1.0 ] },
						"up": { "texture": "#other", "uv": [ 0.0, 0.0, 1.0, 1.0 ] },
						"down": { "texture": "#other", "uv": [ 0.0, 0.0, 1.0, 1.0 ] }
					}
				},
				{
					"name": "Cube18",
					"from": [ 6.0, 1.0, 11.0 ],
					"to": [ 9.0, 2.0, 12.0 ],
					"rotationOrigin": [ 6.0, 1.0, 11.0 ],
					"faces": {
						"north": { "texture": "#other", "uv": [ 0.0, 0.0, 3.0, 1.0 ] },
						"east": { "texture": "#other", "uv": [ 0.0, 0.0, 1.0, 1.0 ] },
						"south": { "texture": "#other", "uv": [ 0.0, 0.0, 3.0, 1.0 ] },
						"west": { "texture": "#other", "uv": [ 0.0, 0.0, 1.0, 1.0 ] },
						"up": { "texture": "#other", "uv": [ 0.0, 0.0, 3.0, 1.0 ] },
						"down": { "texture": "#other", "uv": [ 0.0, 0.0, 3.0, 1.0 ] }
					}
				},
				{
					"name": "Cube21",
					"from": [ 8.85, 1.0, 9.0 ],
					"to": [ 10.1, 2.0, 10.25 ],
					"rotationOrigin": [ 9.0, 1.0, 8.0 ],
					"faces": {
						"north": { "texture": "#other", "uv": [ 0.0, 0.0, 1.0, 1.0 ] },
						"east": { "texture": "#other", "uv": [ 0.0, 0.0, 1.0, 1.0 ] },
						"south": { "texture": "#other", "uv": [ 0.0, 0.0, 1.0, 1.0 ] },
						"west": { "texture": "#other", "uv": [ 0.0, 0.0, 1.0, 1.0 ] },
						"up": { "texture": "#other", "uv": [ 0.0, 0.0, 1.0, 1.0 ] },
						"down": { "texture": "#other", "uv": [ 0.0, 0.0, 1.0, 1.0 ] }
					}
				},
				{
					"name": "Cube25",
					"from": [ 4.85, 1.0, 9.0 ],
					"to": [ 6.1, 2.0, 10.25 ],
					"rotationOrigin": [ 5.0, 1.0, 8.0 ],
					"faces": {
						"north": { "texture": "#other", "uv": [ 0.0, 0.0, 1.0, 1.0 ] },
						"east": { "texture": "#other", "uv": [ 0.0, 0.0, 1.0, 1.0 ] },
						"south": { "texture": "#other", "uv": [ 0.0, 0.0, 1.0, 1.0 ] },
						"west": { "texture": "#other", "uv": [ 0.0, 0.0, 1.0, 1.0 ] },
						"up": { "texture": "#other", "uv": [ 0.0, 0.0, 1.0, 1.0 ] },
						"down": { "texture": "#other", "uv": [ 0.0, 0.0, 1.0, 1.0 ] }
					}
				},
				{
					"name": "Cube11",
					"from": [ 7.0, 1.0, 9.0 ],
					"to": [ 8.0, 2.0, 11.0 ],
					"rotationOrigin": [ 7.0, 1.0, 9.0 ],
					"faces": {
						"north": { "texture": "#other", "uv": [ 0.0, 0.0, 1.0, 1.0 ] },
						"east": { "texture": "#other", "uv": [ 0.0, 0.0, 2.0, 1.0 ] },
						"south": { "texture": "#other", "uv": [ 0.0, 0.0, 1.0, 1.0 ] },
						"west": { "texture": "#other", "uv": [ 0.0, 0.0, 2.0, 1.0 ] },
						"up": { "texture": "#other", "uv": [ 0.0, 0.0, 1.0, 2.0 ] },
						"down": { "texture": "#other", "uv": [ 0.0, 0.0, 1.0, 2.0 ] }
					}
				},
				{
					"name": "Cube17",
					"from": [ 10.0, 1.0, 11.0 ],
					"to": [ 11.0, 2.0, 12.0 ],
					"rotationOrigin": [ 10.0, 1.0, 11.0 ],
					"faces": {
						"north": { "texture": "#other", "uv": [ 0.0, 0.0, 1.0, 1.0 ] },
						"east": { "texture": "#other", "uv": [ 0.0, 0.0, 1.0, 1.0 ] },
						"south": { "texture": "#other", "uv": [ 0.0, 0.0, 1.0, 1.0 ] },
						"west": { "texture": "#other", "uv": [ 0.0, 0.0, 1.0, 1.0 ] },
						"up": { "texture": "#other", "uv": [ 0.0, 0.0, 1.0, 1.0 ] },
						"down": { "texture": "#other", "uv": [ 0.0, 0.0, 1.0, 1.0 ] }
					}
				},
				{
					"name": "Cube23",
					"from": [ 0.0, 1.0, 8.0 ],
					"to": [ 11.0, 2.0, 9.0 ],
					"rotationOrigin": [ 0.0, 1.0, 8.0 ],
					"faces": {
						"north": { "texture": "#other", "uv": [ 0.0, 0.0, 11.0, 1.0 ] },
						"east": { "texture": "#other", "uv": [ 0.0, 0.0, 1.0, 1.0 ] },
						"south": { "texture": "#other", "uv": [ 0.0, 0.0, 11.0, 1.0 ] },
						"west": { "texture": "#other", "uv": [ 0.0, 0.0, 1.0, 1.0 ] },
						"up": { "texture": "#other", "uv": [ 0.0, 0.0, 11.0, 1.0 ] },
						"down": { "texture": "#other", "uv": [ 0.0, 0.0, 11.0, 1.0 ] }
					}
				},
				{
					"name": "Cube27",
					"from": [ 0.85, 1.0, 6.75 ],
					"to": [ 2.1, 2.0, 8.0 ],
					"rotationOrigin": [ 1.0, 1.0, 6.0 ],
					"faces": {
						"north": { "texture": "#other", "uv": [ 0.0, 0.0, 1.0, 1.0 ] },
						"east": { "texture": "#other", "uv": [ 0.0, 0.0, 1.0, 1.0 ] },
						"south": { "texture": "#other", "uv": [ 0.0, 0.0, 1.0, 1.0 ] },
						"west": { "texture": "#other", "uv": [ 0.0, 0.0, 1.0, 1.0 ] },
						"up": { "texture": "#other", "uv": [ 0.0, 0.0, 1.0, 1.0 ] },
						"down": { "texture": "#other", "uv": [ 0.0, 0.0, 1.0, 1.0 ] }
					}
				},
				{
					"name": "Cube28",
					"from": [ 4.85, 1.0, 6.75 ],
					"to": [ 6.1, 2.0, 8.0 ],
					"rotationOrigin": [ 5.0, 1.0, 6.0 ],
					"faces": {
						"north": { "texture": "#other", "uv": [ 0.0, 0.0, 1.0, 1.0 ] },
						"east": { "texture": "#other", "uv": [ 0.0, 0.0, 1.0, 1.0 ] },
						"south": { "texture": "#other", "uv": [ 0.0, 0.0, 1.0, 1.0 ] },
						"west": { "texture": "#other", "uv": [ 0.0, 0.0, 1.0, 1.0 ] },
						"up": { "texture": "#other", "uv": [ 0.0, 0.0, 1.0, 1.0 ] },
						"down": { "texture": "#other", "uv": [ 0.0, 0.0, 1.0, 1.0 ] }
					}
				},
				{
					"name": "Cube29",
					"from": [ 8.85, 1.0, 6.75 ],
					"to": [ 10.1, 2.0, 8.0 ],
					"rotationOrigin": [ 9.0, 1.0, 6.0 ],
					"faces": {
						"north": { "texture": "#other", "uv": [ 0.0, 0.0, 1.0, 1.0 ] },
						"east": { "texture": "#other", "uv": [ 0.0, 0.0, 1.0, 1.0 ] },
						"south": { "texture": "#other", "uv": [ 0.0, 0.0, 1.0, 1.0 ] },
						"west": { "texture": "#other", "uv": [ 0.0, 0.0, 1.0, 1.0 ] },
						"up": { "texture": "#other", "uv": [ 0.0, 0.0, 1.0, 1.0 ] },
						"down": { "texture": "#other", "uv": [ 0.0, 0.0, 1.0, 1.0 ] }
					}
				},
				{
					"name": "Cube26",
					"from": [ 7.0, 1.0, 6.0 ],
					"to": [ 8.0, 2.0, 8.0 ],
					"rotationOrigin": [ 7.0, 1.0, 6.0 ],
					"faces": {
						"north": { "texture": "#other", "uv": [ 0.0, 0.0, 1.0, 1.0 ] },
						"east": { "texture": "#other", "uv": [ 0.0, 0.0, 2.0, 1.0 ] },
						"south": { "texture": "#other", "uv": [ 0.0, 0.0, 1.0, 1.0 ] },
						"west": { "texture": "#other", "uv": [ 0.0, 0.0, 2.0, 1.0 ] },
						"up": { "texture": "#other", "uv": [ 0.0, 0.0, 1.0, 2.0 ] },
						"down": { "texture": "#other", "uv": [ 0.0, 0.0, 1.0, 2.0 ] }
					}
				},
				{
					"name": "Cube30",
					"from": [ 3.0, 1.0, 6.0 ],
					"to": [ 4.0, 2.0, 8.0 ],
					"rotationOrigin": [ 3.0, 1.0, 6.0 ],
					"faces": {
						"north": { "texture": "#other", "uv": [ 0.0, 0.0, 1.0, 1.0 ] },
						"east": { "texture": "#other", "uv": [ 0.0, 0.0, 2.0, 1.0 ] },
						"south": { "texture": "#other", "uv": [ 0.0, 0.0, 1.0, 1.0 ] },
						"west": { "texture": "#other", "uv": [ 0.0, 0.0, 2.0, 1.0 ] },
						"up": { "texture": "#other", "uv": [ 0.0, 0.0, 1.0, 2.0 ] },
						"down": { "texture": "#other", "uv": [ 0.0, 0.0, 1.0, 2.0 ] }
					}
				},
				{
					"name": "Cube19",
					"from": [ 6.0, 1.0, 5.0 ],
					"to": [ 9.0, 2.0, 6.0 ],
					"rotationOrigin": [ 6.0, 1.0, 5.0 ],
					"faces": {
						"north": { "texture": "#other", "uv": [ 0.0, 0.0, 3.0, 1.0 ] },
						"east": { "texture": "#other", "uv": [ 0.0, 0.0, 1.0, 1.0 ] },
						"south": { "texture": "#other", "uv": [ 0.0, 0.0, 3.0, 1.0 ] },
						"west": { "texture": "#other", "uv": [ 0.0, 0.0, 1.0, 1.0 ] },
						"up": { "texture": "#other", "uv": [ 0.0, 0.0, 3.0, 1.0 ] },
						"down": { "texture": "#other", "uv": [ 0.0, 0.0, 3.0, 1.0 ] }
					}
				},
				{
					"name": "Cube20",
					"from": [ 2.0, 1.0, 5.0 ],
					"to": [ 5.0, 2.0, 6.0 ],
					"rotationOrigin": [ 2.0, 1.0, 5.0 ],
					"faces": {
						"north": { "texture": "#other", "uv": [ 0.0, 0.0, 3.0, 1.0 ] },
						"east": { "texture": "#other", "uv": [ 0.0, 0.0, 1.0, 1.0 ] },
						"south": { "texture": "#other", "uv": [ 0.0, 0.0, 3.0, 1.0 ] },
						"west": { "texture": "#other", "uv": [ 0.0, 0.0, 1.0, 1.0 ] },
						"up": { "texture": "#other", "uv": [ 0.0, 0.0, 3.0, 1.0 ] },
						"down": { "texture": "#other", "uv": [ 0.0, 0.0, 3.0, 1.0 ] }
					}
				},
				{
					"name": "Cube13",
					"from": [ 0.0, 1.0, 5.0 ],
					"to": [ 1.0, 2.0, 6.0 ],
					"rotationOrigin": [ 0.0, 1.0, 5.0 ],
					"faces": {
						"north": { "texture": "#other", "uv": [ 0.0, 0.0, 1.0, 1.0 ] },
						"east": { "texture": "#other", "uv": [ 0.0, 0.0, 1.0, 1.0 ] },
						"south": { "texture": "#other", "uv": [ 0.0, 0.0, 1.0, 1.0 ] },
						"west": { "texture": "#other", "uv": [ 0.0, 0.0, 1.0, 1.0 ] },
						"up": { "texture": "#other", "uv": [ 0.0, 0.0, 1.0, 1.0 ] },
						"down": { "texture": "#other", "uv": [ 0.0, 0.0, 1.0, 1.0 ] }
					}
				},
				{
					"name": "Cube14",
					"from": [ 10.0, 1.0, 5.0 ],
					"to": [ 11.0, 2.0, 6.0 ],
					"rotationOrigin": [ 10.0, 1.0, 5.0 ],
					"faces": {
						"north": { "texture": "#other", "uv": [ 0.0, 0.0, 1.0, 1.0 ] },
						"east": { "texture": "#other", "uv": [ 0.0, 0.0, 1.0, 1.0 ] },
						"south": { "texture": "#other", "uv": [ 0.0, 0.0, 1.0, 1.0 ] },
						"west": { "texture": "#other", "uv": [ 0.0, 0.0, 1.0, 1.0 ] },
						"up": { "texture": "#other", "uv": [ 0.0, 0.0, 1.0, 1.0 ] },
						"down": { "texture": "#other", "uv": [ 0.0, 0.0, 1.0, 1.0 ] }
					}
				},
				{
					"name": "Cube24",
					"from": [ 0.0, 1.0, 4.0 ],
					"to": [ 11.0, 2.0, 5.0 ],
					"rotationOrigin": [ 0.0, 1.0, 4.0 ],
					"faces": {
						"north": { "texture": "#other", "uv": [ 0.0, 0.0, 11.0, 1.0 ] },
						"east": { "texture": "#other", "uv": [ 0.0, 0.0, 1.0, 1.0 ] },
						"south": { "texture": "#other", "uv": [ 0.0, 0.0, 11.0, 1.0 ] },
						"west": { "texture": "#other", "uv": [ 0.0, 0.0, 1.0, 1.0 ] },
						"up": { "texture": "#other", "uv": [ 0.0, 0.0, 11.0, 1.0 ] },
						"down": { "texture": "#other", "uv": [ 0.0, 0.0, 11.0, 1.0 ] }
					}
				},
				{
					"name": "Cube31",
					"from": [ 4.85, 1.0, 2.75 ],
					"to": [ 6.1, 2.0, 4.0 ],
					"rotationOrigin": [ 5.0, 1.0, 2.0 ],
					"faces": {
						"north": { "texture": "#other", "uv": [ 0.0, 0.0, 1.0, 1.0 ] },
						"east": { "texture": "#other", "uv": [ 0.0, 0.0, 1.0, 1.0 ] },
						"south": { "texture": "#other", "uv": [ 0.0, 0.0, 1.0, 1.0 ] },
						"west": { "texture": "#other", "uv": [ 0.0, 0.0, 1.0, 1.0 ] },
						"up": { "texture": "#other", "uv": [ 0.0, 0.0, 1.0, 1.0 ] },
						"down": { "texture": "#other", "uv": [ 0.0, 0.0, 1.0, 1.0 ] }
					}
				},
				{
					"name": "Cube32",
					"from": [ 0.85, 1.0, 2.75 ],
					"to": [ 2.1, 2.0, 4.0 ],
					"rotationOrigin": [ 1.0, 1.0, 2.0 ],
					"faces": {
						"north": { "texture": "#other", "uv": [ 0.0, 0.0, 1.0, 1.0 ] },
						"east": { "texture": "#other", "uv": [ 0.0, 0.0, 1.0, 1.0 ] },
						"south": { "texture": "#other", "uv": [ 0.0, 0.0, 1.0, 1.0 ] },
						"west": { "texture": "#other", "uv": [ 0.0, 0.0, 1.0, 1.0 ] },
						"up": { "texture": "#other", "uv": [ 0.0, 0.0, 1.0, 1.0 ] },
						"down": { "texture": "#other", "uv": [ 0.0, 0.0, 1.0, 1.0 ] }
					}
				},
				{
					"name": "Cube33",
					"from": [ 8.85, 1.0, 2.75 ],
					"to": [ 10.1, 2.0, 4.0 ],
					"rotationOrigin": [ 9.0, 1.0, 2.0 ],
					"faces": {
						"north": { "texture": "#other", "uv": [ 0.0, 0.0, 1.0, 1.0 ] },
						"east": { "texture": "#other", "uv": [ 0.0, 0.0, 1.0, 1.0 ] },
						"south": { "texture": "#other", "uv": [ 0.0, 0.0, 1.0, 1.0 ] },
						"west": { "texture": "#other", "uv": [ 0.0, 0.0, 1.0, 1.0 ] },
						"up": { "texture": "#other", "uv": [ 0.0, 0.0, 1.0, 1.0 ] },
						"down": { "texture": "#other", "uv": [ 0.0, 0.0, 1.0, 1.0 ] }
					}
				},
				{
					"name": "Cube3",
					"from": [ 0.0, 0.0, 12.0 ],
					"to": [ 11.0, 2.0, 14.0 ],
					"rotationOrigin": [ 0.0, 0.0, 2.0 ],
					"faces": {
						"north": { "texture": "#other", "uv": [ 0.0, 9.0, 11.0, 11.0 ] },
						"south": { "texture": "#other", "uv": [ 0.0, 9.0, 10.0, 11.0 ], "autoUv": false },
						"up": { "texture": "#other", "uv": [ 0.0, 7.0, 11.0, 9.0 ] },
						"down": { "texture": "#other", "uv": [ 0.0, 7.0, 10.0, 9.0 ], "autoUv": false }
					}
				},
				{
					"name": "Cube15",
					"from": [ 10.0, 1.0, 1.0 ],
					"to": [ 11.0, 2.0, 2.0 ],
					"rotationOrigin": [ 10.0, 1.0, 1.0 ],
					"faces": {
						"north": { "texture": "#other", "uv": [ 0.0, 0.0, 1.0, 1.0 ] },
						"east": { "texture": "#other", "uv": [ 0.0, 0.0, 1.0, 1.0 ] },
						"south": { "texture": "#other", "uv": [ 0.0, 0.0, 1.0, 1.0 ] },
						"west": { "texture": "#other", "uv": [ 0.0, 0.0, 1.0, 1.0 ] },
						"up": { "texture": "#other", "uv": [ 0.0, 0.0, 1.0, 1.0 ] },
						"down": { "texture": "#other", "uv": [ 0.0, 0.0, 1.0, 1.0 ] }
					}
				},
				{
					"name": "Cube16",
					"from": [ 0.0, 1.0, 1.0 ],
					"to": [ 1.0, 2.0, 2.0 ],
					"rotationOrigin": [ 0.0, 1.0, 1.0 ],
					"faces": {
						"north": { "texture": "#other", "uv": [ 0.0, 0.0, 1.0, 1.0 ] },
						"east": { "texture": "#other", "uv": [ 0.0, 0.0, 1.0, 1.0 ] },
						"south": { "texture": "#other", "uv": [ 0.0, 0.0, 1.0, 1.0 ] },
						"west": { "texture": "#other", "uv": [ 0.0, 0.0, 1.0, 1.0 ] },
						"up": { "texture": "#other", "uv": [ 0.0, 0.0, 1.0, 1.0 ] },
						"down": { "texture": "#other", "uv": [ 0.0, 0.0, 1.0, 1.0 ] }
					}
				},
				{
					"name": "Cube34",
					"from": [ 3.0, 1.0, 2.0 ],
					"to": [ 4.0, 2.0, 4.0 ],
					"rotationOrigin": [ 3.0, 1.0, 2.0 ],
					"faces": {
						"north": { "texture": "#other", "uv": [ 0.0, 0.0, 1.0, 1.0 ] },
						"east": { "texture": "#other", "uv": [ 0.0, 0.0, 2.0, 1.0 ] },
						"south": { "texture": "#other", "uv": [ 0.0, 0.0, 1.0, 1.0 ] },
						"west": { "texture": "#other", "uv": [ 0.0, 0.0, 2.0, 1.0 ] },
						"up": { "texture": "#other", "uv": [ 0.0, 0.0, 1.0, 2.0 ] },
						"down": { "texture": "#other", "uv": [ 0.0, 0.0, 1.0, 2.0 ] }
					}
				},
				{
					"name": "Cube22",
					"from": [ 2.0, 1.0, 1.0 ],
					"to": [ 5.0, 2.0, 2.0 ],
					"rotationOrigin": [ 2.0, 1.0, 1.0 ],
					"faces": {
						"north": { "texture": "#other", "uv": [ 0.0, 0.0, 3.0, 1.0 ] },
						"east": { "texture": "#other", "uv": [ 0.0, 0.0, 1.0, 1.0 ] },
						"south": { "texture": "#other", "uv": [ 0.0, 0.0, 3.0, 1.0 ] },
						"west": { "texture": "#other", "uv": [ 0.0, 0.0, 1.0, 1.0 ] },
						"up": { "texture": "#other", "uv": [ 0.0, 0.0, 3.0, 1.0 ] },
						"down": { "texture": "#other", "uv": [ 0.0, 0.0, 3.0, 1.0 ] }
					}
				},
				{
					"name": "Cube35",
					"from": [ 6.0, 1.0, 1.0 ],
					"to": [ 9.0, 2.0, 2.0 ],
					"rotationOrigin": [ 6.0, 1.0, 1.0 ],
					"faces": {
						"north": { "texture": "#other", "uv": [ 0.0, 0.0, 3.0, 1.0 ] },
						"east": { "texture": "#other", "uv": [ 0.0, 0.0, 1.0, 1.0 ] },
						"south": { "texture": "#other", "uv": [ 0.0, 0.0, 3.0, 1.0 ] },
						"west": { "texture": "#other", "uv": [ 0.0, 0.0, 1.0, 1.0 ] },
						"up": { "texture": "#other", "uv": [ 0.0, 0.0, 3.0, 1.0 ] },
						"down": { "texture": "#other", "uv": [ 0.0, 0.0, 3.0, 1.0 ] }
					}
				},
				{
					"name": "Cube36",
					"from": [ 7.0, 1.0, 2.0 ],
					"to": [ 8.0, 2.0, 4.0 ],
					"rotationOrigin": [ 7.0, 1.0, 2.0 ],
					"faces": {
						"north": { "texture": "#other", "uv": [ 0.0, 0.0, 1.0, 1.0 ] },
						"east": { "texture": "#other", "uv": [ 0.0, 0.0, 2.0, 1.0 ] },
						"south": { "texture": "#other", "uv": [ 0.0, 0.0, 1.0, 1.0 ] },
						"west": { "texture": "#other", "uv": [ 0.0, 0.0, 2.0, 1.0 ] },
						"up": { "texture": "#other", "uv": [ 0.0, 0.0, 1.0, 2.0 ] },
						"down": { "texture": "#other", "uv": [ 0.0, 0.0, 1.0, 2.0 ] }
					}
				}
			]
		}
	]}