{
	"editor": {
		"allAngles": false,
		"entityTextureMode": false
	},
	"textureWidth": 16,
	"textureHeight": 16,
	"textureSizes": {
	},
	"textures": {
		"ceramic": "game:block/clay/ceramic",
		"iron2": "game:block/metal/sheet/iron2"
	},
	"elements": [
		{
			"name": "Cube1",
			"from": [ 0.5, 0.0, 0.5 ],
			"to": [ 15.5, 1.0, 15.5 ],
			"rotationOrigin": [ -5.0, 0.0, -4.0 ],
			"faces": {
				"north": { "texture": "#ceramic", "uv": [ 0.5, 9.0, 15.5, 10.0 ] },
				"east": { "texture": "#ceramic", "uv": [ 0.5, 10.5, 15.5, 11.5 ] },
				"south": { "texture": "#ceramic", "uv": [ 0.5, 11.0, 15.5, 12.0 ] },
				"west": { "texture": "#ceramic", "uv": [ 1.0, 8.5, 16.0, 9.5 ] },
				"up": { "texture": "#ceramic", "uv": [ 1.0, 1.0, 16.0, 16.0 ] },
				"down": { "texture": "#ceramic", "uv": [ 0.5, 0.0, 15.5, 15.0 ] }
			},
			"children": [
				{
					"name": "Rotation Point",
					"from": [ 0.0, 1.0, 0.0 ],
					"to": [ 0.0, 1.0, 0.0 ],
					"rotationOrigin": [ 6.5, 1.0, 6.5 ],
					"rotationY": 90.0,
					"faces": {
						"north": { "texture": "#null", "uv": [ 7.0, 12.0, 7.5, 12.5 ] },
						"east": { "texture": "#null", "uv": [ 0.0, 8.5, 0.5, 9.0 ] },
						"south": { "texture": "#null", "uv": [ 12.5, 14.5, 13.0, 15.0 ] },
						"west": { "texture": "#null", "uv": [ 5.5, 7.5, 6.0, 8.0 ] },
						"up": { "texture": "#null", "uv": [ 12.5, 8.0, 13.0, 8.5 ] },
						"down": { "texture": "#null", "uv": [ 13.0, 11.5, 13.5, 12.0 ] }
					},
					"children": [
						{
							"name": "Wall left",
							"from": [ -2.0, 0.0, 0.0 ],
							"to": [ 13.0, 10.0, 1.0 ],
							"rotationOrigin": [ -2.0, 0.0, 0.0 ],
							"faces": {
								"north": { "texture": "#ceramic", "uv": [ 0.5, 4.0, 15.5, 14.0 ] },
								"east": { "texture": "#ceramic", "uv": [ 6.0, 4.0, 7.0, 14.0 ] },
								"south": { "texture": "#ceramic", "uv": [ 0.5, 2.0, 15.5, 12.0 ] },
								"west": { "texture": "#ceramic", "uv": [ 5.5, 4.0, 6.5, 14.0 ] },
								"up": { "texture": "#ceramic", "uv": [ 0.5, 9.0, 15.5, 10.0 ] }
							},
							"children": [
								{
									"name": "Cube3",
									"from": [ -0.1, 5.0, -0.2 ],
									"to": [ 15.1, 6.0, 0.1 ],
									"rotationOrigin": [ 0.0, 5.0, 0.0 ],
									"faces": {
										"north": { "texture": "#iron2", "uv": [ 0.5, 4.5, 15.5, 5.5 ] },
										"east": { "texture": "#iron2", "uv": [ 6.0, 4.0, 6.5, 5.0 ] },
										"south": { "texture": "#iron2", "uv": [ 0.0, 5.0, 15.0, 6.0 ] },
										"west": { "texture": "#iron2", "uv": [ 5.5, 4.0, 6.0, 5.0 ] },
										"up": { "texture": "#iron2", "uv": [ 0.5, 9.0, 15.5, 9.5 ] }
									}
								},
								{
									"name": "Cube4",
									"from": [ -0.1, 1.0, -0.2 ],
									"to": [ 15.1, 2.0, 0.1 ],
									"rotationOrigin": [ 0.0, 1.0, 0.0 ],
									"faces": {
										"north": { "texture": "#iron2", "uv": [ 0.5, 5.5, 15.5, 6.5 ] },
										"east": { "texture": "#iron2", "uv": [ 6.0, 4.0, 6.5, 5.0 ] },
										"south": { "texture": "#iron2", "uv": [ 0.5, 5.0, 15.5, 6.0 ] },
										"west": { "texture": "#iron2", "uv": [ 5.5, 4.0, 6.0, 5.0 ] },
										"up": { "texture": "#iron2", "uv": [ 0.5, 9.0, 15.5, 9.5 ] }
									}
								},
								{
									"name": "Cube5",
									"from": [ -0.1, 8.0, -0.2 ],
									"to": [ 15.1, 9.0, 0.1 ],
									"rotationOrigin": [ 0.0, 8.0, 0.0 ],
									"faces": {
										"north": { "texture": "#iron2", "uv": [ 0.5, 5.0, 15.5, 6.0 ] },
										"east": { "texture": "#iron2", "uv": [ 6.0, 4.0, 6.5, 5.0 ] },
										"south": { "texture": "#iron2", "uv": [ 0.5, 6.5, 15.5, 7.5 ] },
										"west": { "texture": "#iron2", "uv": [ 5.5, 4.0, 6.0, 5.0 ] },
										"up": { "texture": "#iron2", "uv": [ 0.5, 7.5, 15.5, 8.0 ] }
									}
								}
							]
						},
						{
							"name": "Wall middle",
							"from": [ -1.1, 0.0, 7.0 ],
							"to": [ 12.8, 9.5, 8.0 ],
							"rotationOrigin": [ -1.0, 0.0, 7.0 ],
							"faces": {
								"north": { "texture": "#ceramic", "uv": [ 1.0, 6.0, 14.5, 15.5 ] },
								"east": { "texture": "#ceramic", "uv": [ 9.0, 3.5, 10.0, 13.0 ] },
								"south": { "texture": "#ceramic", "uv": [ 2.0, 5.0, 15.5, 14.5 ] },
								"west": { "texture": "#ceramic", "uv": [ 13.5, 1.5, 14.5, 11.0 ] },
								"up": { "texture": "#ceramic", "uv": [ 0.0, 9.5, 13.5, 10.5 ] }
							}
						},
						{
							"name": "Wall right",
							"from": [ -2.0, 0.0, 14.0 ],
							"to": [ 13.0, 10.0, 15.0 ],
							"rotationOrigin": [ -2.0, 0.0, 14.0 ],
							"faces": {
								"north": { "texture": "#ceramic", "uv": [ 0.0, 5.0, 15.0, 15.0 ] },
								"east": { "texture": "#ceramic", "uv": [ 11.5, 5.0, 12.5, 15.0 ] },
								"south": { "texture": "#ceramic", "uv": [ 0.5, 3.5, 15.5, 13.5 ] },
								"west": { "texture": "#ceramic", "uv": [ 3.0, 5.5, 4.0, 15.5 ] },
								"up": { "texture": "#ceramic", "uv": [ 0.5, 4.5, 15.5, 5.5 ] }
							},
							"children": [
								{
									"name": "Cube8",
									"from": [ -0.1, 5.0, 0.8 ],
									"to": [ 15.1, 6.0, 1.1 ],
									"rotationOrigin": [ 0.0, 5.0, 1.0 ],
									"faces": {
										"north": { "texture": "#iron2", "uv": [ 0.5, 6.5, 15.5, 7.5 ] },
										"east": { "texture": "#iron2", "uv": [ 6.0, 4.0, 6.5, 5.0 ] },
										"south": { "texture": "#iron2", "uv": [ 0.5, 4.0, 15.5, 5.0 ] },
										"west": { "texture": "#iron2", "uv": [ 5.5, 4.0, 6.0, 5.0 ] },
										"up": { "texture": "#iron2", "uv": [ 0.5, 8.0, 15.5, 8.5 ] }
									}
								},
								{
									"name": "Cube9",
									"from": [ -0.1, 1.0, 0.8 ],
									"to": [ 15.1, 2.0, 1.1 ],
									"rotationOrigin": [ 0.0, 1.0, 1.0 ],
									"faces": {
										"north": { "texture": "#iron2", "uv": [ 0.5, 6.5, 15.5, 7.5 ] },
										"east": { "texture": "#iron2", "uv": [ 6.0, 4.0, 6.5, 5.0 ] },
										"south": { "texture": "#iron2", "uv": [ 1.0, 6.5, 16.0, 7.5 ] },
										"west": { "texture": "#iron2", "uv": [ 5.5, 4.0, 6.0, 5.0 ] },
										"up": { "texture": "#iron2", "uv": [ 0.5, 8.0, 15.5, 8.5 ] }
									}
								},
								{
									"name": "Cube10",
									"from": [ -0.1, 8.0, 0.8 ],
									"to": [ 15.1, 9.0, 1.1 ],
									"rotationOrigin": [ 0.0, 8.0, 1.0 ],
									"faces": {
										"north": { "texture": "#iron2", "uv": [ 0.5, 6.5, 15.5, 7.5 ] },
										"east": { "texture": "#iron2", "uv": [ 6.0, 4.0, 6.5, 5.0 ] },
										"south": { "texture": "#iron2", "uv": [ 0.5, 4.0, 15.5, 5.0 ] },
										"west": { "texture": "#iron2", "uv": [ 5.5, 4.0, 6.0, 5.0 ] },
										"up": { "texture": "#iron2", "uv": [ 0.5, 8.0, 15.5, 8.5 ] }
									}
								}
							]
						},
						{
							"name": "Wall front",
							"from": [ -2.0, 0.0, 1.0 ],
							"to": [ -1.0, 10.0, 14.0 ],
							"rotationOrigin": [ -2.0, 0.0, 1.0 ],
							"faces": {
								"east": { "texture": "#ceramic", "uv": [ 1.0, 5.5, 14.0, 15.5 ] },
								"west": { "texture": "#ceramic", "uv": [ 1.0, 5.0, 14.0, 15.0 ] },
								"up": { "texture": "#ceramic", "uv": [ 10.5, 2.5, 11.5, 15.5 ] }
							},
							"children": [
								{
									"name": "Cube21",
									"from": [ -0.1, 5.0, -0.99 ],
									"to": [ 0.09, 6.0, 13.8 ],
									"rotationOrigin": [ 0.0, 6.0, -1.0 ],
									"faces": {
										"east": { "texture": "#iron2", "uv": [ 1.0, 8.0, 15.5, 9.0 ] },
										"west": { "texture": "#iron2", "uv": [ 1.0, 7.5, 15.5, 8.5 ] },
										"up": { "texture": "#iron2", "uv": [ 7.5, 1.0, 8.0, 15.5 ] }
									}
								},
								{
									"name": "Cube24",
									"from": [ -0.1, 1.0, -0.99 ],
									"to": [ 0.09, 2.0, 13.8 ],
									"rotationOrigin": [ 0.0, 2.0, -1.0 ],
									"faces": {
										"east": { "texture": "#iron2", "uv": [ 1.0, 7.5, 15.5, 8.5 ] },
										"west": { "texture": "#iron2", "uv": [ 1.0, 7.0, 15.5, 8.0 ] },
										"up": { "texture": "#iron2", "uv": [ 8.0, 1.0, 8.5, 15.5 ] }
									}
								},
								{
									"name": "Cube23",
									"from": [ -0.1, 8.0, -0.99 ],
									"to": [ 0.09, 9.0, 13.8 ],
									"rotationOrigin": [ 0.0, 9.0, -1.0 ],
									"faces": {
										"east": { "texture": "#iron2", "uv": [ 1.0, 8.0, 15.5, 9.0 ] },
										"west": { "texture": "#iron2", "uv": [ 1.0, 7.5, 15.5, 8.5 ] },
										"up": { "texture": "#iron2", "uv": [ 7.5, 1.0, 8.0, 15.5 ] }
									}
								}
							]
						},
						{
							"name": "Wall back",
							"from": [ 12.0, 0.0, 1.0 ],
							"to": [ 13.0, 10.0, 14.0 ],
							"rotationOrigin": [ 12.0, 0.0, 1.0 ],
							"faces": {
								"east": { "texture": "#ceramic", "uv": [ 0.5, 5.0, 13.5, 15.0 ] },
								"west": { "texture": "#ceramic", "uv": [ 1.0, 4.5, 14.0, 14.5 ] },
								"up": { "texture": "#ceramic", "uv": [ 6.0, 1.0, 7.0, 14.0 ] }
							},
							"children": [
								{
									"name": "Cube22",
									"from": [ 0.9, 5.0, -0.99 ],
									"to": [ 1.09, 6.0, 13.8 ],
									"rotationOrigin": [ 1.0, 6.0, -1.0 ],
									"faces": {
										"east": { "texture": "#iron2", "uv": [ 1.0, 7.5, 15.5, 8.5 ] },
										"west": { "texture": "#iron2", "uv": [ 1.0, 7.5, 15.5, 8.5 ] },
										"up": { "texture": "#iron2", "uv": [ 8.0, 1.0, 8.5, 15.5 ] }
									}
								},
								{
									"name": "Cube25",
									"from": [ 0.9, 1.0, -0.99 ],
									"to": [ 1.09, 2.0, 13.8 ],
									"rotationOrigin": [ 1.0, 2.0, -1.0 ],
									"faces": {
										"east": { "texture": "#iron2", "uv": [ 1.0, 7.5, 15.5, 8.5 ] },
										"west": { "texture": "#iron2", "uv": [ 0.5, 7.5, 15.0, 8.5 ] },
										"up": { "texture": "#iron2", "uv": [ 7.0, 0.5, 7.5, 15.0 ] }
									}
								},
								{
									"name": "Cube26",
									"from": [ 0.9, 8.0, -0.99 ],
									"to": [ 1.09, 9.0, 13.8 ],
									"rotationOrigin": [ 1.0, 9.0, -1.0 ],
									"faces": {
										"east": { "texture": "#iron2", "uv": [ 1.0, 7.5, 15.5, 8.5 ] },
										"west": { "texture": "#iron2", "uv": [ 1.0, 7.5, 15.5, 8.5 ] },
										"up": { "texture": "#iron2", "uv": [ 8.0, 1.0, 8.5, 15.5 ] }
									}
								}
							]
						},
						{
							"name": "Middle middle",
							"from": [ 5.0, 0.0, 1.0 ],
							"to": [ 6.0, 9.0, 14.0 ],
							"rotationOrigin": [ 5.0, 0.0, 1.0 ],
							"faces": {
								"north": { "texture": "#ceramic", "uv": [ 1.5, 2.0, 2.5, 11.0 ] },
								"east": { "texture": "#ceramic", "uv": [ 1.5, 5.0, 14.5, 14.0 ] },
								"south": { "texture": "#ceramic", "uv": [ 1.0, 2.0, 2.0, 11.0 ] },
								"west": { "texture": "#ceramic", "uv": [ 1.0, 3.5, 14.0, 12.5 ] },
								"up": { "texture": "#ceramic", "uv": [ 4.0, 1.5, 5.0, 14.5 ] }
							}
						},
						{
							"name": "Middle back",
							"from": [ -0.5, 0.0, 1.5 ],
							"to": [ 4.5, 9.0, 6.5 ],
							"rotationOrigin": [ 0.0, 0.0, 2.0 ],
							"faces": {
								"north": { "texture": "#ceramic", "uv": [ 1.5, 2.0, 6.5, 11.0 ] },
								"east": { "texture": "#ceramic", "uv": [ 2.5, 4.0, 7.5, 13.0 ] },
								"south": { "texture": "#ceramic", "uv": [ 0.5, 0.5, 5.5, 9.5 ] },
								"west": { "texture": "#ceramic", "uv": [ 3.5, 4.0, 8.5, 13.0 ] },
								"up": { "texture": "#ceramic", "uv": [ 3.0, 6.0, 8.0, 11.0 ] }
							}
						},
						{
							"name": "Middle back2",
							"from": [ -0.5, 0.0, 8.5 ],
							"to": [ 4.5, 9.0, 13.5 ],
							"rotationOrigin": [ 0.0, 0.0, 9.0 ],
							"faces": {
								"north": { "texture": "#ceramic", "uv": [ 1.5, 2.0, 6.5, 11.0 ] },
								"east": { "texture": "#ceramic", "uv": [ 2.5, 4.0, 7.5, 13.0 ] },
								"south": { "texture": "#ceramic", "uv": [ 0.5, 0.5, 5.5, 9.5 ] },
								"west": { "texture": "#ceramic", "uv": [ 3.5, 4.0, 8.5, 13.0 ] },
								"up": { "texture": "#ceramic", "uv": [ 3.0, 6.0, 8.0, 11.0 ] }
							}
						},
						{
							"name": "Middle back3",
							"from": [ 6.5, 0.0, 8.5 ],
							"to": [ 11.5, 9.0, 13.5 ],
							"rotationOrigin": [ 7.0, 0.0, 9.0 ],
							"faces": {
								"north": { "texture": "#ceramic", "uv": [ 1.5, 2.0, 6.5, 11.0 ] },
								"east": { "texture": "#ceramic", "uv": [ 2.5, 4.0, 7.5, 13.0 ] },
								"south": { "texture": "#ceramic", "uv": [ 0.5, 0.5, 5.5, 9.5 ] },
								"west": { "texture": "#ceramic", "uv": [ 3.5, 4.0, 8.5, 13.0 ] },
								"up": { "texture": "#ceramic", "uv": [ 3.0, 6.0, 8.0, 11.0 ] }
							}
						},
						{
							"name": "Middle back4",
							"from": [ 6.5, 0.0, 1.5 ],
							"to": [ 11.5, 9.0, 6.5 ],
							"rotationOrigin": [ 7.0, 0.0, 2.0 ],
							"faces": {
								"north": { "texture": "#ceramic", "uv": [ 1.5, 2.0, 6.5, 11.0 ] },
								"east": { "texture": "#ceramic", "uv": [ 2.5, 4.0, 7.5, 13.0 ] },
								"south": { "texture": "#ceramic", "uv": [ 0.5, 0.5, 5.5, 9.5 ] },
								"west": { "texture": "#ceramic", "uv": [ 3.5, 4.0, 8.5, 13.0 ] },
								"up": { "texture": "#ceramic", "uv": [ 3.0, 6.0, 8.0, 11.0 ] }
							}
						}
					]
				}
			]
		}
	]}