{
	"editor": {
		"allAngles": false,
		"entityTextureMode": false
	},
	"textureWidth": 16,
	"textureHeight": 16,
	"textureSizes": {
	},
	"textures": {
		"string": "game:item/tool/material/string",
		"metal": "game:block/metal/ingot/electrum",
		"handle": "game:item/tool/material/handle"
	},
	"elements": [
		{
			"name": "origin",
			"from": [ 0.0, 0.0, 0.0 ], 
			"to": [ 0.0, 0.0, 0.0 ], 
			"rotationOrigin": [ 8.0, 0.0, 8.0 ],
			"faces": {
				"north": { "texture": "#null", "uv": [ 0.0, 0.0, 0.5, 0.5 ], "enabled": false },
				"east": { "texture": "#null", "uv": [ 0.0, 0.0, 0.5, 0.5 ], "enabled": false },
				"south": { "texture": "#null", "uv": [ 0.0, 0.0, 0.5, 0.5 ], "enabled": false },
				"west": { "texture": "#null", "uv": [ 0.0, 0.0, 0.5, 0.5 ], "enabled": false },
				"up": { "texture": "#null", "uv": [ 0.0, 0.0, 0.5, 0.5 ], "enabled": false },
				"down": { "texture": "#null", "uv": [ 0.0, 0.0, 0.5, 0.5 ], "enabled": false }
			},
			"children": [
				{
					"name": "handle",
					"from": [ -2.0, 0.0, 7.5 ], 
					"to": [ 14.0, 1.5, 9.0 ], 
					"rotationOrigin": [ -1.5, 0.5, 8.0 ],
					"faces": {
						"north": { "texture": "#handle", "uv": [ 0.0, 5.5, 16.0, 7.0 ] },
						"east": { "texture": "#handle", "uv": [ 0.5, 0.5, 2.0, 2.0 ], "windMode": [-1,-1,-1,-1] },
						"south": { "texture": "#handle", "uv": [ 0.0, 10.5, 16.0, 12.0 ], "windMode": [-1,-1,-1,-1] },
						"west": { "texture": "#handle", "uv": [ 14.0, 10.0, 15.5, 11.5 ], "windMode": [-1,-1,-1,-1] },
						"up": { "texture": "#handle", "uv": [ 0.0, 4.5, 16.0, 6.0 ] },
						"down": { "texture": "#handle", "uv": [ 0.0, 5.0, 16.0, 6.5 ] }
					},
					"children": [
						{
							"name": "handle 2",
							"from": [ -3.8, 0.25, 0.0 ], 
							"to": [ 0.2, 1.25, 1.0 ], 
							"rotationOrigin": [ 0.2, 0.7, 0.5 ],
							"rotationY": -18.0,
							"faces": {
								"north": { "texture": "#handle", "uv": [ 1.0, 8.5, 5.0, 9.5 ] },
								"east": { "texture": "#handle", "uv": [ 3.5, 0.5, 4.5, 1.5 ], "windMode": [-1,-1,-1,-1] },
								"south": { "texture": "#handle", "uv": [ 1.5, 3.5, 5.5, 4.5 ], "windMode": [-1,-1,-1,-1] },
								"west": { "texture": "#handle", "uv": [ 11.0, 10.0, 12.0, 11.0 ], "windMode": [-1,-1,-1,-1] },
								"up": { "texture": "#handle", "uv": [ 4.0, 2.5, 8.0, 3.5 ], "windMode": [-1,-1,-1,-1] },
								"down": { "texture": "#handle", "uv": [ 1.5, 5.0, 5.5, 6.0 ], "windMode": [-1,-1,-1,-1] }
							}
						},
						{
							"name": "handle 4",
							"from": [ -4.4, 0.15, -1.5 ], 
							"to": [ -3.4, 1.35, 3.0 ], 
							"rotationOrigin": [ -3.4, 0.7, 1.0 ],
							"faces": {
								"north": { "texture": "#handle", "uv": [ 1.0, 8.5, 2.0, 9.5 ] },
								"east": { "texture": "#handle", "uv": [ 3.5, 4.5, 8.0, 5.5 ] },
								"south": { "texture": "#handle", "uv": [ 3.0, 5.0, 4.0, 6.0 ] },
								"west": { "texture": "#handle", "uv": [ 5.5, 2.5, 10.0, 3.5 ] },
								"up": { "texture": "#handle", "uv": [ 7.0, 4.5, 11.5, 5.5 ], "rotation": 90 },
								"down": { "texture": "#handle", "uv": [ 8.0, 5.0, 12.5, 6.0 ], "rotation": 90 }
							},
							"children": [
								{
									"name": "string 19",
									"from": [ 0.5, -0.1, 2.2 ], 
									"to": [ 1.0, 1.4, 4.7 ], 
									"rotationOrigin": [ 0.5, -0.05, 3.7 ],
									"rotationX": 2.0,
									"rotationY": -27.0,
									"faces": {
										"north": { "texture": "#string", "uv": [ 0.0, 0.5, 1.5, 1.0 ], "rotation": 90 },
										"east": { "texture": "#string", "uv": [ 0.0, 0.0, 2.5, 1.5 ] },
										"south": { "texture": "#string", "uv": [ 2.0, 0.5, 3.5, 1.0 ], "rotation": 90 },
										"west": { "texture": "#string", "uv": [ 0.0, 4.0, 2.5, 5.5 ] },
										"up": { "texture": "#string", "uv": [ 5.0, 1.5, 7.5, 2.0 ], "rotation": 90 },
										"down": { "texture": "#string", "uv": [ 6.5, 1.5, 9.0, 2.0 ], "rotation": 90 }
									}
								},
								{
									"name": "string 20",
									"from": [ 0.7, -0.15, -0.4 ], 
									"to": [ 1.2, 1.55, 2.1 ], 
									"rotationOrigin": [ 0.7, -0.15, 1.1 ],
									"rotationX": -1.0,
									"rotationY": 25.0,
									"faces": {
										"north": { "texture": "#string", "uv": [ 8.5, 0.5, 10.0, 1.0 ], "rotation": 90 },
										"east": { "texture": "#string", "uv": [ 0.0, 0.0, 2.5, 1.5 ] },
										"south": { "texture": "#string", "uv": [ 1.0, 0.5, 2.5, 1.0 ], "rotation": 90 },
										"west": { "texture": "#string", "uv": [ 2.0, 2.5, 4.5, 4.0 ] },
										"up": { "texture": "#string", "uv": [ 0.0, 0.0, 0.5, 2.5 ] },
										"down": { "texture": "#string", "uv": [ 0.0, 0.0, 0.5, 2.5 ] }
									}
								},
								{
									"name": "string 21",
									"from": [ 1.2, -0.15, 2.6 ], 
									"to": [ 1.7, 1.35, 4.6 ], 
									"rotationOrigin": [ 1.2, -0.15, 4.1 ],
									"rotationX": 2.0,
									"rotationY": 73.0,
									"faces": {
										"north": { "texture": "#string", "uv": [ 5.0, 5.5, 6.5, 6.0 ], "rotation": 90 },
										"east": { "texture": "#string", "uv": [ 6.0, 2.0, 8.0, 3.5 ] },
										"south": { "texture": "#string", "uv": [ 10.0, 2.5, 11.5, 3.0 ], "rotation": 90 },
										"west": { "texture": "#string", "uv": [ 3.0, 6.0, 5.0, 7.5 ] },
										"up": { "texture": "#string", "uv": [ 5.0, 0.5, 7.0, 1.0 ], "rotation": 90 },
										"down": { "texture": "#string", "uv": [ 8.5, 0.5, 10.5, 1.0 ], "rotation": 90 }
									}
								},
								{
									"name": "string 58",
									"from": [ 1.4, -0.15, -0.6 ], 
									"to": [ 1.9, 1.35, 1.4 ], 
									"rotationOrigin": [ 1.4, -0.15, 0.9 ],
									"rotationX": -178.0,
									"rotationY": 75.0,
									"rotationZ": -180.0,
									"faces": {
										"north": { "texture": "#string", "uv": [ 5.0, 5.5, 6.5, 6.0 ], "rotation": 90 },
										"east": { "texture": "#string", "uv": [ 6.0, 2.0, 8.0, 3.5 ] },
										"south": { "texture": "#string", "uv": [ 10.0, 2.5, 11.5, 3.0 ], "rotation": 90 },
										"west": { "texture": "#string", "uv": [ 3.0, 6.0, 5.0, 7.5 ] },
										"up": { "texture": "#string", "uv": [ 5.0, 0.5, 7.0, 1.0 ], "rotation": 90 },
										"down": { "texture": "#string", "uv": [ 8.5, 0.5, 10.5, 1.0 ], "rotation": 90 }
									}
								}
							]
						},
						{
							"name": "handle 3",
							"from": [ -3.8, 0.25, 0.5 ], 
							"to": [ 0.2, 1.25, 1.5 ], 
							"rotationOrigin": [ 0.2, 0.7, 1.0 ],
							"rotationY": 18.0,
							"faces": {
								"north": { "texture": "#handle", "uv": [ 1.0, 8.5, 5.0, 9.5 ] },
								"east": { "texture": "#handle", "uv": [ 3.5, 0.5, 4.5, 1.5 ], "windMode": [-1,-1,-1,-1] },
								"south": { "texture": "#handle", "uv": [ 1.5, 3.5, 5.5, 4.5 ] },
								"west": { "texture": "#handle", "uv": [ 11.0, 10.0, 12.0, 11.0 ], "windMode": [-1,-1,-1,-1] },
								"up": { "texture": "#handle", "uv": [ 4.0, 2.5, 8.0, 3.5 ] },
								"down": { "texture": "#handle", "uv": [ 1.5, 5.0, 5.5, 6.0 ] }
							}
						},
						{
							"name": "string 1",
							"from": [ 12.3, -0.15, -0.2 ], 
							"to": [ 12.8, 1.65, 1.6 ], 
							"rotationOrigin": [ 12.3, -0.1, 1.3 ],
							"rotationX": 1.0,
							"faces": {
								"north": { "texture": "#string", "uv": [ 3.0, 4.5, 4.5, 5.0 ], "rotation": 90 },
								"east": { "texture": "#string", "uv": [ 1.0, 3.0, 2.5, 4.5 ] },
								"south": { "texture": "#string", "uv": [ 0.0, 7.5, 1.5, 8.0 ], "rotation": 90 },
								"west": { "texture": "#string", "uv": [ 3.0, 5.5, 4.5, 7.0 ] },
								"up": { "texture": "#string", "uv": [ 5.5, 0.0, 7.0, 0.5 ], "rotation": 90 },
								"down": { "texture": "#string", "uv": [ 5.5, 2.0, 7.0, 2.5 ], "rotation": 90 }
							}
						},
						{
							"name": "string 2",
							"from": [ 13.0, -0.15, -0.4 ], 
							"to": [ 13.5, 1.65, 1.6 ], 
							"rotationOrigin": [ 13.0, -0.1, 1.1 ],
							"rotationX": 2.0,
							"rotationY": -26.0,
							"faces": {
								"north": { "texture": "#string", "uv": [ 5.0, 5.5, 6.5, 6.0 ], "rotation": 90 },
								"east": { "texture": "#string", "uv": [ 6.0, 2.0, 8.0, 3.5 ] },
								"south": { "texture": "#string", "uv": [ 10.0, 2.5, 11.5, 3.0 ], "rotation": 90 },
								"west": { "texture": "#string", "uv": [ 3.0, 6.0, 5.0, 7.5 ] },
								"up": { "texture": "#string", "uv": [ 5.0, 0.5, 7.0, 1.0 ], "rotation": 90 },
								"down": { "texture": "#string", "uv": [ 8.5, 0.5, 10.5, 1.0 ], "rotation": 90 }
							}
						},
						{
							"name": "string 3",
							"from": [ 14.4, -0.13, -0.2 ], 
							"to": [ 14.9, 1.63, 1.8 ], 
							"rotationOrigin": [ 14.4, -0.1, 1.3 ],
							"rotationY": 12.0,
							"faces": {
								"north": { "texture": "#string", "uv": [ 8.5, 0.5, 10.0, 1.0 ], "rotation": 90 },
								"east": { "texture": "#string", "uv": [ 0.0, 0.0, 2.0, 1.5 ] },
								"south": { "texture": "#string", "uv": [ 1.0, 0.5, 2.5, 1.0 ], "rotation": 90 },
								"west": { "texture": "#string", "uv": [ 2.0, 2.5, 4.0, 4.0 ] },
								"up": { "texture": "#string", "uv": [ 0.0, 0.0, 0.5, 2.0 ] },
								"down": { "texture": "#string", "uv": [ 0.0, 0.0, 0.5, 2.0 ] }
							}
						},
						{
							"name": "string 4",
							"from": [ 14.2, -0.15, -0.4 ], 
							"to": [ 14.7, 1.65, 1.6 ], 
							"rotationOrigin": [ 14.2, -0.1, 1.1 ],
							"rotationX": 2.0,
							"rotationY": -26.0,
							"faces": {
								"north": { "texture": "#string", "uv": [ 0.0, 0.5, 1.5, 1.0 ], "rotation": 90 },
								"east": { "texture": "#string", "uv": [ 0.0, 0.0, 2.0, 1.5 ] },
								"south": { "texture": "#string", "uv": [ 2.0, 0.5, 3.5, 1.0 ], "rotation": 90 },
								"west": { "texture": "#string", "uv": [ 0.0, 4.0, 2.0, 5.5 ] },
								"up": { "texture": "#string", "uv": [ 5.0, 1.5, 7.0, 2.0 ], "rotation": 90 },
								"down": { "texture": "#string", "uv": [ 6.5, 1.5, 8.5, 2.0 ], "rotation": 90 }
							}
						},
						{
							"name": "string 5",
							"from": [ 15.4, -0.15, -0.2 ], 
							"to": [ 15.9, 1.65, 1.6 ], 
							"rotationOrigin": [ 15.4, -0.1, 1.3 ],
							"rotationX": 1.0,
							"faces": {
								"north": { "texture": "#string", "uv": [ 1.0, 0.5, 2.5, 1.0 ], "rotation": 90 },
								"east": { "texture": "#string", "uv": [ 0.0, 2.0, 1.5, 3.5 ] },
								"south": { "texture": "#string", "uv": [ 0.0, 2.5, 1.5, 3.0 ], "rotation": 90 },
								"west": { "texture": "#string", "uv": [ 2.0, 2.5, 3.5, 4.0 ] },
								"up": { "texture": "#string", "uv": [ 4.5, 0.0, 6.0, 0.5 ], "rotation": 90 },
								"down": { "texture": "#string", "uv": [ 2.5, 2.0, 4.0, 2.5 ], "rotation": 90 }
							}
						},
						{
							"name": "string 18",
							"from": [ 0.1, -0.15, -0.2 ], 
							"to": [ 0.6, 1.65, 1.6 ], 
							"rotationOrigin": [ 0.1, -0.1, 1.3 ],
							"rotationX": 1.0,
							"faces": {
								"north": { "texture": "#string", "uv": [ 1.0, 0.5, 2.5, 1.0 ], "rotation": 90 },
								"east": { "texture": "#string", "uv": [ 0.0, 2.0, 1.5, 3.5 ] },
								"south": { "texture": "#string", "uv": [ 0.0, 2.5, 1.5, 3.0 ], "rotation": 90 },
								"west": { "texture": "#string", "uv": [ 2.0, 2.5, 3.5, 4.0 ] },
								"up": { "texture": "#string", "uv": [ 4.5, 0.0, 6.0, 0.5 ], "rotation": 90 },
								"down": { "texture": "#string", "uv": [ 2.5, 2.0, 4.0, 2.5 ], "rotation": 90 }
							}
						},
						{
							"name": "string 22",
							"from": [ 0.9, -0.15, -0.4 ], 
							"to": [ 1.4, 1.65, 1.6 ], 
							"rotationOrigin": [ 0.9, -0.1, 1.1 ],
							"rotationX": 2.0,
							"rotationY": -32.0,
							"faces": {
								"north": { "texture": "#string", "uv": [ 0.0, 0.5, 1.5, 1.0 ], "rotation": 90 },
								"east": { "texture": "#string", "uv": [ 0.0, 0.0, 2.0, 1.5 ] },
								"south": { "texture": "#string", "uv": [ 2.0, 0.5, 3.5, 1.0 ], "rotation": 90 },
								"west": { "texture": "#string", "uv": [ 0.0, 4.0, 2.0, 5.5 ] },
								"up": { "texture": "#string", "uv": [ 5.0, 1.5, 7.0, 2.0 ], "rotation": 90 },
								"down": { "texture": "#string", "uv": [ 6.5, 1.5, 8.5, 2.0 ], "rotation": 90 }
							}
						},
						{
							"name": "string 23",
							"from": [ 1.4, -0.15, -0.2 ], 
							"to": [ 1.9, 1.65, 1.8 ], 
							"rotationOrigin": [ 1.4, -0.1, 1.3 ],
							"rotationX": 2.0,
							"rotationY": 28.0,
							"faces": {
								"north": { "texture": "#string", "uv": [ 5.0, 5.5, 6.5, 6.0 ], "rotation": 90 },
								"east": { "texture": "#string", "uv": [ 6.0, 2.0, 8.0, 3.5 ] },
								"south": { "texture": "#string", "uv": [ 10.0, 2.5, 11.5, 3.0 ], "rotation": 90 },
								"west": { "texture": "#string", "uv": [ 3.0, 6.0, 5.0, 7.5 ] },
								"up": { "texture": "#string", "uv": [ 5.0, 0.5, 7.0, 1.0 ], "rotation": 90 },
								"down": { "texture": "#string", "uv": [ 8.5, 0.5, 10.5, 1.0 ], "rotation": 90 }
							}
						},
						{
							"name": "string 24",
							"from": [ 2.2, -0.1, -0.2 ], 
							"to": [ 2.7, 1.7, 1.6 ], 
							"rotationOrigin": [ 2.1, -0.1, 1.3 ],
							"rotationX": 1.0,
							"rotationY": -11.0,
							"faces": {
								"north": { "texture": "#string", "uv": [ 1.0, 0.5, 2.5, 1.0 ], "rotation": 90 },
								"east": { "texture": "#string", "uv": [ 0.0, 2.0, 1.5, 3.5 ] },
								"south": { "texture": "#string", "uv": [ 0.0, 2.5, 1.5, 3.0 ], "rotation": 90 },
								"west": { "texture": "#string", "uv": [ 2.0, 2.5, 3.5, 4.0 ] },
								"up": { "texture": "#string", "uv": [ 4.5, 0.0, 6.0, 0.5 ], "rotation": 90 },
								"down": { "texture": "#string", "uv": [ 2.5, 2.0, 4.0, 2.5 ], "rotation": 90 }
							}
						},
						{
							"name": "string 25",
							"from": [ 3.0, -0.13, -0.2 ], 
							"to": [ 3.5, 1.63, 1.8 ], 
							"rotationOrigin": [ 3.0, -0.1, 1.3 ],
							"rotationY": 3.0,
							"faces": {
								"north": { "texture": "#string", "uv": [ 8.5, 0.5, 10.0, 1.0 ], "rotation": 90 },
								"east": { "texture": "#string", "uv": [ 0.0, 0.0, 2.0, 1.5 ] },
								"south": { "texture": "#string", "uv": [ 1.0, 0.5, 2.5, 1.0 ], "rotation": 90 },
								"west": { "texture": "#string", "uv": [ 2.0, 2.5, 4.0, 4.0 ] },
								"up": { "texture": "#string", "uv": [ 0.0, 0.0, 0.5, 2.0 ] },
								"down": { "texture": "#string", "uv": [ 0.0, 0.0, 0.5, 2.0 ] }
							}
						}
					]
				},
				{
					"name": "axe",
					"from": [ 20.0, 0.5, 7.6 ], 
					"to": [ 20.0, 0.5, 7.6 ], 
					"rotationOrigin": [ 10.0, 0.0, 7.0 ],
					"faces": {
						"north": { "texture": "#string", "uv": [ 0.0, 0.0, 0.5, 0.5 ] },
						"east": { "texture": "#string", "uv": [ 0.0, 0.0, 0.5, 0.5 ] },
						"south": { "texture": "#string", "uv": [ 0.0, 0.0, 0.5, 0.5 ] },
						"west": { "texture": "#string", "uv": [ 0.0, 0.0, 0.5, 0.5 ] },
						"up": { "texture": "#string", "uv": [ 0.0, 0.0, 0.5, 0.5 ] },
						"down": { "texture": "#string", "uv": [ 0.0, 0.0, 0.5, 0.5 ] }
					},
					"children": [
						{
							"name": "Blademiddle",
							"from": [ -3.8, 0.0, -3.2 ], 
							"to": [ -0.3, 0.2, -1.2 ], 
							"rotationOrigin": [ -2.3, -0.1, -0.6 ],
							"rotationX": 6.0,
							"faces": {
								"north": { "reflectiveMode": 3, "texture": "#metal", "uv": [ 1.0, 5.0, 4.5, 5.5 ] },
								"east": { "reflectiveMode": 3, "texture": "#metal", "uv": [ 2.0, 5.0, 4.0, 5.5 ] },
								"south": { "reflectiveMode": 3, "texture": "#metal", "uv": [ 2.0, 7.0, 5.5, 7.5 ] },
								"west": { "reflectiveMode": 3, "texture": "#metal", "uv": [ 2.0, 6.0, 4.0, 6.5 ] },
								"up": { "reflectiveMode": 3, "texture": "#metal", "uv": [ 1.5, 6.0, 3.5, 9.5 ], "rotation": 270 },
								"down": { "reflectiveMode": 3, "texture": "#metal", "uv": [ 8.0, 3.5, 11.5, 5.5 ] }
							},
							"children": [
								{
									"name": "Bladebeard1",
									"from": [ -1.0, 0.0, 0.0 ], 
									"to": [ 0.0, 0.2, 2.0 ], 
									"rotationOrigin": [ 0.0, 0.0, 0.0 ],
									"rotationY": 10.0,
									"rotationZ": 1.0,
									"faces": {
										"north": { "reflectiveMode": 3, "texture": "#metal", "uv": [ 1.0, 5.0, 2.0, 5.5 ] },
										"east": { "reflectiveMode": 3, "texture": "#metal", "uv": [ 2.0, 5.0, 4.0, 5.5 ] },
										"south": { "reflectiveMode": 3, "texture": "#metal", "uv": [ 2.0, 7.0, 3.0, 7.5 ] },
										"west": { "reflectiveMode": 3, "texture": "#metal", "uv": [ 2.0, 6.0, 4.0, 6.5 ] },
										"up": { "reflectiveMode": 3, "texture": "#metal", "uv": [ 12.5, 2.0, 14.5, 3.0 ], "rotation": 90 },
										"down": { "reflectiveMode": 3, "texture": "#metal", "uv": [ 3.0, 3.0, 4.0, 5.0 ] }
									},
									"children": [
										{
											"name": "Bladebeard2",
											"from": [ -0.75, -0.001, 0.0 ], 
											"to": [ 0.05, 0.199, 1.5 ], 
											"rotationOrigin": [ -0.0195, 0.0, 0.1233 ],
											"rotationY": 10.0,
											"faces": {
												"north": { "reflectiveMode": 3, "texture": "#metal", "uv": [ 1.0, 5.0, 1.5, 5.5 ] },
												"east": { "reflectiveMode": 3, "texture": "#metal", "uv": [ 2.0, 5.0, 3.5, 5.5 ] },
												"south": { "reflectiveMode": 3, "texture": "#metal", "uv": [ 2.0, 7.0, 2.5, 7.5 ] },
												"west": { "reflectiveMode": 3, "texture": "#metal", "uv": [ 2.0, 6.0, 3.5, 6.5 ] },
												"up": { "reflectiveMode": 3, "texture": "#metal", "uv": [ 3.0, 9.5, 4.5, 10.0 ], "rotation": 90 },
												"down": { "reflectiveMode": 3, "texture": "#metal", "uv": [ 3.0, 3.0, 3.5, 4.5 ] }
											}
										}
									]
								},
								{
									"name": "Bladehorn1",
									"from": [ 3.5, 0.0, 0.0 ], 
									"to": [ 4.0, 0.2, 3.0 ], 
									"rotationOrigin": [ 3.5, 0.0, 0.0 ],
									"rotationY": -10.0,
									"rotationZ": -1.0,
									"faces": {
										"north": { "reflectiveMode": 3, "texture": "#metal", "uv": [ 1.0, 5.0, 1.5, 5.5 ] },
										"east": { "reflectiveMode": 3, "texture": "#metal", "uv": [ 2.0, 5.0, 5.0, 5.5 ] },
										"south": { "reflectiveMode": 3, "texture": "#metal", "uv": [ 2.0, 7.0, 2.5, 7.5 ] },
										"west": { "reflectiveMode": 3, "texture": "#metal", "uv": [ 2.0, 6.0, 5.0, 6.5 ] },
										"up": { "reflectiveMode": 3, "texture": "#metal", "uv": [ 11.0, 13.0, 14.0, 13.5 ], "rotation": 90 },
										"down": { "reflectiveMode": 3, "texture": "#metal", "uv": [ 3.0, 3.0, 3.5, 6.0 ] }
									},
									"children": [
										{
											"name": "Bladehorn2",
											"from": [ 0.41, 0.05, 0.0117 ], 
											"to": [ 0.91, 0.15, 1.0117 ], 
											"rotationOrigin": [ 0.4098, 0.0, 0.0117 ],
											"rotationY": -10.0,
											"faces": {
												"north": { "reflectiveMode": 3, "texture": "#metal", "uv": [ 1.0, 5.0, 1.5, 5.5 ] },
												"east": { "reflectiveMode": 3, "texture": "#metal", "uv": [ 2.0, 5.0, 3.0, 5.5 ] },
												"south": { "reflectiveMode": 3, "texture": "#metal", "uv": [ 2.0, 7.0, 2.5, 7.5 ] },
												"west": { "reflectiveMode": 3, "texture": "#metal", "uv": [ 2.0, 6.0, 3.0, 6.5 ] },
												"up": { "reflectiveMode": 3, "texture": "#metal", "uv": [ 3.0, 9.5, 4.0, 10.0 ], "rotation": 90 },
												"down": { "reflectiveMode": 3, "texture": "#metal", "uv": [ 3.0, 3.0, 3.5, 4.0 ] }
											}
										}
									]
								}
							]
						}
					]
				},
				{
					"name": "shovel",
					"from": [ 19.0, 0.5, 8.0 ], 
					"to": [ 19.0, 0.5, 8.0 ], 
					"rotationOrigin": [ 3.0, 0.0, 8.0 ],
					"faces": {
						"north": { "texture": "#string", "uv": [ 0.0, 0.0, 0.5, 0.5 ], "enabled": false },
						"east": { "texture": "#string", "uv": [ 0.0, 0.0, 0.5, 0.5 ], "enabled": false },
						"south": { "texture": "#string", "uv": [ 0.0, 0.0, 0.5, 0.5 ], "enabled": false },
						"west": { "texture": "#string", "uv": [ 0.0, 0.0, 0.5, 0.5 ], "enabled": false },
						"up": { "texture": "#string", "uv": [ 0.0, 0.0, 0.5, 0.5 ], "enabled": false },
						"down": { "texture": "#string", "uv": [ 0.0, 0.0, 0.5, 0.5 ], "enabled": false }
					},
					"children": [
						{
							"name": "holder",
							"from": [ -5.0, -0.6, -0.6 ], 
							"to": [ -3.0, 1.1, 1.1 ], 
							"rotationOrigin": [ -5.0, -0.6, -0.6 ],
							"faces": {
								"north": { "reflectiveMode": 3, "texture": "#metal", "uv": [ 7.0, 3.0, 9.0, 4.5 ] },
								"east": { "reflectiveMode": 3, "texture": "#metal", "uv": [ 1.0, 2.0, 2.5, 3.5 ] },
								"south": { "reflectiveMode": 3, "texture": "#metal", "uv": [ 6.0, 4.0, 8.0, 5.5 ] },
								"west": { "reflectiveMode": 3, "texture": "#metal", "uv": [ 6.0, 2.0, 7.5, 3.5 ] },
								"up": { "reflectiveMode": 3, "texture": "#metal", "uv": [ 11.0, 3.5, 12.5, 5.5 ], "rotation": 90 },
								"down": { "reflectiveMode": 3, "texture": "#metal", "uv": [ 4.0, 3.0, 6.0, 4.5 ] }
							},
							"children": [
								{
									"name": "Blade",
									"from": [ 0.6, 0.3, -2.05 ], 
									"to": [ 6.1, 0.8, 0.95 ], 
									"rotationOrigin": [ 2.1, 0.3, 0.9 ],
									"rotationX": 6.0,
									"faces": {
										"north": { "reflectiveMode": 3, "texture": "#metal", "uv": [ 7.0, 3.0, 12.5, 3.5 ] },
										"east": { "reflectiveMode": 3, "texture": "#metal", "uv": [ 8.5, 3.5, 11.5, 4.0 ] },
										"south": { "reflectiveMode": 3, "texture": "#metal", "uv": [ 5.0, 6.0, 10.5, 6.5 ] },
										"west": { "reflectiveMode": 3, "texture": "#metal", "uv": [ 2.0, 6.0, 5.0, 6.5 ] },
										"up": { "reflectiveMode": 3, "texture": "#metal", "uv": [ 0.5, 5.5, 6.0, 8.5 ], "rotation": 180 },
										"down": { "reflectiveMode": 3, "texture": "#metal", "uv": [ 4.5, 8.5, 10.0, 11.5 ] }
									},
									"children": [
										{
											"name": "Blade13",
											"from": [ 5.5, 0.0, 0.5 ], 
											"to": [ 6.0, 0.5, 3.0 ], 
											"rotationOrigin": [ 5.5, 0.0, 3.2 ],
											"faces": {
												"north": { "reflectiveMode": 3, "texture": "#metal", "uv": [ 1.0, 8.5, 1.5, 9.0 ] },
												"east": { "reflectiveMode": 3, "texture": "#metal", "uv": [ 9.0, 3.0, 11.5, 3.5 ] },
												"south": { "reflectiveMode": 3, "texture": "#metal", "uv": [ 2.0, 7.0, 2.5, 7.5 ] },
												"west": { "reflectiveMode": 3, "texture": "#metal", "uv": [ 2.0, 6.0, 4.5, 6.5 ] },
												"up": { "reflectiveMode": 3, "texture": "#metal", "uv": [ 5.5, 7.5, 8.0, 8.0 ], "rotation": 90 },
												"down": { "reflectiveMode": 3, "texture": "#metal", "uv": [ 3.5, 6.0, 4.0, 8.5 ] }
											}
										},
										{
											"name": "Blade16",
											"from": [ 6.0, 0.0, 1.5 ], 
											"to": [ 6.5, 0.5, 3.0 ], 
											"rotationOrigin": [ 6.0, 0.0, 3.0 ],
											"faces": {
												"north": { "reflectiveMode": 3, "texture": "#metal", "uv": [ 1.0, 8.5, 1.5, 9.0 ] },
												"east": { "reflectiveMode": 3, "texture": "#metal", "uv": [ 8.5, 3.5, 10.0, 4.0 ] },
												"south": { "reflectiveMode": 3, "texture": "#metal", "uv": [ 2.0, 7.0, 2.5, 7.5 ] },
												"west": { "reflectiveMode": 3, "texture": "#metal", "uv": [ 2.0, 6.0, 3.5, 6.5 ] },
												"up": { "reflectiveMode": 3, "texture": "#metal", "uv": [ 8.5, 3.0, 10.0, 3.5 ], "rotation": 90 },
												"down": { "reflectiveMode": 3, "texture": "#metal", "uv": [ 8.0, 8.0, 8.5, 9.5 ] }
											}
										}
									]
								},
								{
									"name": "tang",
									"from": [ -4.0, 0.0, 0.6 ], 
									"to": [ 0.0, 1.7, 1.1 ], 
									"rotationOrigin": [ -2.5, 0.0, 3.2 ],
									"faces": {
										"north": { "reflectiveMode": 3, "texture": "#metal", "uv": [ 1.0, 5.0, 5.0, 6.5 ] },
										"east": { "reflectiveMode": 3, "texture": "#metal", "uv": [ 2.0, 5.0, 2.5, 6.5 ] },
										"south": { "reflectiveMode": 3, "texture": "#metal", "uv": [ 2.0, 7.0, 6.0, 8.5 ] },
										"west": { "reflectiveMode": 3, "texture": "#metal", "uv": [ 2.0, 6.0, 2.5, 7.5 ] },
										"up": { "reflectiveMode": 3, "texture": "#metal", "uv": [ 4.0, 9.5, 4.5, 13.5 ], "rotation": 90 },
										"down": { "reflectiveMode": 3, "texture": "#metal", "uv": [ 3.0, 3.0, 7.0, 3.5 ] }
									}
								},
								{
									"name": "Blade12",
									"from": [ 0.6, 0.3, 0.95 ], 
									"to": [ 6.1, 0.8, 3.95 ], 
									"rotationOrigin": [ 2.1, 0.3, 1.0 ],
									"rotationX": -6.0,
									"faces": {
										"north": { "reflectiveMode": 3, "texture": "#metal", "uv": [ 1.0, 5.0, 6.5, 5.5 ] },
										"east": { "reflectiveMode": 3, "texture": "#metal", "uv": [ 7.0, 5.0, 10.0, 5.5 ] },
										"south": { "reflectiveMode": 3, "texture": "#metal", "uv": [ 6.0, 3.5, 11.5, 4.0 ] },
										"west": { "reflectiveMode": 3, "texture": "#metal", "uv": [ 2.0, 6.0, 5.0, 6.5 ] },
										"up": { "reflectiveMode": 3, "texture": "#metal", "uv": [ 4.0, 1.0, 9.5, 4.0 ] },
										"down": { "reflectiveMode": 3, "texture": "#metal", "uv": [ 3.0, 7.0, 8.5, 10.0 ] }
									},
									"children": [
										{
											"name": "Blade14",
											"from": [ 5.5, 0.0, 0.0 ], 
											"to": [ 6.0, 0.5, 2.5 ], 
											"rotationOrigin": [ 5.5, 0.0021, 0.0 ],
											"faces": {
												"north": { "reflectiveMode": 3, "texture": "#metal", "uv": [ 1.0, 5.0, 1.5, 5.5 ] },
												"east": { "reflectiveMode": 3, "texture": "#metal", "uv": [ 9.5, 3.5, 12.0, 4.0 ] },
												"south": { "reflectiveMode": 3, "texture": "#metal", "uv": [ 8.5, 3.0, 9.0, 3.5 ] },
												"west": { "reflectiveMode": 3, "texture": "#metal", "uv": [ 2.0, 6.0, 4.5, 6.5 ] },
												"up": { "reflectiveMode": 3, "texture": "#metal", "uv": [ 8.5, 3.0, 11.0, 3.5 ], "rotation": 90 },
												"down": { "reflectiveMode": 3, "texture": "#metal", "uv": [ 3.0, 3.0, 3.5, 5.5 ] }
											}
										},
										{
											"name": "Blade15",
											"from": [ 6.0, 0.0, 0.0 ], 
											"to": [ 6.5, 0.5, 1.5 ], 
											"rotationOrigin": [ 6.0, 0.0021, 0.0 ],
											"faces": {
												"north": { "reflectiveMode": 3, "texture": "#metal", "uv": [ 1.0, 5.0, 1.5, 5.5 ] },
												"east": { "reflectiveMode": 3, "texture": "#metal", "uv": [ 10.0, 3.0, 11.5, 3.5 ] },
												"south": { "reflectiveMode": 3, "texture": "#metal", "uv": [ 8.5, 3.5, 9.0, 4.0 ] },
												"west": { "reflectiveMode": 3, "texture": "#metal", "uv": [ 2.0, 6.0, 3.5, 6.5 ] },
												"up": { "reflectiveMode": 3, "texture": "#metal", "uv": [ 10.0, 3.0, 11.5, 3.5 ], "rotation": 90 },
												"down": { "reflectiveMode": 3, "texture": "#metal", "uv": [ 4.5, 4.0, 5.0, 5.5 ] }
											}
										}
									]
								}
							]
						}
					]
				},
				{
					"name": "pickaxe",
					"from": [ 9.5, 0.5, 8.0 ], 
					"to": [ 9.5, 0.5, 8.0 ], 
					"rotationOrigin": [ 7.5, 0.0, 8.3 ],
					"faces": {
						"north": { "texture": "#string", "uv": [ 0.0, 0.0, 0.5, 0.5 ] },
						"east": { "texture": "#string", "uv": [ 0.0, 0.0, 0.5, 0.5 ] },
						"south": { "texture": "#string", "uv": [ 0.0, 0.0, 0.5, 0.5 ] },
						"west": { "texture": "#string", "uv": [ 0.0, 0.0, 0.5, 0.5 ] },
						"up": { "texture": "#string", "uv": [ 0.0, 0.0, 0.5, 0.5 ] },
						"down": { "texture": "#string", "uv": [ 0.0, 0.0, 0.5, 0.5 ] }
					},
					"children": [
						{
							"name": "segment 1",
							"from": [ 4.9, -0.25, -2.8 ], 
							"to": [ 5.9, 0.75, 3.5 ], 
							"rotationOrigin": [ 5.9, -0.2, 0.2 ],
							"faces": {
								"north": { "reflectiveMode": 3, "texture": "#metal", "uv": [ 1.0, 5.0, 2.0, 6.0 ] },
								"east": { "reflectiveMode": 3, "texture": "#metal", "uv": [ 2.0, 5.0, 8.0, 6.0 ] },
								"south": { "reflectiveMode": 3, "texture": "#metal", "uv": [ 2.0, 7.0, 3.0, 8.0 ] },
								"west": { "reflectiveMode": 3, "texture": "#metal", "uv": [ 2.0, 6.0, 8.0, 7.0 ] },
								"up": { "reflectiveMode": 3, "texture": "#metal", "uv": [ 7.0, 3.5, 8.0, 9.5 ] },
								"down": { "reflectiveMode": 3, "texture": "#metal", "uv": [ 3.0, 3.0, 4.0, 9.0 ] }
							},
							"children": [
								{
									"name": "segment 3",
									"from": [ 0.0, 0.2, 6.2 ], 
									"to": [ 1.0, 0.8, 8.2 ], 
									"rotationOrigin": [ 0.5, 0.7, 6.2 ],
									"rotationX": -1.0,
									"rotationY": -10.0,
									"faces": {
										"north": { "reflectiveMode": 3, "texture": "#metal", "uv": [ 0.0, 0.0, 1.0, 0.5 ] },
										"east": { "reflectiveMode": 3, "texture": "#metal", "uv": [ 0.0, 0.0, 2.0, 0.5 ] },
										"south": { "reflectiveMode": 3, "texture": "#metal", "uv": [ 0.0, 0.0, 1.0, 0.5 ] },
										"west": { "reflectiveMode": 3, "texture": "#metal", "uv": [ 0.0, 0.0, 2.0, 0.5 ] },
										"up": { "reflectiveMode": 3, "texture": "#metal", "uv": [ 0.0, 0.0, 1.0, 2.0 ] },
										"down": { "reflectiveMode": 3, "texture": "#metal", "uv": [ 0.0, 0.0, 1.0, 2.0 ] }
									}
								},
								{
									"name": "segment 3 tip",
									"from": [ -0.1, 0.28, 8.2 ], 
									"to": [ 0.4, 0.78, 9.7 ], 
									"rotationOrigin": [ 0.4, 0.7, 8.2 ],
									"rotationY": -30.0,
									"faces": {
										"north": { "reflectiveMode": 3, "texture": "#metal", "uv": [ 0.0, 0.0, 0.5, 0.5 ] },
										"east": { "reflectiveMode": 3, "texture": "#metal", "uv": [ 0.0, 0.0, 1.5, 0.5 ] },
										"south": { "reflectiveMode": 3, "texture": "#metal", "uv": [ 0.0, 0.0, 0.5, 0.5 ] },
										"west": { "reflectiveMode": 3, "texture": "#metal", "uv": [ 0.0, 0.0, 1.5, 0.5 ] },
										"up": { "reflectiveMode": 3, "texture": "#metal", "uv": [ 0.0, 0.0, 0.5, 1.5 ] },
										"down": { "reflectiveMode": 3, "texture": "#metal", "uv": [ 0.0, 0.0, 0.5, 1.5 ] }
									}
								}
							]
						},
						{
							"name": "segment 4",
							"from": [ 5.9, -0.3, -1.5 ], 
							"to": [ 6.4, 0.7, 2.0 ], 
							"rotationOrigin": [ 6.9, -0.3, 1.5 ],
							"faces": {
								"north": { "reflectiveMode": 3, "texture": "#metal", "uv": [ 1.0, 5.0, 1.5, 6.0 ] },
								"east": { "reflectiveMode": 3, "texture": "#metal", "uv": [ 2.0, 5.0, 5.5, 6.0 ] },
								"south": { "reflectiveMode": 3, "texture": "#metal", "uv": [ 2.0, 7.0, 2.5, 8.0 ] },
								"west": { "reflectiveMode": 3, "texture": "#metal", "uv": [ 2.0, 6.0, 5.5, 7.0 ] },
								"up": { "reflectiveMode": 3, "texture": "#metal", "uv": [ 1.0, 15.5, 4.5, 16.0 ], "rotation": 90 },
								"down": { "reflectiveMode": 3, "texture": "#metal", "uv": [ 3.0, 3.0, 3.5, 6.5 ] }
							}
						}
					]
				}
			]
		}
	]}