{
	"editor": {
		"allAngles": false,
		"entityTextureMode": false
	},
	"textureWidth": 16,
	"textureHeight": 16,
	"textureSizes": {
	},
	"textures": {
		"string": "game:item/resource/rope",
		"material": "paxel:block/stone/rock/quartzite1",
		"handle": "game:block/creature/bone-yellow"
	},
	"elements": [
		{
			"name": "origin",
			"from": [ 11.0, 0.5, 7.7 ], 
			"to": [ 11.0, 0.5, 7.7 ], 
			"rotationOrigin": [ 8.0, 0.0, 8.0 ],
			"faces": {
				"north": { "texture": "#string", "uv": [ 0.0, 0.0, 0.5, 0.5 ] },
				"east": { "texture": "#string", "uv": [ 0.0, 0.0, 0.5, 0.5 ] },
				"south": { "texture": "#string", "uv": [ 0.0, 0.0, 0.5, 0.5 ] },
				"west": { "texture": "#string", "uv": [ 0.0, 0.0, 0.5, 0.5 ] },
				"up": { "texture": "#string", "uv": [ 0.0, 0.0, 0.5, 0.5 ] },
				"down": { "texture": "#string", "uv": [ 0.0, 0.0, 0.5, 0.5 ] }
			},
			"children": [
				{
					"name": "handle 2",
					"from": [ -8.0, -0.5, -0.5 ], 
					"to": [ 8.0, 1.0, 0.5 ], 
					"rotationOrigin": [ 0.0, 0.3, 0.0 ],
					"faces": {
						"north": { "texture": "#handle", "uv": [ 0.0, 5.5, 16.0, 7.0 ] },
						"east": { "texture": "#handle", "uv": [ 0.5, 0.5, 1.5, 2.0 ] },
						"south": { "texture": "#handle", "uv": [ 0.0, 10.5, 16.0, 12.0 ] },
						"west": { "texture": "#handle", "uv": [ 14.0, 10.0, 15.0, 11.5 ], "enabled": false },
						"up": { "texture": "#handle", "uv": [ 0.0, 4.5, 16.0, 5.5 ] },
						"down": { "texture": "#handle", "uv": [ 0.0, 5.0, 16.0, 6.0 ] }
					},
					"children": [
						{
							"name": "handle 3",
							"from": [ -0.5, 0.0, 1.0 ], 
							"to": [ 15.5, 1.5, 1.5 ], 
							"rotationOrigin": [ -2.0, -7.5, 1.5 ],
							"faces": {
								"north": { "texture": "#handle", "uv": [ 0.0, 5.5, 16.0, 7.0 ], "enabled": false },
								"east": { "texture": "#handle", "uv": [ 0.5, 0.5, 1.0, 2.0 ] },
								"south": { "texture": "#handle", "uv": [ 0.0, 10.5, 16.0, 12.0 ] },
								"west": { "texture": "#handle", "uv": [ 14.0, 10.0, 14.5, 11.5 ], "enabled": false },
								"up": { "texture": "#handle", "uv": [ 0.0, 8.5, 16.0, 9.0 ] },
								"down": { "texture": "#handle", "uv": [ 0.0, 5.0, 16.0, 5.5 ] }
							}
						}
					]
				},
				{
					"name": "string",
					"from": [ 5.4, -0.8, -1.0 ], 
					"to": [ 5.9, 1.2, 2.0 ], 
					"rotationOrigin": [ 5.4, -0.8, 0.5 ],
					"rotationY": 52.0,
					"faces": {
						"north": { "texture": "#string", "uv": [ 9.5, 0.0, 11.5, 0.5 ], "rotation": 90 },
						"east": { "texture": "#string", "uv": [ 2.0, 2.0, 5.0, 4.0 ] },
						"south": { "texture": "#string", "uv": [ 5.5, 2.0, 7.5, 2.5 ], "rotation": 90 },
						"west": { "texture": "#string", "uv": [ 1.0, 1.5, 4.0, 3.5 ] },
						"up": { "texture": "#string", "uv": [ 1.0, 0.0, 4.0, 0.5 ], "rotation": 90 },
						"down": { "texture": "#string", "uv": [ 7.5, 1.0, 10.5, 1.5 ], "rotation": 90 }
					}
				},
				{
					"name": "string7",
					"from": [ 5.5, -0.7, -1.5 ], 
					"to": [ 6.0, 1.3, 1.5 ], 
					"rotationOrigin": [ 5.5, -0.7, 0.0 ],
					"rotationY": -52.0,
					"faces": {
						"north": { "texture": "#string", "uv": [ 1.0, 0.0, 3.0, 0.5 ], "rotation": 90 },
						"east": { "texture": "#string", "uv": [ 0.0, 0.0, 3.0, 2.0 ] },
						"south": { "texture": "#string", "uv": [ 0.0, 0.0, 0.5, 2.0 ] },
						"west": { "texture": "#string", "uv": [ 0.0, 0.0, 3.0, 2.0 ] },
						"up": { "texture": "#string", "uv": [ 3.5, 0.0, 6.5, 0.5 ], "rotation": 90 },
						"down": { "texture": "#string", "uv": [ 0.0, 0.0, 0.5, 3.0 ] }
					}
				},
				{
					"name": "string8",
					"from": [ 4.0, -0.6, -0.7 ], 
					"to": [ 4.5, 1.1, 1.3 ], 
					"rotationOrigin": [ 4.0, -0.6, 0.8 ],
					"rotationY": 12.0,
					"faces": {
						"north": { "texture": "#string", "uv": [ 8.5, 0.5, 10.0, 1.0 ], "rotation": 90 },
						"east": { "texture": "#string", "uv": [ 0.0, 0.0, 2.0, 1.5 ] },
						"south": { "texture": "#string", "uv": [ 1.0, 0.5, 2.5, 1.0 ], "rotation": 90 },
						"west": { "texture": "#string", "uv": [ 2.0, 2.5, 4.0, 4.0 ] },
						"up": { "texture": "#string", "uv": [ 0.0, 0.0, 0.5, 2.0 ] },
						"down": { "texture": "#string", "uv": [ 0.0, 0.0, 0.5, 2.0 ] }
					}
				},
				{
					"name": "string9",
					"from": [ 3.2, -0.6, -0.9 ], 
					"to": [ 3.7, 1.1, 1.1 ], 
					"rotationOrigin": [ 3.2, -0.6, 0.6 ],
					"rotationX": 2.0,
					"rotationY": -26.0,
					"rotationZ": 0.0,
					"faces": {
						"north": { "texture": "#string", "uv": [ 0.0, 0.5, 1.5, 1.0 ], "rotation": 90 },
						"east": { "texture": "#string", "uv": [ 0.0, 0.0, 2.0, 1.5 ] },
						"south": { "texture": "#string", "uv": [ 2.0, 0.5, 3.5, 1.0 ], "rotation": 90 },
						"west": { "texture": "#string", "uv": [ 0.0, 4.0, 2.0, 5.5 ] },
						"up": { "texture": "#string", "uv": [ 3.0, 0.5, 5.0, 1.0 ], "rotation": 90 },
						"down": { "texture": "#string", "uv": [ 6.5, 0.5, 8.5, 1.0 ], "rotation": 90 }
					}
				},
				{
					"name": "string10",
					"from": [ 2.8, -0.6, -0.8 ], 
					"to": [ 3.3, 1.1, 1.2 ], 
					"rotationOrigin": [ 2.8, -0.6, 0.7 ],
					"rotationX": 1.0,
					"faces": {
						"north": { "texture": "#string", "uv": [ 1.0, 0.5, 2.5, 1.0 ], "rotation": 90 },
						"east": { "texture": "#string", "uv": [ 0.0, 2.0, 2.0, 3.5 ] },
						"south": { "texture": "#string", "uv": [ 0.0, 2.5, 1.5, 3.0 ], "rotation": 90 },
						"west": { "texture": "#string", "uv": [ 2.0, 2.5, 4.0, 4.0 ] },
						"up": { "texture": "#string", "uv": [ 4.5, 0.0, 6.5, 0.5 ], "rotation": 90 },
						"down": { "texture": "#string", "uv": [ 2.5, 2.0, 4.5, 2.5 ], "rotation": 90 }
					}
				},
				{
					"name": "axe head 1",
					"from": [ 4.0, -0.3, -1.0 ], 
					"to": [ 6.0, 0.9, 2.0 ], 
					"rotationOrigin": [ 4.0, -0.3, -1.0 ],
					"rotationY": -2.0,
					"faces": {
						"north": { "texture": "#material", "uv": [ 7.0, 3.0, 9.0, 4.0 ] },
						"east": { "texture": "#material", "uv": [ 1.0, 2.0, 4.0, 3.0 ] },
						"south": { "texture": "#material", "uv": [ 6.0, 4.0, 8.0, 5.0 ] },
						"west": { "texture": "#material", "uv": [ 6.0, 2.0, 9.0, 3.0 ] },
						"up": { "texture": "#material", "uv": [ 7.5, 6.5, 9.5, 9.5 ] },
						"down": { "texture": "#material", "uv": [ 4.0, 3.0, 6.0, 6.0 ] }
					},
					"children": [
						{
							"name": "axe head 2",
							"from": [ -0.2, 0.2, -1.6 ], 
							"to": [ 2.8, 1.0, 0.2 ], 
							"rotationOrigin": [ 0.8, 0.2, 1.4 ],
							"rotationY": 6.0,
							"faces": {
								"north": { "texture": "#material", "uv": [ 1.0, 5.0, 4.0, 5.5 ] },
								"east": { "texture": "#material", "uv": [ 2.0, 5.0, 3.75, 5.5 ] },
								"south": { "texture": "#material", "uv": [ 2.0, 7.0, 5.0, 7.5 ] },
								"west": { "texture": "#material", "uv": [ 2.0, 6.0, 3.75, 6.5 ] },
								"up": { "texture": "#material", "uv": [ 5.5, 4.0, 8.5, 5.5 ] },
								"down": { "texture": "#material", "uv": [ 3.0, 3.0, 6.0, 4.5 ] }
							},
							"children": [
								{
									"name": "axe head 72",
									"from": [ 0.1045, 0.2, -0.9945 ], 
									"to": [ 2.9045, 0.6, 0.0055 ], 
									"rotationOrigin": [ 1.1045, 0.2, 2.0055 ],
									"rotationY": 0.0,
									"faces": {
										"north": { "texture": "#material", "uv": [ 1.0, 5.0, 3.75, 5.5 ] },
										"east": { "texture": "#material", "uv": [ 2.0, 5.0, 3.0, 5.5 ] },
										"south": { "texture": "#material", "uv": [ 2.0, 7.0, 4.75, 7.5 ] },
										"west": { "texture": "#material", "uv": [ 2.0, 6.0, 3.0, 6.5 ] },
										"up": { "texture": "#material", "uv": [ 5.5, 4.0, 8.25, 5.0 ] },
										"down": { "texture": "#material", "uv": [ 3.0, 3.0, 5.75, 4.0 ] }
									}
								}
							]
						},
						{
							"name": "segment 3",
							"from": [ 0.0974, 0.3, 2.7808 ], 
							"to": [ 1.0974, 0.9, 4.7808 ], 
							"rotationOrigin": [ 0.5974, 0.8, 2.7808 ],
							"rotationX": -0.994,
							"rotationY": -8.0,
							"rotationZ": 0.035,
							"faces": {
								"north": { "texture": "#material", "uv": [ 0.0, 0.0, 1.0, 0.5 ] },
								"east": { "texture": "#material", "uv": [ 0.0, 0.0, 2.0, 0.5 ] },
								"south": { "texture": "#material", "uv": [ 0.0, 0.0, 1.0, 0.5 ] },
								"west": { "texture": "#material", "uv": [ 0.0, 0.0, 2.0, 0.5 ] },
								"up": { "texture": "#material", "uv": [ 0.0, 0.0, 1.0, 2.0 ] },
								"down": { "texture": "#material", "uv": [ 0.0, 0.0, 1.0, 2.0 ] }
							},
							"children": [
								{
									"name": "segment 3 tip",
									"from": [ 0.2314, 0.1, 1.8882 ], 
									"to": [ 0.7314, 0.5, 3.3882 ], 
									"rotationOrigin": [ 0.7314, 0.6668, 1.8882 ],
									"rotationX": 0.922,
									"rotationY": -20.001,
									"rotationZ": -0.185,
									"faces": {
										"north": { "texture": "#material", "uv": [ 0.0, 0.0, 0.5, 0.5 ] },
										"east": { "texture": "#material", "uv": [ 0.0, 0.0, 1.5, 0.5 ] },
										"south": { "texture": "#material", "uv": [ 0.0, 0.0, 0.5, 0.5 ] },
										"west": { "texture": "#material", "uv": [ 0.0, 0.0, 1.5, 0.5 ] },
										"up": { "texture": "#material", "uv": [ 0.0, 0.0, 0.5, 1.5 ] },
										"down": { "texture": "#material", "uv": [ 0.0, 0.0, 0.5, 1.5 ] }
									}
								}
							]
						},
						{
							"name": "Blade base 1",
							"from": [ 0.0619, 0.2, -0.7534 ], 
							"to": [ 5.5619, 0.7, 1.2466 ], 
							"rotationOrigin": [ 1.5619, 0.2, 1.7466 ],
							"rotationX": 4.002,
							"rotationY": 1.995,
							"rotationZ": -0.14,
							"faces": {
								"north": { "texture": "#material", "uv": [ 1.0, 5.0, 6.5, 5.5 ] },
								"east": { "texture": "#material", "uv": [ 2.0, 5.0, 4.0, 5.5 ] },
								"south": { "texture": "#material", "uv": [ 2.0, 7.0, 7.5, 7.5 ] },
								"west": { "texture": "#material", "uv": [ 2.0, 6.0, 4.0, 6.5 ] },
								"up": { "texture": "#material", "uv": [ 7.0, 7.5, 9.0, 13.0 ], "rotation": 90 },
								"down": { "texture": "#material", "uv": [ 4.5, 8.5, 10.0, 10.5 ] }
							},
							"children": [
								{
									"name": "Cube27",
									"from": [ 0.8, 0.0, -0.5 ], 
									"to": [ 4.8, 0.5, 0.0 ], 
									"rotationOrigin": [ 0.8, 0.0, -0.5 ],
									"faces": {
										"north": { "texture": "#material", "uv": [ 0.0, 0.0, 4.0, 0.5 ] },
										"east": { "texture": "#material", "uv": [ 0.0, 0.0, 0.5, 0.5 ] },
										"south": { "texture": "#material", "uv": [ 0.0, 0.0, 4.0, 0.5 ] },
										"west": { "texture": "#material", "uv": [ 0.0, 0.0, 0.5, 0.5 ] },
										"up": { "texture": "#material", "uv": [ 0.0, 0.0, 4.0, 0.5 ] },
										"down": { "texture": "#material", "uv": [ 0.0, 0.0, 4.0, 0.5 ] }
									}
								}
							]
						},
						{
							"name": "Blade base 2",
							"from": [ 0.0445, 0.2, 1.1469 ], 
							"to": [ 5.5445, 0.7, 3.1469 ], 
							"rotationOrigin": [ 1.5445, 0.2, 1.2469 ],
							"rotationX": -4.002,
							"rotationY": 1.995,
							"rotationZ": 0.14,
							"faces": {
								"north": { "texture": "#material", "uv": [ 1.0, 5.0, 6.5, 5.5 ] },
								"east": { "texture": "#material", "uv": [ 2.0, 5.0, 4.0, 5.5 ] },
								"south": { "texture": "#material", "uv": [ 2.0, 7.0, 7.5, 7.5 ] },
								"west": { "texture": "#material", "uv": [ 2.0, 6.0, 4.0, 6.5 ] },
								"up": { "texture": "#material", "uv": [ 2.0, 9.5, 4.0, 15.0 ], "rotation": 90 },
								"down": { "texture": "#material", "uv": [ 3.0, 3.0, 8.5, 5.0 ] }
							},
							"children": [
								{
									"name": "Cube1",
									"from": [ 0.8, 0.0, 2.0 ], 
									"to": [ 4.8, 0.5, 2.5 ], 
									"rotationOrigin": [ 0.8, 0.0, 2.0 ],
									"faces": {
										"north": { "texture": "#material", "uv": [ 0.0, 0.0, 4.0, 0.5 ] },
										"east": { "texture": "#material", "uv": [ 0.0, 0.0, 0.5, 0.5 ] },
										"south": { "texture": "#material", "uv": [ 0.0, 0.0, 4.0, 0.5 ] },
										"west": { "texture": "#material", "uv": [ 0.0, 0.0, 0.5, 0.5 ] },
										"up": { "texture": "#material", "uv": [ 0.0, 0.0, 4.0, 0.5 ] },
										"down": { "texture": "#material", "uv": [ 0.0, 0.0, 4.0, 0.5 ] }
									}
								}
							]
						}
					]
				},
				{
					"name": "handle 17",
					"from": [ -16.1, -0.25, -2.0 ], 
					"to": [ -15.1, 0.75, 2.5 ], 
					"rotationOrigin": [ -15.6, 0.3, -1.5 ],
					"faces": {
						"north": { "texture": "#handle", "uv": [ 1.0, 8.5, 2.0, 9.5 ] },
						"east": { "texture": "#handle", "uv": [ 3.5, 4.5, 8.0, 5.5 ] },
						"south": { "texture": "#handle", "uv": [ 3.0, 5.0, 4.0, 6.0 ] },
						"west": { "texture": "#handle", "uv": [ 5.5, 2.5, 10.0, 3.5 ] },
						"up": { "texture": "#handle", "uv": [ 7.0, 4.5, 11.5, 5.5 ], "rotation": 90 },
						"down": { "texture": "#handle", "uv": [ 8.0, 5.0, 12.5, 6.0 ], "rotation": 90 }
					},
					"children": [
						{
							"name": "string 18",
							"from": [ 0.9, -0.45, 1.3 ], 
							"to": [ 1.4, 1.35, 3.1 ], 
							"rotationOrigin": [ 0.9, -0.4, 2.8 ],
							"rotationX": 1.0,
							"faces": {
								"north": { "texture": "#string", "uv": [ 1.0, 0.5, 2.5, 1.0 ], "rotation": 90 },
								"east": { "texture": "#string", "uv": [ 0.0, 2.0, 1.5, 3.5 ] },
								"south": { "texture": "#string", "uv": [ 0.0, 2.5, 1.5, 3.0 ], "rotation": 90 },
								"west": { "texture": "#string", "uv": [ 2.0, 2.5, 3.5, 4.0 ] },
								"up": { "texture": "#string", "uv": [ 4.5, 0.0, 6.0, 0.5 ], "rotation": 90 },
								"down": { "texture": "#string", "uv": [ 2.5, 2.0, 4.0, 2.5 ], "rotation": 90 }
							}
						},
						{
							"name": "string 19",
							"from": [ 0.3, -0.25, 1.1 ], 
							"to": [ 0.8, 1.25, 3.6 ], 
							"rotationOrigin": [ 0.3, -0.2, 2.6 ],
							"rotationX": 2.0,
							"rotationY": -27.0,
							"rotationZ": 0.0,
							"faces": {
								"north": { "texture": "#string", "uv": [ 0.0, 0.5, 1.5, 1.0 ], "rotation": 90 },
								"east": { "texture": "#string", "uv": [ 0.0, 0.0, 2.5, 1.5 ] },
								"south": { "texture": "#string", "uv": [ 2.0, 0.5, 3.5, 1.0 ], "rotation": 90 },
								"west": { "texture": "#string", "uv": [ 0.0, 4.0, 2.5, 5.5 ] },
								"up": { "texture": "#string", "uv": [ 5.0, 1.5, 7.5, 2.0 ], "rotation": 90 },
								"down": { "texture": "#string", "uv": [ 6.5, 1.5, 9.0, 2.0 ], "rotation": 90 }
							}
						},
						{
							"name": "string 20",
							"from": [ 0.5, -0.3, 0.9 ], 
							"to": [ 1.0, 1.4, 3.4 ], 
							"rotationOrigin": [ 0.5, -0.3, 2.4 ],
							"rotationX": -1.0,
							"rotationY": 25.0,
							"rotationZ": 0.0,
							"faces": {
								"north": { "texture": "#string", "uv": [ 8.5, 0.5, 10.0, 1.0 ], "rotation": 90 },
								"east": { "texture": "#string", "uv": [ 0.0, 0.0, 2.5, 1.5 ] },
								"south": { "texture": "#string", "uv": [ 1.0, 0.5, 2.5, 1.0 ], "rotation": 90 },
								"west": { "texture": "#string", "uv": [ 2.0, 2.5, 4.5, 4.0 ] },
								"up": { "texture": "#string", "uv": [ 0.0, 0.0, 0.5, 2.5 ] },
								"down": { "texture": "#string", "uv": [ 0.0, 0.0, 0.5, 2.5 ] }
							}
						},
						{
							"name": "string 21",
							"from": [ 1.3, -0.15, 1.6 ], 
							"to": [ 1.8, 1.35, 3.6 ], 
							"rotationOrigin": [ 1.3, -0.1, 3.1 ],
							"rotationX": 2.0,
							"rotationY": 73.0,
							"rotationZ": 0.0,
							"faces": {
								"north": { "texture": "#string", "uv": [ 5.0, 5.5, 6.5, 6.0 ], "rotation": 90 },
								"east": { "texture": "#string", "uv": [ 6.0, 2.0, 8.0, 3.5 ] },
								"south": { "texture": "#string", "uv": [ 10.0, 2.5, 11.5, 3.0 ], "rotation": 90 },
								"west": { "texture": "#string", "uv": [ 3.0, 6.0, 5.0, 7.5 ] },
								"up": { "texture": "#string", "uv": [ 5.0, 0.5, 7.0, 1.0 ], "rotation": 90 },
								"down": { "texture": "#string", "uv": [ 8.5, 0.5, 10.5, 1.0 ], "rotation": 90 }
							}
						},
						{
							"name": "string 22",
							"from": [ 1.7, -0.45, 1.1 ], 
							"to": [ 2.2, 1.35, 3.1 ], 
							"rotationOrigin": [ 1.7, -0.4, 2.6 ],
							"rotationX": 2.0,
							"rotationY": -32.0,
							"rotationZ": 0.0,
							"faces": {
								"north": { "texture": "#string", "uv": [ 0.0, 0.5, 1.5, 1.0 ], "rotation": 90 },
								"east": { "texture": "#string", "uv": [ 0.0, 0.0, 2.0, 1.5 ] },
								"south": { "texture": "#string", "uv": [ 2.0, 0.5, 3.5, 1.0 ], "rotation": 90 },
								"west": { "texture": "#string", "uv": [ 0.0, 4.0, 2.0, 5.5 ] },
								"up": { "texture": "#string", "uv": [ 5.0, 1.5, 7.0, 2.0 ], "rotation": 90 },
								"down": { "texture": "#string", "uv": [ 6.5, 1.5, 8.5, 2.0 ], "rotation": 90 }
							}
						},
						{
							"name": "string 23",
							"from": [ 3.3, -0.45, 1.3 ], 
							"to": [ 3.8, 1.35, 3.3 ], 
							"rotationOrigin": [ 3.3, -0.4, 2.8 ],
							"rotationX": 2.0,
							"rotationY": 28.0,
							"rotationZ": 0.0,
							"faces": {
								"north": { "texture": "#string", "uv": [ 5.0, 5.5, 6.5, 6.0 ], "rotation": 90 },
								"east": { "texture": "#string", "uv": [ 6.0, 2.0, 8.0, 3.5 ] },
								"south": { "texture": "#string", "uv": [ 10.0, 2.5, 11.5, 3.0 ], "rotation": 90 },
								"west": { "texture": "#string", "uv": [ 3.0, 6.0, 5.0, 7.5 ] },
								"up": { "texture": "#string", "uv": [ 5.0, 0.5, 7.0, 1.0 ], "rotation": 90 },
								"down": { "texture": "#string", "uv": [ 8.5, 0.5, 10.5, 1.0 ], "rotation": 90 }
							}
						},
						{
							"name": "string 24",
							"from": [ 3.7, -0.4, 1.3 ], 
							"to": [ 4.2, 1.4, 3.1 ], 
							"rotationOrigin": [ 3.6, -0.4, 2.8 ],
							"rotationX": 1.0,
							"rotationY": -11.0,
							"faces": {
								"north": { "texture": "#string", "uv": [ 1.0, 0.5, 2.5, 1.0 ], "rotation": 90 },
								"east": { "texture": "#string", "uv": [ 0.0, 2.0, 1.5, 3.5 ] },
								"south": { "texture": "#string", "uv": [ 0.0, 2.5, 1.5, 3.0 ], "rotation": 90 },
								"west": { "texture": "#string", "uv": [ 2.0, 2.5, 3.5, 4.0 ] },
								"up": { "texture": "#string", "uv": [ 4.5, 0.0, 6.0, 0.5 ], "rotation": 90 },
								"down": { "texture": "#string", "uv": [ 2.5, 2.0, 4.0, 2.5 ], "rotation": 90 }
							}
						},
						{
							"name": "string 25",
							"from": [ 4.5, -0.43, 1.3 ], 
							"to": [ 5.0, 1.33, 3.3 ], 
							"rotationOrigin": [ 4.5, -0.4, 2.8 ],
							"rotationY": 3.0,
							"faces": {
								"north": { "texture": "#string", "uv": [ 8.5, 0.5, 10.0, 1.0 ], "rotation": 90 },
								"east": { "texture": "#string", "uv": [ 0.0, 0.0, 2.0, 1.5 ] },
								"south": { "texture": "#string", "uv": [ 1.0, 0.5, 2.5, 1.0 ], "rotation": 90 },
								"west": { "texture": "#string", "uv": [ 2.0, 2.5, 4.0, 4.0 ] },
								"up": { "texture": "#string", "uv": [ 0.0, 0.0, 0.5, 2.0 ] },
								"down": { "texture": "#string", "uv": [ 0.0, 0.0, 0.5, 2.0 ] }
							}
						},
						{
							"name": "handle 2",
							"from": [ 0.1, -0.25, 1.5 ], 
							"to": [ 8.1, 1.25, 3.0 ], 
							"rotationOrigin": [ 0.6, 0.25, 2.0 ],
							"faces": {
								"north": { "texture": "#handle", "uv": [ 1.0, 8.5, 9.0, 10.0 ] },
								"east": { "texture": "#handle", "uv": [ 3.5, 0.5, 5.0, 2.0 ], "enabled": false },
								"south": { "texture": "#handle", "uv": [ 3.0, 5.0, 11.0, 6.5 ] },
								"west": { "texture": "#handle", "uv": [ 11.0, 10.0, 12.5, 11.5 ] },
								"up": { "texture": "#handle", "uv": [ 4.5, 2.5, 12.5, 4.0 ] },
								"down": { "texture": "#handle", "uv": [ 2.0, 5.0, 10.0, 6.5 ] }
							}
						}
					]
				},
				{
					"name": "string 1",
					"from": [ 1.5, -0.6, -0.7 ], 
					"to": [ 2.0, 1.2, 1.1 ], 
					"rotationOrigin": [ 1.5, -0.6, 0.8 ],
					"rotationX": 1.0,
					"faces": {
						"north": { "texture": "#string", "uv": [ 3.0, 4.5, 4.5, 5.0 ], "rotation": 90 },
						"east": { "texture": "#string", "uv": [ 1.0, 3.0, 2.5, 4.5 ] },
						"south": { "texture": "#string", "uv": [ 0.0, 7.5, 1.5, 8.0 ], "rotation": 90 },
						"west": { "texture": "#string", "uv": [ 3.0, 5.5, 4.5, 7.0 ] },
						"up": { "texture": "#string", "uv": [ 5.5, 0.0, 7.0, 0.5 ], "rotation": 90 },
						"down": { "texture": "#string", "uv": [ 5.5, 2.0, 7.0, 2.5 ], "rotation": 90 }
					}
				},
				{
					"name": "string 2",
					"from": [ 3.8, -0.6, -0.9 ], 
					"to": [ 4.3, 1.2, 1.3 ], 
					"rotationOrigin": [ 3.8, -0.6, 0.6 ],
					"rotationX": 2.0,
					"rotationY": -17.0,
					"rotationZ": 0.0,
					"faces": {
						"north": { "texture": "#string", "uv": [ 5.0, 5.5, 6.5, 6.0 ], "rotation": 90 },
						"east": { "texture": "#string", "uv": [ 6.0, 2.0, 8.0, 3.5 ] },
						"south": { "texture": "#string", "uv": [ 10.0, 2.5, 11.5, 3.0 ], "rotation": 90 },
						"west": { "texture": "#string", "uv": [ 3.0, 6.0, 5.0, 7.5 ] },
						"up": { "texture": "#string", "uv": [ 5.0, 0.5, 7.0, 1.0 ], "rotation": 90 },
						"down": { "texture": "#string", "uv": [ 8.5, 0.5, 10.5, 1.0 ], "rotation": 90 }
					}
				},
				{
					"name": "string 3",
					"from": [ 2.5, -0.6, -1.0 ], 
					"to": [ 3.0, 1.1, 2.0 ], 
					"rotationOrigin": [ 2.5, -0.6, 0.5 ],
					"rotationY": 40.0,
					"faces": {
						"north": { "texture": "#string", "uv": [ 8.5, 0.5, 10.0, 1.0 ], "rotation": 90 },
						"east": { "texture": "#string", "uv": [ 0.0, 0.0, 3.0, 1.5 ] },
						"south": { "texture": "#string", "uv": [ 10.0, 2.0, 11.5, 2.5 ], "rotation": 90 },
						"west": { "texture": "#string", "uv": [ 2.0, 2.5, 5.0, 4.0 ] },
						"up": { "texture": "#string", "uv": [ 0.0, 0.5, 0.5, 3.5 ] },
						"down": { "texture": "#string", "uv": [ 0.0, 0.0, 0.5, 3.0 ] }
					}
				},
				{
					"name": "string 4",
					"from": [ 2.8, -0.6, -1.5 ], 
					"to": [ 3.3, 1.2, 1.5 ], 
					"rotationOrigin": [ 2.8, -0.6, 0.0 ],
					"rotationX": 2.0,
					"rotationY": -48.0,
					"rotationZ": 0.0,
					"faces": {
						"north": { "texture": "#string", "uv": [ 0.0, 0.5, 1.5, 1.0 ], "rotation": 90 },
						"east": { "texture": "#string", "uv": [ 0.0, 0.0, 3.0, 1.5 ] },
						"south": { "texture": "#string", "uv": [ 2.0, 0.5, 3.5, 1.0 ], "rotation": 90 },
						"west": { "texture": "#string", "uv": [ 0.0, 4.0, 3.0, 5.5 ] },
						"up": { "texture": "#string", "uv": [ 5.0, 1.5, 8.0, 2.0 ], "rotation": 90 },
						"down": { "texture": "#string", "uv": [ 6.5, 1.5, 9.5, 2.0 ], "rotation": 90 }
					}
				},
				{
					"name": "string 5",
					"from": [ 5.7, -0.6, -0.7 ], 
					"to": [ 6.2, 1.2, 1.3 ], 
					"rotationOrigin": [ 5.7, -0.6, 0.8 ],
					"rotationX": 1.0,
					"rotationY": 24.0,
					"faces": {
						"north": { "texture": "#string", "uv": [ 1.0, 0.5, 2.5, 1.0 ], "rotation": 90 },
						"east": { "texture": "#string", "uv": [ 0.0, 2.0, 2.0, 3.5 ] },
						"south": { "texture": "#string", "uv": [ 0.0, 2.5, 1.5, 3.0 ], "rotation": 90 },
						"west": { "texture": "#string", "uv": [ 2.0, 2.5, 4.0, 4.0 ] },
						"up": { "texture": "#string", "uv": [ 7.0, 0.0, 9.0, 0.5 ], "rotation": 90 },
						"down": { "texture": "#string", "uv": [ 2.5, 2.0, 4.5, 2.5 ], "rotation": 90 }
					}
				},
				{
					"name": "string 28",
					"from": [ 3.6, -0.6, -0.7 ], 
					"to": [ 4.1, 1.1, 1.4 ], 
					"rotationOrigin": [ 3.6, -0.6, 0.8 ],
					"rotationY": 12.0,
					"faces": {
						"north": { "texture": "#string", "uv": [ 8.5, 0.5, 10.0, 1.0 ], "rotation": 90 },
						"east": { "texture": "#string", "uv": [ 0.0, 0.0, 2.0, 1.5 ] },
						"south": { "texture": "#string", "uv": [ 1.0, 0.5, 2.5, 1.0 ], "rotation": 90 },
						"west": { "texture": "#string", "uv": [ 2.0, 2.5, 4.0, 4.0 ] },
						"up": { "texture": "#string", "uv": [ 0.0, 0.0, 0.5, 2.0 ] },
						"down": { "texture": "#string", "uv": [ 0.0, 0.0, 0.5, 2.0 ] }
					}
				},
				{
					"name": "string 29",
					"from": [ 5.3, -0.6, -0.9 ], 
					"to": [ 5.8, 1.2, 1.1 ], 
					"rotationOrigin": [ 5.3, -0.6, 0.6 ],
					"rotationY": -22.0,
					"faces": {
						"north": { "texture": "#string", "uv": [ 1.0, 0.5, 2.5, 1.0 ], "rotation": 90 },
						"east": { "texture": "#string", "uv": [ 0.0, 2.0, 2.0, 3.5 ] },
						"south": { "texture": "#string", "uv": [ 0.0, 2.5, 1.5, 3.0 ], "rotation": 90 },
						"west": { "texture": "#string", "uv": [ 2.0, 2.5, 4.0, 4.0 ] },
						"up": { "texture": "#string", "uv": [ 9.0, 0.0, 11.0, 0.5 ], "rotation": 90 },
						"down": { "texture": "#string", "uv": [ 2.5, 2.0, 4.5, 2.5 ], "rotation": 90 }
					}
				}
			]
		}
	]}