{
	code: "armor",
	class: "ItemWearable",
	heldTpIdleAnimation: "holdunderarm",
	variantgroups: [
		{ code: "bodypart",  states: ["body", "legs"] },
		{ code: "construction",  states: [
			"brigandine",
			"chain",
			"scale",
			"plate"
		]},
		{ code: "material", states: [
			"temporalit"
		]},
	],
	shapeByType: {
		"armor-*": { base: "game:entity/humanoid/seraph/armor/{construction}/{bodypart}" }
	},
	texturesByType: {
		"*": {
			"seraph": { base: "game:block/transparent" },
			"material": { 
				baseByType: {
					"*": "game:entity/humanoid/serapharmor/{construction}/{material}"
				}
			}
		}
	},
	storageFlags: 128,
	attributes: {
		visibleDamageEffect: true,
		wearableAttachment: true,
		clothescategoryByType: {
			"armor-body-*": "armorbody",
			"armor-legs-*": "armorlegs",
		},
		disableElementsByType: {
			"armor-body-*": ["Waist", "hideupperarm", "hidelowerarm"]
		},
		defaultProtLoss: {
			perTierRelativeProtectionLoss: [0.03, 0.15],
			perTierFlatDamageReductionLoss: [0.1, 0.2],
		},
		footStepSoundByType: {
			"armor-body-brigandine-*": "game:wearable/brigandine*",
			"armor-body-chain-*": "game:wearable/chain*",
			"armor-body-plate-*": "game:wearable/plate*"
		},
		protectionModifiersByType: {
			"armor-*-brigandine-temporalit": {
				"relativeProtection": 0.89,
				"flatDamageReduction": 1.9,
				"protectionTier": 5
			},
			"armor-*-chain-temporalit": {
				"relativeProtection": 0.87,
				"flatDamageReduction": 1.85,
				"protectionTier": 5
			},
			"armor-*-plate-temporalit": {
				"relativeProtection": 0.98,
				"flatDamageReduction": 3,
				"highDamageTierResistant": true,
				"protectionTier": 5
			},
			"armor-*-scale-temporalit": {
				"relativeProtection": 0.93,
				"flatDamageReduction": 2.12,
				"protectionTier": 5
			}
		},
		statModifiersByType: {
			"armor-*-brigandine-temporalit": {
				rangedWeaponsSpeed: -0.07,
				walkSpeed: -0.00,
				healingeffectivness: -0.1,
				hungerrate: 0.09
			},
			"armor-*-chain-temporalit": {
				rangedWeaponsSpeed: -0.07,
				walkSpeed: -0.03,
				healingeffectivness: -0.1,
				hungerrate: 0.09
			},
			"armor-*-plate-temporalit": {
				rangedWeaponsSpeed: -0.07,
				walkSpeed: -0.00,
				healingeffectivness: -0.1,
				hungerrate: 0.09
			},
			"armor-*-scale-temporalit": {
				rangedWeaponsSpeed: -0.07,
				walkSpeed: -0.00,
				healingeffectivness: -0.1,
				hungerrate: 0.09
			}
		}
	},
	creativeinventory: { "general": ["*"], "items": ["*"], "clothing": ["*"], "expantion": ["*"] },
	renderAlphaTest: 0.25,
	durabilityByType: {
		"armor-*-brigandine-temporalit": 4000,
		"armor-*-chain-temporalit": 3500,
		"armor-*-plate-temporalit": 7300,
		"armor-*-scale-temporalit": 5300
	},
	
	fpHandTransformByType: {
		"armor-head-*": {
			translation: { x: 0.4, y: -1.9, z: -0.5 },
			rotation: { x: 163, y: -111, z: -180 },
			origin: { x: 0.5, y: 1.7, z: 0.5 },
			scale: 2.15
		},
		"armor-body-*": {
			translation: { x: 0.4, y: -1.2, z: -0.5 },
			rotation: { x: 163, y: -111, z: -180 },
			origin: { x: 0.5, y: 1.6, z: 0.5 },
			scale: 2.15
		},
		"armor-legs-*": {
			translation: { x: 0.4, y: -1.2, z: -0.5 },
			rotation: { x: 163, y: -111, z: -180 },
			origin: { x: 0.5, y: 1.6, z: 0.5 },
			scale: 2.15
		},
	},
	tpHandTransformByType: {
		"armor-legs-lamellar-*": {
			translation: { x: -1, y: -0.6, z: -0.4 },
			rotation: { x: 95, y: -20, z: -91 },
			origin: { x: 0.5, y: 0.7, z: 0.5 },
			scale: 0.74
		},
		"armor-head-*": {
			translation: { x: -0.82, y: -2.2, z: -0.5 },
			rotation: { x: 18, y: 169, z: 30 },
			origin: { x: 0.5, y: 1.7, z: 0.5 },
			scale: 0.64
		},
		"armor-body-*": {
			translation: { x: -1, y: -1.9, z: -0.5 },
			rotation: { x: 97, y: -168, z: 94 },
			origin: { x: 0.5, y: 1.5, z: 0.5 },
			scale: 0.67
		},
		"armor-legs-*": {
			translation: { x: -0.7, y: -0.6, z: -0.4 },
			rotation: { x: 95, y: -20, z: -91 },
			origin: { x: 0.5, y: 0.7, z: 0.5 },
			scale: 0.74
		}
	},
	guiTransformByType: {
		"armor-head-*": {
			translation: { x: 0, y: 0, z: 0 },
			rotation: { x: -26, y: -46, z: -180 },
			origin: { x: 0.6, y: 1.72, z: 0.5 },
			scale: 2
		},
		"armor-body-*": {
			translation: { x: 3, y: 0, z: 0 },
			rotation: { x: -26, y: -46, z: -180 },
			origin: { x: 0.5, y: 1.11, z: 0.5 },
			scale: 1.37
		},
		"armor-legs-lamellar-*": {
			translation: { x: 2, y: 0, z: 0 },
			rotation: { x: -26, y: -46, z: -180 },
			origin: { x: 0.5, y: 0.33, z: 0.5 },
			scale: 2.2
		},
		"armor-legs-*": {
			translation: { x: 1, y: 0, z: 0 },
			rotation: { x: -26, y: -46, z: -180 },
			origin: { x: 0.5, y: 0.6, z: 0.5 },
			scale: 1.25
		}
	},
	groundTransformByType: {
		"armor-head-*": {
			translation: { x: 0, y: 0, z: 0 },
			rotation: { x: 0, y: 0, z: 0 },
			origin: { x: 0.34, y: 1.71, z: 0.5 },
			scale: 3.1
		},
		"armor-body-*": {
			translation: { x: 0, y: 0, z: 0 },
			rotation: { x: 0, y: 0, z: 90 },
			origin: { x: 0.34, y: 1.12, z: 0.5 },
			scale: 3.1
		},
		"armor-legs-*": {
			translation: { x: 0, y: 0, z: 0 },
			rotation: { x: 0, y: 0, z: 90 },
			origin: { x: 0.34, y: 1.12, z: 0.5 },
			scale: 3.1
		}
	},
}