{
	code: "pike",
	class: "EntityProjectile",
	hitboxSize: { x: 0.137, y: 0.137 },
	variantgroups: [
		{ code: "material", states: ["tinbronze", "bismuthbronze", "blackbronze","iron", "meteoriciron", "steel", "temporalit"] }
	],
	hitboxSize: { x: 0.127, y: 0.127 },
	client: {
		renderer: "Shape",
		shape: { "base": "spearexpantion:item/tool/spear/pike", offsetX: -0.8125 },
	texturesByType: {
		"*-tinbronze": {
			"steel3": { "base": "game:block/metal/ingot/{material}" }
		},
		"*-bismuthbronze": {
			"steel3": { "base": "game:block/metal/ingot/{material}" }
		},
		"*-blackbronze": {
			"steel3": { "base": "game:block/metal/ingot/{material}" }
		},
		"*-iron": {
			"steel3": { "base": "game:item/tool/material/{material}" }
		},
		"*-meteoriciron": {
			"steel3": { "base": "game:item/tool/shield/metal/{material}" }
		},
		"*-steel": {
			"steel3": { "base": "game:item/tool/shield/metal/{material}" }
		},
		"*-temporalit": {
			"steel3": { "base": "game:block/metal/ingot/{material}" }
		}
	},
		behaviors: [
			{ 
				code: "passivephysics", 
				groundDragFactor: 1,
				airDragFactor: 0.55,
				gravityFactor: 1
			}, 
			{ code: "interpolateposition" }
		],
	},
	server: {
		behaviors: [
			{ 
				code: "passivephysics", 
				groundDragFactor: 1,
				airDragFactor: 0.55,
				gravityFactor: 0.95
			}, 
			{ code: "despawn", minSeconds: 1000 }
		]
	},
	sounds: {
	},
}