{
	code: "spear",
	class: "EntityProjectile",
	hitboxSize: { x: 0.127, y: 0.127 },
	variantgroups: [
		{ code: "material", states: ["iron", "meteoriciron","steel","temporalit"] }
	],
	client: {
		renderer: "Shape",
	shape: { "base":"spearexpantion:item/tool/spear/spear-iron" },
	texturesByType: {
		
		"*-iron": {
			"iron": {"base" : "game:item/tool/material/{material}" },
		},
		"*-meteoriciron": {
			"iron": {"base" : "game:item/tool/shield/metal/{material}" },
		},
		"*-steel": {
			"iron": {"base" : "game:item/tool/shield/metal/{material}" }
		},
		"*-temporalit": {
			"iron": {"base" : "game:block/metal/ingot/temporalit" }
		}
	},
		behaviors: [
			{ 
				code: "passivephysics", 
				groundDragFactor: 1,
				airDragFactor: 0.25,
				gravityFactor: 0.65
			}, 
			{ code: "interpolateposition" }
		],
	},
	server: {
		behaviors: [
			{ 
				code: "passivephysics", 
				groundDragFactor: 1,
				airDragFactor: 0.25,
				gravityFactor: 0.65
			}, 
			{ code: "despawn", minSeconds: 1000 }
		]
	},
	sounds: {
	},
}