[
  { "op": "replace", "path": "/0/enabled", "value": false, "file": "paxel:compatibility/legendarymobs/recipes/barrel/paxelhead-legendarymobs-legendary-finished.json", "condition": { "when": "Paxel.Recipe.Enabled.Legendary", "isValue": "false" }, "side": "server" },
  { "op": "replace", "path": "/0/enabled", "value": false, "file": "paxel:compatibility/legendarymobs/recipes/grid/paxel-legendarymobs-legendary.json", "condition": { "when": "Paxel.Recipe.Enabled.Legendary", "isValue": "false" }, "side": "server" },
  { "op": "replace", "path": "/enabled", "value": false, "file": "paxel:compatibility/legendarymobs/recipes/smithing/paxelhead-legendarymobs-legendary-rough.json", "condition": { "when": "Paxel.Recipe.Enabled.Legendary", "isValue": "false" }, "side": "server" }
]
