{
	"ingredientPattern": "_H_,W_M,_B_",
	"enabled": true,
	"ingredients": {
		"H": {
			"type": "block",
			"code": "game:flower-horsetail-*",
			"quantity": 1
		},
		"M": {
			"type": "block",
			"code": "game:flower-catmint-*",
			"quantity": 1
		},
		"B": {
			"type": "block",
			"code": "game:flower-cowparsley-*",
			"quantity": 1
		},
		"W": {
			"type": "block",
			"code": "game:flower-wilddaisy-*",
			"quantity": 1
			}
	},
	"width": 3,
	"height": 3,
	"shapeless": false,
	"output": {
		"type": "item",
		"code": "spearexpantion:herbsbundle",
		"quantity": 1
	}
}