{
	"ingredientPattern": "HRS",
	"enabled": true,
	"ingredients": {
		"H": {
			"type": "item",
			"code": "spearexpantion:spearhead-*", "name": "metal", "allowedVariants": [ "iron", "meteoriciron", "steel", "temporalit" ],
			"quantity": 1
		},
		"R": {
			"type": "item",
			"code": "game:rope",
			"quantity": 1
		},
		"S": {
			"type": "item",
			"code": "game:stick",
			"quantity": 1
			}
	},
	"width": 1,
	"height": 3,
	"shapeless": false,
	"output": {
		"type": "item",
		"code": "spearexpantion:spear-{metal}",
		"quantity": 1
	}
}