{
	"ingredientPattern": "H__,SR_,C__",
	"enabled": true,
	"ingredients": {
		"H": {
			"type": "item",
			"code": "spearexpantion:pikehead-*", "name": "metal", "allowedVariants": [ "tinbronze", "bismuthbronze", "blackbronze", "iron", "meteoriciron", "steel", "temporalit" ],
			"quantity": 1
		},
		"S": {
			"type": "item",
			"code": "game:stick",
			"quantity": 1
			},
		"R": {
			"type": "item",
			"code": "game:rope",
			"quantity": 1
		},
		"C": {
			"type": "item",
			"code": "game:poundercap-*", "name": "metal",
			"quantity": 1
		}	
	},
	"width": 3,
	"height": 3,
	"shapeless": false,
	"output": {
		"type": "item",
		"code": "spearexpantion:pike-{metal}",
		"quantity": 1
	}
}