﻿[
//Bear
  {
    "side": "Server",
    "dependsOn": [{"modid": "combatoverhaul"}],
    "file": "rottingenimals:entities/bear",
    "op": "add",
    "path": "/client/behaviors/-",
    "value": {
      "code": "CombatOverhaul:EntityColliders",
      "elements": {
        "Torso": ["body", "abdomen", "shoulders"],
        "Head": ["head", "cheeks", "mouth"],
        "Arm": ["L front leg", "L front leg3", "R front leg", "L front feet"],
        "Leg": ["L back leg", "L back feet", "R back leg", "R back feet"],
        "Critical": ["neck"],
        "Resistant": []
      }
    }
  },
  {
    "side": "Server",
    "dependsOn": [{"modid": "combatoverhaul"}],
    "file": "rottingenimals:entities/bear",
    "op": "add",
    "path": "/server/behaviors/-",
    "value": {
      "code": "CombatOverhaul:EntityDamageModel",
      "damageModelByType": {
        "*": {
          "TorsoDamageMultiplier": 1,
          "LimbsDamageMultiplier": 0.75,
          "HeadDamageMultiplier": 1.25,
          "CriticalDamageMultiplier": 1.5,
          "DefaultResists": {"BluntAttack": 0, "SlashingAttack": 1, "PiercingAttack": 1},
		  "ResistsForColliders": {"Torso": {"BluntAttack": 1, "SlashingAttack": 1, "PiercingAttack": 1}}
        }
      }
    }
  },
  //Hyena
  {
    "side": "Server",
    "dependsOn": [{"modid": "combatoverhaul"}],
    "file": "rottingenimals:entities/hyena",
    "op": "add",
    "path": "/client/behaviors/-",
    "value": {
      "code": "CombatOverhaul:EntityColliders",
      "elements": {
        "Torso": ["body", "abdomen"],
        "Head": ["head", "jaw", "mouth"],
        "Arm": [],
        "Leg": ["L back leg", "L back feet", "R back leg", "R back feet", "L front leg", "L front feet", "R front leg", "R front feet"],
        "Critical": ["neck"],
        "Resistant": []
      }
    }
  },
  {
    "side": "Server",
    "dependsOn": [{"modid": "combatoverhaul"}],
    "file": "rottingenimals:entities/hyena",
    "op": "add",
    "path": "/server/behaviors/-",
    "value": {
      "code": "CombatOverhaul:EntityDamageModel",
      "damageModelByType": {
        "*": {
          "TorsoDamageMultiplier": 1,
          "LimbsDamageMultiplier": 0.75,
          "HeadDamageMultiplier": 1.25,
          "CriticalDamageMultiplier": 1.5,
          "DefaultResists": {"BluntAttack": 0, "SlashingAttack": 1, "PiercingAttack": 1},
		  "ResistsForColliders": {"Torso": {"BluntAttack": 1, "SlashingAttack": 1, "PiercingAttack": 1}}
        }
      }
    }
  },
  //Moose
  {
    "side": "Server",
    "dependsOn": [{"modid": "combatoverhaul"}],
    "file": "rottingenimals:entities/moose",
    "op": "add",
    "path": "/client/behaviors/-",
    "value": {
      "code": "CombatOverhaul:EntityColliders",
      "elements": {
        "Torso": ["Body", "abdomen", "Midsection"],
        "Head": ["head", "nose bridge", "mouth up", "nose", "jaw", "jaw2"],
        "Arm": [],
        "Leg": ["L front Thigh", "L front Upper Arm", "L front lower Arm", "L front pastern", "R front Thigh", "R front Upper Arm", "R front lower Arm", "R front pastern", "L back Thigh", "L back Upper Arm", "L back lower Arm", "L back pastern", "R back Thigh", "R back Upper Arm", "R back lower Arm", "R back pastern"],
        "Critical": ["neck", "neck2"],
        "Resistant": ["R antler HAND1", "RAntler HAND2", "RAntler HAND3", "LAntler HAND1", "LAntler HAND2", "LAntler HAND3"]
      }
    }
  },
  {
    "side": "Server",
    "dependsOn": [{"modid": "combatoverhaul"}],
    "file": "rottingenimals:entities/moose",
    "op": "add",
    "path": "/server/behaviors/-",
    "value": {
      "code": "CombatOverhaul:EntityDamageModel",
      "damageModelByType": {
        "*": {
          "TorsoDamageMultiplier": 1,
          "LimbsDamageMultiplier": 0.75,
          "HeadDamageMultiplier": 1.25,
          "CriticalDamageMultiplier": 1.5,
		  "ResistantDamageMultiplier": 0.05,
          "DefaultResists": {"BluntAttack": 0, "SlashingAttack": 1, "PiercingAttack": 1},
		  "ResistsForColliders": {"Torso": {"BluntAttack": 1, "SlashingAttack": 1, "PiercingAttack": 1}}
        }
      }
    }
  },
  //Squirrel
  {
    "side": "Server",
    "dependsOn": [{"modid": "combatoverhaul"}],
    "file": "rottingenimals:entities/squirrel",
    "op": "add",
    "path": "/client/behaviors/-",
    "value": {
      "code": "CombatOverhaul:EntityColliders",
      "elements": {
        "Torso": ["Body"],
        "Head": ["head", "Upper jaw", "L upper jaw", "Cube2", "Cube4", "Cube6", "Cube4", "Cube7", "Cube8", "Cube9", "Cube16", "Cube17", "Cube19", "Cube30", "Cube31", "Cube32", "Cube33", "Cube34", "Cube35", "Cube36", "R upper jaw", "Cube3", "Cube5", "Cube10", "Cube11", "Cube12", "Cube13", "Cube14", "Cube15", "R upper jaw2", "R upper jaw5", "R upper jaw6", "eyeR", "eyeR2", "L upper jaw2", "Upper jaw2", "L upper jaw3", "R upper jaw3", "R upper jaw4", "L upper jaw4", "L upper jaw5", "eyeL", "eyeL2", "L upper jaw6", "lower jaw", "Cube18", "nose", "lower jaw2", "lower jaw3", "Cube20", "Cube21", "Cube22", "Cube23", "Cube24", "Cube25", "Cube26", "Cube27", "Cube28", "Cube29", "Cube30"],
        "Arm": ["Arm Shoulder L", "Arm Middle L", "Paw L", "Arm Shoulder R", "Arm Middle R", "Paw R"],
        "Leg": ["legL", "legLM", "FootL", "legR", "legRM", "FootR", "Shoulder insect L", "Metal insect legL", "Metal insect legL2", "Metal insect legL3", "Shoulder insect R", "Metal insect legR", "Metal insect legR2", "Metal insect legR3"],
        "Critical": [],
        "Resistant": ["Tail L", "Tail L2", "Tail L3", "Tail L4", "Tail R", "Tail R2"]
      }
    }
  },
  {
    "side": "Server",
    "dependsOn": [{"modid": "combatoverhaul"}],
    "file": "rottingenimals:entities/squirrel",
    "op": "add",
    "path": "/server/behaviors/-",
    "value": {
      "code": "CombatOverhaul:EntityDamageModel",
      "damageModelByType": {
        "*": {
          "TorsoDamageMultiplier": 1,
          "LimbsDamageMultiplier": 0.75,
          "HeadDamageMultiplier": 1.25,
          "CriticalDamageMultiplier": 1.5,
		  "ResistantDamageMultiplier": 0.05,
          "DefaultResists": {"BluntAttack": 0, "SlashingAttack": 1, "PiercingAttack": 1},
		  "ResistsForColliders": {"Torso": {"BluntAttack": 1, "SlashingAttack": 1, "PiercingAttack": 1}}
        }
      }
    }
  },
  //Wolf
  {
    "side": "Server",
    "dependsOn": [{"modid": "combatoverhaul"}],
    "file": "rottingenimals:entities/wolf-male",
    "op": "add",
    "path": "/client/behaviors/-",
    "value": {
      "code": "CombatOverhaul:EntityColliders",
      "elements": {
        "Torso": ["Body", "abdomen"],
        "Head": ["head", "jaw", "mouth up"],
        "Arm": [],
        "Leg": ["left leg", "left leg end", "left back leg", "left leg back end", "right leg", "right leg end", "right back leg", "right back leg end"],
        "Critical": ["neck"],
        "Resistant": ["tail", "tail end"]
      }
    }
  },
  {
    "side": "Server",
    "dependsOn": [{"modid": "combatoverhaul"}],
    "file": "rottingenimals:entities/wolf-male",
    "op": "add",
    "path": "/server/behaviors/-",
    "value": {
      "code": "CombatOverhaul:EntityDamageModel",
      "damageModelByType": {
        "*": {
          "TorsoDamageMultiplier": 1,
          "LimbsDamageMultiplier": 0.75,
          "HeadDamageMultiplier": 1.25,
          "CriticalDamageMultiplier": 1.5,
		  "ResistantDamageMultiplier": 0.05,
          "DefaultResists": {"BluntAttack": 0, "SlashingAttack": 1, "PiercingAttack": 1},
		  "ResistsForColliders": {"Torso": {"BluntAttack": 1, "SlashingAttack": 1, "PiercingAttack": 1}}
        }
      }
    }
  }
]