﻿[
//Minion Racoon
  {
    "side": "Server",
    "dependsOn": [{"modid": "combatoverhaul"}],
    "file": "rottingenimals:entities/minions/racoon-rotten-AF",
    "op": "add",
    "path": "/client/behaviors/-",
    "value": {
      "code": "CombatOverhaul:EntityColliders",
      "elements": {
        "Torso": ["body", "abdomen"],
        "Head": ["head", "jaw", "mouth"],
        "Arm": [],
        "Leg": ["L front leg", "front locust leg R", "front locust leg R2", "front locust leg R3","R front leg", "R front feet", "front locust leg L", "front locust leg L2", "front locust leg L3", "R back leg", "locust leg BL", "locust leg BL2", "locust leg BL3", "L back leg", "locust leg BR", "locust leg BR1", "locust leg BR2"],
        "Critical": ["neck"],
        "Resistant": ["tail", "tail end", "tail tip R", "tail tip R1", "tail tip R2", "tail tip L", "tail tip L1", "tail tip L2"]
      }
    }
  },
  {
    "side": "Server",
    "dependsOn": [{"modid": "combatoverhaul"}],
    "file": "rottingenimals:entities/minions/racoon-rotten-AF",
    "op": "add",
    "path": "/server/behaviors/-",
    "value": {
      "code": "CombatOverhaul:EntityDamageModel",
      "damageModelByType": {
        "*": {
          "TorsoDamageMultiplier": 1,
          "LimbsDamageMultiplier": 0.75,
          "HeadDamageMultiplier": 1.25,
          "CriticalDamageMultiplier": 1.5,
		  "ResistantDamageMultiplier": 0.05,
          "DefaultResists": {"BluntAttack": 0, "SlashingAttack": 1, "PiercingAttack": 1},
		  "ResistsForColliders": {"Torso": {"BluntAttack": 1, "SlashingAttack": 1, "PiercingAttack": 1}}
        }
      }
    }
  }
]