﻿[
//Rusty Bass
  {
    "side": "Server",
    "dependsOn": [{"modid": "combatoverhaul"}],
    "file": "rottingenimals:entities/water/rustybass",
    "op": "add",
    "path": "/client/behaviors/-",
    "value": {
      "code": "CombatOverhaul:EntityColliders",
      "elements": {
        "Torso": ["Body", "Butt"],
        "Head": ["Head", "Jaw"],
        "Arm": [],
        "Leg": ["Tail"],
        "Critical": [],
        "Resistant": []
      }
    }
  },
  {
    "side": "Server",
    "dependsOn": [{"modid": "combatoverhaul"}],
    "file": "rottingenimals:entities/water/rustybass",
    "op": "add",
    "path": "/server/behaviors/-",
    "value": {
      "code": "CombatOverhaul:EntityDamageModel",
      "damageModelByType": {
        "*": {
          "TorsoDamageMultiplier": 1,
          "LimbsDamageMultiplier": 0.75,
          "HeadDamageMultiplier": 1.25,
          "DefaultResists": {"BluntAttack": 0, "SlashingAttack": 1, "PiercingAttack": 1},
		  "ResistsForColliders": {"Torso": {"BluntAttack": 1, "SlashingAttack": 1, "PiercingAttack": 1}}
        }
      }
    }
  }
]