{
	code: "creature",
	class: "ItemCreature",
	maxstacksize: 64,
	variantgroups: [
		{ code: "type", states: ["rottingwolf", "decayingbear", "decayingmoose", "sawsquirrel", "rustybass","decayinghyena","rotembryo","racoonminion"] }
	],
	renderAlphaTestByType: {
		"creature-decayingbear": 0.75
	},
	shapeByType: {
		"*-rottingwolf": {
			"base": "rottingenimals:entity/land/wolf"
		},
		"*-decayingbear": {
			"base": "rottingenimals:entity/land/bear"
		},
		"*-decayingmoose": {
			"base": "rottingenimals:entity/land/moose"
		},
		"*-sawsquirrel": {
			"base": "rottingenimals:entity/land/squirrel1"
		},
		"*-rustybass": {
			"base": "rottingenimals:entity/water/rustybass"
		},
		"*-decayinghyena": {
			"base": "rottingenimals:entity/land/hyena"
		},
		"*-racoonminion": {
			"base": "rottingenimals:entity/special/minionracoon"
		},
		"*-rotembryo": {
			"base": "rottingenimals:entity/special/rotembryo"
		}
	},
	creativeinventory: { "general": ["*"], "items": ["*"], "creatures": ["*"], "decayingcreatures": ["*"] },
	materialDensity: 600,
	guiTransformByType: {
		"creature-rottingwolf": {
			rotate: true,
			translation: { x: 2, y: 1, z: 0 },
			rotation: { x: 4, y: -59, z: -180 },
			origin: { x: 0.5, y: 0.5, z: 0.5 },
			scale: 1.16
		},
		"creature-decayingbear": {
			rotate: true,
			translation: { x: 0, y: 0, z: 0 },
			rotation: { x: 180, y: -115, z: 6 },
			origin: { x: 0.5, y: 0.74, z: 0.5 }
		},
		"creature-decayingmoose": {
			rotate: true,
			translation: { x: 3, y: 0, z: 0 },
			rotation: { x: -11, y: -52, z: -180 },
			origin: { x: 0.5, y: 0.8, z: 0.5 },
			scale: 0.97
		},
		"creature-sawsquirrel": {
			rotate: true,
			translation: { x: 0, y: 0, z: 0 },
			rotation: { x: -18, y: -130, z: -180 },
			origin: { x: 0.6, y: 0.4, z: 0.5 },
			scale: 1.6
		},
		"creature-rustybass": {
			rotate: true,
			translation: { x: 0, y: 0, z: 0 },
			rotation: { x: 177, y: 144, z: -41 },
			origin: { x: 0.49, y: 0.18, z: 0.5 },
			scale: 1.9
		},
		"creature-decayinghyena": {
			rotate: true,
			translation: { x: 2, y: 1, z: 0 },
			rotation: { x: 4, y: -59, z: -180 },
			origin: { x: 0.5, y: 0.5, z: 0.5 },
			scale: 1.16
		},
		"creature-racoonminion": {
			rotate: true,
			translation: { x: 0, y: 0, z: 0 },
			rotation: { x: -18, y: -130, z: -180 },
			origin: { x: 0.6, y: 0.4, z: 0.5 },
			scale: 1.6
		},
		"creature-rotembryo": {
			translation: { x: 1, y: 2, z: 0 },
			rotation: { x: 4, y: -59, z: -180 },
			origin: { x: 0.5, y: 1.5, z: 0.5 },
			scale: 0.5
		}
	},
	
	tpHandTransformByType: {
		"creature-rottingwolf": {
			translation: { x: -1, y: -0.6, z: -0.7 },
			rotation: { x: -180, y: 0, z: -156 },
			scale: 0.5
		},
		"creature-decayingbear": 	{
			translation: { x: -0.7, y: -0.8, z: -0.6 },
			rotation: { x: 1, y: 172, z: 26 },
			scale: 0.44
		},
		"creature-decayingmoose": {
			translation: { x: -0.9, y: -1.8, z: -0.7 },
			rotation: { x: -180, y: 0, z: -156 },
			scale: 0.45
		},
		"creature-sawsquirrel": {
			translation: { x: -1.1, y: -0.3, z: -0.7 },
			rotation: { x: -159, y: -21, z: -89 },
			origin: { x: 0.5, y: 0.2, z: 0.5 },
			scale: 0.53
		},
		"creature-rustybass": {
			translation: { x: -0.8, y: -0.55, z: -0.6 },
			rotation: { x: 0, y: -62, z: 28 },
			scale: 0.62
		},
		"creature-decayinghyena": {
			translation: { x: -1, y: -0.6, z: -0.7 },
			rotation: { x: -180, y: 0, z: -156 },
			scale: 0.5
		},
		"creature-racoonminion": {
			translation: { x: -1.1, y: -0.3, z: -0.7 },
			rotation: { x: -159, y: -21, z: -89 },
			origin: { x: 0.5, y: 0.2, z: 0.5 },
			scale: 0.53
		},
		"creature-rotembryo": {
			translation: { x: -1, y: -0.6, z: -0.7 },
			rotation: { x: -179, y: 3, z: -96 },
			scale: 0.25
		}
	},
	groundTransformByType: {
		"creature-decayingbear": {
			translation: { x: 0, y: 0.1, z: 0 }
		},
		"creature-decayingmoose": {
			translation: { x: 0.2, y: 0, z: 0 },
			rotation: { x: -8, y: -63, z: -7 }
		},
		"creature-sawsquirrel": {
			translation: { x: 0, y: 0, z: 0 },
			rotation: { x: 0, y: 0, z: 0 },
			origin: { x: 0.5, y: 0, z: 0.5299 },
			scale: 1.95
		},
		"creature-rotembryo": {
			translation: { x: 0, y: 0, z: 0 },
			rotation: { x: 0, y: 0, z: 0 },
			origin: { x: 0.5, y: -0.1, z: 0.5299 },
			scale: 1.5
		}
	}
}