{
  "type": "content",
  "modid": "betterloot",
  "name": "Better Loot",
  "website": "https://mods.vintagestory.at/betterloot",
  "description" : "Adds some more drops to all hostile entites loot tables, mostly aims at making lower tier entities actually worthwhile to cut open.",
  "authors": [
    "DejFidOFF for Tábor Waterworld Pirates -->> www.vintagestory.cz"
  ],
  "version": "1.1.0",
  "side": "Universal",
  "gameversions": [ "1.5.0.3+" ],
  "dependencies": {},
  "Contributors": ["Ketrai"],
  "RequiredOnClient": true,
  "RequiredOnServer": true

}