{
	"code": "spear",
	"class": "EntityProjectile",
	"hitboxSize": { "x": 0.125, "y": 0.125 },
	"variantgroups": [
		{ "code": "type", "states": ["bonified"] },
		{ "code": "material", "states": ["granite", "andesite", "basalt", "obsidian", "peridotite", "chert", "flint", "copper", "tinbronze",  "bismuthbronze", "blackbronze" ] }
	],
	"skipVariants": [],
	"allowedVariants": [
		"spear-bonified-*"
	],
	"attributes": {
		"isProjectile": true
	},
	"client": {
		"renderer": "Shape",
		"shapeByType": {
			"@spear-bonified-(chert|granite|andesite|basalt|obsidian|peridotite|flint)": { "base": "game:item/tool/spear/stone" },
			"@spear-bonified-(copper|tinbronze|bismuthbronze|blackbronze)": { "base": "game:item/tool/spear/copper" }
		},
	"texturesByType": {
			"spear-bonified-flint": { 
				"material": { "base": "game:block/stone/{material}" } ,
				"handle": { "base": "game:block/creature/bone-yellow" }
			},
			"@spear-bonified-(chert|granite|andesite|basalt|obsidian|peridotite)": { 
				"material": { "base": "game:block/stone/rock/{material}1" },
				"handle": { "base": "game:block/creature/bone-yellow" }
			},
			"@spear-bonified-(copper|tinbronze|bismuthbronze|blackbronze)": { 
				"material": { "base": "game:block/metal/ingot/{material}" } ,
				"handle": { "base": "game:block/creature/bone-yellow" }
			}
	},
		"behaviors": [
			{ 
				"code": "passivephysics", 
				"groundDragFactor": 1,
				"airDragFactor": 0.25,
				"gravityFactor": 0.75
			}, 
			{ "code": "interpolateposition" }
		]
	},
	"server": {
		"behaviors": [
			{ 
				"code": "passivephysics", 
				"groundDragFactor": 1,
				"airDragFactor": 0.25,
				"gravityFactor": 0.75
			}, 
			{ "code": "despawn", "minSeconds": 600 }
		]
	},
	"sounds": { }
}