[
  {
    "op": "add",
    "path": "/structures/-",
    "value": {
      "code": "rotembryocave",
	  "group": "decayingdungeon",
	  "minGroupDistance": 600,
	  "name": "Broken Infested Prison",
      "chance": 0.05,
      "placement": "underground",
      "schematics": [
        "underground/embryocave/thehardtofindone"
      ],
      "depth": {
        "dist": "invexp",
        "avg": 60,
        "var": 5
      },
      "rockTypeRemapGroup": "standard"
    },
    "file": "game:worldgen/structures.json"
  }
]