{
	"editor": {
		"allAngles": false,
		"entityTextureMode": false
	},
	"textureWidth": 16,
	"textureHeight": 16,
	"textureSizes": {
		"base2": [16,16],
		"woodenclub": [32,16],
		"iron": [16,16]
	},
	"textures": {
		"base2": "game:block/clay/oven/base2",
		"iron": "game:block/metal/tarnished/iron",
		"woodenclub": "game:item/tool/material/woodenclub"
	},
	"elements": [
		{
			"name": "Cube1",
			"from": [ 1.5, 0.0, 1.5 ],
			"to": [ 14.5, 1.0, 14.5 ],
			"rotationOrigin": [ -4.0, 0.0, -3.0 ],
			"faces": {
				"north": { "texture": "#base2", "uv": [ 2.5, 9.0, 15.5, 10.0 ] },
				"east": { "texture": "#base2", "uv": [ 1.5, 11.0, 14.5, 12.0 ] },
				"south": { "texture": "#base2", "uv": [ 1.5, 13.0, 14.5, 14.0 ] },
				"west": { "texture": "#base2", "uv": [ 2.5, 8.5, 15.5, 9.5 ] },
				"up": { "texture": "#iron", "uv": [ 2.5, 1.5, 15.5, 14.5 ], "windMode": [-1,-1,-1,-1] },
				"down": { "texture": "#base2", "uv": [ 1.5, 2.5, 14.5, 15.5 ] }
			},
			"children": [
				{
					"name": "Rotation Point",
					"from": [ 0.0, 1.0, 0.0 ],
					"to": [ 0.0, 1.0, 0.0 ],
					"rotationOrigin": [ 6.5, 1.0, 6.5 ],
					"rotationY": 90.0,
					"faces": {
						"north": { "texture": "#base2", "uv": [ 7.0, 12.0, 7.5, 12.5 ] },
						"east": { "texture": "#base2", "uv": [ 0.0, 8.5, 0.5, 9.0 ] },
						"south": { "texture": "#base2", "uv": [ 12.5, 14.5, 13.0, 15.0 ] },
						"west": { "texture": "#base2", "uv": [ 5.5, 7.5, 6.0, 8.0 ] },
						"up": { "texture": "#base2", "uv": [ 12.5, 8.0, 13.0, 8.5 ] },
						"down": { "texture": "#base2", "uv": [ 13.0, 11.5, 13.5, 12.0 ] }
					},
					"children": [
						{
							"name": "Cube2",
							"from": [ 0.0, 0.0, 0.0 ],
							"to": [ 13.0, 5.0, 1.0 ],
							"faces": {
								"north": { "texture": "#base2", "uv": [ 1.5, 4.5, 14.5, 9.5 ] },
								"east": { "texture": "#base2", "uv": [ 6.0, 4.0, 7.0, 9.0 ] },
								"south": { "texture": "#base2", "uv": [ 2.0, 1.5, 15.0, 6.5 ] },
								"west": { "texture": "#base2", "uv": [ 5.5, 4.0, 6.5, 9.0 ] },
								"up": { "texture": "#base2", "uv": [ 2.5, 9.0, 15.5, 10.0 ] }
							}
						},
						{
							"name": "Cube7",
							"from": [ 0.0, 0.0, 12.0 ],
							"to": [ 13.0, 5.0, 13.0 ],
							"rotationOrigin": [ 0.0, 0.0, 12.0 ],
							"faces": {
								"north": { "texture": "#base2", "uv": [ 1.0, 5.5, 14.0, 10.5 ] },
								"east": { "texture": "#base2", "uv": [ 11.5, 5.0, 12.5, 10.0 ] },
								"south": { "texture": "#base2", "uv": [ 0.5, 2.0, 13.5, 7.0 ] },
								"west": { "texture": "#base2", "uv": [ 3.0, 5.5, 4.0, 10.5 ] },
								"up": { "texture": "#base2", "uv": [ 1.5, 4.0, 14.5, 5.0 ] }
							}
						},
						{
							"name": "Cube8",
							"from": [ -0.1, 3.0, 12.8 ],
							"to": [ 13.1, 4.0, 13.1 ],
							"rotationOrigin": [ 0.0, 3.0, 13.0 ],
							"faces": {
								"north": { "texture": "#iron", "uv": [ 1.5, 4.5, 14.5, 5.5 ] },
								"east": { "texture": "#iron", "uv": [ 6.0, 4.0, 6.5, 5.0 ] },
								"south": { "texture": "#iron", "uv": [ 2.0, 1.5, 15.0, 2.5 ] },
								"west": { "texture": "#iron", "uv": [ 5.5, 4.0, 6.0, 5.0 ] },
								"up": { "texture": "#iron", "uv": [ 2.5, 9.0, 15.5, 9.5 ] }
							}
						},
						{
							"name": "Cube21",
							"from": [ -0.1, 3.0, 0.01 ],
							"to": [ 0.09, 4.0, 12.8 ],
							"rotationOrigin": [ 0.0, 4.0, 0.0 ],
							"faces": {
								"east": { "texture": "#iron", "uv": [ 3.5, 5.5, 16.0, 6.5 ] },
								"west": { "texture": "#iron", "uv": [ 3.5, 5.0, 16.0, 6.0 ] },
								"up": { "texture": "#iron", "uv": [ 6.0, 3.5, 6.5, 16.0 ] }
							}
						},
						{
							"name": "Cube22",
							"from": [ 12.9, 3.0, 0.01 ],
							"to": [ 13.09, 4.0, 12.8 ],
							"rotationOrigin": [ 13.0, 4.0, 0.0 ],
							"faces": {
								"east": { "texture": "#iron", "uv": [ 3.5, 5.5, 16.0, 6.5 ] },
								"west": { "texture": "#iron", "uv": [ 3.5, 5.0, 16.0, 6.0 ] },
								"up": { "texture": "#iron", "uv": [ 6.0, 3.5, 6.5, 16.0 ] }
							}
						},
						{
							"name": "Cube24",
							"from": [ -0.1, 0.0, 0.01 ],
							"to": [ 0.09, 1.0, 12.8 ],
							"rotationOrigin": [ 0.0, 1.0, 0.0 ],
							"faces": {
								"east": { "texture": "#iron", "uv": [ 3.5, 5.5, 16.0, 6.5 ] },
								"west": { "texture": "#iron", "uv": [ 3.5, 5.0, 16.0, 6.0 ] },
								"up": { "texture": "#iron", "uv": [ 6.0, 3.5, 6.5, 16.0 ] }
							}
						},
						{
							"name": "Cube4",
							"from": [ -0.1, 0.0, -0.2 ],
							"to": [ 13.1, 1.0, 0.1 ],
							"faces": {
								"north": { "texture": "#iron", "uv": [ 1.5, 4.5, 14.5, 5.5 ] },
								"east": { "texture": "#iron", "uv": [ 6.0, 4.0, 6.5, 5.0 ] },
								"south": { "texture": "#iron", "uv": [ 2.0, 1.5, 15.0, 2.5 ] },
								"west": { "texture": "#iron", "uv": [ 5.5, 4.0, 6.0, 5.0 ] },
								"up": { "texture": "#iron", "uv": [ 2.5, 9.0, 15.5, 9.5 ] }
							}
						},
						{
							"name": "Cube9",
							"from": [ -0.1, 0.0, 12.8 ],
							"to": [ 13.1, 1.0, 13.1 ],
							"rotationOrigin": [ 0.0, 0.0, 13.0 ],
							"faces": {
								"north": { "texture": "#iron", "uv": [ 1.5, 4.5, 14.5, 5.5 ] },
								"east": { "texture": "#iron", "uv": [ 6.0, 4.0, 6.5, 5.0 ] },
								"south": { "texture": "#iron", "uv": [ 2.0, 1.5, 15.0, 2.5 ] },
								"west": { "texture": "#iron", "uv": [ 5.5, 4.0, 6.0, 5.0 ] },
								"up": { "texture": "#iron", "uv": [ 2.5, 9.0, 15.5, 9.5 ] }
							}
						},
						{
							"name": "Cube25",
							"from": [ 12.9, 0.0, 0.01 ],
							"to": [ 13.09, 1.0, 12.8 ],
							"rotationOrigin": [ 13.0, 1.0, 0.0 ],
							"faces": {
								"east": { "texture": "#iron", "uv": [ 3.5, 5.5, 16.0, 6.5 ] },
								"west": { "texture": "#iron", "uv": [ 3.5, 5.0, 16.0, 6.0 ] },
								"up": { "texture": "#iron", "uv": [ 6.0, 3.5, 6.5, 16.0 ] }
							}
						},
						{
							"name": "Cube5",
							"from": [ -2.0, 5.8, 3.25 ],
							"to": [ -1.0, 7.2, 9.75 ],
							"rotationOrigin": [ -1.0, 6.0, 3.0 ],
							"rotationZ": -90.0,
							"faces": {
								"north": { "texture": "#woodenclub", "uv": [ 0.0, 0.0, 1.0, 1.0 ] },
								"east": { "texture": "#woodenclub", "uv": [ 0.0, 0.0, 6.5, 1.0 ] },
								"south": { "texture": "#woodenclub", "uv": [ 0.0, 0.0, 1.0, 1.0 ] },
								"west": { "texture": "#woodenclub", "uv": [ 0.0, 0.0, 6.5, 1.0 ] },
								"up": { "texture": "#woodenclub", "uv": [ 0.0, 0.0, 1.0, 6.5 ] },
								"down": { "texture": "#woodenclub", "uv": [ 0.0, 0.0, 1.0, 6.5 ] }
							},
							"children": [
								{
									"name": "Cube14",
									"from": [ 1.5, 0.2, 1.75 ],
									"to": [ 2.0, 1.2, 8.75 ],
									"rotationOrigin": [ 1.0, 0.2, 1.7522 ],
									"rotationX": 0.0125,
									"rotationY": 89.9802,
									"rotationZ": -0.0125,
									"faces": {
										"north": { "texture": "#iron", "uv": [ 0.0, 0.0, 0.5, 1.0 ] },
										"east": { "texture": "#iron", "uv": [ 0.0, 0.0, 7.0, 1.0 ] },
										"south": { "texture": "#iron", "uv": [ 0.0, 0.0, 0.5, 1.0 ] },
										"west": { "texture": "#iron", "uv": [ 0.0, 0.0, 7.0, 1.0 ] },
										"up": { "texture": "#iron", "uv": [ 0.0, 0.0, 0.5, 7.0 ] },
										"down": { "texture": "#iron", "uv": [ 0.0, 0.0, 0.5, 7.0 ] }
									}
								},
								{
									"name": "Cube13",
									"from": [ 9.0, 0.2, 5.25 ],
									"to": [ 9.5, 1.2, 12.25 ],
									"rotationOrigin": [ 8.5002, 0.2, 4.7503 ],
									"rotationX": -0.0125,
									"rotationY": -89.9802,
									"rotationZ": -0.0125,
									"faces": {
										"north": { "texture": "#iron", "uv": [ 0.0, 0.0, 0.5, 1.0 ] },
										"east": { "texture": "#iron", "uv": [ 0.0, 0.0, 7.0, 1.0 ] },
										"south": { "texture": "#iron", "uv": [ 0.0, 0.0, 0.5, 1.0 ] },
										"west": { "texture": "#iron", "uv": [ 0.0, 0.0, 7.0, 1.0 ] },
										"up": { "texture": "#iron", "uv": [ 0.0, 0.0, 0.5, 7.0 ] },
										"down": { "texture": "#iron", "uv": [ 0.0, 0.0, 0.5, 7.0 ] }
									}
								}
							]
						},
						{
							"name": "Cube17",
							"from": [ 5.8, -1.0, -0.3 ],
							"to": [ 6.8, 4.2, 0.7 ],
							"rotationOrigin": [ 5.0, -1.0, 0.0 ],
							"faces": {
								"north": { "texture": "#iron", "uv": [ 0.0, 0.0, 1.0, 5.0 ] },
								"east": { "texture": "#iron", "uv": [ 0.0, 0.0, 1.0, 5.0 ] },
								"south": { "texture": "#iron", "uv": [ 0.0, 0.0, 1.0, 5.0 ] },
								"west": { "texture": "#iron", "uv": [ 0.0, 0.0, 1.0, 5.0 ] },
								"up": { "texture": "#iron", "uv": [ 0.0, 0.0, 1.0, 1.0 ] },
								"down": { "texture": "#iron", "uv": [ 0.0, 0.0, 1.0, 1.0 ] }
							}
						},
						{
							"name": "Cube18",
							"from": [ 12.3, -1.0, -0.3 ],
							"to": [ 13.3, 4.2, 0.7 ],
							"rotationOrigin": [ 12.0, -1.0, 0.0 ],
							"faces": {
								"north": { "texture": "#iron", "uv": [ 0.0, 0.0, 1.0, 5.0 ] },
								"east": { "texture": "#iron", "uv": [ 0.0, 0.0, 1.0, 5.0 ] },
								"south": { "texture": "#iron", "uv": [ 0.0, 0.0, 1.0, 5.0 ] },
								"west": { "texture": "#iron", "uv": [ 0.0, 0.0, 1.0, 5.0 ] },
								"up": { "texture": "#iron", "uv": [ 0.0, 0.0, 1.0, 1.0 ] },
								"down": { "texture": "#iron", "uv": [ 0.0, 0.0, 1.0, 1.0 ] }
							}
						},
						{
							"name": "Cube19",
							"from": [ 12.3, -1.0, 12.3 ],
							"to": [ 13.3, 4.2, 13.3 ],
							"rotationOrigin": [ 12.0, -1.0, 13.0 ],
							"faces": {
								"north": { "texture": "#iron", "uv": [ 0.0, 0.0, 1.0, 5.0 ] },
								"east": { "texture": "#iron", "uv": [ 0.0, 0.0, 1.0, 5.0 ] },
								"south": { "texture": "#iron", "uv": [ 0.0, 0.0, 1.0, 5.0 ] },
								"west": { "texture": "#iron", "uv": [ 0.0, 0.0, 1.0, 5.0 ] },
								"up": { "texture": "#iron", "uv": [ 0.0, 0.0, 1.0, 1.0 ] },
								"down": { "texture": "#iron", "uv": [ 0.0, 0.0, 1.0, 1.0 ] }
							}
						},
						{
							"name": "Cube23",
							"from": [ 5.8, -1.0, 12.3 ],
							"to": [ 6.8, 4.2, 13.3 ],
							"rotationOrigin": [ 5.0, -1.0, 13.0 ],
							"faces": {
								"north": { "texture": "#iron", "uv": [ 0.0, 0.0, 1.0, 5.0 ] },
								"east": { "texture": "#iron", "uv": [ 0.0, 0.0, 1.0, 5.0 ] },
								"south": { "texture": "#iron", "uv": [ 0.0, 0.0, 1.0, 5.0 ] },
								"west": { "texture": "#iron", "uv": [ 0.0, 0.0, 1.0, 5.0 ] },
								"up": { "texture": "#iron", "uv": [ 0.0, 0.0, 1.0, 1.0 ] },
								"down": { "texture": "#iron", "uv": [ 0.0, 0.0, 1.0, 1.0 ] }
							}
						},
						{
							"name": "Cube31",
							"from": [ -0.5, 4.0, -0.5 ],
							"to": [ 0.5, 4.5, 13.5 ],
							"rotationOrigin": [ -0.5, 4.0, -0.5 ],
							"faces": {
								"north": { "texture": "#iron", "uv": [ 0.0, 0.0, 1.0, 0.5 ] },
								"east": { "texture": "#iron", "uv": [ 0.0, 0.0, 14.0, 0.5 ] },
								"south": { "texture": "#iron", "uv": [ 0.0, 0.0, 1.0, 0.5 ] },
								"west": { "texture": "#iron", "uv": [ 0.0, 0.0, 14.0, 0.5 ] },
								"up": { "texture": "#iron", "uv": [ 0.0, 0.0, 1.0, 14.0 ] },
								"down": { "texture": "#iron", "uv": [ 0.0, 0.0, 1.0, 14.0 ] }
							}
						},
						{
							"name": "Cube26",
							"from": [ 0.5, 4.0, 12.5 ],
							"to": [ 13.5, 4.5, 13.5 ],
							"rotationOrigin": [ 0.5, 4.0, 12.5 ],
							"faces": {
								"north": { "texture": "#iron", "uv": [ 0.0, 0.0, 13.0, 0.5 ] },
								"east": { "texture": "#iron", "uv": [ 0.0, 0.0, 1.0, 0.5 ] },
								"south": { "texture": "#iron", "uv": [ 0.0, 0.0, 13.0, 0.5 ] },
								"west": { "texture": "#iron", "uv": [ 0.0, 0.0, 1.0, 0.5 ] },
								"up": { "texture": "#iron", "uv": [ 0.0, 0.0, 13.0, 1.0 ] },
								"down": { "texture": "#iron", "uv": [ 0.0, 0.0, 13.0, 1.0 ] }
							}
						},
						{
							"name": "Cube32",
							"from": [ 12.5, 4.0, -0.5 ],
							"to": [ 13.5, 4.5, 12.5 ],
							"rotationOrigin": [ 12.5, 4.0, -0.5 ],
							"faces": {
								"north": { "texture": "#iron", "uv": [ 0.0, 0.0, 1.0, 0.5 ] },
								"east": { "texture": "#iron", "uv": [ 0.0, 0.0, 13.0, 0.5 ] },
								"south": { "texture": "#iron", "uv": [ 0.0, 0.0, 1.0, 0.5 ] },
								"west": { "texture": "#iron", "uv": [ 0.0, 0.0, 13.0, 0.5 ] },
								"up": { "texture": "#iron", "uv": [ 0.0, 0.0, 1.0, 13.0 ] },
								"down": { "texture": "#iron", "uv": [ 0.0, 0.0, 1.0, 13.0 ] }
							}
						},
						{
							"name": "Cube27",
							"from": [ 0.5, 4.0, -0.5 ],
							"to": [ 12.5, 4.5, 0.5 ],
							"rotationOrigin": [ 0.5, 4.0, -0.5 ],
							"faces": {
								"north": { "texture": "#iron", "uv": [ 0.0, 0.0, 12.0, 0.5 ] },
								"east": { "texture": "#iron", "uv": [ 0.0, 0.0, 1.0, 0.5 ] },
								"south": { "texture": "#iron", "uv": [ 0.0, 0.0, 12.0, 0.5 ] },
								"west": { "texture": "#iron", "uv": [ 0.0, 0.0, 1.0, 0.5 ] },
								"up": { "texture": "#iron", "uv": [ 0.0, 0.0, 12.0, 1.0 ] },
								"down": { "texture": "#iron", "uv": [ 0.0, 0.0, 12.0, 1.0 ] }
							}
						},
						{
							"name": "Cube15",
							"from": [ 12.0, 0.0, 1.0 ],
							"to": [ 13.0, 5.0, 12.0 ],
							"rotationOrigin": [ 12.0, 0.0, 1.0 ],
							"faces": {
								"north": { "texture": "#base2", "uv": [ 0.0, 0.0, 1.0, 5.0 ] },
								"east": { "texture": "#base2", "uv": [ 0.0, 0.0, 11.0, 5.0 ] },
								"south": { "texture": "#base2", "uv": [ 0.0, 0.0, 1.0, 5.0 ] },
								"west": { "texture": "#base2", "uv": [ 0.0, 0.0, 11.0, 5.0 ] },
								"up": { "texture": "#base2", "uv": [ 0.0, 0.0, 1.0, 11.0 ] },
								"down": { "texture": "#base2", "uv": [ 0.0, 0.0, 1.0, 11.0 ] }
							}
						},
						{
							"name": "Cube20",
							"from": [ 8.0, 0.0, 2.0 ],
							"to": [ 11.0, 4.9, 5.0 ],
							"rotationOrigin": [ 8.0, 0.0, 2.0 ],
							"faces": {
								"north": { "texture": "#base2", "uv": [ 0.0, 0.0, 3.0, 4.5 ] },
								"east": { "texture": "#base2", "uv": [ 0.0, 0.0, 3.0, 4.5 ] },
								"south": { "texture": "#base2", "uv": [ 0.0, 0.0, 3.0, 4.5 ] },
								"west": { "texture": "#base2", "uv": [ 0.0, 0.0, 3.0, 4.5 ] },
								"up": { "texture": "#base2", "uv": [ 0.0, 0.0, 3.0, 3.0 ] },
								"down": { "texture": "#base2", "uv": [ 0.0, 0.0, 3.0, 3.0 ] }
							}
						},
						{
							"name": "Cube16",
							"from": [ 1.0, 0.0, 6.0 ],
							"to": [ 12.0, 4.9, 7.0 ],
							"rotationOrigin": [ 1.0, 0.0, 6.0 ],
							"faces": {
								"north": { "texture": "#base2", "uv": [ 0.0, 0.0, 11.0, 4.5 ] },
								"east": { "texture": "#base2", "uv": [ 0.0, 0.0, 1.0, 4.5 ] },
								"south": { "texture": "#base2", "uv": [ 0.0, 0.0, 11.0, 4.5 ] },
								"west": { "texture": "#base2", "uv": [ 0.0, 0.0, 1.0, 4.5 ] },
								"up": { "texture": "#base2", "uv": [ 0.0, 0.0, 11.0, 1.0 ] },
								"down": { "texture": "#base2", "uv": [ 0.0, 0.0, 11.0, 1.0 ] }
							}
						},
						{
							"name": "Cube29",
							"from": [ 8.0, 0.0, 8.0 ],
							"to": [ 11.0, 4.9, 11.0 ],
							"rotationOrigin": [ 8.0, 0.0, 8.0 ],
							"faces": {
								"north": { "texture": "#base2", "uv": [ 0.0, 0.0, 3.0, 4.5 ] },
								"east": { "texture": "#base2", "uv": [ 0.0, 0.0, 3.0, 4.5 ] },
								"south": { "texture": "#base2", "uv": [ 0.0, 0.0, 3.0, 4.5 ] },
								"west": { "texture": "#base2", "uv": [ 0.0, 0.0, 3.0, 4.5 ] },
								"up": { "texture": "#base2", "uv": [ 0.0, 0.0, 3.0, 3.0 ] },
								"down": { "texture": "#base2", "uv": [ 0.0, 0.0, 3.0, 3.0 ] }
							}
						},
						{
							"name": "Cube28",
							"from": [ 6.0, 0.0, 1.0 ],
							"to": [ 7.0, 5.0, 12.0 ],
							"rotationOrigin": [ 6.0, 0.0, 1.0 ],
							"faces": {
								"north": { "texture": "#base2", "uv": [ 0.0, 0.0, 1.0, 5.0 ] },
								"east": { "texture": "#base2", "uv": [ 0.0, 0.0, 11.0, 5.0 ] },
								"south": { "texture": "#base2", "uv": [ 0.0, 0.0, 1.0, 5.0 ] },
								"west": { "texture": "#base2", "uv": [ 0.0, 0.0, 11.0, 5.0 ] },
								"up": { "texture": "#base2", "uv": [ 0.0, 0.0, 1.0, 11.0 ] },
								"down": { "texture": "#base2", "uv": [ 0.0, 0.0, 1.0, 11.0 ] }
							}
						},
						{
							"name": "Cube10",
							"from": [ 12.0, 5.8, 3.25 ],
							"to": [ 13.0, 7.2, 9.75 ],
							"rotationOrigin": [ 13.0, 6.0, 3.0 ],
							"rotationZ": -90.0,
							"faces": {
								"north": { "texture": "#woodenclub", "uv": [ 0.0, 0.0, 1.0, 1.0 ] },
								"east": { "texture": "#woodenclub", "uv": [ 0.0, 0.0, 6.5, 1.0 ] },
								"south": { "texture": "#woodenclub", "uv": [ 0.0, 0.0, 1.0, 1.0 ] },
								"west": { "texture": "#woodenclub", "uv": [ 0.0, 0.0, 6.5, 1.0 ] },
								"up": { "texture": "#woodenclub", "uv": [ 0.0, 0.0, 1.0, 6.5 ] },
								"down": { "texture": "#woodenclub", "uv": [ 0.0, 0.0, 1.0, 6.5 ] }
							},
							"children": [
								{
									"name": "Cube34",
									"from": [ 1.5, 0.2, 1.75 ],
									"to": [ 2.0, 1.2, 8.75 ],
									"rotationOrigin": [ 1.0, 0.2, 1.7522 ],
									"rotationX": 0.0125,
									"rotationY": 89.9802,
									"rotationZ": -0.0125,
									"faces": {
										"north": { "texture": "#iron", "uv": [ 0.0, 0.0, 0.5, 1.0 ] },
										"east": { "texture": "#iron", "uv": [ 0.0, 0.0, 7.0, 1.0 ] },
										"south": { "texture": "#iron", "uv": [ 0.0, 0.0, 0.5, 1.0 ] },
										"west": { "texture": "#iron", "uv": [ 0.0, 0.0, 7.0, 1.0 ] },
										"up": { "texture": "#iron", "uv": [ 0.0, 0.0, 0.5, 7.0 ] },
										"down": { "texture": "#iron", "uv": [ 0.0, 0.0, 0.5, 7.0 ] }
									}
								},
								{
									"name": "Cube35",
									"from": [ 9.0, 0.2, 5.25 ],
									"to": [ 9.5, 1.2, 12.25 ],
									"rotationOrigin": [ 8.5002, 0.2, 4.7503 ],
									"rotationX": -0.0125,
									"rotationY": -89.9802,
									"rotationZ": -0.0125,
									"faces": {
										"north": { "texture": "#iron", "uv": [ 0.0, 0.0, 0.5, 1.0 ] },
										"east": { "texture": "#iron", "uv": [ 0.0, 0.0, 7.0, 1.0 ] },
										"south": { "texture": "#iron", "uv": [ 0.0, 0.0, 0.5, 1.0 ] },
										"west": { "texture": "#iron", "uv": [ 0.0, 0.0, 7.0, 1.0 ] },
										"up": { "texture": "#iron", "uv": [ 0.0, 0.0, 0.5, 7.0 ] },
										"down": { "texture": "#iron", "uv": [ 0.0, 0.0, 0.5, 7.0 ] }
									}
								}
							]
						},
						{
							"name": "Cube30",
							"from": [ 0.0, 0.0, 1.0 ],
							"to": [ 1.0, 5.0, 12.0 ],
							"rotationOrigin": [ 0.0, 0.0, 1.0 ],
							"faces": {
								"north": { "texture": "#base2", "uv": [ 0.0, 0.0, 1.0, 5.0 ] },
								"east": { "texture": "#base2", "uv": [ 0.0, 0.0, 11.0, 5.0 ] },
								"south": { "texture": "#base2", "uv": [ 0.0, 0.0, 1.0, 5.0 ] },
								"west": { "texture": "#base2", "uv": [ 0.0, 0.0, 11.0, 5.0 ] },
								"up": { "texture": "#base2", "uv": [ 0.0, 0.0, 1.0, 11.0 ] },
								"down": { "texture": "#base2", "uv": [ 0.0, 0.0, 1.0, 11.0 ] }
							}
						},
						{
							"name": "Cube33",
							"from": [ 2.0, 0.0, 8.0 ],
							"to": [ 5.0, 4.9, 11.0 ],
							"rotationOrigin": [ 2.0, 0.0, 8.0 ],
							"faces": {
								"north": { "texture": "#base2", "uv": [ 0.0, 0.0, 3.0, 4.5 ] },
								"east": { "texture": "#base2", "uv": [ 0.0, 0.0, 3.0, 4.5 ] },
								"south": { "texture": "#base2", "uv": [ 0.0, 0.0, 3.0, 4.5 ] },
								"west": { "texture": "#base2", "uv": [ 0.0, 0.0, 3.0, 4.5 ] },
								"up": { "texture": "#base2", "uv": [ 0.0, 0.0, 3.0, 3.0 ] },
								"down": { "texture": "#base2", "uv": [ 0.0, 0.0, 3.0, 3.0 ] }
							}
						},
						{
							"name": "Cube36",
							"from": [ 2.0, 0.0, 2.0 ],
							"to": [ 5.0, 4.9, 5.0 ],
							"rotationOrigin": [ 2.0, 0.0, 2.0 ],
							"faces": {
								"north": { "texture": "#base2", "uv": [ 0.0, 0.0, 3.0, 4.5 ] },
								"east": { "texture": "#base2", "uv": [ 0.0, 0.0, 3.0, 4.5 ] },
								"south": { "texture": "#base2", "uv": [ 0.0, 0.0, 3.0, 4.5 ] },
								"west": { "texture": "#base2", "uv": [ 0.0, 0.0, 3.0, 4.5 ] },
								"up": { "texture": "#base2", "uv": [ 0.0, 0.0, 3.0, 3.0 ] },
								"down": { "texture": "#base2", "uv": [ 0.0, 0.0, 3.0, 3.0 ] }
							}
						},
						{
							"name": "Cube37",
							"from": [ -0.2, -1.0, 12.3 ],
							"to": [ 0.8, 4.2, 13.3 ],
							"rotationOrigin": [ -1.0, -1.0, 13.0 ],
							"faces": {
								"north": { "texture": "#iron", "uv": [ 0.0, 0.0, 1.0, 5.0 ] },
								"east": { "texture": "#iron", "uv": [ 0.0, 0.0, 1.0, 5.0 ] },
								"south": { "texture": "#iron", "uv": [ 0.0, 0.0, 1.0, 5.0 ] },
								"west": { "texture": "#iron", "uv": [ 0.0, 0.0, 1.0, 5.0 ] },
								"up": { "texture": "#iron", "uv": [ 0.0, 0.0, 1.0, 1.0 ] },
								"down": { "texture": "#iron", "uv": [ 0.0, 0.0, 1.0, 1.0 ] }
							}
						},
						{
							"name": "Cube38",
							"from": [ -0.2, -1.0, -0.3 ],
							"to": [ 0.8, 4.2, 0.7 ],
							"rotationOrigin": [ -1.0, -1.0, 0.0 ],
							"faces": {
								"north": { "texture": "#iron", "uv": [ 0.0, 0.0, 1.0, 5.0 ] },
								"east": { "texture": "#iron", "uv": [ 0.0, 0.0, 1.0, 5.0 ] },
								"south": { "texture": "#iron", "uv": [ 0.0, 0.0, 1.0, 5.0 ] },
								"west": { "texture": "#iron", "uv": [ 0.0, 0.0, 1.0, 5.0 ] },
								"up": { "texture": "#iron", "uv": [ 0.0, 0.0, 1.0, 1.0 ] },
								"down": { "texture": "#iron", "uv": [ 0.0, 0.0, 1.0, 1.0 ] }
							}
						},
						{
							"name": "Cube39",
							"from": [ -0.2, -1.0, 3.8 ],
							"to": [ 0.8, 4.2, 4.8 ],
							"rotationOrigin": [ -1.0, -1.0, 4.1 ],
							"faces": {
								"north": { "texture": "#iron", "uv": [ 0.0, 0.0, 1.0, 5.0 ] },
								"east": { "texture": "#iron", "uv": [ 0.0, 0.0, 1.0, 5.0 ] },
								"south": { "texture": "#iron", "uv": [ 0.0, 0.0, 1.0, 5.0 ] },
								"west": { "texture": "#iron", "uv": [ 0.0, 0.0, 1.0, 5.0 ] },
								"up": { "texture": "#iron", "uv": [ 0.0, 0.0, 1.0, 1.0 ] },
								"down": { "texture": "#iron", "uv": [ 0.0, 0.0, 1.0, 1.0 ] }
							}
						},
						{
							"name": "Cube40",
							"from": [ -0.2, -1.0, 8.2 ],
							"to": [ 0.8, 4.2, 9.2 ],
							"rotationOrigin": [ -1.0, -1.0, 8.5 ],
							"faces": {
								"north": { "texture": "#iron", "uv": [ 0.0, 0.0, 1.0, 5.0 ] },
								"east": { "texture": "#iron", "uv": [ 0.0, 0.0, 1.0, 5.0 ] },
								"south": { "texture": "#iron", "uv": [ 0.0, 0.0, 1.0, 5.0 ] },
								"west": { "texture": "#iron", "uv": [ 0.0, 0.0, 1.0, 5.0 ] },
								"up": { "texture": "#iron", "uv": [ 0.0, 0.0, 1.0, 1.0 ] },
								"down": { "texture": "#iron", "uv": [ 0.0, 0.0, 1.0, 1.0 ] }
							}
						},
						{
							"name": "Cube41",
							"from": [ 12.3, -1.0, 3.8 ],
							"to": [ 13.3, 4.2, 4.8 ],
							"rotationOrigin": [ 11.5, -1.0, 4.1 ],
							"faces": {
								"north": { "texture": "#iron", "uv": [ 0.0, 0.0, 1.0, 5.0 ] },
								"east": { "texture": "#iron", "uv": [ 0.0, 0.0, 1.0, 5.0 ] },
								"south": { "texture": "#iron", "uv": [ 0.0, 0.0, 1.0, 5.0 ] },
								"west": { "texture": "#iron", "uv": [ 0.0, 0.0, 1.0, 5.0 ] },
								"up": { "texture": "#iron", "uv": [ 0.0, 0.0, 1.0, 1.0 ] },
								"down": { "texture": "#iron", "uv": [ 0.0, 0.0, 1.0, 1.0 ] }
							}
						},
						{
							"name": "Cube42",
							"from": [ 12.3, -1.0, 8.2 ],
							"to": [ 13.3, 4.2, 9.2 ],
							"rotationOrigin": [ 11.5, -1.0, 8.5 ],
							"faces": {
								"north": { "texture": "#iron", "uv": [ 0.0, 0.0, 1.0, 5.0 ] },
								"east": { "texture": "#iron", "uv": [ 0.0, 0.0, 1.0, 5.0 ] },
								"south": { "texture": "#iron", "uv": [ 0.0, 0.0, 1.0, 5.0 ] },
								"west": { "texture": "#iron", "uv": [ 0.0, 0.0, 1.0, 5.0 ] },
								"up": { "texture": "#iron", "uv": [ 0.0, 0.0, 1.0, 1.0 ] },
								"down": { "texture": "#iron", "uv": [ 0.0, 0.0, 1.0, 1.0 ] }
							}
						},
						{
							"name": "Cube3",
							"from": [ -0.2, 3.0, -0.4 ],
							"to": [ 13.0, 4.0, -0.1 ],
							"rotationOrigin": [ -0.2, 3.0, -0.4 ],
							"faces": {
								"north": { "texture": "#iron", "uv": [ 0.0, 0.0, 13.0, 1.0 ] },
								"east": { "texture": "#iron", "uv": [ 0.0, 0.0, 0.5, 1.0 ] },
								"south": { "texture": "#iron", "uv": [ 0.0, 0.0, 13.0, 1.0 ] },
								"west": { "texture": "#iron", "uv": [ 0.0, 0.0, 0.5, 1.0 ] },
								"up": { "texture": "#iron", "uv": [ 0.0, 0.0, 13.0, 0.5 ] },
								"down": { "texture": "#iron", "uv": [ 0.0, 0.0, 13.0, 0.5 ] }
							}
						}
					]
				}
			]
		}
	]}