{
	"editor": {
		"allAngles": false,
		"entityTextureMode": false
	},
	"textureWidth": 16,
	"textureHeight": 16,
	"textureSizes": {
		"base2": [16,16],
		"brass": [16,16],
		"woodenclub": [32,16]
		
	},
	"textures": {
		"base2": "game:block/clay/oven/base2",
		"brass": "game:block/metal/tarnished/brass",
		"woodenclub": "game:item/tool/material/woodenclub"
	},
	"elements": [
		{
			"name": "Cube1",
			"from": [ 2.5, 0.0, 4.5 ],
			"to": [ 13.5, 1.0, 11.5 ],
			"rotationOrigin": [ -3.0, 0.0, 0.0 ],
			"faces": {
				"north": { "texture": "#base2", "uv": [ 2.5, 9.0, 13.5, 10.0 ] },
				"east": { "texture": "#base2", "uv": [ 1.5, 11.0, 8.5, 12.0 ] },
				"south": { "texture": "#base2", "uv": [ 1.5, 13.0, 12.5, 14.0 ] },
				"west": { "texture": "#base2", "uv": [ 2.5, 8.5, 9.5, 9.5 ] },
				"up": { "texture": "#brass", "uv": [ 2.5, 1.5, 13.5, 8.5 ], "windMode": [-1,-1,-1,-1] },
				"down": { "texture": "#base2", "uv": [ 1.5, 2.5, 12.5, 9.5 ] }
			},
			"children": [
				{
					"name": "Rotation Point",
					"from": [ 0.0, 1.0, 0.0 ],
					"to": [ 0.0, 1.0, 0.0 ],
					"rotationOrigin": [ 6.5, 1.0, 6.5 ],
					"rotationY": 90.0,
					"faces": {
						"north": { "texture": "#base2", "uv": [ 7.0, 12.0, 7.5, 12.5 ] },
						"east": { "texture": "#base2", "uv": [ 0.0, 8.5, 0.5, 9.0 ] },
						"south": { "texture": "#base2", "uv": [ 12.5, 14.5, 13.0, 15.0 ] },
						"west": { "texture": "#base2", "uv": [ 5.5, 7.5, 6.0, 8.0 ] },
						"up": { "texture": "#base2", "uv": [ 12.5, 8.0, 13.0, 8.5 ] },
						"down": { "texture": "#base2", "uv": [ 13.0, 11.5, 13.5, 12.0 ] }
					},
					"children": [
						{
							"name": "Cube2",
							"from": [ 6.0, 0.0, 0.0 ],
							"to": [ 13.0, 6.0, 1.0 ],
							"rotationOrigin": [ 6.0, 0.0, 0.0 ],
							"faces": {
								"north": { "texture": "#base2", "uv": [ 1.5, 4.5, 8.5, 10.5 ] },
								"east": { "texture": "#base2", "uv": [ 6.0, 4.0, 7.0, 10.0 ] },
								"south": { "texture": "#base2", "uv": [ 2.0, 1.5, 9.0, 7.5 ] },
								"west": { "texture": "#base2", "uv": [ 5.5, 4.0, 6.5, 10.0 ] },
								"up": { "texture": "#base2", "uv": [ 2.5, 9.0, 9.5, 10.0 ] }
							}
						},
						{
							"name": "Cube6",
							"from": [ 6.1, 0.0, 5.0 ],
							"to": [ 12.9, 5.9, 6.0 ],
							"rotationOrigin": [ 6.0, 0.0, 5.0 ],
							"faces": {
								"north": { "texture": "#base2", "uv": [ 1.0, 6.0, 7.5, 11.5 ] },
								"east": { "texture": "#base2", "uv": [ 9.0, 3.5, 10.0, 9.0 ] },
								"south": { "texture": "#base2", "uv": [ 2.0, 5.0, 8.5, 10.5 ] },
								"west": { "texture": "#base2", "uv": [ 14.5, 1.0, 15.5, 6.5 ] },
								"up": { "texture": "#base2", "uv": [ 0.0, 9.5, 6.5, 10.5 ] }
							}
						},
						{
							"name": "Cube7",
							"from": [ 6.0, 0.0, 10.0 ],
							"to": [ 13.0, 6.0, 11.0 ],
							"rotationOrigin": [ 6.0, 0.0, 10.0 ],
							"faces": {
								"north": { "texture": "#base2", "uv": [ 1.0, 5.5, 8.0, 11.5 ] },
								"east": { "texture": "#base2", "uv": [ 11.5, 5.0, 12.5, 11.0 ] },
								"south": { "texture": "#base2", "uv": [ 0.5, 2.0, 7.5, 8.0 ] },
								"west": { "texture": "#base2", "uv": [ 3.0, 5.5, 4.0, 11.5 ] },
								"up": { "texture": "#base2", "uv": [ 1.5, 4.0, 8.5, 5.0 ] }
							}
						},
						{
							"name": "Cube15",
							"from": [ 12.0, 0.0, 1.0 ],
							"to": [ 13.0, 6.0, 10.0 ],
							"rotationOrigin": [ 12.0, 0.0, 1.0 ],
							"faces": {
								"east": { "texture": "#base2", "uv": [ 5.5, 4.5, 14.5, 10.5 ] },
								"west": { "texture": "#base2", "uv": [ 3.5, 5.0, 12.5, 11.0 ] },
								"up": { "texture": "#base2", "uv": [ 6.0, 5.5, 7.0, 14.5 ] }
							}
						},
						{
							"name": "Cube16",
							"from": [ 9.0, 0.0, 1.0 ],
							"to": [ 10.0, 6.0, 10.0 ],
							"rotationOrigin": [ 9.0, 0.0, 1.0 ],
							"faces": {
								"north": { "texture": "#base2", "uv": [ 1.5, 2.0, 2.5, 8.0 ] },
								"east": { "texture": "#base2", "uv": [ 6.5, 6.0, 15.5, 12.0 ] },
								"south": { "texture": "#base2", "uv": [ 0.5, 0.5, 1.5, 6.5 ] },
								"west": { "texture": "#base2", "uv": [ 7.0, 4.0, 16.0, 10.0 ] },
								"up": { "texture": "#base2", "uv": [ 3.0, 6.0, 4.0, 15.0 ] }
							}
						},
						{
							"name": "Cube20",
							"from": [ 6.0, 0.0, 1.0 ],
							"to": [ 7.0, 6.0, 10.0 ],
							"rotationOrigin": [ 6.0, 0.0, 1.0 ],
							"faces": {
								"north": { "texture": "#base2", "uv": [ 1.5, 2.0, 2.5, 8.0 ] },
								"east": { "texture": "#base2", "uv": [ 6.0, 6.0, 15.0, 12.0 ] },
								"south": { "texture": "#base2", "uv": [ 1.0, 2.0, 2.0, 8.0 ] },
								"west": { "texture": "#base2", "uv": [ 5.5, 4.0, 14.5, 10.0 ] },
								"up": { "texture": "#base2", "uv": [ 2.0, 6.0, 3.0, 15.0 ] }
							}
						},
						{
							"name": "Cube3",
							"from": [ 5.9, 4.0, -0.2 ],
							"to": [ 13.1, 5.0, 0.1 ],
							"rotationOrigin": [ 6.0, 4.0, 0.0 ],
							"faces": {
								"north": { "texture": "#brass", "uv": [ 5.0, 0.5, 12.0, 1.5 ] },
								"east": { "texture": "#brass", "uv": [ 6.0, 4.0, 6.5, 5.0 ] },
								"south": { "texture": "#brass", "uv": [ 9.0, 0.5, 16.0, 1.5 ] },
								"west": { "texture": "#brass", "uv": [ 5.5, 4.0, 6.0, 5.0 ] },
								"up": { "texture": "#brass", "uv": [ 8.5, 1.0, 15.5, 1.5 ] }
							}
						},
						{
							"name": "Cube8",
							"from": [ 5.9, 4.0, 10.8 ],
							"to": [ 13.1, 5.0, 11.1 ],
							"rotationOrigin": [ 6.0, 4.0, 11.0 ],
							"faces": {
								"north": { "texture": "#brass", "uv": [ 1.5, 4.5, 8.5, 5.5 ] },
								"east": { "texture": "#brass", "uv": [ 6.0, 4.0, 6.5, 5.0 ] },
								"south": { "texture": "#brass", "uv": [ 2.0, 1.5, 9.0, 2.5 ] },
								"west": { "texture": "#brass", "uv": [ 5.5, 4.0, 6.0, 5.0 ] },
								"up": { "texture": "#brass", "uv": [ 2.5, 9.0, 9.5, 9.5 ] }
							}
						},
						{
							"name": "Cube21",
							"from": [ 5.9, 4.0, 0.01 ],
							"to": [ 6.09, 5.0, 10.8 ],
							"rotationOrigin": [ 6.0, 5.0, 0.0 ],
							"faces": {
								"east": { "texture": "#brass", "uv": [ 3.5, 5.5, 14.0, 6.5 ] },
								"west": { "texture": "#brass", "uv": [ 3.5, 5.0, 14.0, 6.0 ] },
								"up": { "texture": "#brass", "uv": [ 6.0, 3.5, 6.5, 14.0 ] }
							}
						},
						{
							"name": "Cube22",
							"from": [ 12.9, 4.0, 0.01 ],
							"to": [ 13.09, 5.0, 10.8 ],
							"rotationOrigin": [ 13.0, 5.0, 0.0 ],
							"faces": {
								"east": { "texture": "#brass", "uv": [ 3.5, 5.5, 14.0, 6.5 ] },
								"west": { "texture": "#brass", "uv": [ 3.5, 5.0, 14.0, 6.0 ] },
								"up": { "texture": "#brass", "uv": [ 6.0, 3.5, 6.5, 14.0 ] }
							}
						},
						{
							"name": "Cube24",
							"from": [ 5.9, 1.0, 0.01 ],
							"to": [ 6.09, 2.0, 10.8 ],
							"rotationOrigin": [ 6.0, 2.0, 0.0 ],
							"faces": {
								"east": { "texture": "#brass", "uv": [ 3.5, 5.5, 14.0, 6.5 ] },
								"west": { "texture": "#brass", "uv": [ 3.5, 5.0, 14.0, 6.0 ] },
								"up": { "texture": "#brass", "uv": [ 6.0, 3.5, 6.5, 14.0 ] }
							}
						},
						{
							"name": "Cube4",
							"from": [ 5.9, 1.0, -0.2 ],
							"to": [ 13.1, 2.0, 0.1 ],
							"rotationOrigin": [ 6.0, 1.0, 0.0 ],
							"faces": {
								"north": { "texture": "#brass", "uv": [ 1.5, 4.5, 8.5, 5.5 ] },
								"east": { "texture": "#brass", "uv": [ 6.0, 4.0, 6.5, 5.0 ] },
								"south": { "texture": "#brass", "uv": [ 2.0, 1.5, 9.0, 2.5 ] },
								"west": { "texture": "#brass", "uv": [ 5.5, 4.0, 6.0, 5.0 ] },
								"up": { "texture": "#brass", "uv": [ 2.5, 9.0, 9.5, 9.5 ] }
							}
						},
						{
							"name": "Cube9",
							"from": [ 5.9, 1.0, 10.8 ],
							"to": [ 13.1, 2.0, 11.1 ],
							"rotationOrigin": [ 6.0, 1.0, 11.0 ],
							"faces": {
								"north": { "texture": "#brass", "uv": [ 1.5, 4.5, 8.5, 5.5 ] },
								"east": { "texture": "#brass", "uv": [ 6.0, 4.0, 6.5, 5.0 ] },
								"south": { "texture": "#brass", "uv": [ 2.0, 1.5, 9.0, 2.5 ] },
								"west": { "texture": "#brass", "uv": [ 5.5, 4.0, 6.0, 5.0 ] },
								"up": { "texture": "#brass", "uv": [ 2.5, 9.0, 9.5, 9.5 ] }
							}
						},
						{
							"name": "Cube25",
							"from": [ 12.9, 1.0, 0.01 ],
							"to": [ 13.09, 2.0, 10.8 ],
							"rotationOrigin": [ 13.0, 2.0, 0.0 ],
							"faces": {
								"east": { "texture": "#brass", "uv": [ 3.5, 5.5, 14.0, 6.5 ] },
								"west": { "texture": "#brass", "uv": [ 3.5, 5.0, 14.0, 6.0 ] },
								"up": { "texture": "#brass", "uv": [ 6.0, 3.5, 6.5, 14.0 ] }
							}
						},
						{
							"name": "Cube5",
							"from": [ 11.0, 3.8, -0.75 ],
							"to": [ 12.0, 5.2, 3.75 ],
							"rotationOrigin": [ 12.0, 4.0, -1.0 ],
							"rotationY": -89.9802,
							"faces": {
								"north": { "texture": "#woodenclub", "uv": [ 0.0, 0.0, 1.0, 1.0 ] },
								"east": { "texture": "#woodenclub", "uv": [ 0.0, 0.0, 4.5, 1.0 ] },
								"south": { "texture": "#woodenclub", "uv": [ 0.0, 0.0, 1.0, 1.0 ] },
								"west": { "texture": "#woodenclub", "uv": [ 0.0, 0.0, 4.5, 1.0 ] },
								"up": { "texture": "#woodenclub", "uv": [ 0.0, 0.0, 1.0, 4.5 ] },
								"down": { "texture": "#woodenclub", "uv": [ 0.0, 0.0, 1.0, 4.5 ] }
							}
						},
						{
							"name": "Cube13",
							"from": [ 10.5, 5.0, 13.0 ],
							"to": [ 11.0, 6.0, 14.0 ],
							"rotationOrigin": [ 10.0002, 5.0, 12.5003 ],
							"rotationX": 180.0,
							"rotationY": -0.0396,
							"faces": {
								"north": { "texture": "#brass", "uv": [ 0.0, 0.0, 0.5, 1.0 ] },
								"east": { "texture": "#brass", "uv": [ 0.0, 0.0, 1.0, 1.0 ] },
								"south": { "texture": "#brass", "uv": [ 0.0, 0.0, 0.5, 1.0 ] },
								"west": { "texture": "#brass", "uv": [ 0.0, 0.0, 1.0, 1.0 ] },
								"up": { "texture": "#brass", "uv": [ 0.0, 0.0, 0.5, 1.0 ] },
								"down": { "texture": "#brass", "uv": [ 0.0, 0.0, 0.5, 1.0 ] }
							}
						},
						{
							"name": "Cube14",
							"from": [ 8.0, 5.0, 12.0 ],
							"to": [ 8.5, 6.0, 13.0 ],
							"rotationOrigin": [ 7.5, 5.0, 12.0022 ],
							"rotationX": 180.0,
							"rotationY": -0.0396,
							"faces": {
								"north": { "texture": "#brass", "uv": [ 0.0, 0.0, 0.5, 1.0 ] },
								"east": { "texture": "#brass", "uv": [ 0.0, 0.0, 1.0, 1.0 ] },
								"south": { "texture": "#brass", "uv": [ 0.0, 0.0, 0.5, 1.0 ] },
								"west": { "texture": "#brass", "uv": [ 0.0, 0.0, 1.0, 1.0 ] },
								"up": { "texture": "#brass", "uv": [ 0.0, 0.0, 0.5, 1.0 ] },
								"down": { "texture": "#brass", "uv": [ 0.0, 0.0, 0.5, 1.0 ] }
							}
						},
						{
							"name": "Cube10",
							"from": [ 10.5003, 4.0, -1.0035 ],
							"to": [ 11.0003, 5.0, -0.0035 ],
							"rotationOrigin": [ 10.0005, 4.0, -1.4997 ],
							"faces": {
								"north": { "texture": "#brass", "uv": [ 0.0, 0.0, 0.5, 1.0 ] },
								"east": { "texture": "#brass", "uv": [ 0.0, 0.0, 1.0, 1.0 ] },
								"south": { "texture": "#brass", "uv": [ 0.0, 0.0, 0.5, 1.0 ] },
								"west": { "texture": "#brass", "uv": [ 0.0, 0.0, 1.0, 1.0 ] },
								"up": { "texture": "#brass", "uv": [ 0.0, 0.0, 0.5, 1.0 ] },
								"down": { "texture": "#brass", "uv": [ 0.0, 0.0, 0.5, 1.0 ] }
							}
						},
						{
							"name": "Cube11",
							"from": [ 7.9997, 4.0, -1.0022 ],
							"to": [ 8.4997, 5.0, -0.0022 ],
							"rotationOrigin": [ 7.5007, 4.0, -0.9998 ],
							"faces": {
								"north": { "texture": "#brass", "uv": [ 0.0, 0.0, 0.5, 1.0 ] },
								"east": { "texture": "#brass", "uv": [ 0.0, 0.0, 1.0, 1.0 ] },
								"south": { "texture": "#brass", "uv": [ 0.0, 0.0, 0.5, 1.0 ] },
								"west": { "texture": "#brass", "uv": [ 0.0, 0.0, 1.0, 1.0 ] },
								"up": { "texture": "#brass", "uv": [ 0.0, 0.0, 0.5, 1.0 ] },
								"down": { "texture": "#brass", "uv": [ 0.0, 0.0, 0.5, 1.0 ] }
							}
						},
						{
							"name": "Cube17",
							"from": [ 5.8, -1.0, -0.3 ],
							"to": [ 6.8, 5.2, 0.7 ],
							"rotationOrigin": [ 5.0, -1.0, 0.0 ],
							"faces": {
								"north": { "texture": "#brass", "uv": [ 0.0, 0.0, 1.0, 6.0 ] },
								"east": { "texture": "#brass", "uv": [ 0.0, 0.0, 1.0, 6.0 ] },
								"south": { "texture": "#brass", "uv": [ 0.0, 0.0, 1.0, 6.0 ] },
								"west": { "texture": "#brass", "uv": [ 0.0, 0.0, 1.0, 6.0 ] },
								"up": { "texture": "#brass", "uv": [ 0.0, 0.0, 1.0, 1.0 ] },
								"down": { "texture": "#brass", "uv": [ 0.0, 0.0, 1.0, 1.0 ] }
							}
						},
						{
							"name": "Cube18",
							"from": [ 12.3, -1.0, -0.3 ],
							"to": [ 13.3, 5.2, 0.7 ],
							"rotationOrigin": [ 12.0, -1.0, 0.0 ],
							"faces": {
								"north": { "texture": "#brass", "uv": [ 0.0, 0.0, 1.0, 6.0 ] },
								"east": { "texture": "#brass", "uv": [ 0.0, 0.0, 1.0, 6.0 ] },
								"south": { "texture": "#brass", "uv": [ 0.0, 0.0, 1.0, 6.0 ] },
								"west": { "texture": "#brass", "uv": [ 0.0, 0.0, 1.0, 6.0 ] },
								"up": { "texture": "#brass", "uv": [ 0.0, 0.0, 1.0, 1.0 ] },
								"down": { "texture": "#brass", "uv": [ 0.0, 0.0, 1.0, 1.0 ] }
							}
						},
						{
							"name": "Cube19",
							"from": [ 12.3, -1.0, 10.3 ],
							"to": [ 13.3, 5.2, 11.3 ],
							"rotationOrigin": [ 12.0, -1.0, 11.0 ],
							"faces": {
								"north": { "texture": "#brass", "uv": [ 0.0, 0.0, 1.0, 6.0 ] },
								"east": { "texture": "#brass", "uv": [ 0.0, 0.0, 1.0, 6.0 ] },
								"south": { "texture": "#brass", "uv": [ 0.0, 0.0, 1.0, 6.0 ] },
								"west": { "texture": "#brass", "uv": [ 0.0, 0.0, 1.0, 6.0 ] },
								"up": { "texture": "#brass", "uv": [ 0.0, 0.0, 1.0, 1.0 ] },
								"down": { "texture": "#brass", "uv": [ 0.0, 0.0, 1.0, 1.0 ] }
							}
						},
						{
							"name": "Cube23",
							"from": [ 5.8, -1.0, 10.3 ],
							"to": [ 6.8, 5.2, 11.3 ],
							"rotationOrigin": [ 5.0, -1.0, 11.0 ],
							"faces": {
								"north": { "texture": "#brass", "uv": [ 0.0, 0.0, 1.0, 6.0 ] },
								"east": { "texture": "#brass", "uv": [ 0.0, 0.0, 1.0, 6.0 ] },
								"south": { "texture": "#brass", "uv": [ 0.0, 0.0, 1.0, 6.0 ] },
								"west": { "texture": "#brass", "uv": [ 0.0, 0.0, 1.0, 6.0 ] },
								"up": { "texture": "#brass", "uv": [ 0.0, 0.0, 1.0, 1.0 ] },
								"down": { "texture": "#brass", "uv": [ 0.0, 0.0, 1.0, 1.0 ] }
							}
						},
						{
							"name": "Cube31",
							"from": [ 5.5, 5.0, -0.5 ],
							"to": [ 6.5, 5.5, 11.5 ],
							"rotationOrigin": [ 5.5, 5.0, -0.5 ],
							"faces": {
								"north": { "texture": "#brass", "uv": [ 0.0, 0.0, 1.0, 0.5 ] },
								"east": { "texture": "#brass", "uv": [ 0.0, 0.0, 12.0, 0.5 ] },
								"south": { "texture": "#brass", "uv": [ 0.0, 0.0, 1.0, 0.5 ] },
								"west": { "texture": "#brass", "uv": [ 0.0, 0.0, 12.0, 0.5 ] },
								"up": { "texture": "#brass", "uv": [ 0.0, 0.0, 1.0, 12.0 ] },
								"down": { "texture": "#brass", "uv": [ 0.0, 0.0, 1.0, 12.0 ] }
							}
						},
						{
							"name": "Cube26",
							"from": [ 6.5, 5.0, 10.5 ],
							"to": [ 13.5, 5.5, 11.5 ],
							"rotationOrigin": [ 6.5, 5.0, 10.5 ],
							"faces": {
								"north": { "texture": "#brass", "uv": [ 0.0, 0.0, 7.0, 0.5 ] },
								"east": { "texture": "#brass", "uv": [ 0.0, 0.0, 1.0, 0.5 ] },
								"south": { "texture": "#brass", "uv": [ 0.0, 0.0, 7.0, 0.5 ] },
								"west": { "texture": "#brass", "uv": [ 0.0, 0.0, 1.0, 0.5 ] },
								"up": { "texture": "#brass", "uv": [ 0.0, 0.0, 7.0, 1.0 ] },
								"down": { "texture": "#brass", "uv": [ 0.0, 0.0, 7.0, 1.0 ] }
							}
						},
						{
							"name": "Cube32",
							"from": [ 12.5, 5.0, -0.5 ],
							"to": [ 13.5, 5.5, 10.5 ],
							"rotationOrigin": [ 12.5, 5.0, -0.5 ],
							"faces": {
								"north": { "texture": "#brass", "uv": [ 0.0, 0.0, 1.0, 0.5 ] },
								"east": { "texture": "#brass", "uv": [ 0.0, 0.0, 11.0, 0.5 ] },
								"south": { "texture": "#brass", "uv": [ 0.0, 0.0, 1.0, 0.5 ] },
								"west": { "texture": "#brass", "uv": [ 0.0, 0.0, 11.0, 0.5 ] },
								"up": { "texture": "#brass", "uv": [ 0.0, 0.0, 1.0, 11.0 ] },
								"down": { "texture": "#brass", "uv": [ 0.0, 0.0, 1.0, 11.0 ] }
							}
						},
						{
							"name": "Cube27",
							"from": [ 6.5, 5.0, -0.5 ],
							"to": [ 12.5, 5.5, 0.5 ],
							"rotationOrigin": [ 6.5, 5.0, -0.5 ],
							"faces": {
								"north": { "texture": "#brass", "uv": [ 0.0, 0.0, 6.0, 0.5 ] },
								"east": { "texture": "#brass", "uv": [ 0.0, 0.0, 1.0, 0.5 ] },
								"south": { "texture": "#brass", "uv": [ 0.0, 0.0, 6.0, 0.5 ] },
								"west": { "texture": "#brass", "uv": [ 0.0, 0.0, 1.0, 0.5 ] },
								"up": { "texture": "#brass", "uv": [ 0.0, 0.0, 6.0, 1.0 ] },
								"down": { "texture": "#brass", "uv": [ 0.0, 0.0, 6.0, 1.0 ] }
							}
						},
						{
							"name": "Cube12",
							"from": [ 11.0, 3.8, 13.25 ],
							"to": [ 12.0, 5.2, 17.75 ],
							"rotationOrigin": [ 12.0, 4.0, 13.0 ],
							"rotationY": -89.9802,
							"faces": {
								"north": { "texture": "#woodenclub", "uv": [ 0.0, 0.0, 1.0, 1.0 ] },
								"east": { "texture": "#woodenclub", "uv": [ 0.0, 0.0, 4.5, 1.0 ] },
								"south": { "texture": "#woodenclub", "uv": [ 0.0, 0.0, 1.0, 1.0 ] },
								"west": { "texture": "#woodenclub", "uv": [ 0.0, 0.0, 4.5, 1.0 ] },
								"up": { "texture": "#woodenclub", "uv": [ 0.0, 0.0, 1.0, 4.5 ] },
								"down": { "texture": "#woodenclub", "uv": [ 0.0, 0.0, 1.0, 4.5 ] }
							}
						}
					]
				}
			]
		}
	]}