{
	"editor": {
		"allAngles": false,
		"entityTextureMode": false
	},
	"textureWidth": 16,
	"textureHeight": 16,
	"textureSizes": {
		"base2": [16,16],
		"woodenclub": [32,16],
		"iron": [16,16]
	},
	"textures": {
		"base2": "game:block/clay/oven/base2",
		"iron": "game:block/metal/tarnished/iron",
		"woodenclub": "game:item/tool/material/woodenclub"
	},
	"elements": [
		{
			"name": "Cube1",
			"from": [ 2.5, 0.0, 1.5 ],
			"to": [ 13.5, 1.0, 14.5 ],
			"rotationOrigin": [ -3.0, 0.0, -3.0 ],
			"faces": {
				"north": { "texture": "#base2", "uv": [ 2.5, 9.0, 13.5, 10.0 ] },
				"east": { "texture": "#base2", "uv": [ 1.5, 11.0, 14.5, 12.0 ] },
				"south": { "texture": "#base2", "uv": [ 1.5, 13.0, 12.5, 14.0 ] },
				"west": { "texture": "#base2", "uv": [ 2.5, 8.5, 15.5, 9.5 ] },
				"up": { "texture": "#iron", "uv": [ 2.5, 1.5, 13.5, 14.5 ], "windMode": [-1,-1,-1,-1] },
				"down": { "texture": "#base2", "uv": [ 1.5, 2.5, 12.5, 15.5 ] }
			},
			"children": [
				{
					"name": "Rotation Point",
					"from": [ 0.0, 1.0, 0.0 ],
					"to": [ 0.0, 1.0, 0.0 ],
					"rotationOrigin": [ 6.5, 1.0, 6.5 ],
					"rotationY": 90.0,
					"faces": {
						"north": { "texture": "#base2", "uv": [ 7.0, 12.0, 7.5, 12.5 ] },
						"east": { "texture": "#base2", "uv": [ 0.0, 8.5, 0.5, 9.0 ] },
						"south": { "texture": "#base2", "uv": [ 12.5, 14.5, 13.0, 15.0 ] },
						"west": { "texture": "#base2", "uv": [ 5.5, 7.5, 6.0, 8.0 ] },
						"up": { "texture": "#base2", "uv": [ 12.5, 8.0, 13.0, 8.5 ] },
						"down": { "texture": "#base2", "uv": [ 13.0, 11.5, 13.5, 12.0 ] }
					},
					"children": [
						{
							"name": "Cube2",
							"from": [ 0.0, 0.0, 0.0 ],
							"to": [ 13.0, 6.0, 1.0 ],
							"faces": {
								"north": { "texture": "#base2", "uv": [ 1.5, 4.5, 14.5, 10.5 ] },
								"east": { "texture": "#base2", "uv": [ 6.0, 4.0, 7.0, 10.0 ] },
								"south": { "texture": "#base2", "uv": [ 2.0, 1.5, 15.0, 7.5 ] },
								"west": { "texture": "#base2", "uv": [ 5.5, 4.0, 6.5, 10.0 ] },
								"up": { "texture": "#base2", "uv": [ 2.5, 9.0, 15.5, 10.0 ] }
							}
						},
						{
							"name": "Cube6",
							"from": [ 0.1, 0.0, 5.0 ],
							"to": [ 12.9, 5.9, 6.0 ],
							"rotationOrigin": [ 0.0, 0.0, 5.0 ],
							"faces": {
								"north": { "texture": "#base2", "uv": [ 1.0, 6.0, 13.5, 11.5 ] },
								"east": { "texture": "#base2", "uv": [ 9.0, 3.5, 10.0, 9.0 ] },
								"south": { "texture": "#base2", "uv": [ 2.0, 5.0, 14.5, 10.5 ] },
								"west": { "texture": "#base2", "uv": [ 14.5, 1.0, 15.5, 6.5 ] },
								"up": { "texture": "#base2", "uv": [ 0.0, 9.5, 12.5, 10.5 ] }
							}
						},
						{
							"name": "Cube7",
							"from": [ 0.0, 0.0, 10.0 ],
							"to": [ 13.0, 6.0, 11.0 ],
							"rotationOrigin": [ 0.0, 0.0, 10.0 ],
							"faces": {
								"north": { "texture": "#base2", "uv": [ 1.0, 5.5, 14.0, 11.5 ] },
								"east": { "texture": "#base2", "uv": [ 11.5, 5.0, 12.5, 11.0 ] },
								"south": { "texture": "#base2", "uv": [ 0.5, 2.0, 13.5, 8.0 ] },
								"west": { "texture": "#base2", "uv": [ 3.0, 5.5, 4.0, 11.5 ] },
								"up": { "texture": "#base2", "uv": [ 1.5, 4.0, 14.5, 5.0 ] }
							}
						},
						{
							"name": "Cube15",
							"from": [ 12.0, 0.0, 1.0 ],
							"to": [ 13.0, 6.0, 10.0 ],
							"rotationOrigin": [ 12.0, 0.0, 1.0 ],
							"faces": {
								"east": { "texture": "#base2", "uv": [ 5.5, 4.5, 14.5, 10.5 ] },
								"west": { "texture": "#base2", "uv": [ 3.5, 5.0, 12.5, 11.0 ] },
								"up": { "texture": "#base2", "uv": [ 6.0, 5.5, 7.0, 14.5 ] }
							}
						},
						{
							"name": "Cube16",
							"from": [ 9.0, 0.0, 1.0 ],
							"to": [ 10.0, 6.0, 10.0 ],
							"rotationOrigin": [ 9.0, 0.0, 1.0 ],
							"faces": {
								"north": { "texture": "#base2", "uv": [ 1.5, 2.0, 2.5, 8.0 ] },
								"east": { "texture": "#base2", "uv": [ 6.5, 6.0, 15.5, 12.0 ] },
								"south": { "texture": "#base2", "uv": [ 0.5, 0.5, 1.5, 6.5 ] },
								"west": { "texture": "#base2", "uv": [ 7.0, 4.0, 16.0, 10.0 ] },
								"up": { "texture": "#base2", "uv": [ 3.0, 6.0, 4.0, 15.0 ] }
							}
						},
						{
							"name": "Cube20",
							"from": [ 0.0, 0.0, 1.0 ],
							"to": [ 1.0, 6.0, 10.0 ],
							"rotationOrigin": [ 0.0, 0.0, 1.0 ],
							"faces": {
								"north": { "texture": "#base2", "uv": [ 1.5, 2.0, 2.5, 8.0 ] },
								"east": { "texture": "#base2", "uv": [ 6.0, 6.0, 15.0, 12.0 ] },
								"south": { "texture": "#base2", "uv": [ 1.0, 2.0, 2.0, 8.0 ] },
								"west": { "texture": "#base2", "uv": [ 5.5, 4.0, 14.5, 10.0 ] },
								"up": { "texture": "#base2", "uv": [ 2.0, 6.0, 3.0, 15.0 ] }
							}
						},
						{
							"name": "Cube3",
							"from": [ -0.1, 4.0, -0.2 ],
							"to": [ 13.1, 5.0, 0.1 ],
							"rotationOrigin": [ 0.0, 4.0, 0.0 ],
							"faces": {
								"north": { "texture": "#iron", "uv": [ 2.0, 0.5, 15.0, 1.5 ] },
								"east": { "texture": "#iron", "uv": [ 6.0, 4.0, 6.5, 5.0 ] },
								"south": { "texture": "#iron", "uv": [ 2.5, 0.5, 15.5, 1.5 ] },
								"west": { "texture": "#iron", "uv": [ 5.5, 4.0, 6.0, 5.0 ] },
								"up": { "texture": "#iron", "uv": [ 2.5, 1.0, 15.5, 1.5 ] }
							}
						},
						{
							"name": "Cube8",
							"from": [ -0.1, 4.0, 10.8 ],
							"to": [ 13.1, 5.0, 11.1 ],
							"rotationOrigin": [ 0.0, 4.0, 11.0 ],
							"faces": {
								"north": { "texture": "#iron", "uv": [ 1.5, 4.5, 14.5, 5.5 ] },
								"east": { "texture": "#iron", "uv": [ 6.0, 4.0, 6.5, 5.0 ] },
								"south": { "texture": "#iron", "uv": [ 2.0, 1.5, 15.0, 2.5 ] },
								"west": { "texture": "#iron", "uv": [ 5.5, 4.0, 6.0, 5.0 ] },
								"up": { "texture": "#iron", "uv": [ 2.5, 9.0, 15.5, 9.5 ] }
							}
						},
						{
							"name": "Cube21",
							"from": [ -0.1, 4.0, 0.01 ],
							"to": [ 0.09, 5.0, 10.8 ],
							"rotationOrigin": [ 0.0, 5.0, 0.0 ],
							"faces": {
								"east": { "texture": "#iron", "uv": [ 3.5, 5.5, 14.0, 6.5 ] },
								"west": { "texture": "#iron", "uv": [ 3.5, 5.0, 14.0, 6.0 ] },
								"up": { "texture": "#iron", "uv": [ 6.0, 3.5, 6.5, 14.0 ] }
							}
						},
						{
							"name": "Cube22",
							"from": [ 12.9, 4.0, 0.01 ],
							"to": [ 13.09, 5.0, 10.8 ],
							"rotationOrigin": [ 13.0, 5.0, 0.0 ],
							"faces": {
								"east": { "texture": "#iron", "uv": [ 3.5, 5.5, 14.0, 6.5 ] },
								"west": { "texture": "#iron", "uv": [ 3.5, 5.0, 14.0, 6.0 ] },
								"up": { "texture": "#iron", "uv": [ 6.0, 3.5, 6.5, 14.0 ] }
							}
						},
						{
							"name": "Cube24",
							"from": [ -0.1, 1.0, 0.01 ],
							"to": [ 0.09, 2.0, 10.8 ],
							"rotationOrigin": [ 0.0, 2.0, 0.0 ],
							"faces": {
								"east": { "texture": "#iron", "uv": [ 3.5, 5.5, 14.0, 6.5 ] },
								"west": { "texture": "#iron", "uv": [ 3.5, 5.0, 14.0, 6.0 ] },
								"up": { "texture": "#iron", "uv": [ 6.0, 3.5, 6.5, 14.0 ] }
							}
						},
						{
							"name": "Cube4",
							"from": [ -0.1, 1.0, -0.2 ],
							"to": [ 13.1, 2.0, 0.1 ],
							"rotationOrigin": [ 0.0, 1.0, 0.0 ],
							"faces": {
								"north": { "texture": "#iron", "uv": [ 1.5, 4.5, 14.5, 5.5 ] },
								"east": { "texture": "#iron", "uv": [ 6.0, 4.0, 6.5, 5.0 ] },
								"south": { "texture": "#iron", "uv": [ 2.0, 1.5, 15.0, 2.5 ] },
								"west": { "texture": "#iron", "uv": [ 5.5, 4.0, 6.0, 5.0 ] },
								"up": { "texture": "#iron", "uv": [ 2.5, 9.0, 15.5, 9.5 ] }
							}
						},
						{
							"name": "Cube9",
							"from": [ -0.1, 1.0, 10.8 ],
							"to": [ 13.1, 2.0, 11.1 ],
							"rotationOrigin": [ 0.0, 1.0, 11.0 ],
							"faces": {
								"north": { "texture": "#iron", "uv": [ 1.5, 4.5, 14.5, 5.5 ] },
								"east": { "texture": "#iron", "uv": [ 6.0, 4.0, 6.5, 5.0 ] },
								"south": { "texture": "#iron", "uv": [ 2.0, 1.5, 15.0, 2.5 ] },
								"west": { "texture": "#iron", "uv": [ 5.5, 4.0, 6.0, 5.0 ] },
								"up": { "texture": "#iron", "uv": [ 2.5, 9.0, 15.5, 9.5 ] }
							}
						},
						{
							"name": "Cube25",
							"from": [ 12.9, 1.0, 0.01 ],
							"to": [ 13.09, 2.0, 10.8 ],
							"rotationOrigin": [ 13.0, 2.0, 0.0 ],
							"faces": {
								"east": { "texture": "#iron", "uv": [ 3.5, 5.5, 14.0, 6.5 ] },
								"west": { "texture": "#iron", "uv": [ 3.5, 5.0, 14.0, 6.0 ] },
								"up": { "texture": "#iron", "uv": [ 6.0, 3.5, 6.5, 14.0 ] }
							}
						},
						{
							"name": "Cube17",
							"from": [ -0.2, -1.0, -0.3 ],
							"to": [ 0.8, 5.2, 0.7 ],
							"rotationOrigin": [ -1.0, -1.0, 0.0 ],
							"faces": {
								"north": { "texture": "#iron", "uv": [ 0.0, 0.0, 1.0, 6.0 ] },
								"east": { "texture": "#iron", "uv": [ 0.0, 0.0, 1.0, 6.0 ] },
								"south": { "texture": "#iron", "uv": [ 0.0, 0.0, 1.0, 6.0 ] },
								"west": { "texture": "#iron", "uv": [ 0.0, 0.0, 1.0, 6.0 ] },
								"up": { "texture": "#iron", "uv": [ 0.0, 0.0, 1.0, 1.0 ] },
								"down": { "texture": "#iron", "uv": [ 0.0, 0.0, 1.0, 1.0 ] }
							}
						},
						{
							"name": "Cube18",
							"from": [ 12.3, -1.0, -0.3 ],
							"to": [ 13.3, 5.2, 0.7 ],
							"rotationOrigin": [ 12.0, -1.0, 0.0 ],
							"faces": {
								"north": { "texture": "#iron", "uv": [ 0.0, 0.0, 1.0, 6.0 ] },
								"east": { "texture": "#iron", "uv": [ 0.0, 0.0, 1.0, 6.0 ] },
								"south": { "texture": "#iron", "uv": [ 0.0, 0.0, 1.0, 6.0 ] },
								"west": { "texture": "#iron", "uv": [ 0.0, 0.0, 1.0, 6.0 ] },
								"up": { "texture": "#iron", "uv": [ 0.0, 0.0, 1.0, 1.0 ] },
								"down": { "texture": "#iron", "uv": [ 0.0, 0.0, 1.0, 1.0 ] }
							}
						},
						{
							"name": "Cube19",
							"from": [ 12.3, -1.0, 10.3 ],
							"to": [ 13.3, 5.2, 11.3 ],
							"rotationOrigin": [ 12.0, -1.0, 11.0 ],
							"faces": {
								"north": { "texture": "#iron", "uv": [ 0.0, 0.0, 1.0, 6.0 ] },
								"east": { "texture": "#iron", "uv": [ 0.0, 0.0, 1.0, 6.0 ] },
								"south": { "texture": "#iron", "uv": [ 0.0, 0.0, 1.0, 6.0 ] },
								"west": { "texture": "#iron", "uv": [ 0.0, 0.0, 1.0, 6.0 ] },
								"up": { "texture": "#iron", "uv": [ 0.0, 0.0, 1.0, 1.0 ] },
								"down": { "texture": "#iron", "uv": [ 0.0, 0.0, 1.0, 1.0 ] }
							}
						},
						{
							"name": "Cube23",
							"from": [ -0.2, -1.0, 10.3 ],
							"to": [ 0.8, 5.2, 11.3 ],
							"rotationOrigin": [ -1.0, -1.0, 11.0 ],
							"faces": {
								"north": { "texture": "#iron", "uv": [ 0.0, 0.0, 1.0, 6.0 ] },
								"east": { "texture": "#iron", "uv": [ 0.0, 0.0, 1.0, 6.0 ] },
								"south": { "texture": "#iron", "uv": [ 0.0, 0.0, 1.0, 6.0 ] },
								"west": { "texture": "#iron", "uv": [ 0.0, 0.0, 1.0, 6.0 ] },
								"up": { "texture": "#iron", "uv": [ 0.0, 0.0, 1.0, 1.0 ] },
								"down": { "texture": "#iron", "uv": [ 0.0, 0.0, 1.0, 1.0 ] }
							}
						},
						{
							"name": "Cube31",
							"from": [ -0.5, 5.0, -0.5 ],
							"to": [ 0.5, 5.5, 11.5 ],
							"rotationOrigin": [ -0.5, 5.0, -0.5 ],
							"faces": {
								"north": { "texture": "#iron", "uv": [ 0.0, 0.0, 1.0, 0.5 ] },
								"east": { "texture": "#iron", "uv": [ 0.0, 0.0, 12.0, 0.5 ] },
								"south": { "texture": "#iron", "uv": [ 0.0, 0.0, 1.0, 0.5 ] },
								"west": { "texture": "#iron", "uv": [ 0.0, 0.0, 12.0, 0.5 ] },
								"up": { "texture": "#iron", "uv": [ 0.0, 0.0, 1.0, 12.0 ] },
								"down": { "texture": "#iron", "uv": [ 0.0, 0.0, 1.0, 12.0 ] }
							}
						},
						{
							"name": "Cube26",
							"from": [ 0.5, 5.0, 10.5 ],
							"to": [ 13.5, 5.5, 11.5 ],
							"rotationOrigin": [ 0.5, 5.0, 10.5 ],
							"faces": {
								"north": { "texture": "#iron", "uv": [ 0.0, 0.0, 13.0, 0.5 ] },
								"east": { "texture": "#iron", "uv": [ 0.0, 0.0, 1.0, 0.5 ] },
								"south": { "texture": "#iron", "uv": [ 0.0, 0.0, 13.0, 0.5 ] },
								"west": { "texture": "#iron", "uv": [ 0.0, 0.0, 1.0, 0.5 ] },
								"up": { "texture": "#iron", "uv": [ 0.0, 0.0, 13.0, 1.0 ] },
								"down": { "texture": "#iron", "uv": [ 0.0, 0.0, 13.0, 1.0 ] }
							}
						},
						{
							"name": "Cube32",
							"from": [ 12.5, 5.0, -0.5 ],
							"to": [ 13.5, 5.5, 10.5 ],
							"rotationOrigin": [ 12.5, 5.0, -0.5 ],
							"faces": {
								"north": { "texture": "#iron", "uv": [ 0.0, 0.0, 1.0, 0.5 ] },
								"east": { "texture": "#iron", "uv": [ 0.0, 0.0, 11.0, 0.5 ] },
								"south": { "texture": "#iron", "uv": [ 0.0, 0.0, 1.0, 0.5 ] },
								"west": { "texture": "#iron", "uv": [ 0.0, 0.0, 11.0, 0.5 ] },
								"up": { "texture": "#iron", "uv": [ 0.0, 0.0, 1.0, 11.0 ] },
								"down": { "texture": "#iron", "uv": [ 0.0, 0.0, 1.0, 11.0 ] }
							}
						},
						{
							"name": "Cube27",
							"from": [ 0.5, 5.0, -0.5 ],
							"to": [ 12.5, 5.5, 0.5 ],
							"rotationOrigin": [ 0.5, 5.0, -0.5 ],
							"faces": {
								"north": { "texture": "#iron", "uv": [ 0.0, 0.0, 12.0, 0.5 ] },
								"east": { "texture": "#iron", "uv": [ 0.0, 0.0, 1.0, 0.5 ] },
								"south": { "texture": "#iron", "uv": [ 0.0, 0.0, 12.0, 0.5 ] },
								"west": { "texture": "#iron", "uv": [ 0.0, 0.0, 1.0, 0.5 ] },
								"up": { "texture": "#iron", "uv": [ 0.0, 0.0, 12.0, 1.0 ] },
								"down": { "texture": "#iron", "uv": [ 0.0, 0.0, 12.0, 1.0 ] }
							}
						},
						{
							"name": "Cube12",
							"from": [ 9.0, 7.8, 12.25 ],
							"to": [ 10.0, 9.2, 18.75 ],
							"rotationOrigin": [ 10.0, 8.0, 12.0 ],
							"rotationY": -89.9802,
							"rotationZ": 90.0,
							"faces": {
								"north": { "texture": "#woodenclub", "uv": [ 0.0, 0.0, 1.0, 1.0 ] },
								"east": { "texture": "#woodenclub", "uv": [ 0.0, 0.0, 6.5, 1.0 ] },
								"south": { "texture": "#woodenclub", "uv": [ 0.0, 0.0, 1.0, 1.0 ] },
								"west": { "texture": "#woodenclub", "uv": [ 0.0, 0.0, 6.5, 1.0 ] },
								"up": { "texture": "#woodenclub", "uv": [ 0.0, 0.0, 1.0, 6.5 ] },
								"down": { "texture": "#woodenclub", "uv": [ 0.0, 0.0, 1.0, 6.5 ] }
							},
							"children": [
								{
									"name": "Cube13",
									"from": [ 1.0, 1.2, 2.25 ],
									"to": [ 1.5, 2.2, 10.25 ],
									"rotationOrigin": [ 0.4993, 1.2, 1.7496 ],
									"rotationX": -0.0145,
									"rotationY": -89.9802,
									"rotationZ": 179.9855,
									"faces": {
										"north": { "texture": "#iron", "uv": [ 0.0, 0.0, 0.5, 1.0 ] },
										"east": { "texture": "#iron", "uv": [ 0.0, 0.0, 8.0, 1.0 ] },
										"south": { "texture": "#iron", "uv": [ 0.0, 0.0, 0.5, 1.0 ] },
										"west": { "texture": "#iron", "uv": [ 0.0, 0.0, 8.0, 1.0 ] },
										"up": { "texture": "#iron", "uv": [ 0.0, 0.0, 0.5, 8.0 ] },
										"down": { "texture": "#iron", "uv": [ 0.0, 0.0, 0.5, 8.0 ] }
									}
								},
								{
									"name": "Cube14",
									"from": [ 0.5003, 1.2, 6.25 ],
									"to": [ 1.0003, 2.2, 14.25 ],
									"rotationOrigin": [ 3.0E-4, 1.2, 6.2497 ],
									"rotationX": -0.0145,
									"rotationY": -89.9802,
									"rotationZ": 179.9855,
									"faces": {
										"north": { "texture": "#iron", "uv": [ 0.0, 0.0, 0.5, 1.0 ] },
										"east": { "texture": "#iron", "uv": [ 0.0, 0.0, 8.0, 1.0 ] },
										"south": { "texture": "#iron", "uv": [ 0.0, 0.0, 0.5, 1.0 ] },
										"west": { "texture": "#iron", "uv": [ 0.0, 0.0, 8.0, 1.0 ] },
										"up": { "texture": "#iron", "uv": [ 0.0, 0.0, 0.5, 8.0 ] },
										"down": { "texture": "#iron", "uv": [ 0.0, 0.0, 0.5, 8.0 ] }
									}
								}
							]
						},
						{
							"name": "Cube28",
							"from": [ 6.0, 0.0, 1.0 ],
							"to": [ 7.0, 6.0, 10.0 ],
							"rotationOrigin": [ 6.0, 0.0, 1.0 ],
							"faces": {
								"north": { "texture": "#base2", "uv": [ 1.5, 2.0, 2.5, 8.0 ] },
								"east": { "texture": "#base2", "uv": [ 6.5, 6.0, 15.5, 12.0 ] },
								"south": { "texture": "#base2", "uv": [ 0.5, 0.5, 1.5, 6.5 ] },
								"west": { "texture": "#base2", "uv": [ 7.0, 4.0, 16.0, 10.0 ] },
								"up": { "texture": "#base2", "uv": [ 3.0, 6.0, 4.0, 15.0 ] }
							}
						},
						{
							"name": "Cube29",
							"from": [ 3.0, 0.0, 1.0 ],
							"to": [ 4.0, 6.0, 10.0 ],
							"rotationOrigin": [ 3.0, 0.0, 1.0 ],
							"faces": {
								"north": { "texture": "#base2", "uv": [ 1.5, 2.0, 2.5, 8.0 ] },
								"east": { "texture": "#base2", "uv": [ 6.5, 6.0, 15.5, 12.0 ] },
								"south": { "texture": "#base2", "uv": [ 0.5, 0.5, 1.5, 6.5 ] },
								"west": { "texture": "#base2", "uv": [ 7.0, 4.0, 16.0, 10.0 ] },
								"up": { "texture": "#base2", "uv": [ 3.0, 6.0, 4.0, 15.0 ] }
							}
						},
						{
							"name": "Cube30",
							"from": [ 3.7, -1.0, 10.3 ],
							"to": [ 4.7, 5.2, 11.3 ],
							"rotationOrigin": [ 2.9, -1.0, 11.0 ],
							"faces": {
								"north": { "texture": "#iron", "uv": [ 0.0, 0.0, 1.0, 6.0 ] },
								"east": { "texture": "#iron", "uv": [ 0.0, 0.0, 1.0, 6.0 ] },
								"south": { "texture": "#iron", "uv": [ 0.0, 0.0, 1.0, 6.0 ] },
								"west": { "texture": "#iron", "uv": [ 0.0, 0.0, 1.0, 6.0 ] },
								"up": { "texture": "#iron", "uv": [ 0.0, 0.0, 1.0, 1.0 ] },
								"down": { "texture": "#iron", "uv": [ 0.0, 0.0, 1.0, 1.0 ] }
							}
						},
						{
							"name": "Cube33",
							"from": [ 8.3, -1.0, 10.3 ],
							"to": [ 9.3, 5.2, 11.3 ],
							"rotationOrigin": [ 7.5, -1.0, 11.0 ],
							"faces": {
								"north": { "texture": "#iron", "uv": [ 0.0, 0.0, 1.0, 6.0 ] },
								"east": { "texture": "#iron", "uv": [ 0.0, 0.0, 1.0, 6.0 ] },
								"south": { "texture": "#iron", "uv": [ 0.0, 0.0, 1.0, 6.0 ] },
								"west": { "texture": "#iron", "uv": [ 0.0, 0.0, 1.0, 6.0 ] },
								"up": { "texture": "#iron", "uv": [ 0.0, 0.0, 1.0, 1.0 ] },
								"down": { "texture": "#iron", "uv": [ 0.0, 0.0, 1.0, 1.0 ] }
							}
						},
						{
							"name": "Cube34",
							"from": [ -0.2, -1.0, 5.0 ],
							"to": [ 0.8, 5.2, 6.0 ],
							"rotationOrigin": [ -1.0, -1.0, 5.7 ],
							"faces": {
								"north": { "texture": "#iron", "uv": [ 0.0, 0.0, 1.0, 6.0 ] },
								"east": { "texture": "#iron", "uv": [ 0.0, 0.0, 1.0, 6.0 ] },
								"south": { "texture": "#iron", "uv": [ 0.0, 0.0, 1.0, 6.0 ] },
								"west": { "texture": "#iron", "uv": [ 0.0, 0.0, 1.0, 6.0 ] },
								"up": { "texture": "#iron", "uv": [ 0.0, 0.0, 1.0, 1.0 ] },
								"down": { "texture": "#iron", "uv": [ 0.0, 0.0, 1.0, 1.0 ] }
							}
						},
						{
							"name": "Cube35",
							"from": [ 12.3, -1.0, 5.0 ],
							"to": [ 13.3, 5.2, 6.0 ],
							"rotationOrigin": [ 11.5, -1.0, 5.7 ],
							"faces": {
								"north": { "texture": "#iron", "uv": [ 0.0, 0.0, 1.0, 6.0 ] },
								"east": { "texture": "#iron", "uv": [ 0.0, 0.0, 1.0, 6.0 ] },
								"south": { "texture": "#iron", "uv": [ 0.0, 0.0, 1.0, 6.0 ] },
								"west": { "texture": "#iron", "uv": [ 0.0, 0.0, 1.0, 6.0 ] },
								"up": { "texture": "#iron", "uv": [ 0.0, 0.0, 1.0, 1.0 ] },
								"down": { "texture": "#iron", "uv": [ 0.0, 0.0, 1.0, 1.0 ] }
							}
						},
						{
							"name": "Cube36",
							"from": [ 8.3, -1.0, -0.3 ],
							"to": [ 9.3, 5.2, 0.7 ],
							"rotationOrigin": [ 8.0, -1.0, 0.0 ],
							"faces": {
								"north": { "texture": "#iron", "uv": [ 0.0, 0.0, 1.0, 6.0 ] },
								"east": { "texture": "#iron", "uv": [ 0.0, 0.0, 1.0, 6.0 ] },
								"south": { "texture": "#iron", "uv": [ 0.0, 0.0, 1.0, 6.0 ] },
								"west": { "texture": "#iron", "uv": [ 0.0, 0.0, 1.0, 6.0 ] },
								"up": { "texture": "#iron", "uv": [ 0.0, 0.0, 1.0, 1.0 ] },
								"down": { "texture": "#iron", "uv": [ 0.0, 0.0, 1.0, 1.0 ] }
							}
						},
						{
							"name": "Cube37",
							"from": [ 3.7, -1.0, -0.3 ],
							"to": [ 4.7, 5.2, 0.7 ],
							"rotationOrigin": [ 3.4, -1.0, 0.0 ],
							"faces": {
								"north": { "texture": "#iron", "uv": [ 0.0, 0.0, 1.0, 6.0 ] },
								"east": { "texture": "#iron", "uv": [ 0.0, 0.0, 1.0, 6.0 ] },
								"south": { "texture": "#iron", "uv": [ 0.0, 0.0, 1.0, 6.0 ] },
								"west": { "texture": "#iron", "uv": [ 0.0, 0.0, 1.0, 6.0 ] },
								"up": { "texture": "#iron", "uv": [ 0.0, 0.0, 1.0, 1.0 ] },
								"down": { "texture": "#iron", "uv": [ 0.0, 0.0, 1.0, 1.0 ] }
							}
						},
						{
							"name": "Cube38",
							"from": [ 9.0, 7.8, 0.25 ],
							"to": [ 10.0, 9.2, 6.75 ],
							"rotationOrigin": [ 10.0, 8.0, 0.0 ],
							"rotationY": -89.9802,
							"rotationZ": 90.0,
							"faces": {
								"north": { "texture": "#woodenclub", "uv": [ 0.0, 0.0, 1.0, 1.0 ] },
								"east": { "texture": "#woodenclub", "uv": [ 0.0, 0.0, 6.5, 1.0 ] },
								"south": { "texture": "#woodenclub", "uv": [ 0.0, 0.0, 1.0, 1.0 ] },
								"west": { "texture": "#woodenclub", "uv": [ 0.0, 0.0, 6.5, 1.0 ] },
								"up": { "texture": "#woodenclub", "uv": [ 0.0, 0.0, 1.0, 6.5 ] },
								"down": { "texture": "#woodenclub", "uv": [ 0.0, 0.0, 1.0, 6.5 ] }
							},
							"children": [
								{
									"name": "Cube39",
									"from": [ 1.0, 1.2, 2.25 ],
									"to": [ 1.5, 2.2, 10.25 ],
									"rotationOrigin": [ 0.4993, 1.2, 1.7496 ],
									"rotationX": -0.0145,
									"rotationY": -89.9802,
									"rotationZ": 179.9855,
									"faces": {
										"north": { "texture": "#iron", "uv": [ 0.0, 0.0, 0.5, 1.0 ] },
										"east": { "texture": "#iron", "uv": [ 0.0, 0.0, 8.0, 1.0 ] },
										"south": { "texture": "#iron", "uv": [ 0.0, 0.0, 0.5, 1.0 ] },
										"west": { "texture": "#iron", "uv": [ 0.0, 0.0, 8.0, 1.0 ] },
										"up": { "texture": "#iron", "uv": [ 0.0, 0.0, 0.5, 8.0 ] },
										"down": { "texture": "#iron", "uv": [ 0.0, 0.0, 0.5, 8.0 ] }
									}
								},
								{
									"name": "Cube40",
									"from": [ 0.5003, 1.2, 6.25 ],
									"to": [ 1.0003, 2.2, 14.25 ],
									"rotationOrigin": [ 3.0E-4, 1.2, 6.2497 ],
									"rotationX": -0.0145,
									"rotationY": -89.9802,
									"rotationZ": 179.9855,
									"faces": {
										"north": { "texture": "#iron", "uv": [ 0.0, 0.0, 0.5, 1.0 ] },
										"east": { "texture": "#iron", "uv": [ 0.0, 0.0, 8.0, 1.0 ] },
										"south": { "texture": "#iron", "uv": [ 0.0, 0.0, 0.5, 1.0 ] },
										"west": { "texture": "#iron", "uv": [ 0.0, 0.0, 8.0, 1.0 ] },
										"up": { "texture": "#iron", "uv": [ 0.0, 0.0, 0.5, 8.0 ] },
										"down": { "texture": "#iron", "uv": [ 0.0, 0.0, 0.5, 8.0 ] }
									}
								}
							]
						}
					]
				}
			]
		}
	]}