{
  "enabled": true,
  "code": "toolmold",
  "classByType": {
    "*": "BlockToolMold"
  },
  "behaviorsByType": {
    "*": [
      {
        "name": "GroundStorable",
        "properties": { "layout": "SingleCenter" }
      },
      {
        "name": "RightClickPickup"
      },
      {
        "name": "UnstableFalling"
      }
    ]
  },
  "variantgroups": [
    { "code": "materialtype", "states": ["chuteburned"] }
  ],
  "attributesByType": {
    "*-chuteburned": {
      "requiredUnits": 400,
      "moldrackable": false,
      "fillHeight": 9,
      "fillQuadsByLevel": [
        { "x1": 1, "z1": 1, "x2": 15, "z2": 15 },
        { "x1": 1, "z1": 1, "x2": 15, "z2": 15 },
        { "x1": 1, "z1": 1, "x2": 15, "z2": 15 },
        { "x1": 1, "z1": 1, "x2": 15, "z2": 15 },
        { "x1": 1, "z1": 1, "x2": 15, "z2": 15 },
        { "x1": 1, "z1": 1, "x2": 15, "z2": 15 },
		{ "x1": 1, "z1": 1, "x2": 15, "z2": 15 },
        { "x1": 1, "z1": 1, "x2": 15, "z2": 15 },
        { "x1": 1, "z1": 1, "x2": 15, "z2": 15 },
      ],
      "drop": { "type": "item", "code": "game:chutesection-copper", "quantity": 4 }
    }
  },
  "entityClassByType": {
    "*-chuteburned": "ToolMold"
  },
  "blockmaterial": "Metal",
  "creativeinventory": { "general": ["*"], "Molds": ["*"] },
  "replaceable": 700,
  "resistance": 2,
  "maxStackSize": 1,
  "lightAbsorption": 0,
  "shapeByType": {
    "*-chuteburned": {
      "base": "molds:block/clay/mold/chute",
      "rotateY": 90
    }
  },
  "sounds": {
    "place": "game:block/anvil",
    "break": "game:block/chandelier-break",
    "hit": "game:block/chandelier-hit"
  },
  "collisionboxByType": {
    "*-chuteburned": { "x1": 0.1, "y1": 0, "z1": 0.1, "x2": 0.90, "y2": 0.6, "z2": 0.9 }
  },
  "selectionboxByType": {
    "*-chuteburned": { "x1": 0.02, "y1": 0, "z1": 0.02, "x2": 0.97, "y2": 0.68, "z2": 0.97 }
  },
  "sideopaque": {
    "all": false
  },
  "sidesolid": {
    "all": false
  },
  "heldTpIdleAnimationByType": {
    "*": "holdbothhands"
  },
  "heldTpUseAnimationByType": {
    "*": "twohandplaceblock"
  },
  "guiTransformByType": {
    "*": {
      "translation": { "x": 0, "y": 3, "z": 0 },
      "origin": { "x": 0.5, "y": 0.3, "z": 0.5 },
      "scale": 1.33
    }
  },
  "tpHandTransformByType": {
    "*": {
      "translation": { "x": -0.97, "y": -0.1, "z": -0.65 },
      "rotation": { "x": -51, "y": 23, "z": -114 },
      "origin": { "x": 0.5, "y": 0.125, "z": 0.5 },
      "scale": 0.56
    }
  },
  "fpHandTransformByType": {
    "*": {
      "translation": { "x": -0.3, "y": 0, "z": 0.5 },
      "rotation": { "x": 16, "y": -50, "z": 1 },
      "origin": { "x": 0.5, "y": 0.125, "z": 0.5 }
    }
  },
  "groundTransform": {
    "translation": { "x": 0, "y": 0, "z": 0 },
    "rotation": { "x": 0, "y": -45, "z": 0 },
    "origin": { "x": 0.5, "y": 0, "z": 0.5 },
    "scale": 2.2
  }
}
