{
  "_Comment": "Розробка й ідея належить MrFlame. Виправлення та налаштування коду - робота UA_Shaman",
  "enabled": true,
  "code": "toolmold",
  "classByType": {
    "toolmold-raw-*": "Block",
    "toolmold-burned-*": "BlockToolMold"
  },
  "behaviorsByType": {
    "*-raw-*": [
      {
        "name": "GroundStorable",
        "properties": { "layout": "SingleCenter" }
      },
      {
        "name": "Unplaceable",
        "__comment": "Наземне зберігання (будучи блоком) - застаріле. Має бути item-ом, але зберігається блок для зворотної сумісності"
      },
      {
        "name": "RightClickPickup"
      }
    ],
    "*": [{ "name": "UnstableFalling" }]
  },
  "variantgroups": [
    { "code": "materialtype", "states": ["raw", "burned"] },
    { "code": "tooltype", "states": ["2xknife", "scythe", "chisel", "kluch", "arrow", "spear", "1nailmold", "ring"] }
  ],
  "attributesByType": {
    "toolmold-burned-2xknife": {
      "requiredUnits": 150,
      "fillHeight": 1,
      "moldrackable": true,
      "onmoldrackTransform": { "rotation": { "z": 90 } },
      "drop": { "type": "item", "code": "game:knifeblade-{metal}", "quantity": 2 }
    },
    "toolmold-burned-chisel": {
      "requiredUnits": 150,
      "fillHeight": 1,
      "moldrackable": true,
      "onmoldrackTransform": { "rotation": { "z": 90 } },
      "drop": { "type": "item", "code": "game:chisel-{metal}", "quantity": 2 }
    },
    "toolmold-burned-kluch": {
      "requiredUnits": 100,
      "fillHeight": 1,
      "moldrackable": true,
      "onmoldrackTransform": { "rotation": { "z": 90 } },
      "drop": { "type": "item", "code": "game:wrench-{metal}", "quantity": 1 }
    },
    "toolmold-burned-arrow": {
      "requiredUnits": 100,
      "fillHeight": 1,
      "moldrackable": true,
      "onmoldrackTransform": { "rotation": { "z": 90 } },
      "drop": { "type": "item", "code": "game:arrowhead-{metal}", "quantity": 9 }
    },
    "toolmold-burned-spear": {
      "requiredUnits": 100,
      "fillHeight": 1,
      "moldrackable": true,
      "onmoldrackTransform": { "rotation": { "z": 90 } },
      "drop": { "type": "item", "code": "game:spearhead-{metal}", "quantity": 1 }
    },
    "toolmold-burned-scythe": {
      "requiredUnits": 100,
      "fillHeight": 1,
      "moldrackable": true,
      "onmoldrackTransform": { "rotation": { "z": 90 } },
      "drop": { "type": "item", "code": "game:scythehead-{metal}", "quantity": 1 }
    },
    "toolmold-burned-1nailmold": {
      "requiredUnits": 100,
      "fillHeight": 1,
      "moldrackable": true,
      "onmoldrackTransform": { "rotation": { "z": 90 } },
      "drop": { "type": "item", "code": "game:metalnailsandstrips-{metal}", "quantity": 4 }
    },
    "toolmold-burned-ring": {
      "requiredUnits": 300,
      "fillHeight": 1,
      "moldrackable": true,
      "onmoldrackTransform": { "rotation": { "z": 90 } },
      "drop": { "type": "item", "code": "singlechain-{metal}", "quantity": 16 }
    }
  },
  "entityClassByType": {
    "toolmold-burned-*": "ToolMold"
  },
  "combustiblePropsByType": {
    "toolmold-raw-*": {
      "meltingPoint": 650,
      "meltingDuration": 45,
      "smeltedRatio": 1,
      "smeltingType": "fire",
      "smeltedStack": { "type": "block", "code": "molds:toolmold-burned-{tooltype}" },
      "requiresContainer": false
    }
  },
  "blockmaterial": "Ceramic",
  "creativeinventory": { "general": ["*"], "construction": ["*"], "Molds": ["*"] },
  "replaceable": 700,
  "resistance": 1.5,
  "maxStackSize": 8,
  "lightAbsorption": 0,
  "texturesByType": {
    "toolmold-raw-*": { "all": { "base": "game:block/clay/blueclay" } },
    "toolmold-burned-*": { "floor": { "base": "game:block/clay/ceramic-dark" }, "other": { "base": "game:block/clay/ceramic" } }
  },
  "shape": { "base": "molds:block/clay/mold/{tooltype}", "rotateY": 90 },
  "sounds": {
    "walk": "walk/stone"
  },
  "collisionboxByType": {
    "*": { "x1": 0, "y1": 0, "z1": 0, "x2": 1, "y2": 0.1875, "z2": 1 }
  },
  "selectionboxByType": {
    "*": { "x1": 0.09, "y1": 0, "z1": 0.09, "x2": 0.9, "y2": 0.11, "z2": 0.9 }

  },
  "sideopaque": {
    "all": false
  },
  "sidesolid": {
    "all": false
  },
  "guiTransformByType": {
    "*": {
      "translation": { "x": 0, "y": 3, "z": 0 },
      "origin": { "x": 0.5, "y": 0.0625, "z": 0.5 },
      "scale": 1.33
    }
  },
  "tpHandTransformByType": {
    "*": {
      "translation": { "x": -1, "y": 0.2, "z": -0.9 },
      "rotation": { "x": -87, "y": 9, "z": 4 },
      "origin": { "x": 0.5, "y": 0.125, "z": 0.5 },
      "scale": 0.5
    }
  },
  "fpHandTransformByType": {
    "*": {
      "translation": { "x": -0.3, "y": 0, "z": 0.5 },
      "rotation": { "x": 16, "y": -51, "z": 91 },
      "origin": { "x": 0.5, "y": 0.125, "z": 0.5 }
    }
  },
  "groundTransform": {
    "translation": { "x": 0, "y": 0, "z": 0 },
    "rotation": { "x": 0, "y": -45, "z": 0 },
    "origin": { "x": 0.5, "y": 0, "z": 0.5 },
    "scale": 2.2
  }
}
