[
  {
    "condition": { "when": "Paxel.Trader.Enabled.SurvivalGoods", "isValue": "true" },
    "side": "server",
    "file": "game:config/tradelists/trader-survivalgoods.json",
    "op": "addeach",
    "path": "/selling/list/-",
    "value": [
      {
        "code": "paxel:paxel-copper",
        "type": "item",
        "stacksize": 1,
        "stock": {
          "avg": 2,
          "var": 0.25
        },
        "price": {
          "avg": 16,
          "var": 1.25
        }
      },
      {
        "code": "paxel:paxel-tinbronze",
        "type": "item",
        "stacksize": 1,
        "stock": {
          "avg": 1,
          "var": 0.25
        },
        "price": {
          "avg": 24,
          "var": 1.25
        }
      },
      {
        "code": "paxel:paxel-bismuthbronze",
        "type": "item",
        "stacksize": 1,
        "stock": {
          "avg": 1,
          "var": 0.25
        },
        "price": {
          "avg": 26,
          "var": 1.5
        }
      },
      {
        "code": "paxel:paxel-blackbronze",
        "type": "item",
        "stacksize": 1,
        "stock": {
          "avg": 1,
          "var": 0.25
        },
        "price": {
          "avg": 28,
          "var": 1.75
        }
      }
    ]
  }
]