[
  {
    "op": "replace",
    "path": "/0/attributes/radius/avg",
    "value": 2,
    "file": "game:worldgen/deposits/metalore/bismuthinite.json",
    "side": "Server"
  },
  {
    "op": "replace",
    "path": "/0/attributes/radius/var",
    "value": 9,
    "file": "game:worldgen/deposits/metalore/bismuthinite.json",
    "side": "Server"
  },
  {
    "op": "replace",
    "path": "/0/triesPerChunk",
    "value": 4,
    "file": "game:worldgen/deposits/metalore/bismuthinite.json",
    "side": "Server"
  }
]