[
  {
    "op": "replace",
    "path": "/0/attributes/radius/avg",
    "value": 3,
    "file": "game:worldgen/deposits/metalore/pentlandite.json",
    "side": "Server"
  },
  {
    "op": "replace",
    "path": "/0/attributes/radius/var",
    "value": 11,
    "file": "game:worldgen/deposits/metalore/pentlandite.json",
    "side": "Server"
  },
  {
    "op": "replace",
    "path": "/0/triesPerChunk",
    "value": 1.25,
    "file": "game:worldgen/deposits/metalore/pentlandite.json",
    "side": "Server"
  }
]