[
  {
    "op": "replace",
    "path": "/0/attributes/surfaceBlockChance",
    "value": 0.001,
    "file": "game:worldgen/deposits/metalore/cassiterite.json",
    "side": "Server"
  },
  {
    "op": "replace",
    "path": "/1/attributes/radius/avg",
    "value": 2,
    "file": "game:worldgen/deposits/metalore/cassiterite.json",
    "side": "Server"
  },
  {
    "op": "replace",
    "path": "/1/attributes/radius/var",
    "value": 6,
    "file": "game:worldgen/deposits/metalore/cassiterite.json",
    "side": "Server"
  },
  {
    "op": "replace",
    "path": "/1/triesPerChunk",
    "value": 1.75,
    "file": "game:worldgen/deposits/metalore/cassiterite.json",
    "side": "Server"
  },
  {
    "op": "replace",
    "path": "/2/attributes/radius/avg",
    "value": 4,
    "file": "game:worldgen/deposits/metalore/cassiterite.json",
    "side": "Server"
  },
  {
    "op": "replace",
    "path": "/2/attributes/radius/var",
    "value": 15,
    "file": "game:worldgen/deposits/metalore/cassiterite.json",
    "side": "Server"
  },
  {
    "op": "replace",
    "path": "/2/triesPerChunk",
    "value": 0.025,
    "file": "game:worldgen/deposits/metalore/cassiterite.json",
    "side": "Server"
  }
]