[
  {
    "op": "replace",
    "path": "/0/attributes/radius/avg",
    "value": 2,
    "file": "game:worldgen/deposits/metalore/sphalerite.json",
    "side": "Server"
  },
  {
    "op": "replace",
    "path": "/0/attributes/radius/var",
    "value": 5,
    "file": "game:worldgen/deposits/metalore/sphalerite.json",
    "side": "Server"
  },
  {
    "op": "replace",
    "path": "/0/attributes/thickness/var",
    "value": 0.25,
    "file": "game:worldgen/deposits/metalore/sphalerite.json",
    "side": "Server"
  },
  {
    "op": "replace",
    "path": "/0/triesPerChunk",
    "value": 3.125,
    "file": "game:worldgen/deposits/metalore/sphalerite.json",
    "side": "Server"
  }
]