[
  {
    "op": "replace",
    "path": "/0/attributes/radius/avg",
    "value": 2,
    "file": "game:worldgen/deposits/rock/flint.json",
    "side": "Server"
  },
  {
    "op": "replace",
    "path": "/0/attributes/radius/var",
    "value": 3.25,
    "file": "game:worldgen/deposits/rock/flint.json",
    "side": "Server"
  },
  {
    "op": "replace",
    "path": "/0/attributes/surfaceBlockChance",
    "value": 0.001,
    "file": "game:worldgen/deposits/rock/flint.json",
    "side": "Server"
  },
  {
    "op": "replace",
    "path": "/1/attributes/radius/var",
    "value": 11,
    "file": "game:worldgen/deposits/rock/flint.json",
    "side": "Server"
  },
  {
    "op": "replace",
    "path": "/1/attributes/surfaceBlockChance",
    "value": 0.001,
    "file": "game:worldgen/deposits/rock/flint.json",
    "side": "Server"
  },
  {
    "op": "replace",
    "path": "/1/attributes/thickness/var",
    "value": 1.25,
    "file": "game:worldgen/deposits/rock/flint.json",
    "side": "Server"
  },
  {
    "op": "replace",
    "path": "/1/triesPerChunk",
    "value": 0.0125,
    "file": "game:worldgen/deposits/rock/flint.json",
    "side": "Server"
  }
]