[
  {
    "op": "replace",
    "path": "/0/attributes/radius/var",
    "value": 35,
    "file": "game:worldgen/deposits/coal.json",
    "side": "Server"
  },
  {
    "op": "replace",
    "path": "/0/triesPerChunk",
    "value": 2,
    "file": "game:worldgen/deposits/coal.json",
    "side": "Server"
  },
  {
    "op": "replace",
    "path": "/1/attributes/radius/var",
    "value": 45,
    "file": "game:worldgen/deposits/coal.json",
    "side": "Server"
  },
  {
    "op": "replace",
    "path": "/2/attributes/radius/var",
    "value": 55,
    "file": "game:worldgen/deposits/coal.json",
    "side": "Server"
  }
]