[
  {
    "op": "replace",
    "path": "/0/attributes/radius/avg",
    "value": 3,
    "file": "game:worldgen/deposits/metalore/ilmenite.json",
    "side": "Server"
  },
  {
    "op": "replace",
    "path": "/0/attributes/radius/var",
    "value": 15,
    "file": "game:worldgen/deposits/metalore/ilmenite.json",
    "side": "Server"
  },
  {
    "op": "replace",
    "path": "/0/triesPerChunk",
    "value": 0.5,
    "file": "game:worldgen/deposits/metalore/ilmenite.json",
    "side": "Server"
  }
]