[
  {
    "op": "replace",
    "path": "/0/attributes/radius/avg",
    "value": 1.25,
    "file": "game:worldgen/deposits/metalore/nativecopper.json",
    "side": "Server"
  },
  {
    "op": "replace",
    "path": "/0/attributes/radius/var",
    "value": 3,
    "file": "game:worldgen/deposits/metalore/nativecopper.json",
    "side": "Server"
  },
  {
    "op": "replace",
    "path": "/0/attributes/surfaceBlockChance",
    "value": 0.003,
    "file": "game:worldgen/deposits/metalore/nativecopper.json",
    "side": "Server"
  },
  {
    "op": "replace",
    "path": "/0/triesPerChunk",
    "value": 0.1,
    "file": "game:worldgen/deposits/metalore/nativecopper.json",
    "side": "Server"
  },
  {
    "op": "replace",
    "path": "/1/attributes/radius/avg",
    "value": 3,
    "file": "game:worldgen/deposits/metalore/nativecopper.json",
    "side": "Server"
  },
  {
    "op": "replace",
    "path": "/1/attributes/radius/var",
    "value": 13,
    "file": "game:worldgen/deposits/metalore/nativecopper.json",
    "side": "Server"
  },
  {
    "op": "replace",
    "path": "/1/triesPerChunk",
    "value": 0.01,
    "file": "game:worldgen/deposits/metalore/nativecopper.json",
    "side": "Server"
  }
]