[
  {
    "op": "replace",
    "path": "/0/attributes/radius/avg",
    "value": 9,
    "file": "game:worldgen/deposits/metalore/iron.json",
    "side": "Server"
  },
  {
    "op": "replace",
    "path": "/0/attributes/radius/var",
    "value": 35,
    "file": "game:worldgen/deposits/metalore/iron.json",
    "side": "Server"
  },
  {
    "op": "replace",
    "path": "/0/triesPerChunk",
    "value": 0.02,
    "file": "game:worldgen/deposits/metalore/iron.json",
    "side": "Server"
  },
  {
    "op": "replace",
    "path": "/1/attributes/radius/avg",
    "value": 5,
    "file": "game:worldgen/deposits/metalore/iron.json",
    "side": "Server"
  },
  {
    "op": "replace",
    "path": "/1/attributes/radius/var",
    "value": 17,
    "file": "game:worldgen/deposits/metalore/iron.json",
    "side": "Server"
  },
  {
    "op": "replace",
    "path": "/1/attributes/thickness/var",
    "value": 1.25,
    "file": "game:worldgen/deposits/metalore/iron.json",
    "side": "Server"
  },
  {
    "op": "replace",
    "path": "/1/triesPerChunk",
    "value": 0.125,
    "file": "game:worldgen/deposits/metalore/iron.json",
    "side": "Server"
  },
  {
    "op": "replace",
    "path": "/2/attributes/radius/avg",
    "value": 13,
    "file": "game:worldgen/deposits/metalore/iron.json",
    "side": "Server"
  },
  {
    "op": "replace",
    "path": "/2/attributes/radius/var",
    "value": 15,
    "file": "game:worldgen/deposits/metalore/iron.json",
    "side": "Server"
  },
  {
    "op": "replace",
    "path": "/2/attributes/thickness/var",
    "value": 0.5,
    "file": "game:worldgen/deposits/metalore/iron.json",
    "side": "Server"
  },
  {
    "op": "replace",
    "path": "/2/triesPerChunk",
    "value": 0.75,
    "file": "game:worldgen/deposits/metalore/iron.json",
    "side": "Server"
  }
]