{
	code: "temporalitvisiondevice",
	class: "ItemNightvisiondevice",
	storageFlags: 128,
	variantgroups: [
		{ code: "type",  states: ["temporalit", "silverplated", "goldplated", "steel", "leather_reinforced"] }
		],
	attributes: {
		wearableAttachment: true, 
		visibleDamageEffect: true,
		clothescategory: "armorhead",
		disableElements: ["Ponytail1", "hidehat", "Hair tile upper part", "ponytailhigh", "ponytaillow", "Hair", "hideme", "hidefacialhair", "sidehigh", "sidelow", "bangs"],
		defaultProtLoss: {
			perTierRelativeProtectionLoss: [0.03, 0.15],
			perTierFlatDamageReductionLoss: [0.1, 0.2],
		},
		protectionModifiersByType: {
		"temporalitvisiondevice-temporalit": {
				relativeProtection: 0.97,
				flatDamageReduction: 1.85,
				highDamageTierResistant: true,
				protectionTier: 5
				},
		"temporalitvisiondevice-silverplated": {
				relativeProtection: 0.97,
				flatDamageReduction: 1.85,
				highDamageTierResistant: true,
				protectionTier: 5
				},
		"temporalitvisiondevice-goldplated": {
				relativeProtection: 0.97,
				flatDamageReduction: 1.85,
				highDamageTierResistant: true,
				protectionTier: 5
				},
		"temporalitvisiondevice-steel": {
				relativeProtection: 0.96,
				flatDamageReduction: 1.7,
				highDamageTierResistant: true,
				protectionTier: 4
				},
		"temporalitvisiondevice-leather_reinforced": {
				relativeProtection: 0.75,
				flatDamageReduction: 0.5,
				protectionTier: 1
				},
			},
		statModifiersByType: {
			"temporalitvisiondevice-temporalit": {
				rangedWeaponsAcc: -0.1,
				rangedWeaponsSpeed: -0.2,
				walkSpeed: -0.14,
				healingeffectivness: -0.3334,
				hungerrate: 0.24
				},
			"temporalitvisiondevice-silverplated": {
				rangedWeaponsAcc: -0.1,
				rangedWeaponsSpeed: -0.2,
				walkSpeed: -0.14,
				healingeffectivness: -0.3334,
				hungerrate: 0.24
				},
			"temporalitvisiondevice-goldplated": {
				rangedWeaponsAcc: -0.1,
				rangedWeaponsSpeed: -0.2,
				walkSpeed: -0.14,
				healingeffectivness: -0.3334,
				hungerrate: 0.24
				},
			"temporalitvisiondevice-steel": {
				rangedWeaponsAcc: -0.1,
				rangedWeaponsSpeed: -0.2,
				walkSpeed: -0.14,
				healingeffectivness: -0.3334,
				hungerrate: 0.24
				},
			"temporalitvisiondevice-leather_reinforced": {
				healingeffectivness: -0.1,
				hungerrate: 0.03
				},
			},
		},
	shapeByType: {
		"*-temporalit": { base: "entity/humanoid/seraph/armor/set/metal-nighthelmet" },
		
		"*-silverplated": { base: "entity/humanoid/seraph/armor/set/metal-nighthelmet" },
		
		"*-goldplated": { base: "entity/humanoid/seraph/armor/set/metal-nighthelmet" },
		
		"*-steel": { base: "entity/humanoid/seraph/armor/set/metal-nighthelmet" },
		
		"*-leather_reinforced": { base: "entity/humanoid/seraph/armor/set/leather_reinforced-nighthelmet" }
	},
	texturesByType: {
		"*-temporalit": { 
			"silver": { base: "game:entity/humanoid/serapharmor/plate/temporalit" },
			"seraph": { base: "game:block/transparent" }
		},
		"*-goldplated": { 
			"silver": { base: "game:entity/humanoid/serapharmor/plate/gold" },
			"seraph": { base: "game:block/transparent" }
		},
		"*-silverplated": { 
			"silver": { base: "game:entity/humanoid/serapharmor/plate/silver" },
			"seraph": { base: "game:block/transparent" }
		},
		"*-steel": { 
			"silver": { base: "game:entity/humanoid/serapharmor/plate/steell" },
			"seraph": { base: "game:block/transparent" }
		},
		"*-leather_reinforced": { 
			"seraph": { base: "game:block/transparent" }
		}
	},
	creativeinventory: { "general": ["*"], "items": ["*"], "expantion": ["*"] },
	heldTpIdleAnimation: "holdunderarm",
	renderAlphaTest: 0.25,
	durabilityByType: {
		"temporalitvisiondevice-leather_reinforced": 450,
		"temporalitvisiondevice-steel": 2200,
		"temporalitvisiondevice-*": 5500
	},
	guiTransform: {
		translation: { x: 0, y: 0, z: 19 },
		rotation: { x: 176, y: -143, z: 16 },
		origin: { x: 0.52, y: 1.8, z: 0.5 },
		scale: 2.41
	},
	groundTransform: {
		translation: { x: 0.05, y: -0.3, z: 0 },
		rotation: { x: 0, y: 1, z: -10 },
		origin: { x: 0.5, y: 1.12, z: 0.5299 },
		scale: 4
	},
	fpHandTransform: {
		translation: { x: 0.6, y: -1.8, z: -0.5 },
		rotation: { x: 180, y: -108, z: -180 },
		origin: { x: 0.5, y: 1.6, z: 0.5 },
		scale: 2.15
	},
	tpHandTransform: {
		translation: { x: -0.59, y: -1.88, z: -0.54 },
		rotation: { x: 8, y: -179, z: 28 },
		origin: { x: 0.5, y: 1.5, z: 0.5 },
		scale: 0.75
	}
}