[ {
    "op": "remove",
    "path": "/textures",
    "file": "game:itemtypes/tool/chisel.json"
  },
  {
    "op": "add",
    "path": "/durabilitybytype/chisel-flint",
    "value": 150,
    "file": "game:itemtypes/tool/chisel.json"
  },
  {
    "op": "add",
    "path": "/texturesByType",
    "value": {
      "chisel-flint": {
        "metal": {
          "base": "game:block/stone/flint"
        }
      },
      "*": {
        "metal": {
          "base": "game:block/metal/ingot/{material}"
        }
      }
    },
    "file": "game:itemtypes/tool/chisel.json"
  },
  {
    "op": "add",
    "path": "/variantgroups/0/states/7",
    "value": "flint",
    "file": "game:itemtypes/tool/chisel.json"
  }
]