[
  {
    "op": "add",
    "path": "/durabilitybytype/saw-flint",
    "value": 100,
    "file": "game:itemtypes/tool/saw.json"
  },
  {
    "op": "replace",
    "path": "/texturesByType",
    "value": {
      "saw-flint": {
        "metal": {
          "base": "game:block/stone/flint"
        }
      },
      "*": {
        "metal": {
          "base": "game:block/metal/ingot/{metal}"
        }
      }
    },
    "file": "game:itemtypes/tool/saw.json"
  },
  {
    "op": "add",
    "path": "/variantgroups/0/states/9",
    "value": "flint",
    "file": "game:itemtypes/tool/saw.json"
  }
]