[
	{
    "op": "remove",
    "path": "/attributes/buildMats/fuel",
    "file": "game:blocktypes/wood/pitkiln.json"
	},
	{
    "op": "add",
    "path": "/attributes/buildMats/fuel",
    "value": [
				{ "type": "item", "code": "firewood", "quantity": 1, "eleCode": "Logs", "burnTimeHours": 20 },
				{ "type": "block", "code": "peatbrick", "quantity": 1, "eleCode": "Coal", "textureCodeReplace": { "from": "coal", "to": "peat" }, "burnTimeHours": 16 },
				{ "type": "item", "code": "charcoal", "quantity": 1, "eleCode": "Coal", "textureCodeReplace": { "from": "coal", "to": "charcoal" }, "burnTimeHours": 10 },
				{ "type": "item", "code": "coke", "quantity": 1, "eleCode": "Coal", "textureCodeReplace": { "from": "coal", "to": "coke" }, "burnTimeHours": 10 },
				{ "type": "item", "code": "ore-lignite", "quantity": 1, "eleCode": "Coal", "textureCodeReplace": { "from": "coal", "to": "ore-lignite" }, "burnTimeHours": 14 },
				{ "type": "item", "code": "ore-bituminouscoal", "quantity": 1, "eleCode": "Coal", "textureCodeReplace": { "from": "coal", "to": "ore-bituminouscoal" }, "burnTimeHours": 12 },
				{ "type": "block", "code": "qolcrafts:grasspeatbrick", "quantity": 1, "eleCode": "Coal", "textureCodeReplace": { "from": "coal", "to": "grasspeat" }, "burnTimeHours": 12 }
			],
    "file": "game:blocktypes/wood/pitkiln.json"
	},
	{
    "op": "remove",
    "path": "/textures",
    "file": "game:blocktypes/wood/pitkiln.json"
	},
	{
    "op": "add",
    "path": "/textures",
    "value": {
		"side02": { "base": "game:block/wood/firewood/side" },
		"front": { "base": "game:block/wood/firewood/north" },
		"charcoal": { "base": "game:block/coal/charcoal" },
		"coke": { "base": "game:block/coal/coke" },
		"peat": { "base": "game:block/soil/peat" },
		"grasspeat": {"base": "qolcrafts:block/soil/grasspeat"},
		"ore-anthracite": { "base": "game:block/coal/anthracite" },
		"ore-lignite": { "base": "game:block/coal/lignite" },
		"ore-bituminouscoal": { "base": "game:block/coal/bituminous" },


		"side": { "base": "game:block/wood/firewood/side" },
		"south": { "base": "game:block/wood/firewood/south" },
		"bottom": { "base": "game:block/hay/bed/bottom" },
		"bark": { "base": "game:block/wood/firewood/bark" },
		"north": { "base": "game:block/wood/firewood/north" },
		"oak": { "base": "game:block/wood/debarked/oak" },
		"coal": { "base": "game:block/coal/charcoal" },
		"wood": { "base": "game:block/wood/oak-dark" },
		"oak1": { "base": "game:block/wood/planks/oak1" }

	},
    "file": "game:blocktypes/wood/pitkiln.json"
	}
]