[
  {
    "op": "remove",
    "path": "/textures",
    "file": "game:itemtypes/toolhead/sawblade.json"
  },
 {
    "op": "add",
    "path": "/texturesByType",
    "value": {
      "sawblade-flint": {
        "metal": {"base": "game:block/stone/flint"},
		"wood": { "base": "game:block/transparent" },
		"linen": { "base": "game:block/transparent" }
      },
      "*": {
        "metal": {"base": "game:block/metal/ingot/{metal}"},
		  "wood": { "base": "game:block/transparent" },
		  "linen": { "base": "game:block/transparent" }
      }
    },
	"file": "game:itemtypes/toolhead/sawblade.json"
 },
  {
    "op": "add",
    "path": "/variantgroups/0/states/9",
    "value": "flint",
    "file": "game:itemtypes/toolhead/sawblade.json"
  }
]