[
  {
    "file": "creaturescan:entities/air/dragonfly.json",
    "op": "addmerge",
    "path": "/attributesByType",
    "side": "Server",
    "value": {
      "*-blue": {
        "biorealm": [
          "pacific nearctic",
          "atlantic nearctic",
          "atlantic palearctic",
          "central palearctic",
          "eastern palearctic",
          "pacific palearctic",
          "pacific neotropic",
          "atlantic neotropic",
          "atlantic afrotropic",
          "eastern afrotropic",
          "australasian",
          "oceanic"
        ]
      },
      "*-brownhawker": {
        "biorealm": [
          "atlantic palearctic",
          "central palearctic"
        ]
      },
      "*-demoiselle": {
        "biorealm": [
          "atlantic palearctic"
        ]
      }
    }
  },
    {
    "file": "creaturescan:entities/air/hummingbird.json",
    "op": "addmerge",
    "path": "/attributesByType",
    "side": "Server",
    "value": {
      "*-green": {
        "biorealm": [
          "pacific nearctic",
          "atlantic nearctic"
        ]
      },
      "*-rubythroat": {
        "biorealm": [
          "pacific nearctic",
          "atlantic nearctic"
        ]
      }
    }
  },
  {
    "file": "creaturescan:entities/air/mosquitoswarm.json",
    "op": "addmerge",
    "path": "/attributes",
    "side": "Server",
    "value": {
      "biorealm": [
          "pacific nearctic",
          "atlantic nearctic",
          "atlantic palearctic",
          "central palearctic",
          "eastern palearctic",
          "pacific palearctic",
          "pacific neotropic",
          "atlantic neotropic",
          "atlantic afrotropic",
          "eastern afrotropic",
          "australasian",
          "oceanic"
      ]
    }
  },
  {
    "file": "creaturescan:entities/air/moth.json",
    "op": "addmerge",
    "path": "/attributes",
    "side": "Server",
    "value": {
      "biorealm": [
          "pacific nearctic",
          "atlantic nearctic",
          "atlantic palearctic",
          "central palearctic",
          "eastern palearctic",
          "pacific palearctic",
          "pacific neotropic",
          "atlantic neotropic",
          "atlantic afrotropic",
          "eastern afrotropic",
          "australasian",
          "oceanic"
      ]
    }
  },
  {
    "file": "creaturescan:entities/air/sparrow.json",
    "op": "addmerge",
    "path": "/attributes",
    "side": "Server",
    "value": {
      "biorealm": [
          "atlantic palearctic",
          "central palearctic",
          "eastern palearctic",
          "pacific palearctic"
      ]
    }
  },
  {
    "file": "creaturescan:entities/water/bullfrog.json",
    "op": "addmerge",
    "path": "/attributes",
    "side": "Server",
    "value": {
      "biorealm": [
          "pacific nearctic",
          "atlantic nearctic"
      ]
    }
  },
  {
    "file": "creaturescan:entities/water/crawfish.json",
    "op": "addmerge",
    "path": "/attributes",
    "side": "Server",
    "value": {
      "biorealm": [
          "pacific nearctic",
          "atlantic nearctic",
          "atlantic palearctic",
          "central palearctic",
          "australasian",
          "oceanic"
      ]
    }
  },
  {
    "file": "creaturescan:entities/water/crocodile-hatchling.json",
    "op": "addmerge",
    "path": "/attributes",
    "side": "Server",
    "value": {
      "biorealm": [
          "pacific nearctic",
          "atlantic nearctic",
          "atlantic palearctic",
          "central palearctic",
          "eastern palearctic",
          "pacific palearctic",
          "pacific neotropic",
          "atlantic neotropic",
          "atlantic afrotropic",
          "eastern afrotropic",
          "australasian",
          "oceanic"
      ]
    }
  },
  {
    "file": "creaturescan:entities/water/crocodile.json",
    "op": "addmerge",
    "path": "/attributes",
    "side": "Server",
    "value": {
      "biorealm": [
          "pacific nearctic",
          "atlantic nearctic",
          "atlantic palearctic",
          "central palearctic",
          "eastern palearctic",
          "pacific palearctic",
          "pacific neotropic",
          "atlantic neotropic",
          "atlantic afrotropic",
          "eastern afrotropic",
          "australasian",
          "oceanic"
      ]
    }
  },
  {
    "file": "creaturescan:entities/water/crocodileegg.json",
    "op": "addmerge",
    "path": "/attributes",
    "side": "Server",
    "value": {
      "biorealm": [
          "pacific nearctic",
          "atlantic nearctic",
          "atlantic palearctic",
          "central palearctic",
          "eastern palearctic",
          "pacific palearctic",
          "pacific neotropic",
          "atlantic neotropic",
          "atlantic afrotropic",
          "eastern afrotropic",
          "australasian",
          "oceanic"
      ]
    }
  },
  {
    "file": "creaturescan:entities/water/flamejellyfish.json",
    "op": "addmerge",
    "path": "/attributes",
    "side": "Server",
    "value": {
      "biorealm": [
          "eastern palearctic",
          "pacific palearctic"
      ]
    }
  },
  {
    "file": "creaturescan:entities/water/hippo-baby.json",
    "op": "addmerge",
    "path": "/attributes",
    "side": "Server",
    "value": {
      "biorealm": [
          "atlantic palearctic",
          "atlantic afrotropic",
          "eastern afrotropic"
      ]
    }
  },
  {
    "file": "creaturescan:entities/water/hippo-female.json",
    "op": "addmerge",
    "path": "/attributes",
    "side": "Server",
    "value": {
      "biorealm": [
          "atlantic palearctic",
          "atlantic afrotropic",
          "eastern afrotropic"
      ]
    }
  },
  {
    "file": "creaturescan:entities/water/hippo-male.json",
    "op": "addmerge",
    "path": "/attributes",
    "side": "Server",
    "value": {
      "biorealm": [
          "atlantic palearctic",
          "atlantic afrotropic",
          "eastern afrotropic"
      ]
    }
  },
  {
    "file": "creaturescan:entities/water/seasnail.json",
    "op": "addmerge",
    "path": "/attributes",
    "side": "Server",
    "value": {
      "biorealm": [
          "pacific nearctic",
          "atlantic nearctic",
          "atlantic palearctic",
          "central palearctic",
          "eastern palearctic",
          "pacific palearctic",
          "pacific neotropic",
          "atlantic neotropic",
          "atlantic afrotropic",
          "eastern afrotropic",
          "australasian",
          "oceanic"
      ]
    }
  },
  {
    "file": "creaturescan:entities/water/starfish.json",
    "op": "addmerge",
    "path": "/attributes",
    "side": "Server",
    "value": {
      "biorealm": [
          "pacific nearctic",
          "atlantic nearctic",
          "atlantic palearctic",
          "central palearctic",
          "eastern palearctic",
          "pacific palearctic",
          "pacific neotropic",
          "atlantic neotropic",
          "atlantic afrotropic",
          "eastern afrotropic",
          "australasian",
          "oceanic"
      ]
    }
  },
  {
    "file": "creaturescan:entities/land/alpaca-female.json",
    "op": "addmerge",
    "path": "/attributes",
    "side": "Server",
    "value": {
      "biorealm": [
          "pacific neotropic"
      ]
    }
  },
  {
    "file": "creaturescan:entities/land/alpaca-lamb.json",
    "op": "addmerge",
    "path": "/attributes",
    "side": "Server",
    "value": {
      "biorealm": [
          "pacific neotropic"
      ]
    }
  },
  {
    "file": "creaturescan:entities/land/alpaca-male.json",
    "op": "addmerge",
    "path": "/attributes",
    "side": "Server",
    "value": {
      "biorealm": [
          "pacific neotropic"
      ]
    }
  },
  {
    "file": "creaturescan:entities/land/camel-calf.json",
    "op": "addmerge",
    "path": "/attributes",
    "side": "Server",
    "value": {
      "biorealm": [
          "central palearctic",
          "eastern palearctic"
      ]
    }
  },
  {
    "file": "creaturescan:entities/land/camel-female.json",
    "op": "addmerge",
    "path": "/attributes",
    "side": "Server",
    "value": {
      "biorealm": [
          "central palearctic",
          "eastern palearctic"
      ]
    }
  },
  {
    "file": "creaturescan:entities/land/camel-male.json",
    "op": "addmerge",
    "path": "/attributes",
    "side": "Server",
    "value": {
      "biorealm": [
          "central palearctic",
          "eastern palearctic"
      ]
    }
  },
  {
    "file": "creaturescan:entities/land/caribou-calf.json",
    "op": "addmerge",
    "path": "/attributes",
    "side": "Server",
    "value": {
      "biorealm": [
          "pacific nearctic",
          "atlantic nearctic",
          "atlantic palearctic",
          "central palearctic",
          "eastern palearctic",
          "pacific palearctic"
      ]
    }
  },
  {
    "file": "creaturescan:entities/land/caribou-female.json",
    "op": "addmerge",
    "path": "/attributes",
    "side": "Server",
    "value": {
      "biorealm": [
          "pacific nearctic",
          "atlantic nearctic",
          "atlantic palearctic",
          "central palearctic",
          "eastern palearctic",
          "pacific palearctic"
      ]
    }
  },
  {
    "file": "creaturescan:entities/land/caribou-male.json",
    "op": "addmerge",
    "path": "/attributes",
    "side": "Server",
    "value": {
      "biorealm": [
          "pacific nearctic",
          "atlantic nearctic",
          "atlantic palearctic",
          "central palearctic",
          "eastern palearctic",
          "pacific palearctic"
      ]
    }
  },
  {
    "file": "creaturescan:entities/land/cassowary-chick.json",
    "op": "addmerge",
    "path": "/attributes",
    "side": "Server",
    "value": {
      "biorealm": [
          "australasian"
      ]
    }
  },
  {
    "file": "creaturescan:entities/land/cassowary-female.json",
    "op": "addmerge",
    "path": "/attributes",
    "side": "Server",
    "value": {
      "biorealm": [
          "australasian"
      ]
    }
  },
  {
    "file": "creaturescan:entities/land/cassowary-male.json",
    "op": "addmerge",
    "path": "/attributes",
    "side": "Server",
    "value": {
      "biorealm": [
          "australasian"
      ]
    }
  },
  {
    "file": "creaturescan:entities/land/cassowary-youngling.json",
    "op": "addmerge",
    "path": "/attributes",
    "side": "Server",
    "value": {
      "biorealm": [
          "australasian"
      ]
    }
  },
  {
    "file": "creaturescan:entities/land/cassowary-egg.json",
    "op": "addmerge",
    "path": "/attributes",
    "side": "Server",
    "value": {
      "biorealm": [
          "australasian"
      ]
    }
  },
  {
    "file": "creaturescan:entities/land/cochineal.json",
    "op": "addmerge",
    "path": "/attributes",
    "side": "Server",
    "value": {
      "biorealm": [
          "pacific nearctic",
          "pacific neotropic"
      ]
    }
  },
  {
    "file": "creaturescan:entities/land/cricket.json",
    "op": "addmerge",
    "path": "/attributes",
    "side": "Server",
    "value": {
      "biorealm": [
          "pacific nearctic",
          "atlantic nearctic",
          "atlantic palearctic",
          "central palearctic",
          "eastern palearctic",
          "pacific palearctic",
          "pacific neotropic",
          "atlantic neotropic",
          "atlantic afrotropic",
          "eastern afrotropic",
          "australasian",
          "oceanic"
      ]
    }
  },
  {
    "file": "creaturescan:entities/land/elephant-baby.json",
    "op": "addmerge",
    "path": "/attributes",
    "side": "Server",
    "value": {
      "biorealm": [
          "atlantic palearctic",
          "eastern palearctic",
          "pacific palearctic",
          "atlantic afrotropic",
          "eastern afrotropic"
      ]
    }
  },
  {
    "file": "creaturescan:entities/land/elephant-female.json",
    "op": "addmerge",
    "path": "/attributes",
    "side": "Server",
    "value": {
      "biorealm": [
          "atlantic palearctic",
          "eastern palearctic",
          "pacific palearctic",
          "atlantic afrotropic",
          "eastern afrotropic"
      ]
    }
  },
  {
    "file": "creaturescan:entities/land/elephant-male.json",
    "op": "addmerge",
    "path": "/attributes",
    "side": "Server",
    "value": {
      "biorealm": [
          "atlantic palearctic",
          "eastern palearctic",
          "pacific palearctic",
          "atlantic afrotropic",
          "eastern afrotropic"
      ]
    }
  },
  {
    "file": "creaturescan:entities/land/gardensnail.json",
    "op": "addmerge",
    "path": "/attributes",
    "side": "Server",
    "value": {
      "biorealm": [
          "atlantic palearctic",
          "central palearctic"
      ]
    }
  },
  {
    "file": "creaturescan:entities/land/gecko.json",
    "op": "addmerge",
    "path": "/attributes",
    "side": "Server",
    "value": {
      "biorealm": [
          "central palearctic"
      ]
    }
  },
  {
    "file": "creaturescan:entities/land/glowworm.json",
    "op": "addmerge",
    "path": "/attributes",
    "side": "Server",
    "value": {
      "biorealm": [
          "eastern afrotropic",
          "australasian",
          "oceanic"
      ]
    }
  },
  {
    "file": "creaturescan:entities/land/grasshopper.json",
    "op": "addmerge",
    "path": "/attributes",
    "side": "Server",
    "value": {
      "biorealm": [
          "pacific nearctic",
          "atlantic nearctic",
          "atlantic palearctic",
          "central palearctic",
          "eastern palearctic",
          "pacific palearctic",
          "pacific neotropic",
          "atlantic neotropic",
          "atlantic afrotropic",
          "eastern afrotropic",
          "australasian",
          "oceanic"
      ]
    }
  },
  {
    "file": "creaturescan:entities/land/hamster-baby.json",
    "op": "addmerge",
    "path": "/attributes",
    "side": "Server",
    "value": {
      "biorealm": [
          "central palearctic"
      ]
    }
  },
  {
    "file": "creaturescan:entities/land/hamster-female.json",
    "op": "addmerge",
    "path": "/attributes",
    "side": "Server",
    "value": {
      "biorealm": [
          "central palearctic"
      ]
    }
  },
  {
    "file": "creaturescan:entities/land/hamster-male.json",
    "op": "addmerge",
    "path": "/attributes",
    "side": "Server",
    "value": {
      "biorealm": [
          "central palearctic"
      ]
    }
  },
  {
    "file": "creaturescan:entities/land/honeybadger-female.json",
    "op": "addmerge",
    "path": "/attributes",
    "side": "Server",
    "value": {
      "biorealm": [
          "atlantic palearctic",
          "central palearctic",
          "atlantic afrotropic",
          "eastern afrotropic"
      ]
    }
  },
  {
    "file": "creaturescan:entities/land/honeybadger-male.json",
    "op": "addmerge",
    "path": "/attributes",
    "side": "Server",
    "value": {
      "biorealm": [
          "atlantic palearctic",
          "central palearctic",
          "atlantic afrotropic",
          "eastern afrotropic"
      ]
    }
  },
  {
    "file": "creaturescan:entities/land/honeybadger-pup.json",
    "op": "addmerge",
    "path": "/attributes",
    "side": "Server",
    "value": {
      "biorealm": [
          "atlantic palearctic",
          "central palearctic",
          "atlantic afrotropic",
          "eastern afrotropic"
      ]
    }
  },
  {
    "file": "creaturescan:entities/land/kiwi-baby.json",
    "op": "addmerge",
    "path": "/attributes",
    "side": "Server",
    "value": {
      "biorealm": [
          "oceanic"
      ]
    }
  },
  {
    "file": "creaturescan:entities/land/kiwi-hen.json",
    "op": "addmerge",
    "path": "/attributes",
    "side": "Server",
    "value": {
      "biorealm": [
          "oceanic"
      ]
    }
  },
  {
    "file": "creaturescan:entities/land/kiwi-henpoult.json",
    "op": "addmerge",
    "path": "/attributes",
    "side": "Server",
    "value": {
      "biorealm": [
          "oceanic"
      ]
    }
  },
  {
    "file": "creaturescan:entities/land/kiwi-rooster.json",
    "op": "addmerge",
    "path": "/attributes",
    "side": "Server",
    "value": {
      "biorealm": [
          "oceanic"
      ]
    }
  },
  {
    "file": "creaturescan:entities/land/kiwi-roosterpoult.json",
    "op": "addmerge",
    "path": "/attributes",
    "side": "Server",
    "value": {
      "biorealm": [
          "oceanic"
      ]
    }
  },
  {
    "file": "creaturescan:entities/land/komododragon.json",
    "op": "addmerge",
    "path": "/attributes",
    "side": "Server",
    "value": {
      "biorealm": [
          "pacific palearctic"
      ]
    }
  },
  {
    "file": "creaturescan:entities/land/puma-cub.json",
    "op": "addmerge",
    "path": "/attributes",
    "side": "Server",
    "value": {
      "biorealm": [
          "pacific nearctic",
          "atlantic nearctic",
          "pacific neotropic"
      ]
    }
  },
  {
    "file": "creaturescan:entities/land/puma-female.json",
    "op": "addmerge",
    "path": "/attributes",
    "side": "Server",
    "value": {
      "biorealm": [
          "pacific nearctic",
          "atlantic nearctic",
          "pacific neotropic"
      ]
    }
  },
  {
    "file": "creaturescan:entities/land/puma-male.json",
    "op": "addmerge",
    "path": "/attributes",
    "side": "Server",
    "value": {
      "biorealm": [
          "pacific nearctic",
          "atlantic nearctic",
          "pacific neotropic"
      ]
    }
  },
  {
    "file": "creaturescan:entities/land/rolypoly.json",
    "op": "addmerge",
    "path": "/attributes",
    "side": "Server",
    "value": {
      "biorealm": [
          "pacific nearctic",
          "atlantic nearctic",
          "atlantic palearctic",
          "central palearctic",
          "eastern palearctic",
          "pacific palearctic",
          "pacific neotropic",
          "atlantic neotropic",
          "atlantic afrotropic",
          "eastern afrotropic",
          "australasian",
          "oceanic"
      ]
    }
  },
  {
    "file": "creaturescan:entities/land/salamander.json",
    "op": "addmerge",
    "path": "/attributesByType",
    "side": "Server",
    "value": {
      "*-marbled": {
        "biorealm": [
          "atlantic nearctic"
        ]
      },
      "*-red": {
        "biorealm": [
          "atlantic nearctic"
        ]
      },
      "*-bluespotted": {
        "biorealm": [
          "atlantic nearctic"
        ]
      },
      "*-tiger": {
        "biorealm": [
          "atlantic nearctic"
        ]
      },
      "*-tennesseecave": {
        "biorealm": [
          "atlantic nearctic"
        ]
      }
    }
  },
  {
    "file": "creaturescan:entities/land/slug.json",
    "op": "addmerge",
    "path": "/attributes",
    "side": "Server",
    "value": {
      "biorealm": [
          "pacific nearctic",
          "atlantic nearctic",
          "atlantic palearctic",
          "central palearctic",
          "eastern palearctic",
          "pacific palearctic",
          "pacific neotropic",
          "atlantic neotropic",
          "atlantic afrotropic",
          "eastern afrotropic",
          "australasian",
          "oceanic"
      ]
    }
  },
  {
    "file": "creaturescan:entities/land/squirrel-baby.json",
    "op": "addmerge",
    "path": "/attributes",
    "side": "Server",
    "value": {
      "biorealm": [
          "pacific nearctic",
          "atlantic nearctic",
          "atlantic palearctic",
          "central palearctic",
          "eastern palearctic",
          "pacific palearctic",
          "pacific neotropic",
          "atlantic neotropic"
      ]
    }
  },
  {
    "file": "creaturescan:entities/land/squirrel-female.json",
    "op": "addmerge",
    "path": "/attributes",
    "side": "Server",
    "value": {
      "biorealm": [
          "pacific nearctic",
          "atlantic nearctic",
          "atlantic palearctic",
          "central palearctic",
          "eastern palearctic",
          "pacific palearctic",
          "pacific neotropic",
          "atlantic neotropic"
      ]
    }
  },
  {
    "file": "creaturescan:entities/land/squirrel-male.json",
    "op": "addmerge",
    "path": "/attributes",
    "side": "Server",
    "value": {
      "biorealm": [
          "pacific nearctic",
          "atlantic nearctic",
          "atlantic palearctic",
          "central palearctic",
          "eastern palearctic",
          "pacific palearctic",
          "pacific neotropic",
          "atlantic neotropic"
      ]
    }
  },
  {
    "file": "creaturescan:entities/land/tiger-cub.json",
    "op": "addmerge",
    "path": "/attributes",
    "side": "Server",
    "value": {
      "biorealm": [
          "central palearctic",
          "eastern palearctic",
          "pacific palearctic"
      ]
    }
  },
  {
    "file": "creaturescan:entities/land/tiger-female.json",
    "op": "addmerge",
    "path": "/attributes",
    "side": "Server",
    "value": {
      "biorealm": [
          "central palearctic",
          "eastern palearctic",
          "pacific palearctic"
      ]
    }
  },
  {
    "file": "creaturescan:entities/land/tiger-male.json",
    "op": "addmerge",
    "path": "/attributes",
    "side": "Server",
    "value": {
      "biorealm": [
          "central palearctic",
          "eastern palearctic",
          "pacific palearctic"
      ]
    }
  },
  {
    "file": "creaturescan:entities/land/toad.json",
    "op": "addmerge",
    "path": "/attributes",
    "side": "Server",
    "value": {
      "biorealm": [
          "pacific nearctic",
          "atlantic nearctic",
          "atlantic palearctic",
          "central palearctic",
          "eastern palearctic",
          "pacific palearctic",
          "pacific neotropic",
          "atlantic neotropic",
          "atlantic afrotropic",
          "eastern afrotropic",
          "australasian",
          "oceanic"
      ]
    }
  },
  {
    "file": "creaturescan:entities/land/tortoise-baby.json",
    "op": "addmerge",
    "path": "/attributes",
    "side": "Server",
    "value": {
      "biorealm": [
          "pacific nearctic",
          "atlantic nearctic",
          "atlantic palearctic",
          "central palearctic",
          "eastern palearctic",
          "pacific palearctic",
          "pacific neotropic",
          "atlantic neotropic",
          "atlantic afrotropic",
          "eastern afrotropic",
          "oceanic"
      ]
    }
  },
  {
    "file": "creaturescan:entities/land/tortoise-female.json",
    "op": "addmerge",
    "path": "/attributes",
    "side": "Server",
    "value": {
      "biorealm": [
          "pacific nearctic",
          "atlantic nearctic",
          "atlantic palearctic",
          "central palearctic",
          "eastern palearctic",
          "pacific palearctic",
          "pacific neotropic",
          "atlantic neotropic",
          "atlantic afrotropic",
          "eastern afrotropic",
          "oceanic"
      ]
    }
  },
  {
    "file": "creaturescan:entities/land/tortoise-male.json",
    "op": "addmerge",
    "path": "/attributes",
    "side": "Server",
    "value": {
      "biorealm": [
          "pacific nearctic",
          "atlantic nearctic",
          "atlantic palearctic",
          "central palearctic",
          "eastern palearctic",
          "pacific palearctic",
          "pacific neotropic",
          "atlantic neotropic",
          "atlantic afrotropic",
          "eastern afrotropic",
          "oceanic"
      ]
    }
  }
]
