[
  {
    "file": "moreanimals:entities/pheasant-chick.json",
    "op": "addmerge",
    "path": "/attributes",
    "side": "Server",
    "value": {
      "biorealm": [
        "central palearctic",
        "eastern palearctic",
        "pacific palearctic"
      ]
    },
    "dependsOn": [
      {
        "modid": "moreanimals"
      }
    ]
  },
  {
    "file": "moreanimals:entities/pheasant-cock.json",
    "op": "addmerge",
    "path": "/attributes",
    "side": "Server",
    "value": {
      "biorealm": [
        "central palearctic",
        "eastern palearctic",
        "pacific palearctic"
      ]
    },
    "dependsOn": [
      {
        "modid": "moreanimals"
      }
    ]
  },
  {
    "file": "moreanimals:entities/pheasant-cockpoult.json",
    "op": "addmerge",
    "path": "/attributes",
    "side": "Server",
    "value": {
      "biorealm": [
        "central palearctic",
        "eastern palearctic",
        "pacific palearctic"
      ]
    },
    "dependsOn": [
      {
        "modid": "moreanimals"
      }
    ]
  },
  {
    "file": "moreanimals:entities/pheasant-hen.json",
    "op": "addmerge",
    "path": "/attributes",
    "side": "Server",
    "value": {
      "biorealm": [
        "central palearctic",
        "eastern palearctic",
        "pacific palearctic"
      ]
    },
    "dependsOn": [
      {
        "modid": "moreanimals"
      }
    ]
  },
  {
    "file": "moreanimals:entities/pheasant-henpoult.json",
    "op": "addmerge",
    "path": "/attributes",
    "side": "Server",
    "value": {
      "biorealm": [
        "central palearctic",
        "eastern palearctic",
        "pacific palearctic"
      ]
    },
    "dependsOn": [
      {
        "modid": "moreanimals"
      }
    ]
  }
]
