[
  {
    "file": "pantherinae:entities/land/pantherinae-neofelis-female.json",
    "op": "addmerge",
    "path": "/attributesByType",
    "side": "Server",
    "value": {
      "*-diardi-*": {
        "biorealm": [
          "pacific palearctic"
        ]
      },
      "*-nebulosa-*": {
        "biorealm": [
          "eastern palearctic",
          "pacific palearctic"
        ]
      }
    },
    "dependsOn": [
      {
        "modid": "pantherinae"
      }
    ]
  },
  {
    "file": "pantherinae:entities/land/pantherinae-neofelis-male.json",
    "op": "addmerge",
    "path": "/attributesByType",
    "side": "Server",
    "value": {
      "*-diardi-*": {
        "biorealm": [
          "pacific palearctic"
        ]
      },
      "*-nebulosa-*": {
        "biorealm": [
          "eastern palearctic",
          "pacific palearctic"
        ]
      }
    },
    "dependsOn": [
      {
        "modid": "pantherinae"
      }
    ]
  },
  {
    "file": "pantherinae:entities/land/pantherinae-panthera-female.json",
    "op": "addmerge",
    "path": "/attributesByType",
    "side": "Server",
    "value": {
      "*-atrox-*": {
        "biorealm": [
          "atlantic nearctic",
          "pacific nearctic"
        ]
      },
      "*-leo-*": {
        "biorealm": [
          "atlantic afrotropic",
          "atlantic palearctic",
          "central palearctic",
          "eastern afrotropic"
        ]
      },
      "*-onca-*": {
        "biorealm": [
          "pacific nearctic",
          "atlantic nearctic",
          "pacific neotropic",
          "atlantic neotropic"
        ]
      },
      "*-pardus-*": {
        "biorealm": [
          "atlantic afrotropic",
          "atlantic palearctic",
          "central palearctic",
          "eastern afrotropic",
          "eastern palearctic",
          "pacific palearctic"
        ]
      },
      "*-spelaea-*": {
        "biorealm": [
          "atlantic palearctic",
          "central palearctic",
          "eastern palearctic",
          "pacific nearctic"
        ]
      },
      "*-tigris-*": {
        "biorealm": [
          "central palearctic",
          "eastern palearctic",
          "pacific palearctic"
        ]
      },
      "*-uncia-*": {
        "biorealm": [
          "central palearctic",
          "eastern palearctic"
        ]
      }
    },
    "dependsOn": [
      {
        "modid": "pantherinae"
      }
    ]
  },
  {
    "file": "pantherinae:entities/land/pantherinae-panthera-male.json",
    "op": "addmerge",
    "path": "/attributesByType",
    "side": "Server",
    "value": {
      "*-atrox-*": {
        "biorealm": [
          "atlantic nearctic",
          "pacific nearctic"
        ]
      },
      "*-leo-*": {
        "biorealm": [
          "atlantic afrotropic",
          "atlantic palearctic",
          "central palearctic",
          "eastern afrotropic"
        ]
      },
      "*-onca-*": {
        "biorealm": [
          "pacific nearctic",
          "atlantic nearctic",
          "pacific neotropic",
          "atlantic neotropic"
        ]
      },
      "*-pardus-*": {
        "biorealm": [
          "atlantic afrotropic",
          "atlantic palearctic",
          "central palearctic",
          "eastern afrotropic",
          "eastern palearctic",
          "pacific palearctic"
        ]
      },
      "*-spelaea-*": {
        "biorealm": [
          "atlantic palearctic",
          "central palearctic",
          "eastern palearctic",
          "pacific nearctic"
        ]
      },
      "*-tigris-*": {
        "biorealm": [
          "central palearctic",
          "eastern palearctic",
          "pacific palearctic"
        ]
      },
      "*-uncia-*": {
        "biorealm": [
          "central palearctic",
          "eastern palearctic"
        ]
      }
    },
    "dependsOn": [
      {
        "modid": "pantherinae"
      }
    ]
  },
]
