[
  {
    "file": "primitivesurvival:entities/land/crab-bairdicrab.json",
    "op": "addmerge",
    "path": "/attributes",
    "side": "Server",
    "value": {
      "biorealm": [
        "atlantic palearctic",
        "atlantic nearctic"
      ]
    },
    "dependsOn": [
      {
        "modid": "primitivesurvival"
      }
    ]
  },
  {
    "file": "primitivesurvival:entities/land/crab-landcrab.json",
    "op": "addmerge",
    "path": "/attributes",
    "side": "Server",
    "value": {
      "biorealm": [
        "oceanic",
        "australasian"
      ]
    },
    "dependsOn": [
      {
        "modid": "primitivesurvival"
      }
    ]
  },
  {
    "file": "primitivesurvival:entities/land/earthworm.json",
    "op": "addmerge",
    "path": "/attributes",
    "side": "Server",
    "value": {
      "biorealm": [
        "pacific nearctic",
        "atlantic nearctic",
        "atlantic palearctic",
        "central palearctic",
        "eastern palearctic",
        "pacific palearctic",
        "pacific neotropic",
        "atlantic neotropic",
        "atlantic afrotropic",
        "eastern afrotropic",
        "australasian",
        "oceanic"
      ]
    },
    "dependsOn": [
      {
        "modid": "primitivesurvival"
      }
    ]
  },
  {
    "file": "primitivesurvival:entities/land/fireflies.json",
    "op": "addmerge",
    "path": "/attributes",
    "side": "Server",
    "value": {
      "biorealm": [
        "atlantic nearctic"
      ]
    },
    "dependsOn": [
      {
        "modid": "primitivesurvival"
      }
    ]
  },
  {
    "file": "primitivesurvival:entities/land/livingdead.json",
    "op": "addmerge",
    "path": "/attributes",
    "side": "Server",
    "value": {
      "biorealm": [
        "pacific nearctic",
        "atlantic nearctic",
        "atlantic palearctic",
        "central palearctic",
        "eastern palearctic",
        "pacific palearctic",
        "pacific neotropic",
        "atlantic neotropic",
        "atlantic afrotropic",
        "eastern afrotropic",
        "australasian",
        "oceanic"
      ]
    },
    "dependsOn": [
      {
        "modid": "primitivesurvival"
      }
    ]
  },
  {
    "file": "primitivesurvival:entities/land/skullofthedead.json",
    "op": "addmerge",
    "path": "/attributes",
    "side": "Server",
    "value": {
      "biorealm": [
        "pacific nearctic",
        "atlantic nearctic",
        "atlantic palearctic",
        "central palearctic",
        "eastern palearctic",
        "pacific palearctic",
        "pacific neotropic",
        "atlantic neotropic",
        "atlantic afrotropic",
        "eastern afrotropic",
        "australasian",
        "oceanic"
      ]
    },
    "dependsOn": [
      {
        "modid": "primitivesurvival"
      }
    ]
  },
  {
    "file": "primitivesurvival:entities/land/snake-blackrat.json",
    "op": "addmerge",
    "path": "/attributes",
    "side": "Server",
    "value": {
      "biorealm": [
        "atlantic nearctic"
      ]
    },
    "dependsOn": [
      {
        "modid": "primitivesurvival"
      }
    ]
  },
  {
    "file": "primitivesurvival:entities/land/snake-chainviper.json",
    "op": "addmerge",
    "path": "/attributes",
    "side": "Server",
    "value": {
      "biorealm": [
        "central palearctic"
      ]
    },
    "dependsOn": [
      {
        "modid": "primitivesurvival"
      }
    ]
  },
  {
    "file": "primitivesurvival:entities/land/snake-coachwhip.json",
    "op": "addmerge",
    "path": "/attributes",
    "side": "Server",
    "value": {
      "biorealm": [
        "atlantic nearctic",
        "pacific nearctic"
      ]
    },
    "dependsOn": [
      {
        "modid": "primitivesurvival"
      }
    ]
  },
  {
    "file": "primitivesurvival:entities/land/snake-pitviper.json",
    "op": "addmerge",
    "path": "/attributes",
    "side": "Server",
    "value": {
      "biorealm": [
        "central palearctic",
        "eastern palearctic",
        "pacific neotropic",
        "atlantic neotropic"
      ]
    },
    "dependsOn": [
      {
        "modid": "primitivesurvival"
      }
    ]
  }
]
