[
  {
    "file": "rustcreatures:entities/land/derelict.json",
    "op": "addmerge",
    "path": "/attributesByType",
    "side": "Server",
    "value": {
      "*": {
        "biorealm": [
          "atlantic afrotropic",
          "atlantic palearctic",
          "central palearctic",
          "eastern afrotropic",
          "eastern palearctic",
          "pacific palearctic",
          "pacific nearctic",
          "atlantic nearctic",
          "pacific neotropic",
          "atlantic neotropic",
          "australasian",
          "oceania"
        ]
      }
    },
    "dependsOn": [
      {
        "modid": "rustcreatures"
      }
    ]
  },
  {
    "file": "rustcreatures:entities/land/derelict-swarm.json",
    "op": "addmerge",
    "path": "/attributesByType",
    "side": "Server",
    "value": {
      "*": {
        "biorealm": [
          "atlantic afrotropic",
          "atlantic palearctic",
          "central palearctic",
          "eastern afrotropic",
          "eastern palearctic",
          "pacific palearctic",
          "pacific nearctic",
          "atlantic nearctic",
          "pacific neotropic",
          "atlantic neotropic",
          "australasian",
          "oceania"
        ]
      }
    },
    "dependsOn": [
      {
        "modid": "rustcreatures"
      }
    ]
  },
  {
    "file": "rustcreatures:entities/land/itinerant.json",
    "op": "addmerge",
    "path": "/attributesByType",
    "side": "Server",
    "value": {
      "*": {
        "biorealm": [
          "atlantic afrotropic",
          "atlantic palearctic",
          "central palearctic",
          "eastern afrotropic",
          "eastern palearctic",
          "pacific palearctic",
          "pacific nearctic",
          "atlantic nearctic",
          "pacific neotropic",
          "atlantic neotropic",
          "australasian",
          "oceania"
        ]
      }
    },
    "dependsOn": [
      {
        "modid": "rustcreatures"
      }
    ]
  },
  {
    "file": "rustcreatures:entities/land/roamer.json",
    "op": "addmerge",
    "path": "/attributesByType",
    "side": "Server",
    "value": {
      "*": {
        "biorealm": [
          "atlantic afrotropic",
          "atlantic palearctic",
          "central palearctic",
          "eastern afrotropic",
          "eastern palearctic",
          "pacific palearctic",
          "pacific nearctic",
          "atlantic nearctic",
          "pacific neotropic",
          "atlantic neotropic",
          "australasian",
          "oceania"
        ]
      }
    },
    "dependsOn": [
      {
        "modid": "rustcreatures"
      }
    ]
  },
  {
    "file": "rustcreatures:entities/land/vagrant.json",
    "op": "addmerge",
    "path": "/attributesByType",
    "side": "Server",
    "value": {
      "*": {
        "biorealm": [
          "atlantic afrotropic",
          "atlantic palearctic",
          "central palearctic",
          "eastern afrotropic",
          "eastern palearctic",
          "pacific palearctic",
          "pacific nearctic",
          "atlantic nearctic",
          "pacific neotropic",
          "atlantic neotropic",
          "australasian",
          "oceania"
        ]
      }
    },
    "dependsOn": [
      {
        "modid": "rustcreatures"
      }
    ]
  }
]
