[
  {
    "file": "game:entities/land/bear.json",
    "op": "addmerge",
    "path": "/attributesByType",
    "side": "Server",
    "value": {
      "*-black": {
        "biorealm": [
          "atlantic nearctic",
          "central palearctic",
          "eastern palearctic",
          "pacific nearctic",
          "pacific palearctic"
        ]
      },
      "*-brown": {
        "biorealm": [
          "atlantic nearctic",
          "atlantic palearctic",
          "central palearctic",
          "eastern palearctic",
          "pacific nearctic",
          "pacific palearctic"
        ]
      },
      "*-panda": {
        "biorealm": [
          "eastern palearctic"
        ]
      },
      "*-polar": {
        "biorealm": [
          "atlantic nearctic",
          "atlantic palearctic",
          "central palearctic",
          "eastern palearctic",
          "pacific nearctic",
          "pacific palearctic"
        ]
      },
      "*-sun": {
        "biorealm": [
          "eastern palearctic",
          "pacific palearctic"
        ]
      }
    }
  },
    {
    "file": "game:entities/land/hooved/deer.json",
    "op": "addmerge",
    "path": "/attributesByType",
    "side": "Server",
    "value": {
      "deer-whitetail-*": {
        "biorealm": [
          "pacific nearctic",
          "atlantic nearctic",
          "pacific neotropic",
          "atlantic neotropic"
        ]
      },
      "deer-redbrocket-*": {
        "biorealm": [
          "pacific neotropic",
          "atlantic neotropic"
        ]
      },
      "deer-marsh-*": {
        "biorealm": [
          "atlantic neotropic"
        ]
      },
      "deer-caribou-*": {
        "biorealm": [
          "pacific nearctic",
          "atlantic nearctic",
          "atlantic palearctic",
          "central palearctic",
          "eastern palearctic",
          "pacific palearctic"
        ]
      },
      "deer-water-*": {
        "biorealm": [
          "eastern palearctic"
        ]
      },
      "deer-pudu-*": {
        "biorealm": [
          "pacific neotropic"
        ]
      },
      "deer-elk-*": {
        "biorealm": [
          "pacific nearctic",
          "atlantic nearctic",
          "central palearctic",
          "eastern palearctic"
        ]
      },
      "deer-taruca-*": {
        "biorealm": [
          "pacific neotropic"
        ]
      },
      "deer-chital-*": {
        "biorealm": [
          "central palearctic"
        ]
      },
      "deer-guemal-*": {
        "biorealm": [
          "pacific neotropic"
        ]
      },
      "deer-pampas-*": {
        "biorealm": [
          "atlantic neotropic"
        ]
      },
      "deer-fallow-*": {
        "biorealm": [
          "atlantic palearctic",
          "central palearctic"
        ]
      }
    }
  },
  {
    "file": "game:entities/land/hooved/goat.json",
    "op": "addmerge",
    "path": "/attributesByType",
    "side": "Server",
    "value": {
      "goat-angora-*": {
        "biorealm": [
          "central palearctic"
        ]
      },
      "goat-ibexalp-*": {
        "biorealm": [
          "atlantic palearctic"
        ]
      },
      "goat-ibexnub-*": {
        "biorealm": [
          "atlantic palearctic",
          "central palearctic"
        ]
      },
      "goat-markhor-*": {
        "biorealm": [
          "central palearctic"
        ]
      },
      "goat-mountain-*": {
        "biorealm": [
          "pacific nearctic"
        ]
      },
      "goat-muskox-*": {
        "biorealm": [
          "atlantic nearctic",
          "atlantic palearctic",
          "central palearctic",
          "eastern palearctic",
          "pacific nearctic",
          "pacific palearctic"
        ]
      },
      "goat-nubian-*": {
        "biorealm": [
          "atlantic palearctic"
        ]
      },
      "goat-sirohi-*": {
        "biorealm": [
          "central palearctic"
        ]
      },
      "goat-takingold-*": {
        "biorealm": [
          "eastern palearctic"
        ]
      },
      "goat-turdag-*": {
        "biorealm": [
          "central palearctic"
        ]
      },
      "goat-valais-*": {
        "biorealm": [
          "atlantic palearctic"
        ]
      }
    }
  },
  {
    "file": "game:entities/land/hooved/moose.json",
    "op": "addmerge",
    "path": "/attributes",
    "side": "Server",
    "value": {
      "biorealm": [
        "pacific nearctic",
        "atlantic nearctic",
        "atlantic palearctic",
        "central palearctic",
        "eastern palearctic"
      ]
    }
  },
  {
    "file": "game:entities/land/chicken-baby.json",
    "op": "addmerge",
    "path": "/attributes",
    "side": "Server",
    "value": {
      "biorealm": [
        "atlantic palearctic",
        "central palearctic",
        "eastern palearctic",
        "pacific palearctic"
      ]
    }
  },
  {
    "file": "game:entities/land/chicken-hen.json",
    "op": "addmerge",
    "path": "/attributes",
    "side": "Server",
    "value": {
      "biorealm": [
        "atlantic palearctic",
        "central palearctic",
        "eastern palearctic",
        "pacific palearctic"
      ]
    }
  },
  {
    "file": "game:entities/land/chicken-rooster.json",
    "op": "addmerge",
    "path": "/attributes",
    "side": "Server",
    "value": {
      "biorealm": [
        "atlantic palearctic",
        "central palearctic",
        "eastern palearctic",
        "pacific palearctic"
      ]
    }
  },
  {
    "file": "game:entities/land/fox-arctic-male.json",
    "op": "addmerge",
    "path": "/attributes",
    "side": "server",
    "value": {
      "biorealm": [
        "pacific nearctic",
        "atlantic nearctic",
        "atlantic palearctic",
        "central palearctic",
        "eastern palearctic",
        "pacific palearctic"
      ]
    }
  },
  {
    "file": "game:entities/land/fox-arctic-female.json",
    "op": "addmerge",
    "path": "/attributes",
    "side": "server",
    "value": {
      "biorealm": [
        "pacific nearctic",
        "atlantic nearctic",
        "atlantic palearctic",
        "central palearctic",
        "eastern palearctic",
        "pacific palearctic"
      ]
    }
  },
  {
    "file": "game:entities/land/fox-male.json",
    "op": "addmerge",
    "path": "/attributes",
    "side": "server",
    "value": {
      "biorealm": [
        "pacific nearctic",
        "atlantic nearctic",
        "atlantic palearctic",
        "central palearctic",
        "eastern palearctic",
        "pacific palearctic"
      ]
    }
  },
  {
    "file": "game:entities/land/fox-female.json",
    "op": "addmerge",
    "path": "/attributes",
    "side": "server",
    "value": {
      "biorealm": [
        "pacific nearctic",
        "atlantic nearctic",
        "atlantic palearctic",
        "central palearctic",
        "eastern palearctic",
        "pacific palearctic"
      ]
    }
  },
  {
    "file": "game:entities/land/fox-pup.json",
    "op": "addmerge",
    "path": "/attributes",
    "side": "server",
    "value": {
      "biorealm": [
        "pacific nearctic",
        "atlantic nearctic",
        "atlantic palearctic",
        "central palearctic",
        "eastern palearctic",
        "pacific palearctic"
      ]
    }
  },
  {
    "file": "game:entities/land/fox.json",
    "op": "addmerge",
    "path": "/attributesByType",
    "side": "Server",
    "value": {
      "fox-*-red": {
        "biorealm": [
          "pacific nearctic",
          "atlantic nearctic",
          "atlantic palearctic",
          "central palearctic",
          "eastern palearctic",
          "pacific palearctic"
        ]
      },
      "fox-*-arctic": {
        "biorealm": [
          "pacific nearctic",
          "atlantic nearctic",
          "atlantic palearctic",
          "central palearctic",
          "eastern palearctic",
          "pacific palearctic"
        ]
      }
    }
  },
  {
    "file": "game:entities/land/grub.json",
    "op": "addmerge",
    "path": "/attributes",
    "side": "Server",
    "value": {
      "biorealm": [
        "pacific nearctic",
        "atlantic nearctic",
        "atlantic palearctic",
        "central palearctic",
        "eastern palearctic",
        "pacific palearctic",
        "pacific neotropic",
        "atlantic neotropic",
        "atlantic afrotropic",
        "eastern afrotropic",
        "australasian",
        "oceanic"
      ]
    }
  },
  {
    "file": "game:entities/land/gazelle.json",
    "op": "addmerge",
    "path": "/attributes",
    "side": "Server",
    "value": {
      "biorealm": [
        "atlantic palearctic",
        "central palearctic",
        "eastern palearctic",
        "atlantic afrotropic",
        "eastern afrotropic"
      ]
    }
  },
  {
    "file": "game:entities/land/hare-baby.json",
    "op": "addmerge",
    "path": "/attributes",
    "side": "Server",
    "value": {
      "biorealm": [
        "pacific nearctic",
        "atlantic nearctic",
        "atlantic palearctic",
        "central palearctic",
        "eastern palearctic",
        "pacific palearctic",
        "atlantic afrotropic",
        "eastern afrotropic"
      ]
    }
  },
  {
    "file": "game:entities/land/hare-female.json",
    "op": "addmerge",
    "path": "/attributes",
    "side": "Server",
    "value": {
      "biorealm": [
        "pacific nearctic",
        "atlantic nearctic",
        "atlantic palearctic",
        "central palearctic",
        "eastern palearctic",
        "pacific palearctic",
        "atlantic afrotropic",
        "eastern afrotropic"
      ]
    }
  },
  {
    "file": "game:entities/land/hare-male.json",
    "op": "addmerge",
    "path": "/attributes",
    "side": "Server",
    "value": {
      "biorealm": [
        "pacific nearctic",
        "atlantic nearctic",
        "atlantic palearctic",
        "central palearctic",
        "eastern palearctic",
        "pacific palearctic",
        "atlantic afrotropic",
        "eastern afrotropic"
      ]
    }
  },
  {
    "file": "game:entities/land/hyena-female.json",
    "op": "addmerge",
    "path": "/attributes",
    "side": "Server",
    "value": {
      "biorealm": [
        "atlantic afrotropic",
        "atlantic palearctic",
        "eastern afrotropic"
      ]
    }
  },
  {
    "file": "game:entities/land/hyena-male.json",
    "op": "addmerge",
    "path": "/attributes",
    "side": "Server",
    "value": {
      "biorealm": [
        "atlantic afrotropic",
        "atlantic palearctic",
        "eastern afrotropic"
      ]
    }
  },
  {
    "file": "game:entities/land/hyena-pup.json",
    "op": "addmerge",
    "path": "/attributes",
    "side": "Server",
    "value": {
      "biorealm": [
        "atlantic afrotropic",
        "atlantic palearctic",
        "eastern afrotropic"
      ]
    }
  },
  {
    "file": "game:entities/land/pig-wild-female.json",
    "op": "addmerge",
    "path": "/attributes",
    "side": "Server",
    "value": {
      "biorealm": [
        "atlantic afrotropic",
        "eastern afrotropic",
        "atlantic palearctic",
        "central palearctic",
        "eastern palearctic",
        "pacific palearctic"
      ]
    }
  },
  {
    "file": "game:entities/land/pig-wild-male.json",
    "op": "addmerge",
    "path": "/attributes",
    "side": "Server",
    "value": {
      "biorealm": [
        "atlantic palearctic",
        "central palearctic",
        "eastern palearctic",
        "pacific palearctic"
      ]
    }
  },
  {
    "file": "game:entities/land/pig-wild-piglet.json",
    "op": "addmerge",
    "path": "/attributes",
    "side": "Server",
    "value": {
      "biorealm": [
        "atlantic palearctic",
        "central palearctic",
        "eastern palearctic",
        "pacific palearctic"
      ]
    }
  },
  {
    "file": "game:entities/land/raccoon-female.json",
    "op": "addmerge",
    "path": "/attributes",
    "side": "server",
    "value": {
      "biorealm": [
        "pacific nearctic",
        "atlantic nearctic"
      ]
    }
  },
  {
    "file": "game:entities/land/raccoon-male.json",
    "op": "addmerge",
    "path": "/attributes",
    "side": "server",
    "value": {
      "biorealm": [
        "pacific nearctic",
        "atlantic nearctic"
      ]
    }
  },
  {
    "file": "game:entities/land/raccoon-pup.json",
    "op": "addmerge",
    "path": "/attributes",
    "side": "server",
    "value": {
      "biorealm": [
        "pacific nearctic",
        "atlantic nearctic"
      ]
    }
  },
  {
    "file": "game:entities/land/sheep-bighorn-female.json",
    "op": "addmerge",
    "path": "/attributes",
    "side": "server",
    "value": {
      "biorealm": [
        "pacific nearctic"
      ]
    }
  },
  {
    "file": "game:entities/land/sheep-bighorn-lamb.json",
    "op": "addmerge",
    "path": "/attributes",
    "side": "server",
    "value": {
      "biorealm": [
        "pacific nearctic"
      ]
    }
  },
  {
    "file": "game:entities/land/sheep-bighorn-male.json",
    "op": "addmerge",
    "path": "/attributes",
    "side": "server",
    "value": {
      "biorealm": [
        "pacific nearctic"
      ]
    }
  },
  {
    "file": "game:entities/land/wolf-female.json",
    "op": "addmerge",
    "path": "/attributes",
    "side": "server",
    "value": {
      "biorealm": [
        "pacific nearctic",
        "atlantic nearctic",
        "atlantic palearctic",
        "central palearctic",
        "eastern palearctic",
        "pacific palearctic"
      ]
    }
  },
  {
    "file": "game:entities/land/wolf-male.json",
    "op": "addmerge",
    "path": "/attributes",
    "side": "server",
    "value": {
      "biorealm": [
        "pacific nearctic",
        "atlantic nearctic",
        "atlantic palearctic",
        "central palearctic",
        "eastern palearctic",
        "pacific palearctic"
      ]
    }
  },
  {
    "file": "game:entities/land/wolf-pup.json",
    "op": "addmerge",
    "path": "/attributes",
    "side": "server",
    "value": {
      "biorealm": [
        "pacific nearctic",
        "atlantic nearctic",
        "atlantic palearctic",
        "central palearctic",
        "eastern palearctic",
        "pacific palearctic"
      ]
    }
  }
]
