{
	"textures": {
		"metal": "rottingenimals:block/metal/ingot/temporalit"
	},
	"elements": [
		{
			"name": "N1-0",
			"from": [ 0.4, 0.0, 0.4 ], 
			"to": [ 3.4, 2.0, 7.4 ], 
			"faces": {
				"north": { "reflectiveMode": 2, "texture": "#metal", "uv": [ 3.0, 8.0, 6.0, 10.0 ] },
				"east": { "reflectiveMode": 2, "texture": "#metal", "uv": [ 5.0, 8.0, 12.0, 10.0 ] },
				"south": { "reflectiveMode": 2, "texture": "#metal", "uv": [ 2.0, 2.0, 5.0, 4.0 ] },
				"west": { "reflectiveMode": 2, "texture": "#metal", "uv": [ 5.0, 14.0, 12.0, 16.0 ] },
				"up": { "reflectiveMode": 2, "texture": "#metal", "uv": [ 9.0, 5.0, 12.0, 12.0 ] },
				"down": { "reflectiveMode": 2, "texture": "#metal", "uv": [ 10.0, 2.0, 13.0, 9.0 ] }
			}
		},
		{
			"name": "N2-0",
			"from": [ 4.6, 0.0, 0.4 ], 
			"to": [ 7.6, 2.0, 7.4 ], 
			"faces": {
				"north": { "reflectiveMode": 2, "texture": "#metal", "uv": [ 2.0, 7.0, 5.0, 9.0 ] },
				"east": { "reflectiveMode": 2, "texture": "#metal", "uv": [ 5.0, 11.0, 12.0, 13.0 ] },
				"south": { "reflectiveMode": 2, "texture": "#metal", "uv": [ 2.0, 2.0, 5.0, 4.0 ] },
				"west": { "reflectiveMode": 2, "texture": "#metal", "uv": [ 5.0, 10.0, 12.0, 12.0 ] },
				"up": { "reflectiveMode": 2, "texture": "#metal", "uv": [ 2.0, 5.0, 5.0, 12.0 ] },
				"down": { "reflectiveMode": 2, "texture": "#metal", "uv": [ 10.0, 2.0, 13.0, 9.0 ] }
			}
		},
		{
			"name": "N3-0",
			"from": [ 8.4, 0.0, 0.4 ], 
			"to": [ 11.4, 2.0, 7.4 ], 
			"faces": {
				"north": { "reflectiveMode": 2, "texture": "#metal", "uv": [ 4.0, 4.0, 7.0, 6.0 ] },
				"east": { "reflectiveMode": 2, "texture": "#metal", "uv": [ 5.0, 8.0, 12.0, 10.0 ] },
				"south": { "reflectiveMode": 2, "texture": "#metal", "uv": [ 2.0, 2.0, 5.0, 4.0 ] },
				"west": { "reflectiveMode": 2, "texture": "#metal", "uv": [ 5.0, 8.0, 12.0, 10.0 ] },
				"up": { "reflectiveMode": 2, "texture": "#metal", "uv": [ 7.0, 7.0, 10.0, 14.0 ] },
				"down": { "reflectiveMode": 2, "texture": "#metal", "uv": [ 10.0, 2.0, 13.0, 9.0 ] }
			}
		},
		{
			"name": "N4-0",
			"from": [ 12.6, 0.0, 0.4 ], 
			"to": [ 15.6, 2.0, 7.4 ], 
			"faces": {
				"north": { "reflectiveMode": 2, "texture": "#metal", "uv": [ 3.0, 2.0, 6.0, 4.0 ] },
				"east": { "reflectiveMode": 2, "texture": "#metal", "uv": [ 5.0, 8.0, 12.0, 10.0 ] },
				"south": { "reflectiveMode": 2, "texture": "#metal", "uv": [ 2.0, 2.0, 5.0, 4.0 ] },
				"west": { "reflectiveMode": 2, "texture": "#metal", "uv": [ 5.0, 8.0, 12.0, 10.0 ] },
				"up": { "reflectiveMode": 2, "texture": "#metal", "uv": [ 2.0, 2.0, 5.0, 9.0 ] },
				"down": { "reflectiveMode": 2, "texture": "#metal", "uv": [ 10.0, 2.0, 13.0, 9.0 ] }
			}
		},
		{
			"name": "S1-0",
			"from": [ 0.4, 0.0, 8.6 ], 
			"to": [ 3.4, 2.0, 15.6 ], 
			"faces": {
				"north": { "reflectiveMode": 2, "texture": "#metal", "uv": [ 3.0, 3.0, 6.0, 5.0 ] },
				"east": { "reflectiveMode": 2, "texture": "#metal", "uv": [ 5.0, 8.0, 12.0, 10.0 ] },
				"south": { "reflectiveMode": 2, "texture": "#metal", "uv": [ 10.0, 2.0, 13.0, 4.0 ] },
				"west": { "reflectiveMode": 2, "texture": "#metal", "uv": [ 5.0, 9.0, 12.0, 11.0 ] },
				"up": { "reflectiveMode": 2, "texture": "#metal", "uv": [ 11.0, 7.0, 14.0, 14.0 ] },
				"down": { "reflectiveMode": 2, "texture": "#metal", "uv": [ 10.0, 2.0, 13.0, 9.0 ] }
			}
		},
		{
			"name": "S2-0",
			"from": [ 4.6, 0.0, 8.6 ], 
			"to": [ 7.6, 2.0, 15.6 ], 
			"faces": {
				"north": { "reflectiveMode": 2, "texture": "#metal", "uv": [ 7.0, 4.0, 10.0, 6.0 ] },
				"east": { "reflectiveMode": 2, "texture": "#metal", "uv": [ 5.0, 8.0, 12.0, 10.0 ] },
				"south": { "reflectiveMode": 2, "texture": "#metal", "uv": [ 2.0, 14.0, 5.0, 16.0 ] },
				"west": { "reflectiveMode": 2, "texture": "#metal", "uv": [ 5.0, 8.0, 12.0, 10.0 ] },
				"up": { "reflectiveMode": 2, "texture": "#metal", "uv": [ 7.0, 4.0, 10.0, 11.0 ] },
				"down": { "reflectiveMode": 2, "texture": "#metal", "uv": [ 10.0, 2.0, 13.0, 9.0 ] }
			}
		},
		{
			"name": "S3-0",
			"from": [ 8.4, 0.0, 8.6 ], 
			"to": [ 11.4, 2.0, 15.6 ], 
			"faces": {
				"north": { "reflectiveMode": 2, "texture": "#metal", "uv": [ 7.0, 2.0, 10.0, 4.0 ] },
				"east": { "reflectiveMode": 2, "texture": "#metal", "uv": [ 5.0, 8.0, 12.0, 10.0 ] },
				"south": { "reflectiveMode": 2, "texture": "#metal", "uv": [ 9.0, 10.0, 12.0, 12.0 ] },
				"west": { "reflectiveMode": 2, "texture": "#metal", "uv": [ 5.0, 8.0, 12.0, 10.0 ] },
				"up": { "reflectiveMode": 2, "texture": "#metal", "uv": [ 5.0, 7.0, 8.0, 14.0 ] },
				"down": { "reflectiveMode": 2, "texture": "#metal", "uv": [ 10.0, 2.0, 13.0, 9.0 ] }
			}
		},
		{
			"name": "S4-0",
			"from": [ 12.6, 0.0, 8.6 ], 
			"to": [ 15.6, 2.0, 15.6 ], 
			"faces": {
				"north": { "reflectiveMode": 2, "texture": "#metal", "uv": [ 2.0, 2.0, 5.0, 4.0 ] },
				"east": { "reflectiveMode": 2, "texture": "#metal", "uv": [ 9.0, 11.0, 16.0, 13.0 ] },
				"south": { "reflectiveMode": 2, "texture": "#metal", "uv": [ 13.0, 9.0, 16.0, 11.0 ] },
				"west": { "reflectiveMode": 2, "texture": "#metal", "uv": [ 5.0, 10.0, 12.0, 12.0 ] },
				"up": { "reflectiveMode": 2, "texture": "#metal", "uv": [ 7.0, 6.0, 10.0, 13.0 ] },
				"down": { "reflectiveMode": 2, "texture": "#metal", "uv": [ 10.0, 2.0, 13.0, 9.0 ] }
			}
		},
		{
			"name": "W1-1",
			"from": [ 0.5, 2.0, 0.5 ], 
			"to": [ 7.5, 4.0, 3.5 ], 
			"faces": {
				"north": { "reflectiveMode": 2, "texture": "#metal", "uv": [ 2.0, 7.0, 9.0, 9.0 ] },
				"east": { "reflectiveMode": 2, "texture": "#metal", "uv": [ 5.0, 11.0, 8.0, 13.0 ] },
				"south": { "reflectiveMode": 2, "texture": "#metal", "uv": [ 2.0, 2.0, 9.0, 4.0 ] },
				"west": { "reflectiveMode": 2, "texture": "#metal", "uv": [ 5.0, 10.0, 8.0, 12.0 ] },
				"up": { "reflectiveMode": 2, "texture": "#metal", "uv": [ 2.0, 5.0, 9.0, 8.0 ] },
				"down": { "reflectiveMode": 2, "texture": "#metal", "uv": [ 5.0, 2.0, 12.0, 5.0 ] }
			}
		},
		{
			"name": "W2-1",
			"from": [ 0.5, 2.0, 4.5 ], 
			"to": [ 7.5, 4.0, 7.5 ], 
			"faces": {
				"north": { "reflectiveMode": 2, "texture": "#metal", "uv": [ 3.0, 2.0, 10.0, 4.0 ] },
				"east": { "reflectiveMode": 2, "texture": "#metal", "uv": [ 5.0, 8.0, 8.0, 10.0 ] },
				"south": { "reflectiveMode": 2, "texture": "#metal", "uv": [ 2.0, 2.0, 9.0, 4.0 ] },
				"west": { "reflectiveMode": 2, "texture": "#metal", "uv": [ 5.0, 8.0, 8.0, 10.0 ] },
				"up": { "reflectiveMode": 2, "texture": "#metal", "uv": [ 2.0, 2.0, 9.0, 5.0 ] },
				"down": { "reflectiveMode": 2, "texture": "#metal", "uv": [ 8.0, 5.0, 15.0, 8.0 ] }
			}
		},
		{
			"name": "W3-1",
			"from": [ 0.5, 2.0, 8.5 ], 
			"to": [ 7.5, 4.0, 11.5 ], 
			"faces": {
				"north": { "reflectiveMode": 2, "texture": "#metal", "uv": [ 3.0, 8.0, 10.0, 10.0 ] },
				"east": { "reflectiveMode": 2, "texture": "#metal", "uv": [ 5.0, 8.0, 8.0, 10.0 ] },
				"south": { "reflectiveMode": 2, "texture": "#metal", "uv": [ 2.0, 2.0, 9.0, 4.0 ] },
				"west": { "reflectiveMode": 2, "texture": "#metal", "uv": [ 5.0, 14.0, 8.0, 16.0 ] },
				"up": { "reflectiveMode": 2, "texture": "#metal", "uv": [ 9.0, 5.0, 16.0, 8.0 ] },
				"down": { "reflectiveMode": 2, "texture": "#metal", "uv": [ 7.0, 7.0, 14.0, 10.0 ] }
			}
		},
		{
			"name": "W4-1",
			"from": [ 0.5, 2.0, 12.5 ], 
			"to": [ 7.5, 4.0, 15.5 ], 
			"faces": {
				"north": { "reflectiveMode": 2, "texture": "#metal", "uv": [ 3.0, 2.0, 10.0, 4.0 ] },
				"east": { "reflectiveMode": 2, "texture": "#metal", "uv": [ 5.0, 8.0, 8.0, 10.0 ] },
				"south": { "reflectiveMode": 2, "texture": "#metal", "uv": [ 2.0, 2.0, 9.0, 4.0 ] },
				"west": { "reflectiveMode": 2, "texture": "#metal", "uv": [ 5.0, 8.0, 8.0, 10.0 ] },
				"up": { "reflectiveMode": 2, "texture": "#metal", "uv": [ 2.0, 2.0, 9.0, 5.0 ] },
				"down": { "reflectiveMode": 2, "texture": "#metal", "uv": [ 10.0, 2.0, 17.0, 5.0 ] }
			}
		},
		{
			"name": "E1-1",
			"from": [ 8.5, 2.0, 0.5 ], 
			"to": [ 15.5, 4.0, 3.5 ], 
			"faces": {
				"north": { "reflectiveMode": 2, "texture": "#metal", "uv": [ 3.0, 10.0, 10.0, 12.0 ] },
				"east": { "reflectiveMode": 2, "texture": "#metal", "uv": [ 5.0, 6.0, 8.0, 8.0 ] },
				"south": { "reflectiveMode": 2, "texture": "#metal", "uv": [ 4.0, 12.0, 11.0, 14.0 ] },
				"west": { "reflectiveMode": 2, "texture": "#metal", "uv": [ 9.0, 6.0, 12.0, 8.0 ] },
				"up": { "reflectiveMode": 2, "texture": "#metal", "uv": [ 3.0, 1.0, 10.0, 4.0 ] },
				"down": { "reflectiveMode": 2, "texture": "#metal", "uv": [ 1.0, 3.0, 8.0, 6.0 ] }
			}
		},
		{
			"name": "E2-1",
			"from": [ 8.5, 2.0, 4.5 ], 
			"to": [ 15.5, 4.0, 7.5 ], 
			"faces": {
				"north": { "reflectiveMode": 2, "texture": "#metal", "uv": [ 3.0, 3.0, 10.0, 5.0 ] },
				"east": { "reflectiveMode": 2, "texture": "#metal", "uv": [ 6.0, 2.0, 9.0, 4.0 ] },
				"south": { "reflectiveMode": 2, "texture": "#metal", "uv": [ 3.0, 6.0, 10.0, 8.0 ] },
				"west": { "reflectiveMode": 2, "texture": "#metal", "uv": [ 6.0, 14.0, 9.0, 16.0 ] },
				"up": { "reflectiveMode": 2, "texture": "#metal", "uv": [ 2.0, 10.0, 9.0, 13.0 ] },
				"down": { "reflectiveMode": 2, "texture": "#metal", "uv": [ 5.0, 8.0, 12.0, 11.0 ] }
			}
		},
		{
			"name": "E3-1",
			"from": [ 8.5, 2.0, 8.5 ], 
			"to": [ 15.5, 4.0, 11.5 ], 
			"faces": {
				"north": { "reflectiveMode": 2, "texture": "#metal", "uv": [ 3.0, 6.0, 10.0, 8.0 ] },
				"east": { "reflectiveMode": 2, "texture": "#metal", "uv": [ 4.0, 5.0, 7.0, 7.0 ] },
				"south": { "reflectiveMode": 2, "texture": "#metal", "uv": [ 7.0, 0.0, 14.0, 2.0 ] },
				"west": { "reflectiveMode": 2, "texture": "#metal", "uv": [ 8.0, 5.0, 11.0, 7.0 ] },
				"up": { "reflectiveMode": 2, "texture": "#metal", "uv": [ 7.0, 0.0, 14.0, 3.0 ] },
				"down": { "reflectiveMode": 2, "texture": "#metal", "uv": [ 9.0, 8.0, 16.0, 11.0 ] }
			}
		},
		{
			"name": "E4-1",
			"from": [ 8.5, 2.0, 12.5 ], 
			"to": [ 15.5, 4.0, 15.5 ], 
			"faces": {
				"north": { "reflectiveMode": 2, "texture": "#metal", "uv": [ 6.0, 14.0, 13.0, 16.0 ] },
				"east": { "reflectiveMode": 2, "texture": "#metal", "uv": [ 4.0, 3.0, 7.0, 5.0 ] },
				"south": { "reflectiveMode": 2, "texture": "#metal", "uv": [ 5.0, 3.0, 12.0, 5.0 ] },
				"west": { "reflectiveMode": 2, "texture": "#metal", "uv": [ 9.0, 6.0, 12.0, 8.0 ] },
				"up": { "reflectiveMode": 2, "texture": "#metal", "uv": [ 7.0, 7.0, 14.0, 10.0 ] },
				"down": { "reflectiveMode": 2, "texture": "#metal", "uv": [ 3.0, 11.0, 10.0, 14.0 ] }
			}
		},
		{
			"name": "N1-2",
			"from": [ 0.4, 4.0, 0.4 ], 
			"to": [ 3.4, 6.0, 7.4 ], 
			"faces": {
				"north": { "reflectiveMode": 2, "texture": "#metal", "uv": [ 10.0, 13.0, 13.0, 15.0 ] },
				"east": { "reflectiveMode": 2, "texture": "#metal", "uv": [ 5.0, 8.0, 12.0, 10.0 ] },
				"south": { "reflectiveMode": 2, "texture": "#metal", "uv": [ 5.0, 4.0, 8.0, 6.0 ] },
				"west": { "reflectiveMode": 2, "texture": "#metal", "uv": [ 0.0, 9.0, 7.0, 11.0 ] },
				"up": { "reflectiveMode": 2, "texture": "#metal", "uv": [ 0.0, 0.0, 3.0, 7.0 ] },
				"down": { "reflectiveMode": 2, "texture": "#metal", "uv": [ 3.0, 7.0, 6.0, 14.0 ] }
			}
		},
		{
			"name": "N2-2",
			"from": [ 4.6, 4.0, 0.4 ], 
			"to": [ 7.6, 6.0, 7.4 ], 
			"faces": {
				"north": { "reflectiveMode": 2, "texture": "#metal", "uv": [ 2.0, 9.0, 5.0, 11.0 ] },
				"east": { "reflectiveMode": 2, "texture": "#metal", "uv": [ 2.0, 11.0, 9.0, 13.0 ] },
				"south": { "reflectiveMode": 2, "texture": "#metal", "uv": [ 11.0, 2.0, 14.0, 4.0 ] },
				"west": { "reflectiveMode": 2, "texture": "#metal", "uv": [ 9.0, 1.0, 16.0, 3.0 ] },
				"up": { "reflectiveMode": 2, "texture": "#metal", "uv": [ 12.0, 3.0, 15.0, 10.0 ] },
				"down": { "reflectiveMode": 2, "texture": "#metal", "uv": [ 1.0, 5.0, 4.0, 12.0 ] }
			}
		},
		{
			"name": "N3-2",
			"from": [ 8.4, 4.0, 0.4 ], 
			"to": [ 11.4, 6.0, 7.4 ], 
			"faces": {
				"north": { "reflectiveMode": 2, "texture": "#metal", "uv": [ 0.0, 10.0, 3.0, 12.0 ] },
				"east": { "reflectiveMode": 2, "texture": "#metal", "uv": [ 0.0, 8.0, 7.0, 10.0 ] },
				"south": { "reflectiveMode": 2, "texture": "#metal", "uv": [ 3.0, 10.0, 6.0, 12.0 ] },
				"west": { "reflectiveMode": 2, "texture": "#metal", "uv": [ 0.0, 4.0, 7.0, 6.0 ] },
				"up": { "reflectiveMode": 2, "texture": "#metal", "uv": [ 0.0, 3.0, 3.0, 10.0 ] },
				"down": { "reflectiveMode": 2, "texture": "#metal", "uv": [ 1.0, 2.0, 4.0, 9.0 ] }
			}
		},
		{
			"name": "N4-2",
			"from": [ 12.6, 4.0, 0.4 ], 
			"to": [ 15.6, 6.0, 7.4 ], 
			"faces": {
				"north": { "reflectiveMode": 2, "texture": "#metal", "uv": [ 13.0, 14.0, 16.0, 16.0 ] },
				"east": { "reflectiveMode": 2, "texture": "#metal", "uv": [ 2.0, 14.0, 9.0, 16.0 ] },
				"south": { "reflectiveMode": 2, "texture": "#metal", "uv": [ 11.0, 10.0, 14.0, 12.0 ] },
				"west": { "reflectiveMode": 2, "texture": "#metal", "uv": [ 2.0, 4.0, 9.0, 6.0 ] },
				"up": { "reflectiveMode": 2, "texture": "#metal", "uv": [ 5.0, 4.0, 8.0, 11.0 ] },
				"down": { "reflectiveMode": 2, "texture": "#metal", "uv": [ 4.0, 5.0, 7.0, 12.0 ] }
			}
		},
		{
			"name": "S1-2",
			"from": [ 0.4, 4.0, 8.6 ], 
			"to": [ 3.4, 6.0, 15.6 ], 
			"faces": {
				"north": { "reflectiveMode": 2, "texture": "#metal", "uv": [ 3.0, 5.0, 6.0, 7.0 ] },
				"east": { "reflectiveMode": 2, "texture": "#metal", "uv": [ 3.0, 13.0, 10.0, 15.0 ] },
				"south": { "reflectiveMode": 2, "texture": "#metal", "uv": [ 6.0, 8.0, 9.0, 10.0 ] },
				"west": { "reflectiveMode": 2, "texture": "#metal", "uv": [ 6.0, 7.0, 13.0, 9.0 ] },
				"up": { "reflectiveMode": 2, "texture": "#metal", "uv": [ 6.0, 4.0, 9.0, 11.0 ] },
				"down": { "reflectiveMode": 2, "texture": "#metal", "uv": [ 4.0, 7.0, 7.0, 14.0 ] }
			}
		},
		{
			"name": "S2-2",
			"from": [ 4.6, 4.0, 8.6 ], 
			"to": [ 7.6, 6.0, 15.6 ], 
			"faces": {
				"north": { "reflectiveMode": 2, "texture": "#metal", "uv": [ 7.0, 1.0, 10.0, 3.0 ] },
				"east": { "reflectiveMode": 2, "texture": "#metal", "uv": [ 6.0, 2.0, 13.0, 4.0 ] },
				"south": { "reflectiveMode": 2, "texture": "#metal", "uv": [ 4.0, 7.0, 7.0, 9.0 ] },
				"west": { "reflectiveMode": 2, "texture": "#metal", "uv": [ 5.0, 6.0, 12.0, 8.0 ] },
				"up": { "reflectiveMode": 2, "texture": "#metal", "uv": [ 6.0, 3.0, 9.0, 10.0 ] },
				"down": { "reflectiveMode": 2, "texture": "#metal", "uv": [ 8.0, 6.0, 11.0, 13.0 ] }
			}
		},
		{
			"name": "S3-2",
			"from": [ 8.4, 4.0, 8.6 ], 
			"to": [ 11.4, 6.0, 15.6 ], 
			"faces": {
				"north": { "reflectiveMode": 2, "texture": "#metal", "uv": [ 7.0, 5.0, 10.0, 7.0 ] },
				"east": { "reflectiveMode": 2, "texture": "#metal", "uv": [ 5.0, 10.0, 12.0, 12.0 ] },
				"south": { "reflectiveMode": 2, "texture": "#metal", "uv": [ 8.0, 11.0, 11.0, 13.0 ] },
				"west": { "reflectiveMode": 2, "texture": "#metal", "uv": [ 5.0, 11.0, 12.0, 13.0 ] },
				"up": { "reflectiveMode": 2, "texture": "#metal", "uv": [ 10.0, 9.0, 13.0, 16.0 ] },
				"down": { "reflectiveMode": 2, "texture": "#metal", "uv": [ 6.0, 5.0, 9.0, 12.0 ] }
			}
		},
		{
			"name": "S4-2",
			"from": [ 12.6, 4.0, 8.6 ], 
			"to": [ 15.6, 6.0, 15.6 ], 
			"faces": {
				"north": { "reflectiveMode": 2, "texture": "#metal", "uv": [ 3.0, 12.0, 6.0, 14.0 ] },
				"east": { "reflectiveMode": 2, "texture": "#metal", "uv": [ 4.0, 7.0, 11.0, 9.0 ] },
				"south": { "reflectiveMode": 2, "texture": "#metal", "uv": [ 9.0, 9.0, 12.0, 11.0 ] },
				"west": { "reflectiveMode": 2, "texture": "#metal", "uv": [ 3.0, 4.0, 10.0, 6.0 ] },
				"up": { "reflectiveMode": 2, "texture": "#metal", "uv": [ 4.0, 2.0, 7.0, 9.0 ] },
				"down": { "reflectiveMode": 2, "texture": "#metal", "uv": [ 8.0, 5.0, 11.0, 12.0 ] }
			}
		},
		{
			"name": "W1-3",
			"from": [ 0.5, 6.0, 0.5 ], 
			"to": [ 7.5, 8.0, 3.5 ], 
			"faces": {
				"north": { "reflectiveMode": 2, "texture": "#metal", "uv": [ 5.0, 6.0, 12.0, 8.0 ] },
				"east": { "reflectiveMode": 2, "texture": "#metal", "uv": [ 5.0, 11.0, 8.0, 13.0 ] },
				"south": { "reflectiveMode": 2, "texture": "#metal", "uv": [ 5.0, 5.0, 12.0, 7.0 ] },
				"west": { "reflectiveMode": 2, "texture": "#metal", "uv": [ 8.0, 14.0, 11.0, 16.0 ] },
				"up": { "reflectiveMode": 2, "texture": "#metal", "uv": [ 6.0, 2.0, 13.0, 5.0 ] },
				"down": { "reflectiveMode": 2, "texture": "#metal", "uv": [ 3.0, 8.0, 10.0, 11.0 ] }
			}
		},
		{
			"name": "W2-3",
			"from": [ 0.5, 6.0, 4.5 ], 
			"to": [ 7.5, 8.0, 7.5 ], 
			"faces": {
				"north": { "reflectiveMode": 2, "texture": "#metal", "uv": [ 3.0, 11.0, 10.0, 13.0 ] },
				"east": { "reflectiveMode": 2, "texture": "#metal", "uv": [ 3.0, 3.0, 6.0, 5.0 ] },
				"south": { "reflectiveMode": 2, "texture": "#metal", "uv": [ 5.0, 5.0, 12.0, 7.0 ] },
				"west": { "reflectiveMode": 2, "texture": "#metal", "uv": [ 9.0, 8.0, 12.0, 10.0 ] },
				"up": { "reflectiveMode": 2, "texture": "#metal", "uv": [ 2.0, 5.0, 9.0, 8.0 ] },
				"down": { "reflectiveMode": 2, "texture": "#metal", "uv": [ 7.0, 5.0, 14.0, 8.0 ] }
			}
		},
		{
			"name": "W3-3",
			"from": [ 0.5, 6.0, 8.5 ], 
			"to": [ 7.5, 8.0, 11.5 ], 
			"faces": {
				"north": { "reflectiveMode": 2, "texture": "#metal", "uv": [ 3.0, 11.0, 10.0, 13.0 ] },
				"east": { "reflectiveMode": 2, "texture": "#metal", "uv": [ 4.0, 11.0, 7.0, 13.0 ] },
				"south": { "reflectiveMode": 2, "texture": "#metal", "uv": [ 2.0, 7.0, 9.0, 9.0 ] },
				"west": { "reflectiveMode": 2, "texture": "#metal", "uv": [ 8.0, 7.0, 11.0, 9.0 ] },
				"up": { "reflectiveMode": 2, "texture": "#metal", "uv": [ 4.0, 8.0, 11.0, 11.0 ] },
				"down": { "reflectiveMode": 2, "texture": "#metal", "uv": [ 4.0, 10.0, 11.0, 13.0 ] }
			}
		},
		{
			"name": "W4-3",
			"from": [ 0.5, 6.0, 12.5 ], 
			"to": [ 7.5, 8.0, 15.5 ], 
			"faces": {
				"north": { "reflectiveMode": 2, "texture": "#metal", "uv": [ 3.0, 7.0, 10.0, 9.0 ] },
				"east": { "reflectiveMode": 2, "texture": "#metal", "uv": [ 7.0, 11.0, 10.0, 13.0 ] },
				"south": { "reflectiveMode": 2, "texture": "#metal", "uv": [ 3.0, 12.0, 10.0, 14.0 ] },
				"west": { "reflectiveMode": 2, "texture": "#metal", "uv": [ 5.0, 12.0, 8.0, 14.0 ] },
				"up": { "reflectiveMode": 2, "texture": "#metal", "uv": [ 7.0, 11.0, 14.0, 14.0 ] },
				"down": { "reflectiveMode": 2, "texture": "#metal", "uv": [ 4.0, 6.0, 11.0, 9.0 ] }
			}
		},
		{
			"name": "E1-3",
			"from": [ 8.5, 6.0, 0.5 ], 
			"to": [ 15.5, 8.0, 3.5 ], 
			"faces": {
				"north": { "reflectiveMode": 2, "texture": "#metal", "uv": [ 3.0, 14.0, 10.0, 16.0 ] },
				"east": { "reflectiveMode": 2, "texture": "#metal", "uv": [ 10.0, 6.0, 13.0, 8.0 ] },
				"south": { "reflectiveMode": 2, "texture": "#metal", "uv": [ 5.0, 1.0, 12.0, 3.0 ] },
				"west": { "reflectiveMode": 2, "texture": "#metal", "uv": [ 10.0, 5.0, 13.0, 7.0 ] },
				"up": { "reflectiveMode": 2, "texture": "#metal", "uv": [ 2.0, 9.0, 9.0, 12.0 ] },
				"down": { "reflectiveMode": 2, "texture": "#metal", "uv": [ 1.0, 9.0, 8.0, 12.0 ] }
			}
		},
		{
			"name": "E2-3",
			"from": [ 8.5, 6.0, 4.5 ], 
			"to": [ 15.5, 8.0, 7.5 ], 
			"faces": {
				"north": { "reflectiveMode": 2, "texture": "#metal", "uv": [ 1.0, 7.0, 8.0, 9.0 ] },
				"east": { "reflectiveMode": 2, "texture": "#metal", "uv": [ 9.0, 5.0, 12.0, 7.0 ] },
				"south": { "reflectiveMode": 2, "texture": "#metal", "uv": [ 4.0, 8.0, 11.0, 10.0 ] },
				"west": { "reflectiveMode": 2, "texture": "#metal", "uv": [ 7.0, 9.0, 10.0, 11.0 ] },
				"up": { "reflectiveMode": 2, "texture": "#metal", "uv": [ 3.0, 13.0, 10.0, 16.0 ] },
				"down": { "reflectiveMode": 2, "texture": "#metal", "uv": [ 8.0, 12.0, 15.0, 15.0 ] }
			}
		},
		{
			"name": "E3-3",
			"from": [ 8.5, 6.0, 8.5 ], 
			"to": [ 15.5, 8.0, 11.5 ], 
			"faces": {
				"north": { "reflectiveMode": 2, "texture": "#metal", "uv": [ 5.0, 11.0, 12.0, 13.0 ] },
				"east": { "reflectiveMode": 2, "texture": "#metal", "uv": [ 9.0, 2.0, 12.0, 4.0 ] },
				"south": { "reflectiveMode": 2, "texture": "#metal", "uv": [ 7.0, 5.0, 14.0, 7.0 ] },
				"west": { "reflectiveMode": 2, "texture": "#metal", "uv": [ 8.0, 3.0, 11.0, 5.0 ] },
				"up": { "reflectiveMode": 2, "texture": "#metal", "uv": [ 0.0, 10.0, 7.0, 13.0 ] },
				"down": { "reflectiveMode": 2, "texture": "#metal", "uv": [ 6.0, 8.0, 13.0, 11.0 ] }
			}
		},
		{
			"name": "E4-3",
			"from": [ 8.5, 6.0, 12.5 ], 
			"to": [ 15.5, 8.0, 15.5 ], 
			"faces": {
				"north": { "reflectiveMode": 2, "texture": "#metal", "uv": [ 7.0, 13.0, 14.0, 15.0 ] },
				"east": { "reflectiveMode": 2, "texture": "#metal", "uv": [ 4.0, 14.0, 7.0, 16.0 ] },
				"south": { "reflectiveMode": 2, "texture": "#metal", "uv": [ 4.0, 6.0, 11.0, 8.0 ] },
				"west": { "reflectiveMode": 2, "texture": "#metal", "uv": [ 12.0, 2.0, 15.0, 4.0 ] },
				"up": { "reflectiveMode": 2, "texture": "#metal", "uv": [ 1.0, 0.0, 8.0, 3.0 ] },
				"down": { "reflectiveMode": 2, "texture": "#metal", "uv": [ 4.0, 6.0, 11.0, 9.0 ] }
			}
		},
		{
			"name": "N1-4",
			"from": [ 0.4, 8.0, 0.4 ], 
			"to": [ 3.4, 10.0, 7.4 ], 
			"faces": {
				"north": { "reflectiveMode": 2, "texture": "#metal", "uv": [ 10.0, 3.0, 13.0, 5.0 ] },
				"east": { "reflectiveMode": 2, "texture": "#metal", "uv": [ 4.0, 5.0, 11.0, 7.0 ] },
				"south": { "reflectiveMode": 2, "texture": "#metal", "uv": [ 10.0, 2.0, 13.0, 4.0 ] },
				"west": { "reflectiveMode": 2, "texture": "#metal", "uv": [ 9.0, 2.0, 16.0, 4.0 ] },
				"up": { "reflectiveMode": 2, "texture": "#metal", "uv": [ 3.0, 0.0, 6.0, 7.0 ] },
				"down": { "reflectiveMode": 2, "texture": "#metal", "uv": [ 1.0, 4.0, 4.0, 11.0 ] }
			}
		},
		{
			"name": "N2-4",
			"from": [ 4.6, 8.0, 0.4 ], 
			"to": [ 7.6, 10.0, 7.4 ], 
			"faces": {
				"north": { "reflectiveMode": 2, "texture": "#metal", "uv": [ 8.0, 11.0, 11.0, 13.0 ] },
				"east": { "reflectiveMode": 2, "texture": "#metal", "uv": [ 5.0, 7.0, 12.0, 9.0 ] },
				"south": { "reflectiveMode": 2, "texture": "#metal", "uv": [ 7.0, 5.0, 10.0, 7.0 ] },
				"west": { "reflectiveMode": 2, "texture": "#metal", "uv": [ 5.0, 6.0, 12.0, 8.0 ] },
				"up": { "reflectiveMode": 2, "texture": "#metal", "uv": [ 8.0, 5.0, 11.0, 12.0 ] },
				"down": { "reflectiveMode": 2, "texture": "#metal", "uv": [ 4.0, 9.0, 7.0, 16.0 ] }
			}
		},
		{
			"name": "N3-4",
			"from": [ 8.4, 8.0, 0.4 ], 
			"to": [ 11.4, 10.0, 7.4 ], 
			"faces": {
				"north": { "reflectiveMode": 2, "texture": "#metal", "uv": [ 4.0, 11.0, 7.0, 13.0 ] },
				"east": { "reflectiveMode": 2, "texture": "#metal", "uv": [ 4.0, 5.0, 11.0, 7.0 ] },
				"south": { "reflectiveMode": 2, "texture": "#metal", "uv": [ 4.0, 3.0, 7.0, 5.0 ] },
				"west": { "reflectiveMode": 2, "texture": "#metal", "uv": [ 4.0, 7.0, 11.0, 9.0 ] },
				"up": { "reflectiveMode": 2, "texture": "#metal", "uv": [ 7.0, 2.0, 10.0, 9.0 ] },
				"down": { "reflectiveMode": 2, "texture": "#metal", "uv": [ 8.0, 6.0, 11.0, 13.0 ] }
			}
		},
		{
			"name": "N4-4",
			"from": [ 12.6, 8.0, 0.4 ], 
			"to": [ 15.6, 10.0, 7.4 ], 
			"faces": {
				"north": { "reflectiveMode": 2, "texture": "#metal", "uv": [ 7.0, 8.0, 10.0, 10.0 ] },
				"east": { "reflectiveMode": 2, "texture": "#metal", "uv": [ 2.0, 5.0, 9.0, 7.0 ] },
				"south": { "reflectiveMode": 2, "texture": "#metal", "uv": [ 5.0, 6.0, 8.0, 8.0 ] },
				"west": { "reflectiveMode": 2, "texture": "#metal", "uv": [ 0.0, 3.0, 7.0, 5.0 ] },
				"up": { "reflectiveMode": 2, "texture": "#metal", "uv": [ 9.0, 2.0, 12.0, 9.0 ] },
				"down": { "reflectiveMode": 2, "texture": "#metal", "uv": [ 9.0, 7.0, 12.0, 14.0 ] }
			}
		},
		{
			"name": "S1-4",
			"from": [ 0.4, 8.0, 8.6 ], 
			"to": [ 3.4, 10.0, 15.6 ], 
			"faces": {
				"north": { "reflectiveMode": 2, "texture": "#metal", "uv": [ 5.0, 9.0, 8.0, 11.0 ] },
				"east": { "reflectiveMode": 2, "texture": "#metal", "uv": [ 4.0, 4.0, 11.0, 6.0 ] },
				"south": { "reflectiveMode": 2, "texture": "#metal", "uv": [ 1.0, 2.0, 4.0, 4.0 ] },
				"west": { "reflectiveMode": 2, "texture": "#metal", "uv": [ 4.0, 3.0, 11.0, 5.0 ] },
				"up": { "reflectiveMode": 2, "texture": "#metal", "uv": [ 4.0, 0.0, 7.0, 7.0 ] },
				"down": { "reflectiveMode": 2, "texture": "#metal", "uv": [ 2.0, 5.0, 5.0, 12.0 ] }
			}
		},
		{
			"name": "S2-4",
			"from": [ 4.6, 8.0, 8.6 ], 
			"to": [ 7.6, 10.0, 15.6 ], 
			"faces": {
				"north": { "reflectiveMode": 2, "texture": "#metal", "uv": [ 9.0, 8.0, 12.0, 10.0 ] },
				"east": { "reflectiveMode": 2, "texture": "#metal", "uv": [ 3.0, 5.0, 10.0, 7.0 ] },
				"south": { "reflectiveMode": 2, "texture": "#metal", "uv": [ 1.0, 5.0, 4.0, 7.0 ] },
				"west": { "reflectiveMode": 2, "texture": "#metal", "uv": [ 2.0, 11.0, 9.0, 13.0 ] },
				"up": { "reflectiveMode": 2, "texture": "#metal", "uv": [ 13.0, 0.0, 16.0, 7.0 ] },
				"down": { "reflectiveMode": 2, "texture": "#metal", "uv": [ 2.0, 9.0, 5.0, 16.0 ] }
			}
		},
		{
			"name": "S3-4",
			"from": [ 8.4, 8.0, 8.6 ], 
			"to": [ 11.4, 10.0, 15.6 ], 
			"faces": {
				"north": { "reflectiveMode": 2, "texture": "#metal", "uv": [ 8.0, 10.0, 11.0, 12.0 ] },
				"east": { "reflectiveMode": 2, "texture": "#metal", "uv": [ 2.0, 13.0, 9.0, 15.0 ] },
				"south": { "reflectiveMode": 2, "texture": "#metal", "uv": [ 3.0, 14.0, 6.0, 16.0 ] },
				"west": { "reflectiveMode": 2, "texture": "#metal", "uv": [ 1.0, 11.0, 8.0, 13.0 ] },
				"up": { "reflectiveMode": 2, "texture": "#metal", "uv": [ 8.0, 0.0, 11.0, 7.0 ] },
				"down": { "reflectiveMode": 2, "texture": "#metal", "uv": [ 5.0, 6.0, 8.0, 13.0 ] }
			}
		},
		{
			"name": "S4-4",
			"from": [ 12.6, 8.0, 8.6 ], 
			"to": [ 15.6, 10.0, 15.6 ], 
			"faces": {
				"north": { "reflectiveMode": 2, "texture": "#metal", "uv": [ 2.0, 5.0, 5.0, 7.0 ] },
				"east": { "reflectiveMode": 2, "texture": "#metal", "uv": [ 6.0, 8.0, 13.0, 10.0 ] },
				"south": { "reflectiveMode": 2, "texture": "#metal", "uv": [ 10.0, 10.0, 13.0, 12.0 ] },
				"west": { "reflectiveMode": 2, "texture": "#metal", "uv": [ 6.0, 12.0, 13.0, 14.0 ] },
				"up": { "reflectiveMode": 2, "texture": "#metal", "uv": [ 9.0, 6.0, 12.0, 13.0 ] },
				"down": { "reflectiveMode": 2, "texture": "#metal", "uv": [ 7.0, 4.0, 10.0, 11.0 ] }
			}
		},
		{
			"name": "W1-5",
			"from": [ 0.5, 10.0, 0.5 ], 
			"to": [ 7.5, 12.0, 3.5 ], 
			"faces": {
				"north": { "reflectiveMode": 2, "texture": "#metal", "uv": [ 5.0, 10.0, 12.0, 12.0 ] },
				"east": { "reflectiveMode": 2, "texture": "#metal", "uv": [ 8.0, 8.0, 11.0, 10.0 ] },
				"south": { "reflectiveMode": 2, "texture": "#metal", "uv": [ 5.0, 10.0, 12.0, 12.0 ] },
				"west": { "reflectiveMode": 2, "texture": "#metal", "uv": [ 2.0, 9.0, 5.0, 11.0 ] },
				"up": { "reflectiveMode": 2, "texture": "#metal", "uv": [ 0.0, 3.0, 7.0, 6.0 ] },
				"down": { "reflectiveMode": 2, "texture": "#metal", "uv": [ 1.0, 6.0, 8.0, 9.0 ] }
			}
		},
		{
			"name": "W2-5",
			"from": [ 0.5, 10.0, 4.5 ], 
			"to": [ 7.5, 12.0, 7.5 ], 
			"faces": {
				"north": { "reflectiveMode": 2, "texture": "#metal", "uv": [ 7.0, 5.0, 14.0, 7.0 ] },
				"east": { "reflectiveMode": 2, "texture": "#metal", "uv": [ 2.0, 0.0, 5.0, 2.0 ] },
				"south": { "reflectiveMode": 2, "texture": "#metal", "uv": [ 0.0, 4.0, 7.0, 6.0 ] },
				"west": { "reflectiveMode": 2, "texture": "#metal", "uv": [ 13.0, 3.0, 16.0, 5.0 ] },
				"up": { "reflectiveMode": 2, "texture": "#metal", "uv": [ 0.0, 7.0, 7.0, 10.0 ] },
				"down": { "reflectiveMode": 2, "texture": "#metal", "uv": [ 7.0, 0.0, 14.0, 3.0 ] }
			}
		},
		{
			"name": "W3-5",
			"from": [ 0.5, 10.0, 8.5 ], 
			"to": [ 7.5, 12.0, 11.5 ], 
			"faces": {
				"north": { "reflectiveMode": 2, "texture": "#metal", "uv": [ 6.0, 10.0, 13.0, 12.0 ] },
				"east": { "reflectiveMode": 2, "texture": "#metal", "uv": [ 4.0, 5.0, 7.0, 7.0 ] },
				"south": { "reflectiveMode": 2, "texture": "#metal", "uv": [ 4.0, 10.0, 11.0, 12.0 ] },
				"west": { "reflectiveMode": 2, "texture": "#metal", "uv": [ 6.0, 9.0, 9.0, 11.0 ] },
				"up": { "reflectiveMode": 2, "texture": "#metal", "uv": [ 2.0, 9.0, 9.0, 12.0 ] },
				"down": { "reflectiveMode": 2, "texture": "#metal", "uv": [ 2.0, 4.0, 9.0, 7.0 ] }
			}
		},
		{
			"name": "W4-5",
			"from": [ 0.5, 10.0, 12.5 ], 
			"to": [ 7.5, 12.0, 15.5 ], 
			"faces": {
				"north": { "reflectiveMode": 2, "texture": "#metal", "uv": [ 8.0, 14.0, 15.0, 16.0 ] },
				"east": { "reflectiveMode": 2, "texture": "#metal", "uv": [ 9.0, 12.0, 12.0, 14.0 ] },
				"south": { "reflectiveMode": 2, "texture": "#metal", "uv": [ 7.0, 2.0, 14.0, 4.0 ] },
				"west": { "reflectiveMode": 2, "texture": "#metal", "uv": [ 12.0, 2.0, 15.0, 4.0 ] },
				"up": { "reflectiveMode": 2, "texture": "#metal", "uv": [ 8.0, 10.0, 15.0, 13.0 ] },
				"down": { "reflectiveMode": 2, "texture": "#metal", "uv": [ 9.0, 13.0, 16.0, 16.0 ] }
			}
		},
		{
			"name": "E1-5",
			"from": [ 8.5, 10.0, 0.5 ], 
			"to": [ 15.5, 12.0, 3.5 ], 
			"faces": {
				"north": { "reflectiveMode": 2, "texture": "#metal", "uv": [ 2.0, 6.0, 9.0, 8.0 ] },
				"east": { "reflectiveMode": 2, "texture": "#metal", "uv": [ 9.0, 7.0, 12.0, 9.0 ] },
				"south": { "reflectiveMode": 2, "texture": "#metal", "uv": [ 6.0, 4.0, 13.0, 6.0 ] },
				"west": { "reflectiveMode": 2, "texture": "#metal", "uv": [ 13.0, 0.0, 16.0, 2.0 ] },
				"up": { "reflectiveMode": 2, "texture": "#metal", "uv": [ 2.0, 9.0, 9.0, 12.0 ] },
				"down": { "reflectiveMode": 2, "texture": "#metal", "uv": [ 4.0, 3.0, 11.0, 6.0 ] }
			}
		},
		{
			"name": "E2-5",
			"from": [ 8.5, 10.0, 4.5 ], 
			"to": [ 15.5, 12.0, 7.5 ], 
			"faces": {
				"north": { "reflectiveMode": 2, "texture": "#metal", "uv": [ 7.0, 5.0, 14.0, 7.0 ] },
				"east": { "reflectiveMode": 2, "texture": "#metal", "uv": [ 5.0, 9.0, 8.0, 11.0 ] },
				"south": { "reflectiveMode": 2, "texture": "#metal", "uv": [ 5.0, 6.0, 12.0, 8.0 ] },
				"west": { "reflectiveMode": 2, "texture": "#metal", "uv": [ 6.0, 12.0, 9.0, 14.0 ] },
				"up": { "reflectiveMode": 2, "texture": "#metal", "uv": [ 6.0, 8.0, 13.0, 11.0 ] },
				"down": { "reflectiveMode": 2, "texture": "#metal", "uv": [ 3.0, 1.0, 10.0, 4.0 ] }
			}
		},
		{
			"name": "E3-5",
			"from": [ 8.5, 10.0, 8.5 ], 
			"to": [ 15.5, 12.0, 11.5 ], 
			"faces": {
				"north": { "reflectiveMode": 2, "texture": "#metal", "uv": [ 2.0, 4.0, 9.0, 6.0 ] },
				"east": { "reflectiveMode": 2, "texture": "#metal", "uv": [ 11.0, 1.0, 14.0, 3.0 ] },
				"south": { "reflectiveMode": 2, "texture": "#metal", "uv": [ 5.0, 0.0, 12.0, 2.0 ] },
				"west": { "reflectiveMode": 2, "texture": "#metal", "uv": [ 7.0, 12.0, 10.0, 14.0 ] },
				"up": { "reflectiveMode": 2, "texture": "#metal", "uv": [ 0.0, 4.0, 7.0, 7.0 ] },
				"down": { "reflectiveMode": 2, "texture": "#metal", "uv": [ 3.0, 7.0, 10.0, 10.0 ] }
			}
		},
		{
			"name": "E4-5",
			"from": [ 8.5, 10.0, 12.5 ], 
			"to": [ 15.5, 12.0, 15.5 ], 
			"faces": {
				"north": { "reflectiveMode": 2, "texture": "#metal", "uv": [ 4.0, 0.0, 11.0, 2.0 ] },
				"east": { "reflectiveMode": 2, "texture": "#metal", "uv": [ 9.0, 5.0, 12.0, 7.0 ] },
				"south": { "reflectiveMode": 2, "texture": "#metal", "uv": [ 6.0, 0.0, 13.0, 2.0 ] },
				"west": { "reflectiveMode": 2, "texture": "#metal", "uv": [ 7.0, 10.0, 10.0, 12.0 ] },
				"up": { "reflectiveMode": 2, "texture": "#metal", "uv": [ 7.0, 0.0, 14.0, 3.0 ] },
				"down": { "reflectiveMode": 2, "texture": "#metal", "uv": [ 10.0, 4.0, 17.0, 7.0 ] }
			}
		},
		{
			"name": "N1-5",
			"from": [ 0.4, 12.0, 0.4 ], 
			"to": [ 3.4, 14.0, 7.4 ], 
			"faces": {
				"north": { "reflectiveMode": 2, "texture": "#metal", "uv": [ 0.0, 5.0, 3.0, 7.0 ] },
				"east": { "reflectiveMode": 2, "texture": "#metal", "uv": [ 0.0, 7.0, 7.0, 9.0 ] },
				"south": { "reflectiveMode": 2, "texture": "#metal", "uv": [ 2.0, 6.0, 5.0, 8.0 ] },
				"west": { "reflectiveMode": 2, "texture": "#metal", "uv": [ 9.0, 14.0, 16.0, 16.0 ] },
				"up": { "reflectiveMode": 2, "texture": "#metal", "uv": [ 5.0, 3.0, 8.0, 10.0 ] },
				"down": { "reflectiveMode": 2, "texture": "#metal", "uv": [ 10.0, 0.0, 13.0, 7.0 ] }
			}
		},
		{
			"name": "N2-5",
			"from": [ 4.6, 12.0, 0.4 ], 
			"to": [ 7.6, 14.0, 7.4 ], 
			"faces": {
				"north": { "reflectiveMode": 2, "texture": "#metal", "uv": [ 8.0, 10.0, 11.0, 12.0 ] },
				"east": { "reflectiveMode": 2, "texture": "#metal", "uv": [ 4.0, 8.0, 11.0, 10.0 ] },
				"south": { "reflectiveMode": 2, "texture": "#metal", "uv": [ 5.0, 5.0, 8.0, 7.0 ] },
				"west": { "reflectiveMode": 2, "texture": "#metal", "uv": [ 2.0, 8.0, 9.0, 10.0 ] },
				"up": { "reflectiveMode": 2, "texture": "#metal", "uv": [ 9.0, 0.0, 12.0, 7.0 ] },
				"down": { "reflectiveMode": 2, "texture": "#metal", "uv": [ 9.0, 6.0, 12.0, 13.0 ] }
			}
		},
		{
			"name": "N3-5",
			"from": [ 8.4, 12.0, 0.4 ], 
			"to": [ 11.4, 14.0, 7.4 ], 
			"faces": {
				"north": { "reflectiveMode": 2, "texture": "#metal", "uv": [ 8.0, 0.0, 11.0, 2.0 ] },
				"east": { "reflectiveMode": 2, "texture": "#metal", "uv": [ 6.0, 14.0, 13.0, 16.0 ] },
				"south": { "reflectiveMode": 2, "texture": "#metal", "uv": [ 0.0, 12.0, 3.0, 14.0 ] },
				"west": { "reflectiveMode": 2, "texture": "#metal", "uv": [ 0.0, 5.0, 7.0, 7.0 ] },
				"up": { "reflectiveMode": 2, "texture": "#metal", "uv": [ 4.0, 5.0, 7.0, 12.0 ] },
				"down": { "reflectiveMode": 2, "texture": "#metal", "uv": [ 7.0, 1.0, 10.0, 8.0 ] }
			}
		},
		{
			"name": "N4-5",
			"from": [ 12.6, 12.0, 0.4 ], 
			"to": [ 15.6, 14.0, 7.4 ], 
			"faces": {
				"north": { "reflectiveMode": 2, "texture": "#metal", "uv": [ 5.0, 6.0, 8.0, 8.0 ] },
				"east": { "reflectiveMode": 2, "texture": "#metal", "uv": [ 8.0, 3.0, 15.0, 5.0 ] },
				"south": { "reflectiveMode": 2, "texture": "#metal", "uv": [ 8.0, 2.0, 11.0, 4.0 ] },
				"west": { "reflectiveMode": 2, "texture": "#metal", "uv": [ 9.0, 5.0, 16.0, 7.0 ] },
				"up": { "reflectiveMode": 2, "texture": "#metal", "uv": [ 9.0, 6.0, 12.0, 13.0 ] },
				"down": { "reflectiveMode": 2, "texture": "#metal", "uv": [ 9.0, 4.0, 12.0, 11.0 ] }
			}
		},
		{
			"name": "S1-5",
			"from": [ 0.4, 12.0, 8.6 ], 
			"to": [ 3.4, 14.0, 15.6 ], 
			"faces": {
				"north": { "reflectiveMode": 2, "texture": "#metal", "uv": [ 8.0, 10.0, 11.0, 12.0 ] },
				"east": { "reflectiveMode": 2, "texture": "#metal", "uv": [ 4.0, 4.0, 11.0, 6.0 ] },
				"south": { "reflectiveMode": 2, "texture": "#metal", "uv": [ 4.0, 7.0, 7.0, 9.0 ] },
				"west": { "reflectiveMode": 2, "texture": "#metal", "uv": [ 0.0, 14.0, 7.0, 16.0 ] },
				"up": { "reflectiveMode": 2, "texture": "#metal", "uv": [ 3.0, 5.0, 6.0, 12.0 ] },
				"down": { "reflectiveMode": 2, "texture": "#metal", "uv": [ 5.0, 6.0, 8.0, 13.0 ] }
			}
		},
		{
			"name": "S2-5",
			"from": [ 4.6, 12.0, 8.6 ], 
			"to": [ 7.6, 14.0, 15.6 ], 
			"faces": {
				"north": { "reflectiveMode": 2, "texture": "#metal", "uv": [ 4.0, 9.0, 7.0, 11.0 ] },
				"east": { "reflectiveMode": 2, "texture": "#metal", "uv": [ 3.0, 3.0, 10.0, 5.0 ] },
				"south": { "reflectiveMode": 2, "texture": "#metal", "uv": [ 6.0, 10.0, 9.0, 12.0 ] },
				"west": { "reflectiveMode": 2, "texture": "#metal", "uv": [ 8.0, 14.0, 15.0, 16.0 ] },
				"up": { "reflectiveMode": 2, "texture": "#metal", "uv": [ 3.0, 7.0, 6.0, 14.0 ] },
				"down": { "reflectiveMode": 2, "texture": "#metal", "uv": [ 4.0, 4.0, 7.0, 11.0 ] }
			}
		},
		{
			"name": "S3-5",
			"from": [ 8.4, 12.0, 8.6 ], 
			"to": [ 11.4, 14.0, 15.6 ], 
			"faces": {
				"north": { "reflectiveMode": 2, "texture": "#metal", "uv": [ 6.0, 5.0, 9.0, 7.0 ] },
				"east": { "reflectiveMode": 2, "texture": "#metal", "uv": [ 1.0, 5.0, 8.0, 7.0 ] },
				"south": { "reflectiveMode": 2, "texture": "#metal", "uv": [ 7.0, 7.0, 10.0, 9.0 ] },
				"west": { "reflectiveMode": 2, "texture": "#metal", "uv": [ 6.0, 3.0, 13.0, 5.0 ] },
				"up": { "reflectiveMode": 2, "texture": "#metal", "uv": [ 12.0, 3.0, 15.0, 10.0 ] },
				"down": { "reflectiveMode": 2, "texture": "#metal", "uv": [ 5.0, 5.0, 8.0, 12.0 ] }
			}
		},
		{
			"name": "S4-5",
			"from": [ 12.6, 12.0, 8.6 ], 
			"to": [ 15.6, 14.0, 15.6 ], 
			"faces": {
				"north": { "reflectiveMode": 2, "texture": "#metal", "uv": [ 6.0, 7.0, 9.0, 9.0 ] },
				"east": { "reflectiveMode": 2, "texture": "#metal", "uv": [ 1.0, 14.0, 8.0, 16.0 ] },
				"south": { "reflectiveMode": 2, "texture": "#metal", "uv": [ 1.0, 12.0, 4.0, 14.0 ] },
				"west": { "reflectiveMode": 2, "texture": "#metal", "uv": [ 8.0, 1.0, 15.0, 3.0 ] },
				"up": { "reflectiveMode": 2, "texture": "#metal", "uv": [ 9.0, 4.0, 12.0, 11.0 ] },
				"down": { "reflectiveMode": 2, "texture": "#metal", "uv": [ 4.0, 4.0, 7.0, 11.0 ] }
			}
		},
		{
			"name": "W1-6",
			"from": [ 0.5, 14.0, 0.5 ], 
			"to": [ 7.5, 16.0, 3.5 ], 
			"faces": {
				"north": { "reflectiveMode": 2, "texture": "#metal", "uv": [ 9.0, 7.0, 16.0, 9.0 ] },
				"east": { "reflectiveMode": 2, "texture": "#metal", "uv": [ 11.0, 10.0, 14.0, 12.0 ] },
				"south": { "reflectiveMode": 2, "texture": "#metal", "uv": [ 9.0, 0.0, 16.0, 2.0 ] },
				"west": { "reflectiveMode": 2, "texture": "#metal", "uv": [ 6.0, 3.0, 9.0, 5.0 ] },
				"up": { "reflectiveMode": 2, "texture": "#metal", "uv": [ 2.0, 5.0, 9.0, 8.0 ] },
				"down": { "reflectiveMode": 2, "texture": "#metal", "uv": [ 5.0, 0.0, 12.0, 3.0 ] }
			}
		},
		{
			"name": "W2-6",
			"from": [ 0.5, 14.0, 4.5 ], 
			"to": [ 7.5, 16.0, 7.5 ], 
			"faces": {
				"north": { "reflectiveMode": 2, "texture": "#metal", "uv": [ 0.0, 4.0, 7.0, 6.0 ] },
				"east": { "reflectiveMode": 2, "texture": "#metal", "uv": [ 6.0, 12.0, 9.0, 14.0 ] },
				"south": { "reflectiveMode": 2, "texture": "#metal", "uv": [ 6.0, 7.0, 13.0, 9.0 ] },
				"west": { "reflectiveMode": 2, "texture": "#metal", "uv": [ 3.0, 5.0, 6.0, 7.0 ] },
				"up": { "reflectiveMode": 2, "texture": "#metal", "uv": [ 9.0, 9.0, 16.0, 12.0 ] },
				"down": { "reflectiveMode": 2, "texture": "#metal", "uv": [ 6.0, 4.0, 13.0, 7.0 ] }
			}
		},
		{
			"name": "W3-6",
			"from": [ 0.5, 14.0, 8.5 ], 
			"to": [ 7.5, 16.0, 11.5 ], 
			"faces": {
				"north": { "reflectiveMode": 2, "texture": "#metal", "uv": [ 6.0, 10.0, 13.0, 12.0 ] },
				"east": { "reflectiveMode": 2, "texture": "#metal", "uv": [ 10.0, 14.0, 13.0, 16.0 ] },
				"south": { "reflectiveMode": 2, "texture": "#metal", "uv": [ 6.0, 1.0, 13.0, 3.0 ] },
				"west": { "reflectiveMode": 2, "texture": "#metal", "uv": [ 8.0, 7.0, 11.0, 9.0 ] },
				"up": { "reflectiveMode": 2, "texture": "#metal", "uv": [ 9.0, 5.0, 16.0, 8.0 ] },
				"down": { "reflectiveMode": 2, "texture": "#metal", "uv": [ 8.0, 0.0, 15.0, 3.0 ] }
			}
		},
		{
			"name": "W4-6",
			"from": [ 0.5, 14.0, 12.5 ], 
			"to": [ 7.5, 16.0, 15.5 ], 
			"faces": {
				"north": { "reflectiveMode": 2, "texture": "#metal", "uv": [ 0.0, 0.0, 7.0, 2.0 ] },
				"east": { "reflectiveMode": 2, "texture": "#metal", "uv": [ 0.0, 10.0, 3.0, 12.0 ] },
				"south": { "reflectiveMode": 2, "texture": "#metal", "uv": [ 6.0, 5.0, 13.0, 7.0 ] },
				"west": { "reflectiveMode": 2, "texture": "#metal", "uv": [ 8.0, 6.0, 11.0, 8.0 ] },
				"up": { "reflectiveMode": 2, "texture": "#metal", "uv": [ 1.0, 8.0, 8.0, 11.0 ] },
				"down": { "reflectiveMode": 2, "texture": "#metal", "uv": [ 6.0, 4.0, 13.0, 7.0 ] }
			}
		},
		{
			"name": "E1-6",
			"from": [ 8.5, 14.0, 0.5 ], 
			"to": [ 15.5, 16.0, 3.5 ], 
			"faces": {
				"north": { "reflectiveMode": 2, "texture": "#metal", "uv": [ 4.0, 8.0, 11.0, 10.0 ] },
				"east": { "reflectiveMode": 2, "texture": "#metal", "uv": [ 12.0, 11.0, 15.0, 13.0 ] },
				"south": { "reflectiveMode": 2, "texture": "#metal", "uv": [ 2.0, 7.0, 9.0, 9.0 ] },
				"west": { "reflectiveMode": 2, "texture": "#metal", "uv": [ 2.0, 13.0, 5.0, 15.0 ] },
				"up": { "reflectiveMode": 2, "texture": "#metal", "uv": [ 5.0, 4.0, 12.0, 7.0 ] },
				"down": { "reflectiveMode": 2, "texture": "#metal", "uv": [ 5.0, 3.0, 12.0, 6.0 ] }
			}
		},
		{
			"name": "E2-6",
			"from": [ 8.5, 14.0, 4.5 ], 
			"to": [ 15.5, 16.0, 7.5 ], 
			"faces": {
				"north": { "reflectiveMode": 2, "texture": "#metal", "uv": [ 7.0, 12.0, 14.0, 14.0 ] },
				"east": { "reflectiveMode": 2, "texture": "#metal", "uv": [ 10.0, 11.0, 13.0, 13.0 ] },
				"south": { "reflectiveMode": 2, "texture": "#metal", "uv": [ 4.0, 5.0, 11.0, 7.0 ] },
				"west": { "reflectiveMode": 2, "texture": "#metal", "uv": [ 11.0, 4.0, 14.0, 6.0 ] },
				"up": { "reflectiveMode": 2, "texture": "#metal", "uv": [ 2.0, 2.0, 9.0, 5.0 ] },
				"down": { "reflectiveMode": 2, "texture": "#metal", "uv": [ 5.0, 12.0, 12.0, 15.0 ] }
			}
		},
		{
			"name": "E3-6",
			"from": [ 8.5, 14.0, 8.5 ], 
			"to": [ 15.5, 16.0, 11.5 ], 
			"faces": {
				"north": { "reflectiveMode": 2, "texture": "#metal", "uv": [ 4.0, 6.0, 11.0, 8.0 ] },
				"east": { "reflectiveMode": 2, "texture": "#metal", "uv": [ 5.0, 10.0, 8.0, 12.0 ] },
				"south": { "reflectiveMode": 2, "texture": "#metal", "uv": [ 8.0, 6.0, 15.0, 8.0 ] },
				"west": { "reflectiveMode": 2, "texture": "#metal", "uv": [ 1.0, 0.0, 4.0, 2.0 ] },
				"up": { "reflectiveMode": 2, "texture": "#metal", "uv": [ 7.0, 1.0, 14.0, 4.0 ] },
				"down": { "reflectiveMode": 2, "texture": "#metal", "uv": [ 6.0, 3.0, 13.0, 6.0 ] }
			}
		},
		{
			"name": "E4-6",
			"from": [ 8.5, 14.0, 12.5 ], 
			"to": [ 15.5, 16.0, 15.5 ], 
			"faces": {
				"north": { "reflectiveMode": 2, "texture": "#metal", "uv": [ 4.0, 9.0, 11.0, 11.0 ] },
				"east": { "reflectiveMode": 2, "texture": "#metal", "uv": [ 4.0, 3.0, 7.0, 5.0 ] },
				"south": { "reflectiveMode": 2, "texture": "#metal", "uv": [ 7.0, 6.0, 14.0, 8.0 ] },
				"west": { "reflectiveMode": 2, "texture": "#metal", "uv": [ 4.0, 8.0, 7.0, 10.0 ] },
				"up": { "reflectiveMode": 2, "texture": "#metal", "uv": [ 6.0, 13.0, 13.0, 16.0 ] },
				"down": { "reflectiveMode": 2, "texture": "#metal", "uv": [ 3.0, 5.0, 10.0, 8.0 ] }
			}
		}
	]}