{
	"editor": {
		"allAngles": false,
		"entityTextureMode": false
	},
	"textureWidth": 16,
	"textureHeight": 16,
	"textureSizes": {
	},
	"textures": {
		"string": "game:item/tool/material/string",
		"metal": "game:block/metal/ingot/copper",
		"handle": "game:item/tool/material/handle"
	},
	"elements": [
		{
			"name": "origin",
			"from": [ 20.0, 0.5, 8.0 ],
			"to": [ 20.0, 0.5, 8.0 ],
			"rotationOrigin": [ 8.0, 0.0, 8.0 ],
			"faces": {
				"north": { "texture": "#string", "uv": [ 0.0, 0.0, 0.5, 0.5 ] },
				"east": { "texture": "#string", "uv": [ 0.0, 0.0, 0.5, 0.5 ] },
				"south": { "texture": "#string", "uv": [ 0.0, 0.0, 0.5, 0.5 ] },
				"west": { "texture": "#string", "uv": [ 0.0, 0.0, 0.5, 0.5 ] },
				"up": { "texture": "#string", "uv": [ 0.0, 0.0, 0.5, 0.5 ] },
				"down": { "texture": "#string", "uv": [ 0.0, 0.0, 0.5, 0.5 ] }
			},
			"children": [
				{
					"name": "handle 1",
					"from": [ -8.0, -0.5, -0.5 ],
					"to": [ 8.0, 1.0, 1.0 ],
					"rotationOrigin": [ -9.5, -8.0, 0.0 ],
					"faces": {
						"north": { "texture": "#handle", "uv": [ 0.0, 5.5, 16.0, 7.0 ] },
						"east": { "texture": "#handle", "uv": [ 0.5, 0.5, 2.0, 2.0 ] },
						"south": { "texture": "#handle", "uv": [ 0.0, 10.5, 16.0, 12.0 ] },
						"west": { "texture": "#handle", "uv": [ 14.0, 10.0, 15.5, 11.5 ] },
						"up": { "texture": "#handle", "uv": [ 0.0, 4.5, 16.0, 6.0 ] },
						"down": { "texture": "#handle", "uv": [ 0.0, 5.0, 16.0, 6.5 ] }
					},
					"children": [
						{
							"name": "Cube2",
							"from": [ 11.6, -0.11, -1.7 ],
							"to": [ 12.6, 1.65, 2.9 ],
							"rotationOrigin": [ 11.6, -0.3, -1.7 ],
							"faces": {
								"north": { "texture": "#handle", "uv": [ 0.0, 0.0, 1.0, 1.5 ] },
								"east": { "texture": "#handle", "uv": [ 0.0, 0.0, 4.5, 1.5 ] },
								"south": { "texture": "#handle", "uv": [ 0.0, 0.0, 1.0, 1.5 ] },
								"west": { "texture": "#handle", "uv": [ 0.0, 0.0, 4.5, 1.5 ] },
								"up": { "texture": "#handle", "uv": [ 0.0, 0.0, 1.0, 4.5 ] },
								"down": { "texture": "#handle", "uv": [ 0.0, 0.0, 1.0, 4.5 ] }
							}
						}
					]
				},
				{
					"name": "string 1",
					"from": [ 4.3, -0.9, -2.4 ],
					"to": [ 4.8, 1.3, 3.0 ],
					"rotationOrigin": [ 4.3, -0.9, -0.9 ],
					"rotationY": 51.0,
					"rotationZ": -1.0,
					"faces": {
						"north": { "texture": "#string", "uv": [ 9.5, 0.0, 11.5, 0.5 ], "rotation": 90 },
						"east": { "texture": "#string", "uv": [ 2.0, 2.0, 7.0, 4.0 ] },
						"south": { "texture": "#string", "uv": [ 5.5, 2.0, 7.5, 2.5 ], "rotation": 90 },
						"west": { "texture": "#string", "uv": [ 1.0, 1.5, 6.0, 3.5 ] },
						"up": { "texture": "#string", "uv": [ 1.0, 0.0, 6.0, 0.5 ], "rotation": 90 },
						"down": { "texture": "#string", "uv": [ 7.5, 1.0, 12.5, 1.5 ], "rotation": 90 }
					}
				},
				{
					"name": "string 2",
					"from": [ 5.9, -0.9, -1.7 ],
					"to": [ 6.4, 1.3, 3.2 ],
					"rotationOrigin": [ 5.9, -0.9, -0.2 ],
					"rotationY": -52.0,
					"faces": {
						"north": { "texture": "#string", "uv": [ 1.0, 0.0, 3.0, 0.5 ], "rotation": 90 },
						"east": { "texture": "#string", "uv": [ 0.0, 0.0, 4.5, 2.0 ] },
						"south": { "texture": "#string", "uv": [ 0.0, 0.0, 0.5, 2.0 ] },
						"west": { "texture": "#string", "uv": [ 0.0, 0.0, 4.5, 2.0 ] },
						"up": { "texture": "#string", "uv": [ 3.5, 0.0, 8.0, 0.5 ], "rotation": 90 },
						"down": { "texture": "#string", "uv": [ 0.0, 0.0, 0.5, 4.5 ] }
					}
				},
				{
					"name": "string 3",
					"from": [ 4.0, -0.6, -0.7 ],
					"to": [ 4.5, 1.1, 1.3 ],
					"rotationOrigin": [ 4.0, -0.6, 0.8 ],
					"rotationY": 12.0,
					"faces": {
						"north": { "texture": "#string", "uv": [ 8.5, 0.5, 10.0, 1.0 ], "rotation": 90 },
						"east": { "texture": "#string", "uv": [ 0.0, 0.0, 2.0, 1.5 ] },
						"south": { "texture": "#string", "uv": [ 1.0, 0.5, 2.5, 1.0 ], "rotation": 90 },
						"west": { "texture": "#string", "uv": [ 2.0, 2.5, 4.0, 4.0 ] },
						"up": { "texture": "#string", "uv": [ 0.0, 0.0, 0.5, 2.0 ] },
						"down": { "texture": "#string", "uv": [ 0.0, 0.0, 0.5, 2.0 ] }
					}
				},
				{
					"name": "string 4",
					"from": [ 3.2, -0.6, -0.9 ],
					"to": [ 3.7, 1.1, 1.1 ],
					"rotationOrigin": [ 3.2, -0.6, 0.6 ],
					"rotationX": 2.0,
					"rotationY": -26.0,
					"faces": {
						"north": { "texture": "#string", "uv": [ 0.0, 0.5, 1.5, 1.0 ], "rotation": 90 },
						"east": { "texture": "#string", "uv": [ 0.0, 0.0, 2.0, 1.5 ] },
						"south": { "texture": "#string", "uv": [ 2.0, 0.5, 3.5, 1.0 ], "rotation": 90 },
						"west": { "texture": "#string", "uv": [ 0.0, 4.0, 2.0, 5.5 ] },
						"up": { "texture": "#string", "uv": [ 3.0, 0.5, 5.0, 1.0 ], "rotation": 90 },
						"down": { "texture": "#string", "uv": [ 6.5, 0.5, 8.5, 1.0 ], "rotation": 90 }
					}
				},
				{
					"name": "string 5",
					"from": [ 2.8, -0.6, -0.8 ],
					"to": [ 3.3, 1.1, 1.2 ],
					"rotationOrigin": [ 2.8, -0.6, 0.7 ],
					"rotationX": 1.0,
					"faces": {
						"north": { "texture": "#string", "uv": [ 1.0, 0.5, 2.5, 1.0 ], "rotation": 90 },
						"east": { "texture": "#string", "uv": [ 0.0, 2.0, 2.0, 3.5 ] },
						"south": { "texture": "#string", "uv": [ 0.0, 2.5, 1.5, 3.0 ], "rotation": 90 },
						"west": { "texture": "#string", "uv": [ 2.0, 2.5, 4.0, 4.0 ] },
						"up": { "texture": "#string", "uv": [ 4.5, 0.0, 6.5, 0.5 ], "rotation": 90 },
						"down": { "texture": "#string", "uv": [ 2.5, 2.0, 4.5, 2.5 ], "rotation": 90 }
					}
				},
				{
					"name": "holder",
					"from": [ 4.5, -0.8, -0.8 ],
					"to": [ 7.5, 1.2, 1.2 ],
					"rotationOrigin": [ 4.5, -0.8, -0.8 ],
					"faces": {
						"north": { "texture": "#metal", "uv": [ 7.0, 3.0, 10.0, 5.0 ] },
						"east": { "texture": "#metal", "uv": [ 1.0, 2.0, 3.0, 4.0 ] },
						"south": { "texture": "#metal", "uv": [ 6.0, 4.0, 9.0, 6.0 ] },
						"west": { "texture": "#metal", "uv": [ 6.0, 2.0, 8.0, 4.0 ] },
						"up": { "texture": "#metal", "uv": [ 6.0, 7.5, 8.0, 10.5 ], "rotation": 90 },
						"down": { "texture": "#metal", "uv": [ 4.0, 3.0, 7.0, 5.0 ] }
					},
					"children": [
						{
							"name": "connection",
							"from": [ 3.0, 0.1, 0.1 ],
							"to": [ 5.0, 1.9, 1.9 ],
							"rotationOrigin": [ 3.0, 0.1, 0.1 ],
							"faces": {
								"north": { "texture": "#metal", "uv": [ 0.0, 0.0, 2.0, 1.5 ] },
								"east": { "texture": "#metal", "uv": [ 0.0, 0.0, 1.5, 1.5 ] },
								"south": { "texture": "#metal", "uv": [ 0.0, 0.0, 2.0, 1.5 ] },
								"west": { "texture": "#metal", "uv": [ 0.0, 0.0, 1.5, 1.5 ] },
								"up": { "texture": "#metal", "uv": [ 0.0, 0.0, 2.0, 1.5 ] },
								"down": { "texture": "#metal", "uv": [ 0.0, 0.0, 2.0, 1.5 ] }
							},
							"children": [
								{
									"name": "begining",
									"from": [ 2.0, 0.5, 0.2 ],
									"to": [ 3.0, 1.5, 1.6 ],
									"rotationOrigin": [ 2.0, 0.5, 0.2 ],
									"faces": {
										"north": { "texture": "#metal", "uv": [ 0.0, 0.0, 1.0, 1.0 ] },
										"east": { "texture": "#metal", "uv": [ 0.0, 0.0, 1.0, 1.0 ] },
										"south": { "texture": "#metal", "uv": [ 0.0, 0.0, 1.0, 1.0 ] },
										"west": { "texture": "#metal", "uv": [ 0.0, 0.0, 1.0, 1.0 ] },
										"up": { "texture": "#metal", "uv": [ 0.0, 0.0, 1.0, 1.0 ] },
										"down": { "texture": "#metal", "uv": [ 0.0, 0.0, 1.0, 1.0 ] }
									},
									"children": [
										{
											"name": "main spike",
											"from": [ 1.0, 0.2, 0.1 ],
											"to": [ 7.0, 0.8, 1.3 ],
											"rotationOrigin": [ 1.0, 0.2, 0.1 ],
											"rotationZ": 3.0,
											"faces": {
												"north": { "texture": "#metal", "uv": [ 0.0, 0.0, 6.0, 0.5 ] },
												"east": { "texture": "#metal", "uv": [ 0.0, 0.0, 1.0, 0.5 ] },
												"south": { "texture": "#metal", "uv": [ 0.0, 0.0, 6.0, 0.5 ] },
												"west": { "texture": "#metal", "uv": [ 0.0, 0.0, 1.0, 0.5 ] },
												"up": { "texture": "#metal", "uv": [ 0.0, 0.0, 6.0, 1.0 ] },
												"down": { "texture": "#metal", "uv": [ 0.0, 0.0, 6.0, 1.0 ] }
											},
											"children": [
												{
													"name": "tip3",
													"from": [ 5.7, 0.1, 0.2 ],
													"to": [ 6.7, 0.5, 1.0 ],
													"rotationOrigin": [ 15.5996, 0.2, 3.8098 ],
													"faces": {
														"north": { "texture": "#metal", "uv": [ 0.0, 0.0, 1.0, 0.5 ] },
														"east": { "texture": "#metal", "uv": [ 0.0, 0.0, 0.5, 0.5 ] },
														"south": { "texture": "#metal", "uv": [ 0.0, 0.0, 1.0, 0.5 ] },
														"west": { "texture": "#metal", "uv": [ 0.0, 0.0, 0.5, 0.5 ] },
														"up": { "texture": "#metal", "uv": [ 0.0, 0.0, 1.0, 0.5 ] },
														"down": { "texture": "#metal", "uv": [ 0.0, 0.0, 1.0, 0.5 ] }
													},
													"children": [
														{
															"name": "tip5",
															"from": [ 0.6, 0.1, 0.1 ],
															"to": [ 1.6, 0.3, 0.7 ],
															"rotationOrigin": [ 10.4996, 0.2, 3.7098 ],
															"faces": {
																"north": { "texture": "#metal", "uv": [ 0.0, 0.0, 1.0, 0.5 ] },
																"east": { "texture": "#metal", "uv": [ 0.0, 0.0, 0.5, 0.5 ] },
																"south": { "texture": "#metal", "uv": [ 0.0, 0.0, 1.0, 0.5 ] },
																"west": { "texture": "#metal", "uv": [ 0.0, 0.0, 0.5, 0.5 ] },
																"up": { "texture": "#metal", "uv": [ 0.0, 0.0, 1.0, 0.5 ] },
																"down": { "texture": "#metal", "uv": [ 0.0, 0.0, 1.0, 0.5 ] }
															}
														}
													]
												}
											]
										}
									]
								}
							]
						},
						{
							"name": "connection2",
							"from": [ 3.4, 0.4, 3.0 ],
							"to": [ 5.4, 1.6, 4.6 ],
							"rotationOrigin": [ 3.4, 0.4, 3.0 ],
							"rotationY": -6.0,
							"faces": {
								"north": { "texture": "#metal", "uv": [ 0.0, 0.0, 2.0, 1.0 ] },
								"east": { "texture": "#metal", "uv": [ 0.0, 0.0, 1.5, 1.0 ] },
								"south": { "texture": "#metal", "uv": [ 0.0, 0.0, 2.0, 1.0 ] },
								"west": { "texture": "#metal", "uv": [ 0.0, 0.0, 1.5, 1.0 ] },
								"up": { "texture": "#metal", "uv": [ 0.0, 0.0, 2.0, 1.5 ] },
								"down": { "texture": "#metal", "uv": [ 0.0, 0.0, 2.0, 1.5 ] }
							},
							"children": [
								{
									"name": "begining2",
									"from": [ 2.0, 0.1, 0.1 ],
									"to": [ 3.0, 1.1, 1.5 ],
									"rotationOrigin": [ 2.0, 0.1, 0.1 ],
									"faces": {
										"north": { "texture": "#metal", "uv": [ 0.0, 0.0, 1.0, 1.0 ] },
										"east": { "texture": "#metal", "uv": [ 0.0, 0.0, 1.0, 1.0 ] },
										"south": { "texture": "#metal", "uv": [ 0.0, 0.0, 1.0, 1.0 ] },
										"west": { "texture": "#metal", "uv": [ 0.0, 0.0, 1.0, 1.0 ] },
										"up": { "texture": "#metal", "uv": [ 0.0, 0.0, 1.0, 1.0 ] },
										"down": { "texture": "#metal", "uv": [ 0.0, 0.0, 1.0, 1.0 ] }
									},
									"children": [
										{
											"name": "main spike2",
											"from": [ 1.0, 0.2, 0.1 ],
											"to": [ 6.0, 0.8, 1.3 ],
											"rotationOrigin": [ 1.0, 0.2, 0.1 ],
											"rotationZ": 3.0,
											"faces": {
												"north": { "texture": "#metal", "uv": [ 0.0, 0.0, 5.0, 0.5 ] },
												"east": { "texture": "#metal", "uv": [ 0.0, 0.0, 1.0, 0.5 ] },
												"south": { "texture": "#metal", "uv": [ 0.0, 0.0, 5.0, 0.5 ] },
												"west": { "texture": "#metal", "uv": [ 0.0, 0.0, 1.0, 0.5 ] },
												"up": { "texture": "#metal", "uv": [ 0.0, 0.0, 5.0, 1.0 ] },
												"down": { "texture": "#metal", "uv": [ 0.0, 0.0, 5.0, 1.0 ] }
											},
											"children": [
												{
													"name": "tip",
													"from": [ 4.8, 0.1, 0.2 ],
													"to": [ 5.8, 0.5, 1.0 ],
													"rotationOrigin": [ 4.8, 0.1, 0.2 ],
													"faces": {
														"north": { "texture": "#metal", "uv": [ 0.0, 0.0, 1.0, 0.5 ] },
														"east": { "texture": "#metal", "uv": [ 0.0, 0.0, 0.5, 0.5 ] },
														"south": { "texture": "#metal", "uv": [ 0.0, 0.0, 1.0, 0.5 ] },
														"west": { "texture": "#metal", "uv": [ 0.0, 0.0, 0.5, 0.5 ] },
														"up": { "texture": "#metal", "uv": [ 0.0, 0.0, 1.0, 0.5 ] },
														"down": { "texture": "#metal", "uv": [ 0.0, 0.0, 1.0, 0.5 ] }
													},
													"children": [
														{
															"name": "tip4",
															"from": [ 0.6, 0.1, 0.1 ],
															"to": [ 1.6, 0.3, 0.7 ],
															"rotationOrigin": [ 0.6, 0.1, 0.1 ],
															"faces": {
																"north": { "texture": "#metal", "uv": [ 0.0, 0.0, 1.0, 0.5 ] },
																"east": { "texture": "#metal", "uv": [ 0.0, 0.0, 0.5, 0.5 ] },
																"south": { "texture": "#metal", "uv": [ 0.0, 0.0, 1.0, 0.5 ] },
																"west": { "texture": "#metal", "uv": [ 0.0, 0.0, 0.5, 0.5 ] },
																"up": { "texture": "#metal", "uv": [ 0.0, 0.0, 1.0, 0.5 ] },
																"down": { "texture": "#metal", "uv": [ 0.0, 0.0, 1.0, 0.5 ] }
															}
														}
													]
												}
											]
										}
									]
								}
							]
						},
						{
							"name": "connection3",
							"from": [ 3.2, 0.5, -2.8 ],
							"to": [ 5.2, 1.7, -1.2 ],
							"rotationOrigin": [ 3.2, 0.5, -2.8 ],
							"rotationY": 6.0,
							"faces": {
								"north": { "texture": "#metal", "uv": [ 0.0, 0.0, 2.0, 1.0 ] },
								"east": { "texture": "#metal", "uv": [ 0.0, 0.0, 1.5, 1.0 ] },
								"south": { "texture": "#metal", "uv": [ 0.0, 0.0, 2.0, 1.0 ] },
								"west": { "texture": "#metal", "uv": [ 0.0, 0.0, 1.5, 1.0 ] },
								"up": { "texture": "#metal", "uv": [ 0.0, 0.0, 2.0, 1.5 ] },
								"down": { "texture": "#metal", "uv": [ 0.0, 0.0, 2.0, 1.5 ] }
							},
							"children": [
								{
									"name": "begining3",
									"from": [ 2.0, 0.1, 0.1 ],
									"to": [ 3.0, 1.1, 1.5 ],
									"rotationOrigin": [ 2.0, 0.1, 0.1 ],
									"faces": {
										"north": { "texture": "#metal", "uv": [ 0.0, 0.0, 1.0, 1.0 ] },
										"east": { "texture": "#metal", "uv": [ 0.0, 0.0, 1.0, 1.0 ] },
										"south": { "texture": "#metal", "uv": [ 0.0, 0.0, 1.0, 1.0 ] },
										"west": { "texture": "#metal", "uv": [ 0.0, 0.0, 1.0, 1.0 ] },
										"up": { "texture": "#metal", "uv": [ 0.0, 0.0, 1.0, 1.0 ] },
										"down": { "texture": "#metal", "uv": [ 0.0, 0.0, 1.0, 1.0 ] }
									},
									"children": [
										{
											"name": "main spike3",
											"from": [ 1.0, 0.2, 0.1 ],
											"to": [ 6.0, 0.8, 1.3 ],
											"rotationOrigin": [ 1.0, 0.2, 0.1 ],
											"rotationZ": 3.0,
											"faces": {
												"north": { "texture": "#metal", "uv": [ 0.0, 0.0, 5.0, 0.5 ] },
												"east": { "texture": "#metal", "uv": [ 0.0, 0.0, 1.0, 0.5 ] },
												"south": { "texture": "#metal", "uv": [ 0.0, 0.0, 5.0, 0.5 ] },
												"west": { "texture": "#metal", "uv": [ 0.0, 0.0, 1.0, 0.5 ] },
												"up": { "texture": "#metal", "uv": [ 0.0, 0.0, 5.0, 1.0 ] },
												"down": { "texture": "#metal", "uv": [ 0.0, 0.0, 5.0, 1.0 ] }
											},
											"children": [
												{
													"name": "tip2",
													"from": [ 4.8, 0.1, 0.2 ],
													"to": [ 5.8, 0.5, 1.0 ],
													"rotationOrigin": [ 8.9078, 0.2, 7.8994 ],
													"faces": {
														"north": { "texture": "#metal", "uv": [ 0.0, 0.0, 1.0, 0.5 ] },
														"east": { "texture": "#metal", "uv": [ 0.0, 0.0, 0.5, 0.5 ] },
														"south": { "texture": "#metal", "uv": [ 0.0, 0.0, 1.0, 0.5 ] },
														"west": { "texture": "#metal", "uv": [ 0.0, 0.0, 0.5, 0.5 ] },
														"up": { "texture": "#metal", "uv": [ 0.0, 0.0, 1.0, 0.5 ] },
														"down": { "texture": "#metal", "uv": [ 0.0, 0.0, 1.0, 0.5 ] }
													},
													"children": [
														{
															"name": "tip6",
															"from": [ 0.8, 0.1, 0.1 ],
															"to": [ 1.8, 0.3, 0.7 ],
															"rotationOrigin": [ 4.9078, 0.2, 7.7994 ],
															"rotationX": 0.0,
															"rotationY": 0.0,
															"rotationZ": 0.0,
															"faces": {
																"north": { "texture": "#metal", "uv": [ 0.0, 0.0, 1.0, 0.5 ] },
																"east": { "texture": "#metal", "uv": [ 0.0, 0.0, 0.5, 0.5 ] },
																"south": { "texture": "#metal", "uv": [ 0.0, 0.0, 1.0, 0.5 ] },
																"west": { "texture": "#metal", "uv": [ 0.0, 0.0, 0.5, 0.5 ] },
																"up": { "texture": "#metal", "uv": [ 0.0, 0.0, 1.0, 0.5 ] },
																"down": { "texture": "#metal", "uv": [ 0.0, 0.0, 1.0, 0.5 ] }
															}
														}
													]
												}
											]
										}
									]
								}
							]
						},
						{
							"name": "wing",
							"from": [ 1.3, 0.29, 0.9 ],
							"to": [ 5.3, 1.74, 2.5 ],
							"rotationOrigin": [ 1.3, 0.3, 0.9 ],
							"rotationY": -40.0,
							"faces": {
								"north": { "texture": "#metal", "uv": [ 0.0, 0.0, 4.0, 1.0 ] },
								"east": { "texture": "#metal", "uv": [ 0.0, 0.0, 1.5, 1.0 ] },
								"south": { "texture": "#metal", "uv": [ 0.0, 0.0, 4.0, 1.0 ] },
								"west": { "texture": "#metal", "uv": [ 0.0, 0.0, 1.5, 1.0 ] },
								"up": { "texture": "#metal", "uv": [ 0.0, 0.0, 4.0, 1.5 ] },
								"down": { "texture": "#metal", "uv": [ 0.0, 0.0, 4.0, 1.5 ] }
							}
						},
						{
							"name": "wing2",
							"from": [ 1.3, 1.79, 0.9 ],
							"to": [ 5.3, 3.21, 2.5 ],
							"rotationOrigin": [ 1.3, 1.8, 0.9 ],
							"rotationX": -180.0,
							"rotationY": -40.0,
							"faces": {
								"north": { "texture": "#metal", "uv": [ 0.0, 0.0, 4.0, 1.0 ] },
								"east": { "texture": "#metal", "uv": [ 0.0, 0.0, 1.5, 1.0 ] },
								"south": { "texture": "#metal", "uv": [ 0.0, 0.0, 4.0, 1.0 ] },
								"west": { "texture": "#metal", "uv": [ 0.0, 0.0, 1.5, 1.0 ] },
								"up": { "texture": "#metal", "uv": [ 0.0, 0.0, 4.0, 1.5 ] },
								"down": { "texture": "#metal", "uv": [ 0.0, 0.0, 4.0, 1.5 ] }
							}
						}
					]
				},
				{
					"name": "string 6",
					"from": [ -18.5, -0.6, -1.2 ],
					"to": [ -17.5, 1.1, 1.3 ],
					"rotationOrigin": [ -18.5, -0.6, 0.3 ],
					"rotationY": -34.0,
					"rotationZ": 2.0,
					"faces": {
						"north": { "texture": "#string", "uv": [ 7.5, 1.0, 9.0, 2.0 ], "rotation": 90 },
						"east": { "texture": "#string", "uv": [ 0.0, 2.0, 2.5, 3.5 ] },
						"south": { "texture": "#string", "uv": [ 6.0, 3.5, 7.5, 4.5 ], "rotation": 90 },
						"west": { "texture": "#string", "uv": [ 3.0, 2.5, 5.5, 4.0 ] },
						"up": { "texture": "#string", "uv": [ 8.0, 1.5, 10.5, 2.5 ], "rotation": 90 },
						"down": { "texture": "#string", "uv": [ 7.0, 2.0, 9.5, 3.0 ], "rotation": 90 }
					}
				},
				{
					"name": "handle 2",
					"from": [ -24.0, -0.5, -0.5 ],
					"to": [ -8.0, 1.0, 1.0 ],
					"rotationOrigin": [ -25.5, -8.0, 0.0 ],
					"faces": {
						"north": { "texture": "#handle", "uv": [ 0.0, 5.5, 16.0, 7.0 ] },
						"east": { "texture": "#handle", "uv": [ 0.5, 0.5, 2.0, 2.0 ] },
						"south": { "texture": "#handle", "uv": [ 0.0, 10.5, 16.0, 12.0 ] },
						"west": { "texture": "#handle", "uv": [ 14.0, 10.0, 15.5, 11.5 ] },
						"up": { "texture": "#handle", "uv": [ 0.0, 4.5, 16.0, 6.0 ] },
						"down": { "texture": "#handle", "uv": [ 0.0, 5.0, 16.0, 6.5 ] }
					}
				},
				{
					"name": "handle 3",
					"from": [ -32.0, -0.5, -0.5 ],
					"to": [ -24.0, 1.0, 1.0 ],
					"rotationOrigin": [ -33.5, -8.0, 0.0 ],
					"faces": {
						"north": { "texture": "#handle", "uv": [ 0.0, 5.5, 8.0, 7.0 ] },
						"east": { "texture": "#handle", "uv": [ 0.5, 0.5, 2.0, 2.0 ] },
						"south": { "texture": "#handle", "uv": [ 0.0, 10.5, 8.0, 12.0 ] },
						"west": { "texture": "#handle", "uv": [ 14.0, 10.0, 15.5, 11.5 ] },
						"up": { "texture": "#handle", "uv": [ 0.0, 4.5, 8.0, 6.0 ] },
						"down": { "texture": "#handle", "uv": [ 0.0, 5.0, 8.0, 6.5 ] }
					}
				},
				{
					"name": "string 22",
					"from": [ -17.3, -0.6, -1.2 ],
					"to": [ -16.8, 1.1, 1.3 ],
					"rotationOrigin": [ -17.3, -0.6, 1.3 ],
					"rotationX": 3.0,
					"rotationY": 43.0,
					"rotationZ": 1.0,
					"faces": {
						"north": { "texture": "#string", "uv": [ 7.5, 1.0, 9.0, 1.5 ], "rotation": 90 },
						"east": { "texture": "#string", "uv": [ 0.0, 2.0, 2.5, 3.5 ] },
						"south": { "texture": "#string", "uv": [ 0.0, 2.5, 1.5, 3.0 ], "rotation": 90 },
						"west": { "texture": "#string", "uv": [ 2.0, 2.5, 4.5, 4.0 ] },
						"up": { "texture": "#string", "uv": [ 8.5, 4.0, 11.0, 4.5 ], "rotation": 90 },
						"down": { "texture": "#string", "uv": [ 2.5, 2.0, 5.0, 2.5 ], "rotation": 90 }
					}
				},
				{
					"name": "string 23",
					"from": [ -19.4, -0.6, -0.7 ],
					"to": [ -18.9, 1.1, 1.3 ],
					"rotationOrigin": [ -19.4, -0.6, 0.8 ],
					"rotationY": -6.0,
					"faces": {
						"north": { "texture": "#string", "uv": [ 0.0, 0.5, 1.5, 1.0 ], "rotation": 90 },
						"east": { "texture": "#string", "uv": [ 0.0, 0.0, 2.0, 1.5 ] },
						"south": { "texture": "#string", "uv": [ 2.0, 0.5, 3.5, 1.0 ], "rotation": 90 },
						"west": { "texture": "#string", "uv": [ 0.0, 4.0, 2.0, 5.5 ] },
						"up": { "texture": "#string", "uv": [ 3.0, 0.5, 5.0, 1.0 ], "rotation": 90 },
						"down": { "texture": "#string", "uv": [ 6.5, 0.5, 8.5, 1.0 ], "rotation": 90 }
					}
				},
				{
					"name": "string 24",
					"from": [ -20.1, -0.6, -0.9 ],
					"to": [ -19.6, 1.2, 1.1 ],
					"rotationOrigin": [ -20.1, -0.6, 0.6 ],
					"rotationX": 1.0,
					"rotationY": -21.1,
					"rotationZ": -2.0,
					"faces": {
						"north": { "texture": "#string", "uv": [ 4.0, 0.0, 5.5, 0.5 ], "rotation": 90 },
						"east": { "texture": "#string", "uv": [ 0.0, 2.0, 2.0, 3.5 ] },
						"south": { "texture": "#string", "uv": [ 0.0, 2.5, 1.5, 3.0 ], "rotation": 90 },
						"west": { "texture": "#string", "uv": [ 2.0, 2.5, 4.0, 4.0 ] },
						"up": { "texture": "#string", "uv": [ 6.5, 0.0, 8.5, 0.5 ], "rotation": 90 },
						"down": { "texture": "#string", "uv": [ 2.5, 2.0, 4.5, 2.5 ], "rotation": 90 }
					}
				},
				{
					"name": "string 26",
					"from": [ -15.2, -0.6, -1.2 ],
					"to": [ -14.7, 1.1, 1.3 ],
					"rotationOrigin": [ -15.2, -0.6, 1.3 ],
					"rotationX": 3.0,
					"rotationY": 43.0,
					"rotationZ": 1.0,
					"faces": {
						"north": { "texture": "#string", "uv": [ 7.5, 1.0, 9.0, 1.5 ], "rotation": 90 },
						"east": { "texture": "#string", "uv": [ 0.0, 2.0, 2.5, 3.5 ] },
						"south": { "texture": "#string", "uv": [ 0.0, 2.5, 1.5, 3.0 ], "rotation": 90 },
						"west": { "texture": "#string", "uv": [ 2.0, 2.5, 4.5, 4.0 ] },
						"up": { "texture": "#string", "uv": [ 8.5, 4.0, 11.0, 4.5 ], "rotation": 90 },
						"down": { "texture": "#string", "uv": [ 2.5, 2.0, 5.0, 2.5 ], "rotation": 90 }
					}
				},
				{
					"name": "string 27",
					"from": [ -16.4, -0.6, -1.2 ],
					"to": [ -15.4, 1.1, 1.3 ],
					"rotationOrigin": [ -16.4, -0.6, 0.3 ],
					"rotationY": -34.0,
					"rotationZ": 2.0,
					"faces": {
						"north": { "texture": "#string", "uv": [ 7.5, 1.0, 9.0, 2.0 ], "rotation": 90 },
						"east": { "texture": "#string", "uv": [ 0.0, 2.0, 2.5, 3.5 ] },
						"south": { "texture": "#string", "uv": [ 6.0, 3.5, 7.5, 4.5 ], "rotation": 90 },
						"west": { "texture": "#string", "uv": [ 3.0, 2.5, 5.5, 4.0 ] },
						"up": { "texture": "#string", "uv": [ 3.5, 3.0, 6.0, 4.0 ], "rotation": 90 },
						"down": { "texture": "#string", "uv": [ 7.0, 2.0, 9.5, 3.0 ], "rotation": 90 }
					}
				},
				{
					"name": "string 28",
					"from": [ -14.8, -0.6, -0.7 ],
					"to": [ -14.3, 1.1, 1.3 ],
					"rotationOrigin": [ -14.8, -0.6, 0.8 ],
					"rotationY": -6.0,
					"faces": {
						"north": { "texture": "#string", "uv": [ 0.0, 0.5, 1.5, 1.0 ], "rotation": 90 },
						"east": { "texture": "#string", "uv": [ 0.0, 0.0, 2.0, 1.5 ] },
						"south": { "texture": "#string", "uv": [ 2.0, 0.5, 3.5, 1.0 ], "rotation": 90 },
						"west": { "texture": "#string", "uv": [ 0.0, 4.0, 2.0, 5.5 ] },
						"up": { "texture": "#string", "uv": [ 3.0, 0.5, 5.0, 1.0 ], "rotation": 90 },
						"down": { "texture": "#string", "uv": [ 6.5, 0.5, 8.5, 1.0 ], "rotation": 90 }
					}
				},
				{
					"name": "string 29",
					"from": [ -14.2, -0.6, -0.9 ],
					"to": [ -13.7, 1.2, 1.1 ],
					"rotationOrigin": [ -14.2, -0.6, 0.6 ],
					"rotationX": 1.0,
					"rotationY": -21.1,
					"rotationZ": -2.0,
					"faces": {
						"north": { "texture": "#string", "uv": [ 4.0, 0.0, 5.5, 0.5 ], "rotation": 90 },
						"east": { "texture": "#string", "uv": [ 0.0, 2.0, 2.0, 3.5 ] },
						"south": { "texture": "#string", "uv": [ 0.0, 2.5, 1.5, 3.0 ], "rotation": 90 },
						"west": { "texture": "#string", "uv": [ 2.0, 2.5, 4.0, 4.0 ] },
						"up": { "texture": "#string", "uv": [ 6.5, 0.0, 8.5, 0.5 ], "rotation": 90 },
						"down": { "texture": "#string", "uv": [ 2.5, 2.0, 4.5, 2.5 ], "rotation": 90 }
					}
				},
				{
					"name": "string 30",
					"from": [ -20.8, -0.6, -0.9 ],
					"to": [ -20.3, 1.2, 1.1 ],
					"rotationOrigin": [ -20.8, -0.6, 0.6 ],
					"rotationX": 1.0,
					"rotationY": -21.1,
					"rotationZ": -2.0,
					"faces": {
						"north": { "texture": "#string", "uv": [ 4.0, 0.0, 5.5, 0.5 ], "rotation": 90 },
						"east": { "texture": "#string", "uv": [ 0.0, 2.0, 2.0, 3.5 ] },
						"south": { "texture": "#string", "uv": [ 0.0, 2.5, 1.5, 3.0 ], "rotation": 90 },
						"west": { "texture": "#string", "uv": [ 2.0, 2.5, 4.0, 4.0 ] },
						"up": { "texture": "#string", "uv": [ 6.5, 0.0, 8.5, 0.5 ], "rotation": 90 },
						"down": { "texture": "#string", "uv": [ 2.5, 2.0, 4.5, 2.5 ], "rotation": 90 }
					}
				}
			]
		}
	]}